timestamp,open,high,low,close,adjusted_close,volume,adj_open,adj_high,adj_low
2021-01-04 05:00:00,133.52000427246094,133.61000061035156,126.76000213623047,129.41000366210938,125.63249206542969,143301900.0,129.62252069116946,129.70989001259753,123.05984477192808
2021-01-05 05:00:00,128.88999938964844,131.74000549316406,128.42999267578125,131.00999450683594,127.18578338623047,97664900.0,125.12767140195429,127.89448518815179,124.68109238722828
2021-01-06 05:00:00,127.72000122070312,131.0500030517578,126.37999725341797,126.5999984741211,122.9045181274414,155088000.0,123.99182776037331,127.22462614380248,122.69093878823239
2021-01-07 05:00:00,128.36000061035156,131.6300048828125,127.86000061035156,130.9199981689453,127.09843444824219,109578200.0,124.61316339386353,127.78771601746288,124.12775842813694
2021-01-08 05:00:00,132.42999267578125,132.6300048828125,130.22999572753906,132.0500030517578,128.1954345703125,105158200.0,128.56433221406948,128.75850602101508,126.42855365810287
2021-01-11 05:00:00,129.19000244140625,130.1699981689453,128.5,128.97999572753906,125.2150650024414,100384500.0,125.41894161275994,126.37033122968266,124.74908036749336
2021-01-12 05:00:00,128.5,129.69000244140625,126.86000061035156,128.8000030517578,125.04029083251953,91951100.0,124.74904496331433,125.90431086268742,123.15691766682359
2021-01-13 05:00:00,128.75999450683594,131.4499969482422,128.49000549316406,130.88999938964844,127.06929779052734,88636800.0,125.00146811666775,127.61294892404966,124.73936012875102
2021-01-14 05:00:00,130.8000030517578,131.0,128.75999450683594,128.91000366210938,125.14710235595703,90221800.0,126.98193239512918,127.17609140406186,125.00147198922038
2021-01-15 05:00:00,128.77999877929688,130.22000122070312,127.0,127.13999938964844,123.42875671386719,111598500.0,125.02088418474625,126.41885265934873,123.29284393513538
2021-01-19 05:00:00,127.77999877929688,128.7100067138672,126.94000244140625,127.83000183105469,124.09861755371094,90757300.0,124.05007410140924,124.95293491139884,123.23459743091543
2021-01-20 05:00:00,128.66000366210938,132.49000549316406,128.5500030517578,132.02999877929688,128.176025390625,104319500.0,124.9044008833116,128.62260444676102,124.79761120554318
2021-01-21 05:00:00,133.8000030517578,139.6699981689453,133.58999633789062,136.8699951171875,132.8747100830078,120150900.0,129.8943322047019,135.59298002533745,129.6904556633409
2021-01-22 05:00:00,136.27999877929688,139.85000610351562,135.02000427246094,139.07000732421875,135.01048278808594,114459400.0,132.30191601743337,135.76771300467377,131.0787013937247
2021-01-25 05:00:00,143.07000732421875,145.08999633789062,136.5399932861328,142.9199981689453,138.7481231689453,157611700.0,138.89375351472623,140.85477848015867,132.55435242559187
2021-01-26 05:00:00,143.60000610351562,144.3000030517578,141.3699951171875,143.16000366210938,138.9811248779297,98390600.0,139.40828353042602,140.08784738058793,137.24336716103608
2021-01-27 05:00:00,143.42999267578125,144.3000030517578,140.41000366210938,142.05999755859375,137.91323852539062,140843800.0,139.24324321793168,140.0878578213645,136.3114082725256
2021-01-28 05:00:00,139.52000427246094,141.99000549316406,136.6999969482422,137.08999633789062,133.0883331298828,142621100.0,135.44740902267984,137.8453107957744,132.70971784009862
2021-01-29 05:00:00,135.8300018310547,136.74000549316406,130.2100067138672,131.9600067138672,128.10806274414062,177523800.0,131.86509178375854,132.7485322226158,126.40914566020653
2021-02-01 05:00:00,133.75,135.3800048828125,130.92999267578125,134.13999938964844,130.22442626953125,106239800.0,129.84581103922318,131.42823575703017,127.1081202867018
2021-02-02 05:00:00,135.72999572753906,136.30999755859375,134.61000061035156,134.99000549316406,131.0496063232422,83305400.0,131.76799601841705,132.33106742025004,130.6806938981219
2021-02-03 05:00:00,135.75999450683594,135.77000427246094,133.61000061035156,133.94000244140625,130.03030395507812,89880900.0,131.797170590512,131.80688817183957,129.70993485237824
2021-02-04 05:00:00,136.3000030517578,137.39999389648438,134.58999633789062,137.38999938964844,133.37954711914062,84183100.0,132.32136807732365,133.38924988354398,130.66127693474024
2021-02-05 05:00:00,137.35000610351562,137.4199981689453,135.86000061035156,136.75999450683594,132.96633911132812,75693800.0,133.53998407473009,133.60803459447885,132.09131060559002
2021-02-08 05:00:00,136.02999877929688,136.9600067138672,134.9199981689453,136.91000366210938,133.1122283935547,71297200.0,132.25663415051108,133.16084440018622,131.17742407958917
2021-02-09 05:00:00,136.6199951171875,137.8800048828125,135.85000610351562,136.00999450683594,132.23719787597656,76774200.0,132.83027761035942,134.05533582249132,132.081647409083
2021-02-10 05:00:00,136.47999572753906,136.99000549316406,134.39999389648438,135.38999938964844,131.6343536376953,73046600.0,132.6941140635208,133.18997643259982,130.6718103643523
2021-02-11 05:00:00,135.89999389648438,136.38999938964844,133.77000427246094,135.1300048828125,131.38157653808594,64280000.0,132.13020650092022,132.60661952451218,130.05930155973675
2021-02-12 05:00:00,134.35000610351562,135.52999877929688,133.69000244140625,135.3699951171875,131.61489868164062,60145100.0,130.62320365664934,131.77046392162595,129.98150816834826
2021-02-16 05:00:00,135.49000549316406,136.00999450683594,132.7899932861328,133.19000244140625,129.495361328125,80576300.0,131.73156315096224,132.2371278628611,129.10644827799214
2021-02-17 05:00:00,131.25,132.22000122070312,129.47000122070312,130.83999633789062,127.2105712890625,97918500.0,127.6092016891494,128.55229564276027,125.87857903593999
2021-02-18 05:00:00,129.1999969482422,130.0,127.41000366210938,129.7100067138672,126.11193084716797,96856700.0,125.6160684389903,126.39387989777283,123.87572846648807
2021-02-19 05:00:00,130.24000549316406,130.7100067138672,128.8000030517578,129.8699951171875,126.26747131347656,87668800.0,126.62721780066286,127.08418144033098,125.22716025236211
2021-02-22 05:00:00,128.00999450683594,129.72000122070312,125.5999984741211,126.0,122.50483703613281,103916400.0,124.4590755242555,126.12164769737448,122.1159313080217
2021-02-23 05:00:00,123.76000213623047,126.70999908447266,118.38999938964844,125.86000061035156,122.36872100830078,158273000.0,120.32697521018065,123.19514104352085,115.10593306236852
2021-02-24 05:00:00,124.94000244140625,125.55999755859375,122.2300033569336,125.3499984741211,121.87287139892578,111039900.0,121.47424838833642,122.07704524597303,118.83942290821223
2021-02-25 05:00:00,124.68000030517578,126.45999908447266,120.54000091552734,120.98999786376953,117.63380432128906,148199500.0,121.22144819930787,122.952070827566,117.19629003176654
2021-02-26 05:00:00,122.58999633789062,124.8499984741211,121.19999694824219,121.26000213623047,117.89630889892578,164560400.0,119.18940971098537,121.38672049171518,117.83796822554648
2021-03-01 05:00:00,123.75,127.93000030517578,122.79000091552734,127.79000091552734,124.24517822265625,116307900.0,120.31724465842385,124.38129410804099,119.38387540817448
2021-03-02 05:00:00,128.41000366210938,128.72000122070312,125.01000213623047,125.12000274658203,121.64923858642578,102260900.0,124.84797657824923,125.14937496490815,121.54228933610958
2021-03-03 05:00:00,124.80999755859375,125.70999908447266,121.83999633789062,122.05999755859375,118.67411041259766,112966300.0,121.34782670099902,122.22286260620939,118.46021192268415
2021-03-04 05:00:00,121.75,123.5999984741211,118.62000274658203,120.12999725341797,116.79766845703125,178155000.0,118.3727333702154,120.17141407750445,115.3295602258347
2021-03-05 05:00:00,120.9800033569336,121.94000244140625,117.56999969482422,121.41999816894531,118.0518569946289,153766600.0,117.62406745905575,118.55743656088569,114.30865590625393
2021-03-08 05:00:00,120.93000030517578,121.0,116.20999908447266,116.36000061035156,113.13224792480469,154376600.0,117.57547872386968,117.6435366715147,112.98640734620537
2021-03-09 05:00:00,119.02999877929688,122.05999755859375,118.79000091552734,121.08999633789062,117.73101806640625,129525800.0,115.72816384952438,118.6741119196786,115.49482341109125
2021-03-10 05:00:00,121.69000244140625,122.16999816894531,119.44999694824219,119.9800033569336,116.65181732177734,111943300.0,118.31438187621302,118.7810627593394,116.13651302909358
2021-03-11 05:00:00,122.54000091552734,123.20999908447266,121.26000213623047,121.95999908447266,118.57687377929688,103026500.0,119.14078657389355,119.79219924122525,117.89629448772017
2021-03-12 05:00:00,120.4000015258789,121.16999816894531,119.16000366210938,121.02999877929688,117.67267608642578,88105100.0,117.06015469929451,117.80879195023273,115.85455386939371
2021-03-15 04:00:00,121.41000366210938,124.0,120.41999816894531,123.98999786376953,120.55059051513672,92403800.0,118.04216378802697,120.56031519817381,117.07962044686742
2021-03-16 04:00:00,125.69999694824219,127.22000122070312,124.72000122070312,125.56999969482422,122.08673095703125,115227900.0,122.21312213121111,123.69096200631246,121.26031114914632
2021-03-17 04:00:00,124.05000305175781,125.86000061035156,122.33999633789062,124.76000213623047,121.2991943359375,111932600.0,120.60889042882674,122.36867915797167,118.94631882615363
2021-03-18 04:00:00,122.87999725341797,123.18000030517578,120.31999969482422,120.52999877929688,117.1865463256836,121229700.0,119.471356811388,119.76303790222613,116.98237252920022
2021-03-19 04:00:00,119.9000015258789,121.43000030517578,119.68000030517578,119.98999786376953,116.66152954101562,185549500.0,116.57402966087285,118.06158696536845,116.36013117462356
2021-03-22 04:00:00,120.33000183105469,123.87000274658203,120.26000213623047,123.38999938964844,119.96723175048828,111912300.0,116.99211676480378,120.43392009028169,116.92405882126718
2021-03-23 04:00:00,123.33000183105469,124.23999786376953,122.13999938964844,122.54000091552734,119.14081573486328,95467100.0,119.9089025049303,120.7936558005327,118.75191000830584
2021-03-24 04:00:00,122.81999969482422,122.9000015258789,120.06999969482422,120.08999633789062,116.75877380371094,88530500.0,119.41304854895056,119.49083117848545,116.73933185520713
2021-03-25 04:00:00,119.54000091552734,121.66000366210938,119.0,120.58999633789062,117.24488830566406,98844700.0,116.22401924724316,118.28521414548541,115.6989976953015
2021-03-26 04:00:00,120.3499984741211,121.4800033569336,118.91999816894531,121.20999908447266,117.84768676757812,94071200.0,117.01154219770642,118.11020123971099,115.6212094750368
2021-03-29 04:00:00,121.6500015258789,122.58000183105469,120.7300033569336,121.38999938964844,118.02271270751953,80819200.0,118.27550253849374,119.17970518605573,117.3810245738276
2021-03-30 04:00:00,120.11000061035156,120.4000015258789,118.86000061035156,119.9000015258789,116.57402801513672,85671900.0,116.77820181701264,117.06015823420087,115.56287626935224
2021-03-31 04:00:00,121.6500015258789,123.5199966430664,121.1500015258789,122.1500015258789,118.7616195678711,118323800.0,118.27548932601961,120.09361168317854,117.78935908416811
2021-04-01 04:00:00,123.66000366210938,124.18000030517578,122.48999786376953,123.0,119.5880355834961,75089100.0,120.22973104227312,120.73530321344647,119.09218067605553
2021-04-05 04:00:00,123.87000274658203,126.16000366210938,123.06999969482422,125.9000015258789,122.4075927734375,88651200.0,120.43390523654203,122.66038256872103,119.65609390540438
2021-04-06 04:00:00,126.5,127.12999725341797,125.6500015258789,126.20999908447266,122.70899963378906,80171300.0,122.99095607539735,123.60347753407522,122.16453611496429
2021-04-07 04:00:00,125.83000183105469,127.91999816894531,125.13999938964844,127.9000015258789,124.35214233398438,83466700.0,122.3395630250623,124.37158428375082,121.66870078283483
2021-04-08 04:00:00,128.9499969482422,130.38999938964844,128.52000427246094,130.36000061035156,126.74390411376953,88844600.0,125.37301298064794,126.7730707476214,124.95494800509044
2021-04-09 04:00:00,129.8000030517578,133.0399932861328,129.47000122070312,133.0,129.31065368652344,106686700.0,126.19942288071834,129.34953758105655,125.87857511762488
2021-04-12 04:00:00,132.52000427246094,132.85000610351562,130.6300048828125,131.24000549316406,127.59947967529297,91420000.0,128.84397199003766,129.16481975117756,127.00640014752257
2021-04-13 04:00:00,132.44000244140625,134.66000366210938,131.92999267578125,134.42999267578125,130.7009735107422,91266500.0,128.76618458654,130.9246041100814,128.27032223067465
2021-04-14 04:00:00,134.94000244140625,135.0,131.66000366210938,132.02999877929688,128.36758422851562,87222800.0,131.19686654052674,131.25519981120385,128.0078525023259
2021-04-15 04:00:00,133.82000732421875,135.0,133.63999938964844,134.5,130.76907348632812,89347100.0,130.10794328417643,131.25520387103566,129.93292863121027
2021-04-16 04:00:00,134.3000030517578,134.6699981689453,133.27999877929688,134.16000366210938,130.43844604492188,84922400.0,130.57456189416538,130.93429345955573,129.58285222938275
2021-04-19 04:00:00,133.50999450683594,135.47000122070312,133.33999633789062,134.83999633789062,131.09959411621094,94264200.0,129.80648595127033,131.71212294052938,129.64120345679902
2021-04-20 04:00:00,135.02000427246094,135.52999877929688,131.80999755859375,133.11000061035156,129.41763305664062,94812300.0,131.2746547075029,131.77050236465828,128.15369107517074
2021-04-21 04:00:00,132.36000061035156,133.75,131.3000030517578,133.5,129.79676818847656,68847100.0,128.6883918850069,130.03983329744375,127.65779819666872
2021-04-22 04:00:00,133.0399932861328,134.14999389648438,131.41000366210938,131.94000244140625,128.28004455566406,84566500.0,129.34952213608938,130.42873181562496,127.7647477103965
2021-04-23 04:00:00,132.16000366210938,135.1199951171875,132.16000366210938,134.32000732421875,130.5940399169922,78657500.0,128.49395363729542,131.37183646308597,128.49395363729542
2021-04-26 04:00:00,134.8300018310547,135.05999755859375,133.55999755859375,134.72000122070312,130.98294067382812,66905100.0,131.08988992627178,131.3135056957382,129.85511489088012
2021-04-27 04:00:00,135.00999450683594,135.41000366210938,134.11000061035156,134.38999938964844,130.66209411621094,66015800.0,131.26489090705445,131.65380402656527,130.38986235031265
2021-04-28 04:00:00,134.30999755859375,135.02000427246094,133.0800018310547,133.5800018310547,129.8745574951172,107760100.0,130.5843034959248,131.27461496858584,129.38842725213598
2021-04-29 04:00:00,136.47000122070312,137.07000732421875,132.4499969482422,133.47999572753906,129.77728271484375,151101000.0,132.68434594997711,133.26770798338265,128.7758559313907
2021-04-30 04:00:00,131.77999877929688,133.55999755859375,131.07000732421875,131.4600067138672,127.81333923339844,109839500.0,128.1244547995172,129.85507686093618,127.4341583286047
2021-05-03 04:00:00,132.0399932861328,134.07000732421875,131.8300018310547,132.5399932861328,128.86341857910156,75135100.0,128.37728825955,130.35099100560777,128.17312183322954
2021-05-04 04:00:00,131.19000244140625,131.49000549316406,126.69999694824219,127.8499984741211,124.30351257324219,137564700.0,127.55086673903944,127.84254787757098,123.18541143255057
2021-05-05 04:00:00,129.1999969482422,130.4499969482422,127.97000122070312,128.10000610351562,124.54655456542969,84000900.0,125.61603203019656,126.83135744619211,124.42015597480123
2021-05-06 04:00:00,127.88999938964844,129.75,127.12999725341797,129.74000549316406,126.14105987548828,78128300.0,124.34237234047136,126.15077713795044,123.60345241667963
2021-05-07 04:00:00,130.85000610351562,131.25999450683594,129.47999572753906,130.2100067138672,126.81306457519531,78973300.0,127.436367545342,127.83566009725462,126.10209824713681
2021-05-10 04:00:00,129.41000366210938,129.5399932861328,126.80999755859375,126.8499984741211,123.54071807861328,88071200.0,126.03393749535272,126.16053593199283,123.50176071253134
2021-05-11 04:00:00,123.5,126.2699966430664,122.7699966430664,125.91000366210938,122.6252670288086,126142800.0,120.2781354744355,122.97586852300613,119.56717642454035
2021-05-12 04:00:00,123.4000015258789,124.63999938964844,122.25,122.7699966430664,119.5671615600586,112172300.0,120.18073081693389,121.38837950118456,119.06073063774643
2021-05-13 04:00:00,124.58000183105469,126.1500015258789,124.26000213623047,124.97000122070312,121.70978546142578,105861300.0,121.32996037075966,122.85900193405529,121.01830882379365
2021-05-14 04:00:00,126.25,127.88999938964844,125.8499984741211,127.44999694824219,124.12508392333984,81918000.0,122.95639247198734,124.55360758966998,122.5668261780835
2021-05-17 04:00:00,126.81999969482422,126.93000030517578,125.16999816894531,126.2699966430664,122.97587585449219,74244600.0,123.5115304740433,123.61866139795352,121.90457404574953
2021-05-18 04:00:00,126.55999755859375,126.98999786376953,124.77999877929688,124.8499984741211,121.59291076660156,63342900.0,123.2582993819835,123.67708183593513,121.52473722434705
2021-05-19 04:00:00,123.16000366210938,124.91999816894531,122.86000061035156,124.69000244140625,121.43708801269531,92612000.0,119.94700386173781,121.66108360866002,119.65482729355216
2021-05-20 04:00:00,125.2300033569336,127.72000122070312,125.0999984741211,127.30999755859375,123.98872375488281,76857100.0,121.96299261493283,124.3880312073582,121.83637931031465
2021-05-21 04:00:00,127.81999969482422,128.0,125.20999908447266,125.43000030517578,122.15776062011719,79295400.0,124.48540928959464,124.66071371547133,121.9434988295615
2021-05-24 04:00:00,126.01000213623047,127.94000244140625,125.94000244140625,127.0999984741211,123.78421020507812,63092900.0,122.72264972174192,124.60230012567476,122.65447618088876
2021-05-25 04:00:00,127.81999969482422,128.32000732421875,126.31999969482422,126.9000015258789,123.58942413330078,72009500.0,124.4854213164092,124.97238470676444,123.02455343641832
2021-05-26 04:00:00,126.95999908447266,127.38999938964844,126.41999816894531,126.8499984741211,123.54071807861328,56575900.0,123.64784897774915,124.06663137518274,123.12193568117969
2021-05-27 04:00:00,126.44000244140625,127.63999938964844,125.08000183105469,125.27999877929688,122.01168823242188,94625600.0,123.14142966400581,124.31012103497811,121.816908814046
2021-05-28 04:00:00,125.56999969482422,125.80000305175781,124.55000305175781,124.61000061035156,121.35916900634766,71311100.0,122.29412358918856,122.51812660764142,121.30073666690714
2021-06-01 04:00:00,125.08000183105469,125.3499984741211,123.94000244140625,124.27999877929688,121.03777313232422,67637100.0,121.81690564628397,122.07985859728936,120.70664664362424
2021-06-02 04:00:00,124.27999877929688,125.23999786376953,124.05000305175781,125.05999755859375,121.79742431640625,59278900.0,121.03777419532105,121.97272876206887,120.81377861108228
2021-06-03 04:00:00,124.68000030517578,124.8499984741211,123.12999725341797,123.54000091552734,120.31706237792969,76229200.0,121.42732121440905,121.59288443397801,119.91775498094397
2021-06-04 04:00:00,124.06999969482422,126.16000366210938,123.8499984741211,125.88999938964844,122.60578155517578,75169300.0,120.83326200560104,122.86874195718396,120.61900017592295
2021-06-07 04:00:00,126.16999816894531,126.31999969482422,124.83000183105469,125.9000015258789,122.61551666259766,71057600.0,122.87846962118002,123.0245579005518,121.57343116760482
2021-06-08 04:00:00,126.5999984741211,128.4600067138672,126.20999908447266,126.73999786376953,123.43360137939453,74403800.0,123.29725429760116,125.10873859219605,122.91742922255409
2021-06-09 04:00:00,127.20999908447266,127.75,126.5199966430664,127.12999725341797,123.81342315673828,56877900.0,123.89133789579034,124.41725123885395,123.21933627459374
2021-06-10 04:00:00,127.0199966430664,128.19000244140625,125.94000244140625,126.11000061035156,122.82005310058594,71186400.0,123.70630923030153,124.84579201187799,122.65448983014099
2021-06-11 04:00:00,126.52999877929688,127.44000244140625,126.0999984741211,127.3499984741211,124.02769470214844,53522400.0,123.2290871401218,124.11535064804697,122.81030467281765
2021-06-14 04:00:00,127.81999969482422,130.5399932861328,127.06999969482422,130.47999572753906,127.0760269165039,96906500.0,124.48542499652146,127.13445925571631,123.75499103493249
2021-06-15 04:00:00,129.94000244140625,130.60000610351562,129.38999938964844,129.63999938964844,126.25791931152344,62746300.0,126.5500958101379,127.19288113494692,126.01444137279705
2021-06-16 04:00:00,130.3699951171875,130.88999938964844,128.4600067138672,130.14999389648438,126.754638671875,91815000.0,126.96890049704093,127.47533888931655,125.10873990323489
2021-06-17 04:00:00,129.8000030517578,132.5500030517578,129.64999389648438,131.7899932861328,128.3518829345703,96721700.0,126.41380715783899,129.09206572109522,126.26771141068338
2021-06-18 04:00:00,130.7100067138672,131.50999450683594,130.24000549316406,130.4600067138672,127.05654907226562,108953300.0,127.30002703971456,128.0791446469785,126.84228727205331
2021-06-21 04:00:00,130.3000030517578,132.41000366210938,129.2100067138672,132.3000030517578,128.84852600097656,79663300.0,126.90070252359433,128.95565688666113,125.83914229499234
2021-06-22 04:00:00,132.1300048828125,134.0800018310547,131.6199951171875,133.97999572753906,130.48472595214844,74783600.0,128.68299766370282,130.58212309669915,128.18629303149916
2021-06-23 04:00:00,133.77000427246094,134.32000732421875,133.22999572753906,133.6999969482422,130.2120361328125,60214200.0,130.2802171084206,130.815871699919,129.75429628741554
2021-06-24 04:00:00,134.4499969482422,134.63999938964844,132.92999267578125,133.41000366210938,129.92959594726562,68711000.0,130.94245782977737,131.12750347675475,129.46210751467535
2021-06-25 04:00:00,133.4600067138672,133.88999938964844,132.80999755859375,133.11000061035156,129.63742065429688,70783700.0,129.97829578212327,130.39707078875628,129.3452440962624
2021-06-28 04:00:00,133.41000366210938,135.25,133.35000610351562,134.77999877929688,131.2638397216797,62111300.0,129.9295852246422,131.72157948620062,129.87115289056985
2021-06-29 04:00:00,134.8000030517578,136.49000549316406,134.35000610351562,136.3300018310547,132.7734375,64556100.0,131.28335318569188,132.92926700154416,130.84509571572818
2021-06-30 04:00:00,136.1699981689453,137.41000366210938,135.8699951171875,136.9600067138672,133.3870086669922,63261400.0,132.6176097807272,133.8252661428457,132.32543317658508
2021-07-01 04:00:00,136.60000610351562,137.3300018310547,135.75999450683594,137.27000427246094,133.68893432617188,52485800.0,133.0364149233969,133.74736668153665,132.21831736612697
2021-07-02 04:00:00,137.89999389648438,140.0,137.75,139.9600067138672,136.3087158203125,78852600.0,134.30244482687868,136.3476657575281,134.15636398642496
2021-07-06 04:00:00,140.07000732421875,143.14999389648438,140.07000732421875,142.02000427246094,138.3149871826172,108181800.0,136.4158617440288,139.41549764354806,136.4158617440288
2021-07-07 04:00:00,143.5399932861328,144.88999938964844,142.66000366210938,144.57000732421875,140.79849243164062,104911600.0,139.79534920414747,141.11013660484417,138.9383165822972
2021-07-08 04:00:00,141.5800018310547,144.05999755859375,140.6699981689453,143.24000549316406,139.50315856933594,105575500.0,137.88646110200742,140.30175867225685,137.00019762598444
2021-07-09 04:00:00,142.75,145.64999389648438,142.64999389648438,145.11000061035156,141.32435607910156,99890800.0,139.02592340594762,141.8502619651795,138.92852627188464
2021-07-12 04:00:00,146.2100067138672,146.32000732421875,144.0,144.5,140.73028564453125,76299700.0,142.39568172270836,142.50281263838897,140.24332963884083
2021-07-13 04:00:00,144.02999877929688,147.4600067138672,143.6300048828125,145.63999938964844,141.84048461914062,100827100.0,140.2724863510384,143.61301086165255,139.88292765590103
2021-07-14 04:00:00,148.10000610351562,149.57000732421875,147.67999267578125,149.14999389648438,145.25897216796875,127050800.0,144.23637643322533,145.66802829472786,143.82732030646622
2021-07-15 04:00:00,149.24000549316406,150.0,147.08999633789062,148.47999572753906,144.60643005371094,106820300.0,145.3466125845258,146.08678025462487,143.25269315111336
2021-07-16 04:00:00,148.4600067138672,149.75999450683594,145.8800048828125,146.38999938964844,142.5709686279297,93251400.0,144.58697348148013,145.85304711779946,142.0742788872529
2021-07-19 04:00:00,143.75,144.07000732421875,141.6699981689453,142.4499969482422,138.7337646484375,121434600.0,139.99985324997218,140.31151223035158,137.9741144596603
2021-07-20 04:00:00,143.4600067138672,147.10000610351562,142.9600067138672,146.14999389648438,142.3372344970703,96350000.0,139.71742366986297,143.26246279631377,139.23046766424767
2021-07-21 04:00:00,145.52999877929688,146.1300048828125,144.6300048828125,145.39999389648438,141.60682678222656,74993500.0,141.73344012262586,142.31779338215424,140.85692509405402
2021-07-22 04:00:00,145.94000244140625,148.1999969482422,145.80999755859375,146.8000030517578,142.97023010253906,77338200.0,142.13266550721042,144.33370043878932,142.0060522400186
2021-07-23 04:00:00,147.5500030517578,148.72000122070312,146.9199981689453,148.55999755859375,144.68434143066406,71447400.0,143.70069581628857,144.84017089255983,143.0871265980212
2021-07-26 04:00:00,148.27000427246094,149.8300018310547,147.6999969482422,148.99000549316406,145.1031494140625,72434100.0,144.40193160847764,145.92123190033908,143.84679465375743
2021-07-27 04:00:00,149.1199951171875,149.2100067138672,145.5500030517578,146.77000427246094,142.94110107421875,104818600.0,145.22978588093153,145.31744927511497,141.75292697377066
2021-07-28 04:00:00,144.80999755859375,146.97000122070312,142.5399932861328,144.97999572753906,141.19775390625,118931200.0,141.0321906538661,143.13584408542147,138.82140631068384
2021-07-29 04:00:00,144.69000244140625,146.5500030517578,144.5800018310547,145.63999938964844,141.84048461914062,56699500.0,140.9152715726556,142.7267477403966,140.80814070238605
2021-07-30 04:00:00,144.3800048828125,146.3300018310547,144.11000061035156,145.86000061035156,142.0548095703125,70440600.0,140.61342392407167,142.51254941417247,140.35046351445212
2021-08-02 04:00:00,146.36000061035156,146.9499969482422,145.25,145.52000427246094,141.7236785888672,62880000.0,142.54176110337934,143.11636561756876,141.46071818751764
2021-08-03 04:00:00,145.80999755859375,148.0399932861328,145.17999267578125,147.36000061035156,143.51568603515625,64786600.0,142.0061193250026,144.17793912255732,141.39254995347815
2021-08-04 04:00:00,147.27000427246094,147.7899932861328,146.27999877929688,146.9499969482422,143.11634826660156,56368300.0,143.4280072023747,143.93443068193204,142.46382908813206
2021-08-05 04:00:00,146.97999572753906,147.83999633789062,146.1699981689453,147.05999755859375,143.22348022460938,46397700.0,143.1455654900914,143.9831303102646,142.35669923658142
2021-08-06 04:00:00,146.35000610351562,147.11000061035156,145.6300048828125,146.13999938964844,142.54071044921875,54126800.0,142.74554489782116,143.4868214640887,142.04327662115523
2021-08-09 04:00:00,146.1999969482422,146.6999969482422,145.52000427246094,146.08999633789062,142.491943359375,48908700.0,142.59923476284288,143.08692025442784,141.9359896381178
2021-08-10 04:00:00,146.44000244140625,147.7100067138672,145.3000030517578,145.60000610351562,142.0140380859375,69023100.0,142.83334623786462,144.0720717018618,141.72142377939727
2021-08-11 04:00:00,146.0500030517578,146.72000122070312,145.52999877929688,145.86000061035156,142.26763916015625,48493500.0,142.45296206335397,143.10645895995768,141.94576488875748
2021-08-12 04:00:00,146.19000244140625,149.0500030517578,145.83999633789062,148.88999938964844,145.22299194335938,72282600.0,142.58949314109574,145.37905487994794,142.24810732768088
2021-08-13 04:00:00,148.97000122070312,149.44000244140625,148.27000427246094,149.10000610351562,145.42779541015625,59375000.0,145.30099244083343,145.75941791748622,144.6182358425136
2021-08-16 04:00:00,148.5399932861328,151.19000244140625,146.47000122070312,151.1199951171875,147.39805603027344,103296000.0,144.88159714502063,147.46633914191412,142.86258697892168
2021-08-17 04:00:00,150.22999572753906,151.67999267578125,149.08999633789062,150.19000244140625,146.4910125732422,92229700.0,146.53002087530285,147.94430623200614,145.41809822926902
2021-08-18 04:00:00,149.8000030517578,150.72000122070312,146.14999389648438,146.36000061035156,142.7552947998047,86326000.0,146.1105732952071,147.00791279558547,142.55046034897777
2021-08-19 04:00:00,145.02999877929688,148.0,144.5,146.6999969482422,143.0869598388672,86960300.0,141.45809163231115,144.35494544436725,140.94114605885855
2021-08-20 04:00:00,147.44000244140625,148.5,146.77999877929688,148.19000244140625,144.5402374267578,60549600.0,143.80870914358007,144.84260006919433,143.1649606824682
2021-08-23 04:00:00,148.30999755859375,150.19000244140625,147.88999938964844,149.7100067138672,146.0228271484375,60131800.0,144.65729855503196,146.4910011515847,144.24764444190524
2021-08-24 04:00:00,149.4499969482422,150.86000061035156,149.14999389648438,149.6199951171875,145.93505859375,48606400.0,145.76924724797075,147.14452444194586,145.47663286242496
2021-08-25 04:00:00,149.80999755859375,150.32000732421875,147.8000030517578,148.36000061035156,144.70606994628906,58991300.0,146.12035519130814,146.61780402195117,144.15986446266652
2021-08-26 04:00:00,148.35000610351562,149.1199951171875,147.50999450683594,147.5399932861328,143.90626525878906,48597200.0,144.69632845972228,145.4473535938561,143.87700531241939
2021-08-27 04:00:00,147.47999572753906,148.75,146.8300018310547,148.60000610351562,144.94020080566406,55802400.0,143.8477746809613,145.0865005673271,143.2137892031056
2021-08-30 04:00:00,149.0,153.49000549316406,148.61000061035156,153.1199951171875,149.34881591796875,90956700.0,145.33029180641267,149.70971334019745,144.9498976782118
2021-08-31 04:00:00,152.66000366210938,152.8000030517578,151.2899932861328,151.8300018310547,148.09060668945312,86453100.0,148.90016654739884,149.03671791602926,147.5638979226051
2021-09-01 04:00:00,152.8300018310547,154.97999572753906,152.33999633789062,152.50999450683594,148.75384521484375,80313700.0,149.06597111930256,151.1630130890743,148.58803390921838
2021-09-02 04:00:00,153.8699951171875,154.72000122070312,152.39999389648438,153.64999389648438,149.8657989501953,71115500.0,150.08038183350413,150.90945341746877,148.64658478729757
2021-09-03 04:00:00,153.75999450683594,154.6300048828125,153.08999633789062,154.3000030517578,150.49977111816406,57808700.0,149.97306236375573,150.82164538297303,149.3195654805312
2021-09-07 04:00:00,154.97000122070312,157.25999450683594,154.38999938964844,156.69000244140625,152.83091735839844,82278300.0,151.1532776856572,153.3868712092461,150.58756059759483
2021-09-08 04:00:00,156.97999572753906,157.0399932861328,153.97999572753906,155.11000061035156,151.28981018066406,74420200.0,153.11374935418493,153.17226923823645,150.18763608775444
2021-09-09 04:00:00,155.49000549316406,156.11000061035156,153.9499969482422,154.07000732421875,150.27540588378906,57305700.0,151.6604308143289,152.2651560265842,150.1583512521099
2021-09-10 04:00:00,155.0,155.47999572753906,148.6999969482422,148.97000122070312,145.301025390625,140893200.0,151.18251158621138,151.65068551937273,145.03767104191758
2021-09-13 04:00:00,150.6300048828125,151.4199981689453,148.75,149.5500030517578,145.86676025390625,102404300.0,146.92016289482572,147.6906995642944,145.08646034770857
2021-09-14 04:00:00,150.35000610351562,151.07000732421875,146.91000366210938,148.1199951171875,144.47195434570312,109296300.0,146.64704249063803,147.34931083330153,143.29176371635268
2021-09-15 04:00:00,148.55999755859375,149.44000244140625,146.3699951171875,149.02999877929688,145.3595428466797,83281300.0,144.9011172737186,145.7594485393446,142.76505234502355
2021-09-16 04:00:00,148.44000244140625,148.97000122070312,147.22000122070312,148.7899932861328,145.12545776367188,68034100.0,144.78408681235823,145.301032298818,143.59413289330473
2021-09-17 04:00:00,148.82000732421875,148.82000732421875,145.75999450683594,146.05999755859375,142.4626922607422,129868800.0,145.15472586644688,145.15472586644688,142.17007797103764
2021-09-20 04:00:00,143.8000030517578,144.83999633789062,141.27000427246094,142.94000244140625,139.41952514648438,123478900.0,140.25834475382314,141.2727239872893,137.7906574556132
2021-09-21 04:00:00,143.92999267578125,144.60000610351562,142.77999877929688,143.42999267578125,139.89747619628906,75834000.0,140.38516176883357,141.03867353306788,139.2634909051742
2021-09-22 04:00:00,144.4499969482422,146.42999267578125,143.6999969482422,145.85000610351562,142.25784301757812,76404300.0,140.89231491130772,142.82354500795793,140.1607867810486
2021-09-23 04:00:00,146.64999389648438,147.0800018310547,145.63999938964844,146.8300018310547,143.21371459960938,64838200.0,143.03814009408782,143.45755733068214,142.05302081842638
2021-09-24 04:00:00,145.66000366210938,147.47000122070312,145.55999755859375,146.9199981689453,143.30154418945312,53477900.0,142.07258175581498,143.83800136075783,141.97503867631073
2021-09-27 04:00:00,145.47000122070312,145.9600067138672,143.82000732421875,145.3699951171875,141.7897186279297,74150700.0,141.88726170941032,142.36519899589,140.27790504587242
2021-09-28 04:00:00,143.25,144.75,141.69000244140625,141.91000366210938,138.41494750976562,108972300.0,139.72194150586213,141.1849984849811,138.20036462885602
2021-09-29 04:00:00,142.47000122070312,144.4499969482422,142.02999877929688,142.8300018310547,139.312255859375,74602000.0,138.96112166840754,140.89235227723765,138.53195600356045
2021-09-30 04:00:00,143.66000366210938,144.3800048828125,141.27999877929688,141.5,138.01499938964844,89056700.0,140.12180436567434,140.8240726910163,137.80041657451724
2021-10-01 04:00:00,141.89999389648438,142.9199981689453,139.11000061035156,142.64999389648438,139.13668823242188,94639600.0,138.40515987182454,139.40004260947205,135.68388091891475
2021-10-04 04:00:00,141.75999450683594,142.2100067138672,138.27000427246094,139.13999938964844,135.713134765625,98322000.0,138.26860229461653,138.7075311976416,134.86456666800945
2021-10-05 04:00:00,139.49000549316406,142.24000549316406,139.36000061035156,141.11000061035156,137.63462829589844,80861100.0,136.0545317412187,138.73680249578317,135.92772872481194
2021-10-06 04:00:00,139.47000122070312,142.14999389648438,138.3699951171875,142.0,138.50274658203125,83221100.0,136.03505799201855,138.64904634705678,134.9621434385403
2021-10-07 04:00:00,143.05999755859375,144.22000122070312,142.72000122070312,143.2899932861328,139.76092529296875,61732700.0,139.53659409609236,140.66802820004892,139.20497147758243
2021-10-08 04:00:00,144.02999877929688,144.17999267578125,142.55999755859375,142.89999389648438,139.38052368164062,58773200.0,140.48269778280476,140.62899749402928,139.04890108087716
2021-10-11 04:00:00,142.27000427246094,144.80999755859375,141.80999755859375,142.80999755859375,139.2927703857422,64452200.0,138.76607644203366,141.24351294952652,138.31739910385002
2021-10-12 04:00:00,143.22999572753906,143.25,141.0399932861328,141.50999450683594,138.0247344970703,73035900.0,139.7023736818469,139.72188526761755,137.56630897082442
2021-10-13 04:00:00,141.24000549316406,141.39999389648438,139.1999969482422,140.91000366210938,137.43955993652344,78762700.0,137.76143421982243,137.9174823014052,135.77166862906188
2021-10-14 04:00:00,142.11000061035156,143.8800048828125,141.50999450683594,143.75999450683594,140.21937561035156,69907100.0,138.61001888548796,140.3364302891857,138.0247901402729
2021-10-15 04:00:00,143.77000427246094,144.89999389648438,143.50999450683594,144.83999633789062,141.27281188964844,67940300.0,140.2291720691238,141.33133180143633,139.97556594072455
2021-10-18 04:00:00,143.4499969482422,146.83999633789062,143.16000366210938,146.5500030517578,142.94061279296875,85589200.0,139.91695695625089,143.22346381420707,139.63410593501254
2021-10-19 04:00:00,147.00999450683594,149.1699981689453,146.5500030517578,148.75999450683594,145.09620666503906,76378900.0,143.38930715549284,145.49611240776287,142.94064476173952
2021-10-20 04:00:00,148.6999969482422,149.75,148.1199951171875,149.25999450683594,145.5839080810547,58418800.0,145.03770255984122,146.0618453536086,144.4719854463032
2021-10-21 04:00:00,148.80999755859375,149.63999938964844,147.8699951171875,149.47999572753906,145.7985076904297,61421000.0,145.14501066086328,145.9545706809791,144.228159195118
2021-10-22 04:00:00,149.69000244140625,150.17999267578125,148.63999938964844,148.69000244140625,145.0279083251953,58883400.0,146.0032792710822,146.48120150945985,144.97913680130506
2021-10-25 04:00:00,148.67999267578125,149.3699951171875,147.6199951171875,148.63999938964844,144.97914123535156,50720600.0,145.0181495258691,145.69115788039105,143.98425867288518
2021-10-26 04:00:00,149.3300018310547,150.83999633789062,149.00999450683594,149.32000732421875,145.64242553710938,60893400.0,145.6521738906202,147.12497895180522,145.34004798248478
2021-10-27 04:00:00,149.36000061035156,149.72999572753906,148.49000549316406,148.85000610351562,145.18402099609375,56094900.0,145.68145499107032,146.0423376021523,144.83288673993832
2021-10-28 04:00:00,149.82000732421875,153.1699981689453,149.72000122070312,152.57000732421875,148.8123779296875,100077900.0,146.1301073675776,149.39759166799496,146.03256430303534
2021-10-29 04:00:00,147.22000122070312,149.94000244140625,146.41000366210938,149.8000030517578,146.110595703125,124953200.0,143.59413644564216,146.2471470636249,142.804088225394
2021-11-01 04:00:00,148.99000549316406,149.6999969482422,147.8000030517578,148.9600067138672,145.29127502441406,74588300.0,145.32053496464482,146.0130400607468,144.15984105888933
2021-11-02 04:00:00,148.66000366210938,151.57000732421875,148.64999389648438,150.02000427246094,146.3251953125,69122000.0,144.99868985144568,147.8370236875447,144.98892661408803
2021-11-03 04:00:00,150.38999938964844,151.97000122070312,149.82000732421875,151.49000549316406,147.7589874267578,54511500.0,146.6860731609645,148.2271614322934,146.13011931995035
2021-11-04 04:00:00,151.5800018310547,152.42999267578125,150.63999938964844,150.9600067138672,147.24203491210938,60394600.0,147.84676026074618,148.6758168059769,146.92990900121129
2021-11-05 04:00:00,151.88999938964844,152.1999969482422,150.05999755859375,151.27999877929688,147.76950073242188,65463900.0,148.36534609443586,148.66815006608644,146.57781000839395
2021-11-08 05:00:00,151.41000366210938,151.57000732421875,150.16000366210938,150.44000244140625,146.94898986816406,55020900.0,147.8964818732159,148.0527725947036,146.67548855791236
2021-11-09 05:00:00,150.1999969482422,151.42999267578125,150.05999755859375,150.80999755859375,147.31040954589844,56787900.0,146.71456416967115,147.9160175036458,146.57781350486675
2021-11-10 05:00:00,150.02000427246094,150.1300048828125,147.85000610351562,147.9199981689453,144.48745727539062,65187100.0,146.5387319232798,146.64617992683026,144.4190894029692
2021-11-11 05:00:00,148.9600067138672,149.42999267578125,147.67999267578125,147.8699951171875,144.4385986328125,41000000.0,145.50331597045192,145.96239567531134,144.25300529217714
2021-11-12 05:00:00,148.42999267578125,150.39999389648438,147.47999572753906,149.99000549316406,146.5093994140625,63804000.0,144.98558760939255,146.90987379593676,144.05763589771334
2021-11-15 05:00:00,150.3699951171875,151.8800048828125,149.42999267578125,150.0,146.5192108154297,59222800.0,146.88062009926887,148.35558969382197,145.96243066007273
2021-11-16 05:00:00,149.94000244140625,151.49000549316406,149.33999633789062,151.0,147.49598693847656,59256200.0,146.46058703081326,147.97462166575806,145.87450429964008
2021-11-17 05:00:00,151.0,155.0,150.99000549316406,153.49000549316406,149.92820739746094,88807000.0,147.49598349597346,151.40316186672771,147.48622091573952
2021-11-18 05:00:00,153.7100067138672,158.6699981689453,153.0500030517578,157.8699951171875,154.20657348632812,137827700.0,150.14311888912806,154.98801222203343,149.49843081431837
2021-11-19 05:00:00,157.64999389648438,161.02000427246094,156.52999877929688,160.5500030517578,156.8243865966797,117305600.0,153.9916731226482,157.28348128204507,152.89766786630707
2021-11-22 05:00:00,161.67999267578125,165.6999969482422,161.0,161.02000427246094,157.2834930419922,117467900.0,157.92816624213555,161.85488526610547,157.26395297389544
2021-11-23 05:00:00,161.1199951171875,161.8000030517578,159.05999755859375,161.41000366210938,157.6644287109375,96041900.0,157.3811499145866,158.04537802988585,155.36895531169498
2021-11-24 05:00:00,160.75,162.13999938964844,159.63999938964844,161.94000244140625,158.18212890625,69463600.0,157.01974088138022,158.3774848564214,155.9354982175197
2021-11-26 05:00:00,159.57000732421875,160.4499969482422,156.36000061035156,156.80999755859375,153.17117309570312,76959800.0,155.8671359816053,156.72670517440085,152.7316184657377
2021-11-29 05:00:00,159.3699951171875,161.19000244140625,158.7899932861328,160.24000549316406,156.5215606689453,88748200.0,155.67173929364688,157.4495124904144,155.1051966783485
2021-11-30 05:00:00,159.99000549316406,165.52000427246094,159.9199981689453,165.3000030517578,161.46412658691406,174048100.0,156.277350409369,161.67902255964896,156.20896764318036
2021-12-01 05:00:00,167.47999572753906,170.3000030517578,164.52999877929688,164.77000427246094,160.94647216796875,152052500.0,163.5935775451036,166.34814584365344,160.71203606659066
2021-12-02 05:00:00,158.74000549316406,164.1999969482422,157.8000030517578,163.75999450683594,159.9599151611328,136739200.0,155.0564158714864,160.38970726884503,154.1382263513205
2021-12-03 05:00:00,164.02000427246094,164.9600067138672,159.72000122070312,161.83999633789062,158.08441162109375,118023100.0,160.2138312915339,161.13202046747685,156.01361213812496
2021-12-06 05:00:00,164.2899932861328,167.8800048828125,164.27999877929688,165.32000732421875,161.4837188720703,107497000.0,160.47760654451426,163.98431110380426,160.46784396248754
2021-12-07 05:00:00,169.0800018310547,171.5800018310547,168.33999633789062,171.17999267578125,167.20765686035156,120405400.0,165.15639758006887,167.59838355995274,164.4335643643314
2021-12-08 05:00:00,172.1300048828125,175.9600067138672,170.6999969482422,175.0800018310547,171.01722717285156,116998900.0,168.13568563195315,171.8768113251432,166.73886138447926
2021-12-09 05:00:00,174.91000366210938,176.75,173.9199981689453,174.55999755859375,170.50929260253906,108923700.0,170.85117673379307,172.64847553279014,169.8841445461616
2021-12-10 05:00:00,175.2100067138672,179.6300048828125,174.69000244140625,179.4499969482422,175.28582763671875,115402700.0,171.14422713494562,175.4616584549351,170.63628965473916
2021-12-13 05:00:00,181.1199951171875,182.1300048828125,175.52999877929688,175.74000549316406,171.66189575195312,153237000.0,176.91704079075095,177.9036129181879,171.45676231906222
2021-12-14 05:00:00,175.25,177.74000549316406,172.2100067138672,174.3300018310547,170.2845916748047,139380400.0,171.18324085105056,173.61546458889217,168.21379204713816
2021-12-15 05:00:00,175.11000061035156,179.5,172.30999755859375,179.3000030517578,175.1392822265625,131063300.0,171.0465102933484,175.33463817394934,168.31148231582245
2021-12-16 05:00:00,179.27999877929688,181.13999938964844,170.75,172.25999450683594,168.2626495361328,150185800.0,175.11975249855263,176.93659123544322,166.78769490587976
2021-12-17 05:00:00,169.92999267578125,173.47000122070312,169.69000244140625,171.13999938964844,167.1686248779297,195432700.0,165.98669687061619,169.444558052229,165.75227570894924
2021-12-20 05:00:00,168.27999877929688,170.5800018310547,167.4600067138672,169.75,165.8108673095703,107499100.0,164.37497819410103,166.6216085377041,163.57401445003114
2021-12-21 05:00:00,171.55999755859375,173.1999969482422,169.1199951171875,172.99000549316406,168.97569274902344,91185900.0,167.57886880713295,169.1808112556796,165.19548774606798
2021-12-22 05:00:00,173.0399932861328,175.86000061035156,172.14999389648438,175.63999938964844,171.564208984375,92135300.0,169.02453697313442,171.77910499631244,168.15519034473417
2021-12-23 05:00:00,175.85000610351562,176.85000610351562,175.27000427246094,176.27999877929688,172.1893310546875,68356600.0,171.76931657934202,172.74611106678847,171.20277398805894
2021-12-27 05:00:00,177.08999633789062,180.4199981689453,177.07000732421875,180.3300018310547,176.14540100097656,74919600.0,172.98058061033834,176.233308952318,172.9610554465104
2021-12-28 05:00:00,180.16000366210938,181.3300018310547,178.52999877929688,179.2899932861328,175.1295166015625,79144300.0,175.9793381325386,177.12218615208815,174.38715798933583
2021-12-29 05:00:00,179.3300018310547,180.6300048828125,178.13999938964844,179.3800048828125,175.21743774414062,62348900.0,175.16859502828655,176.4384311169709,174.00620695259946
2021-12-30 05:00:00,179.47000122070312,180.57000732421875,178.08999633789062,178.1999969482422,174.06483459472656,59773000.0,175.30536819408863,176.37984846199373,173.95738656793606
2021-12-31 05:00:00,178.08999633789062,179.22999572753906,177.25999450683594,177.57000732421875,173.44940185546875,64062300.0,173.9573242504266,175.07086935429706,173.14658304866205
2022-01-03 05:00:00,177.8300018310547,182.8800048828125,177.7100067138672,182.00999450683594,177.78639221191406,104487900.0,173.70339765267045,178.6362137085352,173.58618706197944
2022-01-04 05:00:00,182.6300048828125,182.94000244140625,179.1199951171875,179.6999969482422,175.53001403808594,99310400.0,178.3920304132724,178.69483440178558,174.9634712930882
2022-01-05 05:00:00,179.61000061035156,180.1699981689453,174.63999938964844,174.9199981689453,170.86093139648438,94537600.0,175.44210103848545,175.9891036993743,170.58743006603996
2022-01-06 05:00:00,172.6999969482422,175.3000030517578,171.63999938964844,172.0,168.00868225097656,96904000.0,168.69243553501073,171.23210762394186,167.65703557565845
2022-01-07 05:00:00,172.88999938964844,174.13999938964844,171.02999877929688,172.1699981689453,168.1747283935547,86709100.0,168.8780217142409,170.09901499255682,167.06118311991872
2022-01-10 05:00:00,169.0800018310547,172.5,168.1699981689453,172.19000244140625,168.1942901611328,106765600.0,165.15645789652865,168.4970941484729,164.26757109809446
2022-01-11 05:00:00,172.32000732421875,175.17999267578125,170.82000732421875,175.0800018310547,171.01722717285156,76138300.0,168.3212790198075,171.1148977053451,166.85608689005863
2022-01-12 05:00:00,176.1199951171875,177.17999267578125,174.82000732421875,175.52999877929688,171.45677185058594,74805200.0,172.0330771442787,173.06847713761263,170.76325596284155
2022-01-13 05:00:00,175.77999877929688,176.6199951171875,171.7899932861328,172.19000244140625,168.1942901611328,84505800.0,171.7009797317892,172.52148374355693,167.80356331883507
2022-01-14 05:00:00,171.33999633789062,173.77999877929688,171.08999633789062,173.07000732421875,169.05386352539062,80440800.0,167.36399798657283,169.74737940608347,167.11979931497876
2022-01-18 05:00:00,171.50999450683594,172.5399932861328,169.41000366210938,169.8000030517578,165.8597412109375,90956700.0,167.53005178287384,168.53614912039677,165.47879187832885
2022-01-19 05:00:00,170.0,171.0800018310547,165.94000244140625,166.22999572753906,162.37255859375,94815000.0,166.0550783276264,167.11001826086033,162.08929472408371
2022-01-20 05:00:00,166.97999572753906,169.67999267578125,164.17999267578125,164.50999450683594,160.6924591064453,91420500.0,163.10514273299674,165.74248492301732,160.37011513031928
2022-01-21 05:00:00,164.4199981689453,166.3300018310547,162.3000030517578,162.41000366210938,158.6412353515625,122848900.0,160.60458738914824,162.4702688967568,158.53378733529433
2022-01-24 05:00:00,160.02000427246094,162.3000030517578,154.6999969482422,161.6199951171875,157.86952209472656,162294600.0,156.30665983978236,158.5337501042213,151.11010595295735
2022-01-25 05:00:00,158.97999572753906,162.75999450683594,157.02000427246094,159.77999877929688,156.07225036621094,115798400.0,155.29081165334586,158.98309429431202,153.37630245676536
2022-01-26 05:00:00,163.5,164.38999938964844,157.82000732421875,159.69000244140625,155.98434448242188,108275300.0,159.70592982008216,160.57527648713483,154.15774320444362
2022-01-27 05:00:00,162.4499969482422,163.83999633789062,158.27999877929688,159.22000122070312,155.52523803710938,121954600.0,158.68028043462846,160.03802433796415,154.60704872462142
2022-01-28 05:00:00,165.7100067138672,170.35000610351562,162.8000030517578,170.3300018310547,166.37742614746094,179935700.0,161.86463986114418,166.39696621279427,159.02216399560837
2022-01-31 05:00:00,170.16000366210938,175.0,169.50999450683594,174.77999877929688,170.7241668701172,115541600.0,166.21138037947398,170.93906288440527,165.576454917367
2022-02-01 05:00:00,174.00999450683594,174.83999633789062,172.30999755859375,174.61000061035156,170.55809020996094,86213900.0,169.97200754131524,170.78274877423786,168.31145985308757
2022-02-02 05:00:00,174.75,175.8800048828125,173.3300018310547,175.83999633789062,171.7595672607422,84914300.0,170.69486467196293,171.79864739328102,169.30781806090394
2022-02-03 05:00:00,174.47999572753906,176.24000549316406,172.1199951171875,172.89999389648438,168.8878173828125,89418100.0,170.43115497753465,172.1503233892282,168.1259186202505
2022-02-04 05:00:00,171.67999267578125,174.10000610351562,170.67999267578125,172.38999938964844,168.6041717529297,82465400.0,167.90975737649003,170.27662529840396,166.93171820745542
2022-02-07 05:00:00,172.86000061035156,173.9499969482422,170.9499969482422,171.66000366210938,167.89022827148438,77251200.0,169.06387243592252,170.12993168140494,167.19581380846196
2022-02-08 05:00:00,171.72999572753906,175.35000610351562,171.42999267578125,174.8300018310547,170.99058532714844,74829200.0,167.95865801143464,171.49916986063508,167.66524328351184
2022-02-09 05:00:00,176.0500030517578,176.64999389648438,174.89999389648438,176.27999877929688,172.40872192382812,71285000.0,172.18377712176584,172.77059159545334,171.05902326407136
2022-02-10 05:00:00,174.13999938964844,175.47999572753906,171.5500030517578,172.1199951171875,168.34007263183594,90865900.0,170.31571564595043,171.62628436106874,167.78259814649985
2022-02-11 05:00:00,172.3300018310547,173.0800018310547,168.0399932861328,168.63999938964844,164.93650817871094,98670700.0,168.54547473503922,169.27900403758753,164.34967876719554
2022-02-14 05:00:00,167.3699951171875,169.5800018310547,166.55999755859375,168.8800048828125,165.1712646484375,86185500.0,163.69441590726865,165.8558891027738,162.9022065441299
2022-02-15 05:00:00,170.97000122070312,172.9499969482422,170.25,172.7899932861328,168.99537658691406,62527400.0,167.2153531108256,169.1518664311418,166.5111637354937
2022-02-16 05:00:00,171.85000610351562,173.33999633789062,170.0500030517578,172.5500030517578,168.76065063476562,61177400.0,168.0760262456703,169.53329496166765,166.31555287107355
2022-02-17 05:00:00,171.02999877929688,171.91000366210938,168.47000122070312,168.8800048828125,165.1712646484375,69589300.0,167.27404295611913,168.1347222265384,164.7702649952927
2022-02-18 05:00:00,169.82000732421875,170.5399932861328,166.19000244140625,167.3000030517578,163.6259307861328,82772700.0,166.0905932914819,166.7947676550334,162.54030687860808
2022-02-22 05:00:00,164.97999572753906,166.69000244140625,162.14999389648438,164.32000732421875,160.7113800048828,91162800.0,161.35687442039574,163.02932772220805,158.58902218443671
2022-02-23 05:00:00,165.5399932861328,166.14999389648438,159.75,160.07000732421875,156.5547332763672,90009200.0,161.90459367562613,162.50119815168253,156.241753586249
2022-02-24 05:00:00,152.5800018310547,162.85000610351562,152.0,162.74000549316406,159.1661376953125,141147500.0,149.22925378672676,159.2737226265083,148.66198914257592
2022-02-25 05:00:00,163.83999633789062,165.1199951171875,160.8699951171875,164.85000610351562,161.22975158691406,91974200.0,160.24192254485857,161.4938113988268,157.3371452242796
2022-02-28 05:00:00,163.05999755859375,165.4199981689453,162.42999267578125,165.1199951171875,161.4938507080078,95056600.0,159.4790920596061,161.78726549413435,158.86292250111
2022-03-01 05:00:00,164.6999969482422,166.60000610351562,161.97000122070312,163.1999969482422,159.61598205566406,83474400.0,161.08304074169718,162.94132403155473,158.41299811175085
2022-03-02 05:00:00,164.38999938964844,167.36000061035156,162.9499969482422,166.55999755859375,162.90220642089844,79724800.0,160.77986315221446,163.68464076398826,159.37148431939156
2022-03-03 05:00:00,168.47000122070312,168.91000366210938,165.5500030517578,166.22999572753906,162.57948303222656,76678400.0,164.7702966304226,165.20063634825544,161.91442341280975
2022-03-04 05:00:00,164.49000549316406,165.5500030517578,162.10000610351562,163.1699981689453,159.586669921875,83737200.0,160.8776889542246,161.91440821879274,158.54017563689038
2022-03-07 05:00:00,163.36000061035156,165.02000427246094,159.0399932861328,159.3000030517578,155.80166625976562,96418800.0,159.7725035009549,161.39605234966348,155.54736648605487
2022-03-08 05:00:00,158.82000732421875,162.8800048828125,155.8000030517578,157.44000244140625,153.9824676513672,131148300.0,155.33216629168248,159.30300237550088,152.37848423515257
2022-03-09 05:00:00,161.47999572753906,163.41000366210938,159.41000366210938,162.9499969482422,159.37149047851562,91454900.0,157.9337716080875,159.82139509337992,155.90923815043413
2022-03-10 05:00:00,160.1999969482422,160.38999938964844,155.97999572753906,158.52000427246094,155.03880310058594,105342000.0,156.68190205750494,156.86773192318665,152.5545747757299
2022-03-11 05:00:00,158.92999267578125,159.27999877929688,154.5,154.72999572753906,151.33197021484375,96970100.0,155.43973102802846,155.78205064733166,151.10702542359093
2022-03-14 04:00:00,151.4499969482422,154.1199951171875,150.10000610351562,150.6199951171875,147.31224060058594,108732100.0,148.1240148231261,150.73537736075448,146.80367102699051
2022-03-15 04:00:00,150.89999389648438,155.57000732421875,150.3800048828125,155.08999633789062,151.68408203125,92964300.0,147.58609577139651,152.1535515492418,147.0775261791108
2022-03-16 04:00:00,157.0500030517578,160.0,154.4600067138672,159.58999633789062,156.0852813720703,102300200.0,153.60106822684398,156.48628104894496,151.06795013405093
2022-03-17 04:00:00,158.61000061035156,161.0,157.6300048828125,160.6199951171875,157.0926513671875,75615400.0,155.12679794973494,157.46431103838808,154.16832371335292
2022-03-18 04:00:00,160.50999450683594,164.47999572753906,159.75999450683594,163.97999572753906,160.3788299560547,123511700.0,156.98503345512586,160.86784945274542,156.25150421008976
2022-03-21 04:00:00,163.50999450683594,166.35000610351562,163.00999450683594,165.3800048828125,161.7481231689453,95811400.0,159.9191797677464,162.69682236043158,159.4301601813594
2022-03-22 04:00:00,165.50999450683594,169.4199981689453,164.91000366210938,168.82000732421875,165.1125946044922,81532000.0,161.87527212646032,165.6994092047397,161.2884575262128
2022-03-23 04:00:00,167.99000549316406,172.63999938964844,167.64999389648438,170.2100067138672,166.47203063964844,98062700.0,164.30078278901993,168.84865833026834,163.9682381752626
2022-03-24 04:00:00,171.05999755859375,174.13999938964844,170.2100067138672,174.07000732421875,170.24729919433594,90131400.0,167.30339150441574,170.31575418142768,166.47206709718986
2022-03-25 04:00:00,173.8800048828125,175.27999877929688,172.75,174.72000122070312,170.88302612304688,80546200.0,170.06147670026667,171.4307257382337,168.95628752581777
2022-03-28 04:00:00,172.1699981689453,175.72999572753906,172.0,175.60000610351562,171.74368286132812,90371900.0,168.38900077447545,171.87081780430975,168.22273590773543
2022-03-29 04:00:00,176.69000244140625,179.00999450683594,176.33999633789062,178.9600067138672,175.02992248535156,100589400.0,172.80976906031557,175.07881251217484,172.467449330379
2022-03-30 04:00:00,178.5500030517578,179.61000061035156,176.6999969482422,177.77000427246094,173.86602783203125,92633200.0,174.6288971925018,175.66561632731086,172.81951875433577
2022-03-31 04:00:00,177.83999633789062,178.02999877929688,174.39999389648438,174.61000061035156,170.775390625,103049300.0,173.93445242077016,174.1202822188197,170.56999586828974
2022-04-01 04:00:00,174.02999877929688,174.8800048828125,171.94000244140625,174.30999755859375,170.4820098876953,78751300.0,170.20816010667752,171.0394993928561,168.1640617684755
2022-04-04 04:00:00,174.57000732421875,178.49000549316406,174.44000244140625,178.44000244140625,174.52134704589844,76468400.0,170.7363394709608,174.5702519989907,170.6091895776602
2022-04-05 04:00:00,177.5,178.3000030517578,174.4199981689453,175.05999755859375,171.2155303955078,73401800.0,173.60194829792937,174.38438259894033,170.58958593943765
2022-04-06 04:00:00,172.36000061035156,173.6300048828125,170.1300048828125,171.8300018310547,168.05648803710938,89058800.0,168.57484765163213,169.8169616919483,166.393824277865
2022-04-07 04:00:00,171.16000366210938,173.36000061035156,169.85000610351562,172.13999938964844,168.35963439941406,77594700.0,167.40116034930097,169.55284318419794,166.11993163539967
2022-04-08 04:00:00,171.77999877929688,171.77999877929688,169.1999969482422,170.08999633789062,166.35467529296875,76575500.0,168.00756384278074,168.00756384278074,165.48422104719532
2022-04-11 04:00:00,168.7100067138672,169.02999877929688,165.5,165.75,162.1099853515625,72246700.0,165.00498773482366,165.31795249524248,161.8654755697351
2022-04-12 04:00:00,168.02000427246094,169.8699951171875,166.63999938964844,167.66000366210938,163.9780731201172,79265200.0,164.33016786613953,166.13953162244414,162.98046885243798
2022-04-13 04:00:00,167.38999938964844,171.0399932861328,166.77000427246094,170.39999389648438,166.65785217285156,70618900.0,163.71395993382896,167.28379658301122,163.10758048377514
2022-04-14 04:00:00,170.6199951171875,171.27000427246094,165.0399932861328,165.2899932861328,161.6600799560547,75329400.0,166.8730302686766,167.5087646523774,161.41557017548345
2022-04-18 04:00:00,163.9199981689453,166.60000610351562,163.57000732421875,165.07000732421875,161.44493103027344,69023900.0,160.32017704396847,162.94132974863555,159.977872292766
2022-04-19 04:00:00,165.02000427246094,167.82000732421875,163.91000366210938,167.39999389648438,163.7237548828125,67723800.0,161.39603175237912,164.1345444765827,160.31040765157212
2022-04-20 04:00:00,168.75999450683594,168.8800048828125,166.10000610351562,167.22999572753906,163.55752563476562,67929800.0,165.0539247315743,165.17129960837096,162.4523512544508
2022-04-21 04:00:00,168.91000366210938,171.52999877929688,165.91000366210938,166.4199981689453,162.7652587890625,87227800.0,165.200581424204,167.7630389892028,162.26646424033356
2022-04-22 04:00:00,166.4600067138672,167.8699951171875,161.5,161.7899932861328,158.23692321777344,84882400.0,162.80437847987656,164.18340212764667,157.95329847424364
2022-04-25 04:00:00,161.1199951171875,163.1699981689453,158.4600067138672,162.8800048828125,159.3030242919922,96046400.0,157.5816658069576,159.58664908398902,154.98009296481885
2022-04-26 04:00:00,162.25,162.33999633789062,156.72000122070312,156.8000030517578,153.3565673828125,95623200.0,158.68687865808295,158.77489861463468,153.27832244686797
2022-04-27 04:00:00,155.91000366210938,159.7899932861328,155.3800048828125,156.57000732421875,153.13160705566406,88063200.0,152.48609759207858,156.2808795981602,151.967738002025
2022-04-28 04:00:00,159.25,164.52000427246094,158.92999267578125,163.63999938964844,160.04627990722656,130216800.0,155.75268986977346,160.90695888742488,155.43971026835996
2022-04-29 04:00:00,161.83999633789062,166.1999969482422,157.25,157.64999389648438,154.18785095214844,131747600.0,158.28583697775457,162.55008785176082,153.7966412998766
2022-05-02 04:00:00,156.7100067138672,158.22999572753906,153.27000427246094,157.9600067138672,154.49105834960938,123055300.0,153.26850950984627,154.75511815394006,149.9040527150275
2022-05-03 04:00:00,158.14999389648438,160.7100067138672,156.32000732421875,159.47999572753906,155.97767639160156,88966500.0,154.67688255687574,157.18067526746918,152.88708408047324
2022-05-04 04:00:00,159.6699981689453,166.47999572753906,159.25999450683594,166.02000427246094,162.37403869628906,108256500.0,156.163485086847,162.82392827829534,155.7624855158091
2022-05-05 04:00:00,163.85000610351562,164.0800018310547,154.9499969482422,156.77000427246094,153.3271942138672,130525300.0,160.25171284753384,160.47665766238154,151.5471558846843
2022-05-06 04:00:00,156.00999450683594,159.44000244140625,154.17999267578125,157.27999877929688,154.052001953125,116124600.0,152.8080631040653,156.16767394547392,151.0156200226824
2022-05-09 04:00:00,154.92999267578125,155.8300018310547,151.49000549316406,152.05999755859375,148.9391632080078,131577900.0,151.7502553954864,152.6317930294346,148.3808694909006
2022-05-10 04:00:00,155.52000427246094,156.74000549316406,152.92999267578125,154.50999450683594,151.3388671875,115366700.0,152.32814774676658,153.5231099451531,149.7912929478581
2022-05-11 04:00:00,153.5,155.4499969482422,145.80999755859375,146.5,143.49327087402344,142689800.0,150.34960463592216,152.2595803376125,142.81742986905113
2022-05-12 04:00:00,142.77000427246094,146.1999969482422,138.8000030517578,142.55999755859375,139.6340789794922,182602000.0,139.83977549024235,143.19937058277358,135.95125505327687
2022-05-13 04:00:00,144.58999633789062,148.10000610351562,143.11000061035156,147.11000061035156,144.0906982421875,113990900.0,141.62241482375455,145.06038475011871,140.17279469669467
2022-05-16 04:00:00,145.5500030517578,147.52000427246094,144.17999267578125,145.5399932861328,142.55294799804688,86643800.0,142.56275232444813,144.49232147743598,141.22085987637433
2022-05-17 04:00:00,148.86000061035156,149.77000427246094,146.67999267578125,149.24000549316406,146.177001953125,78336300.0,145.80479629477273,146.6961230315545,143.66953086740642
2022-05-18 04:00:00,146.85000610351562,147.36000061035156,139.89999389648438,140.82000732421875,137.92984008789062,109742900.0,143.83608013972986,144.33560760113403,137.0287088681347
2022-05-19 04:00:00,139.8800048828125,141.66000366210938,136.60000610351562,137.35000610351562,134.53103637695312,136095600.0,137.00910949443605,138.7525756020971,133.79642936713128
2022-05-20 04:00:00,139.08999633789062,140.6999969482422,132.61000061035156,137.58999633789062,134.76614379882812,137426100.0,136.23535828446418,137.81231576353846,129.88835589129073
2022-05-23 04:00:00,137.7899932861328,143.25999450683594,137.64999389648438,143.11000061035156,140.17279052734375,117726300.0,134.96197179293512,140.31970592768346,134.82484577074624
2022-05-24 04:00:00,140.80999755859375,141.97000122070312,137.3300018310547,140.36000061035156,137.4792938232422,104132700.0,137.92005516834,139.05625126128453,134.51148183512868
2022-05-25 04:00:00,138.42999267578125,141.7899932861328,138.33999633789062,140.52000427246094,137.635986328125,92482700.0,135.58886991195646,138.87991021944293,135.50072064953915
2022-05-26 04:00:00,137.38999938964844,144.33999633789062,137.13999938964844,143.77999877929688,140.82907104492188,90601500.0,134.57021942674126,141.37757526410218,134.32535040420584
2022-05-27 04:00:00,145.38999938964844,149.67999267578125,145.25999450683594,149.63999938964844,146.56883239746094,90978500.0,142.4060581377044,146.6080048732437,142.27872143657157
2022-05-31 04:00:00,149.07000732421875,150.66000366210938,146.83999633789062,148.83999633789062,145.78521728515625,103718400.0,146.01050754614022,147.5678709384086,143.82626511004062
2022-06-01 04:00:00,149.89999389648438,151.74000549316406,147.67999267578125,148.7100067138672,145.6579132080078,74286600.0,146.8234773391278,148.62572491730577,144.6490389655957
2022-06-02 04:00:00,147.8300018310547,151.27000427246094,146.86000061035156,151.2100067138672,148.1066131591797,72348100.0,144.79597858853165,148.16537934399943,143.84588541228797
2022-06-03 04:00:00,146.89999389648438,147.97000122070312,144.4600067138672,145.3800048828125,142.39625549316406,88570300.0,143.88504856420633,144.93309527765794,141.49513917786348
2022-06-06 04:00:00,147.02999877929688,148.57000732421875,144.89999389648438,146.13999938964844,143.14064025878906,71598400.0,144.01237341190438,145.52077501341512,141.92608448379778
2022-06-07 04:00:00,144.35000610351562,149.0,144.10000610351562,148.7100067138672,145.6579132080078,67808200.0,141.3873963509184,145.94195473174813,141.14252729935507
2022-06-08 04:00:00,148.5800018310547,149.8699951171875,147.4600067138672,147.9600067138672,144.9232940673828,53950200.0,145.5305644824367,146.79408210793065,144.4335560047601
2022-06-09 04:00:00,147.0800018310547,147.9499969482422,142.52999877929688,142.63999938964844,139.7124786376953,69473000.0,144.06135517233236,144.91349464755012,139.60473566244548
2022-06-10 04:00:00,140.27999877929688,140.75999450683594,137.05999755859375,137.1300048828125,134.31556701660156,91437900.0,137.40091085996173,137.87105521943323,134.24699651333503
2022-06-13 04:00:00,132.8699951171875,135.1999969482422,131.44000244140625,131.8800048828125,129.1732940673828,122207100.0,130.1429657001856,132.42514647480579,128.74232225475177
2022-06-14 04:00:00,133.1300048828125,133.88999938964844,131.47999572753906,132.75999450683594,130.03524780273438,84784300.0,130.39766413988795,131.1420606306549,128.7815195311164
2022-06-15 04:00:00,134.2899932861328,137.33999633789062,132.16000366210938,135.42999267578125,132.6504669189453,91533000.0,131.53386454500733,134.5212702217429,129.4475902081577
2022-06-16 04:00:00,132.0800018310547,132.38999938964844,129.0399932861328,130.05999755859375,127.39065551757812,108123900.0,129.36920136755154,129.67283655853572,126.39158573948599
2022-06-17 04:00:00,130.07000732421875,133.0800018310547,129.80999755859375,131.55999755859375,128.85987854003906,134520300.0,127.40046865716874,130.34868645706888,127.14579529566508
2022-06-21 04:00:00,133.4199981689453,137.05999755859375,133.32000732421875,135.8699951171875,133.0814208984375,81000500.0,130.68170729877417,134.24699991857628,130.58376865027734
2022-06-22 04:00:00,134.7899932861328,137.75999450683594,133.91000366210938,135.35000610351562,132.5720977783203,73409200.0,132.0235786011109,134.93262385029735,131.16164978530637
2022-06-23 04:00:00,136.82000732421875,138.58999633789062,135.6300048828125,138.27000427246094,135.43214416503906,72433800.0,134.01190702274286,135.74556869818326,132.8463282477274
2022-06-24 04:00:00,139.89999389648438,141.91000366210938,139.77000427246094,141.66000366210938,138.7526092529297,89116800.0,137.02872148660157,138.99747831559026,136.90139973704072
2022-06-27 04:00:00,142.6999969482422,143.49000549316406,140.97000122070312,141.66000366210938,138.7526092529297,70207900.0,139.77125797752416,140.5450525850796,138.0767682486871
2022-06-28 04:00:00,142.1300048828125,143.4199981689453,137.32000732421875,137.44000244140625,134.61920166015625,67083400.0,139.21294709984699,140.47646473111445,134.50166930718802
2022-06-29 04:00:00,137.4600067138672,140.6699981689453,136.6699981689453,139.22999572753906,136.37245178222656,66242400.0,134.63878986432783,137.78289974267364,133.8649953839291
2022-06-30 04:00:00,137.25,138.3699951171875,133.77000427246094,136.72000122070312,133.91397094726562,98964500.0,134.43309207438057,135.5301005021527,131.02451949836083
2022-07-01 04:00:00,136.0399932861328,139.0399932861328,135.66000366210938,138.92999267578125,136.07861328125,71051600.0,133.2479278277153,136.1863562547321,132.87573705664798
2022-07-05 04:00:00,137.77000427246094,141.61000061035156,136.92999267578125,141.55999755859375,138.6546630859375,73353800.0,134.94245447298385,138.70363989022064,134.11968301964518
2022-07-06 04:00:00,141.35000610351562,144.1199951171875,141.0800018310547,142.9199981689453,139.98670959472656,74064300.0,138.44894003031942,141.16207781793045,138.18447732277275
2022-07-07 04:00:00,143.2899932861328,146.5500030517578,143.27999877929688,146.35000610351562,143.34629821777344,66253700.0,140.34908952916902,143.54219040082597,140.33930015098184
2022-07-08 04:00:00,145.25999450683594,147.5500030517578,145.0,147.0399932861328,144.02218627929688,64547800.0,142.2787196887486,144.52172874952925,142.0240612352335
2022-07-11 04:00:00,145.6699981689453,146.63999938964844,143.77999877929688,144.8699951171875,141.89669799804688,63141600.0,142.6802818681296,143.63037488194183,140.82907263468897
2022-07-12 04:00:00,145.75999450683594,148.4499969482422,145.0500030517578,145.86000061035156,142.86636352539062,77588800.0,142.76840995155382,145.4032026642234,142.0729903924104
2022-07-13 04:00:00,142.99000549316406,146.4499969482422,142.1199951171875,145.49000549316406,142.50401306152344,71185600.0,140.05532229787818,143.4443019452147,139.20316774910646
2022-07-14 04:00:00,144.0800018310547,148.9499969482422,143.25,148.47000122070312,145.4228515625,78140700.0,141.12295108192205,145.89299601499977,140.30998393649415
2022-07-15 04:00:00,149.77999877929688,150.86000061035156,148.1999969482422,150.1699981689453,147.08795166015625,76259900.0,146.7059565075189,147.763792686889,145.15838218653053
2022-07-18 04:00:00,150.74000549316406,151.57000732421875,146.6999969482422,147.07000732421875,144.05157470703125,81420900.0,147.64625063740658,148.4592176926782,143.68915834296686
2022-07-19 04:00:00,147.9199981689453,151.22999572753906,146.91000366210938,151.0,147.90090942382812,82982400.0,144.88412086859606,148.1261847699647,143.89485526545627
2022-07-20 04:00:00,151.1199951171875,153.72000122070312,150.3699951171875,153.0399932861328,149.8990478515625,64823400.0,148.01845513052425,150.56509951384282,147.2838478982926
2022-07-21 04:00:00,154.5,155.57000732421875,151.94000244140625,155.35000610351562,152.16165161132812,65086600.0,151.32909076479385,152.37713759641647,148.82163378808133
2022-07-22 04:00:00,155.38999938964844,156.27999877929688,153.41000366210938,154.08999633789062,150.92745971679688,66675400.0,152.20078156045275,153.0725146399616,150.26142318216912
2022-07-25 04:00:00,154.00999450683594,155.0399932861328,152.27999877929688,152.9499969482422,149.81088256835938,53623900.0,150.849124954379,151.85798424989775,149.1546353044719
2022-07-26 04:00:00,152.25999450683594,153.08999633789062,150.8000030517578,151.60000610351562,148.48858642578125,55138700.0,149.13502930916428,149.94799628582763,147.70500253719806
2022-07-27 04:00:00,152.5800018310547,157.3300018310547,152.16000366210938,156.7899932861328,153.5720977783203,78620700.0,149.44851051465318,154.10102340248645,149.03713222120385
2022-07-28 04:00:00,156.97999572753906,157.63999938964844,154.41000366210938,157.35000610351562,154.12057495117188,81378700.0,153.7581586202447,154.40461645264705,151.24091273921562
2022-07-29 04:00:00,161.24000549316406,163.6300048828125,159.5,162.50999450683594,159.17465209960938,101786900.0,157.93072824104914,160.2716754702952,156.22643448443253
2022-08-01 04:00:00,161.00999450683594,163.58999633789062,160.88999938964844,161.50999450683594,158.19520568847656,67829400.0,157.70546755749734,160.2325181068246,157.58793518866128
2022-08-02 04:00:00,160.10000610351562,162.41000366210938,159.6300048828125,160.00999450683594,156.72596740722656,59907000.0,156.81413161603723,159.07671904499605,156.35377664743476
2022-08-03 04:00:00,160.83999633789062,166.58999633789062,160.75,166.1300048828125,162.72036743164062,82507500.0,157.53893055181024,163.1709180629882,157.45078129075776
2022-08-04 04:00:00,166.00999450683594,167.19000244140625,164.42999267578125,165.80999755859375,162.40696716308594,55474100.0,162.60285943908943,163.7586492750685,161.05528505110334
2022-08-05 04:00:00,163.2100067138672,165.85000610351562,163.0,165.35000610351562,162.18130493164062,56697000.0,160.08231563164134,162.6717231322608,159.87633340217553
2022-08-08 04:00:00,166.3699951171875,167.80999755859375,164.1999969482422,164.8699951171875,161.71055603027344,60276900.0,163.18181120847004,164.59421857415984,161.05339717997808
2022-08-09 04:00:00,164.02000427246094,165.82000732421875,163.25,164.9199981689453,161.75958251953125,63135500.0,160.8768354992681,162.6423445061743,160.1215870695177
2022-08-10 04:00:00,167.67999267578125,169.33999633789062,166.89999389648438,169.24000549316406,165.99684143066406,70170500.0,164.46672330332,166.0949161402945,163.70167172283962
2022-08-11 04:00:00,170.05999755859375,170.99000549316406,168.19000244140625,168.49000549316406,165.26116943359375,57149200.0,166.80107516257124,167.713261012407,164.9669154508603
2022-08-12 04:00:00,169.82000732421875,172.1699981689453,169.39999389648438,172.10000610351562,168.802001953125,68039400.0,166.56569547580565,168.87065273956517,166.1537308916434
2022-08-15 04:00:00,171.52000427246094,173.38999938964844,171.35000610351562,173.19000244140625,169.87112426757812,54091700.0,168.2331286414766,170.06728863023804,168.0663881848966
2022-08-16 04:00:00,172.77999877929688,173.7100067138672,171.66000366210938,173.02999877929688,169.71414184570312,56377100.0,169.4689327157213,170.38111846177,168.3704006026436
2022-08-17 04:00:00,172.77000427246094,176.14999389648438,172.57000732421875,174.5500030517578,171.2050018310547,79542000.0,169.4591141831557,172.77433113905738,169.26294989045238
2022-08-18 04:00:00,173.75,174.89999389648438,173.1199951171875,174.14999389648438,170.8126983642578,62290100.0,170.42036968678258,171.54832585930868,169.80243780169835
2022-08-19 04:00:00,173.02999877929688,173.74000549316406,171.30999755859375,171.52000427246094,168.23309326171875,70346300.0,169.7141510996703,170.41055165199725,168.02711099609633
2022-08-22 04:00:00,169.69000244140625,169.86000061035156,167.13999938964844,167.57000732421875,164.35879516601562,69026800.0,166.43816395511286,166.6049043800519,163.9370276482697
2022-08-23 04:00:00,167.0800018310547,168.7100067138672,166.64999389648438,167.22999572753906,164.02529907226562,54147100.0,163.87817957003261,165.4769480040651,163.4564120530002
2022-08-24 04:00:00,167.32000732421875,168.11000061035156,166.25,167.52999877929688,164.31959533691406,53841500.0,164.11362798077442,164.8884825026039,163.0641253734546
2022-08-25 04:00:00,168.77999877929688,170.13999938964844,168.35000610351562,170.02999877929688,166.77171325683594,51218200.0,165.54566701165754,166.87960592506704,165.1239142871809
2022-08-26 04:00:00,170.57000732421875,171.0500030517578,163.55999755859375,163.6199951171875,160.48451232910156,78961000.0,167.3013400580589,167.77213753118554,160.42566451575846
2022-08-29 04:00:00,161.14999389648438,162.89999389648438,159.82000732421875,161.3800048828125,158.2874298095703,73314000.0,158.06182659509352,159.7782908024648,156.7573269679059
2022-08-30 04:00:00,162.1300048828125,162.55999755859375,157.72000122070312,158.91000366210938,155.86474609375,77906200.0,159.02304111055471,159.44479366035216,154.69754815714236
2022-08-31 04:00:00,160.30999755859375,160.5800018310547,157.13999938964844,157.22000122070312,154.2071075439453,87991100.0,157.2378885761792,157.502718607711,154.12863883214416
2022-09-01 04:00:00,156.63999938964844,158.4199981689453,154.6699981689453,157.9600067138672,154.9329833984375,74229900.0,153.6382716729597,155.38415993328115,151.70602203096658
2022-09-02 04:00:00,159.75,160.36000061035156,154.97000122070312,155.80999755859375,152.8241424560547,76957800.0,156.6886409081276,157.2869518100939,152.0002433352291
2022-09-06 04:00:00,156.47000122070312,157.08999633789062,153.69000244140625,154.52999877929688,151.56871032714844,73714800.0,153.47153612406976,154.07965015411935,150.74481100262022
2022-09-07 04:00:00,154.82000732421875,156.6699981689453,153.61000061035156,155.9600067138672,152.97128295898438,87449600.0,151.85312983190147,153.6676685648947,150.66631095885003
2022-09-08 04:00:00,154.63999938964844,156.36000061035156,152.67999267578125,154.4600067138672,151.5000457763672,84923800.0,151.67658920142858,153.36362955067995,149.75414265238146
2022-09-09 04:00:00,155.47000122070312,157.82000732421875,154.75,157.3699951171875,154.3542938232422,68028800.0,152.4907097522004,154.79568238893683,151.7845060067485
2022-09-12 04:00:00,159.58999633789062,164.25999450683594,159.3000030517578,163.42999267578125,160.29812622070312,104956000.0,156.53171708379904,161.11222243462,156.24728104104713
2022-09-13 04:00:00,159.89999389648438,160.5399932861328,153.3699951171875,153.83999633789062,150.89190673828125,122656600.0,156.8357744463717,157.46350930410847,150.43091231518306
2022-09-14 04:00:00,154.7899932861328,157.10000610351562,153.61000061035156,155.30999755859375,152.33377075195312,87965400.0,151.8237313927598,154.08947711736784,150.66635107863272
2022-09-15 04:00:00,154.64999389648438,155.24000549316406,151.3800048828125,152.3699951171875,149.45008850097656,90481100.0,151.68639505914092,152.2651001071562,148.4790697119515
2022-09-16 04:00:00,151.2100067138672,151.35000610351562,148.3699951171875,150.6999969482422,147.8120880126953,162278800.0,148.31232430924803,148.44964084888636,145.52673670084437
2022-09-19 04:00:00,149.30999755859375,154.55999755859375,149.10000610351562,154.47999572753906,151.51962280273438,81474200.0,146.44869974399057,151.5980915210163,146.24273245408108
2022-09-20 04:00:00,153.39999389648438,158.0800018310547,153.0800018310547,156.89999389648438,153.89329528808594,107689800.0,150.46036632402453,155.050690549917,150.14650631554355
2022-09-21 04:00:00,157.33999633789062,158.74000549316406,153.60000610351562,153.72000122070312,150.7742156982422,101696800.0,154.32483969180942,155.69802002410492,150.6565200858437
2022-09-22 04:00:00,152.3800048828125,154.47000122070312,150.91000366210938,152.74000549316406,149.81298828125,86652500.0,149.45988650515864,151.50983141556574,148.0180554999838
2022-09-23 04:00:00,151.19000244140625,151.47000122070312,148.55999755859375,150.42999267578125,147.5472412109375,96029900.0,148.29268659863374,148.5673196468233,145.71308157487604
2022-09-26 04:00:00,149.66000366210938,153.77000427246094,149.63999938964844,150.77000427246094,147.8807373046875,93339400.0,146.79200808789446,150.82324708343862,146.77238716545008
2022-09-27 04:00:00,152.74000549316406,154.72000122070312,149.9499969482422,151.75999450683594,148.85179138183594,84442700.0,149.81302224747262,151.75507497309587,147.07647912072952
2022-09-28 04:00:00,147.63999938964844,150.63999938964844,144.83999633789062,149.83999633789062,146.96856689453125,146691400.0,144.81072915722658,147.75323924438212,142.06438341593866
2022-09-29 04:00:00,146.10000610351562,146.72000122070312,140.67999267578125,142.47999572753906,139.74960327148438,128138200.0,143.3002421615135,143.9083561021041,137.98409428837317
2022-09-30 04:00:00,141.27999877929688,143.10000610351562,138.0,138.1999969482422,135.55162048339844,124925300.0,138.5725991267457,140.35772899315157,135.35545614892226
2022-10-03 04:00:00,138.2100067138672,143.07000732421875,137.69000244140625,142.4499969482422,139.72018432617188,114311700.0,135.56144631438175,140.32831325471835,135.05140704196927
2022-10-04 04:00:00,145.02999877929688,146.22000122070312,144.25999450683594,146.10000610351562,143.3002471923828,87830100.0,142.2507447443845,143.41794280659562,141.49549629829846
2022-10-05 04:00:00,144.07000732421875,147.3800048828125,143.00999450683594,146.39999389648438,143.594482421875,79471000.0,141.3091461524557,144.55571313373582,140.26944671107276
2022-10-06 04:00:00,145.80999755859375,147.5399932861328,145.22000122070312,145.42999267578125,142.64306640625,68402200.0,143.0157891213956,144.71263233032042,142.43709909152813
2022-10-07 04:00:00,142.5399932861328,143.10000610351562,139.4499969482422,140.08999633789062,137.4053955078125,85925600.0,139.80844218113944,140.35772324812106,136.7776606833551
2022-10-10 04:00:00,140.4199981689453,141.88999938964844,138.57000732421875,140.4199981689453,137.72906494140625,74899000.0,137.72906494140625,139.17089585032406,135.91452632499212
2022-10-11 04:00:00,139.89999389648438,141.35000610351562,138.22000122070312,138.97999572753906,136.31671142578125,77033700.0,137.21907959935803,138.64130511141832,135.57128075188317
2022-10-12 04:00:00,139.1300048828125,140.36000061035156,138.16000366210938,138.33999633789062,135.68896484375,70433700.0,136.46383432846753,137.67025945099226,135.51242139642648
2022-10-13 04:00:00,134.99000549316406,143.58999633789062,134.3699951171875,142.99000549316406,140.2498321533203,113224000.0,132.40313927882985,140.83832513907973,131.79501040391918
2022-10-14 04:00:00,144.30999755859375,144.52000427246094,138.19000244140625,138.3800048828125,135.72816467285156,88598000.0,141.54451814883853,141.75050040665323,135.54180333634727
2022-10-17 04:00:00,141.07000732421875,142.89999389648438,140.27000427246094,142.41000366210938,139.68089294433594,85250900.0,138.36657597077,140.1614931248815,137.58190398316958
2022-10-18 04:00:00,145.49000549316406,146.6999969482422,140.61000061035156,143.75,140.99526977539062,99136600.0,142.7019309504816,143.88873492707052,137.91544326382163
2022-10-19 04:00:00,141.69000244140625,144.9499969482422,141.5,143.86000061035156,141.1031494140625,61758300.0,138.97473585531196,142.17225768233465,138.78837451258266
2022-10-20 04:00:00,143.02000427246094,145.88999938964844,142.64999389648438,143.38999938964844,140.6421661376953,64522000.0,140.2792613677454,143.09425775385319,139.91634163141597
2022-10-21 04:00:00,142.8699951171875,147.85000610351562,142.64999389648438,147.27000427246094,144.4477996826172,86548600.0,140.13210997918807,145.01668666487555,139.91632474569775
2022-10-24 04:00:00,147.19000244140625,150.22999572753906,146.0,149.4499969482422,146.58604431152344,75981900.0,144.3693587197694,147.3510957532076,143.2021606323234
2022-10-25 04:00:00,150.08999633789062,152.49000549316406,149.36000061035156,152.33999633789062,149.420654296875,74732300.0,147.21377179556336,149.56778877679034,146.4977652190575
2022-10-26 04:00:00,150.9600067138672,151.99000549316406,148.0399932861328,149.35000610351562,146.4879913330078,88194300.0,148.06713927955596,149.0774000501519,145.20308247196704
2022-10-27 04:00:00,148.07000732421875,149.0500030517578,144.1300048828125,144.8000030517578,142.0251922607422,109180200.0,145.23253325315713,146.1937492661754,141.3680333052635
2022-10-28 04:00:00,148.1999969482422,157.5,147.82000732421875,155.74000549316406,152.7554931640625,164762400.0,145.35997702745019,154.48176014348397,144.98726930709842
2022-10-31 04:00:00,153.16000366210938,154.24000549316406,151.9199981689453,153.33999633789062,150.40151977539062,97943200.0,150.22497632532892,151.28428192484714,149.0087332370563
2022-11-01 04:00:00,155.0800018310547,155.4499969482422,149.1300048828125,150.64999389648438,147.7630615234375,80379300.0,152.10817643552318,152.47108127109797,146.27220032701106
2022-11-02 04:00:00,148.9499969482422,152.1699981689453,145.0,145.02999877929688,142.25071716308594,93604600.0,146.09559446780847,149.25388921211223,142.22129326523782
2022-11-03 04:00:00,142.05999755859375,142.8000030517578,138.75,138.8800048828125,136.21861267089844,97918500.0,139.33766635298934,140.0634909361085,136.09109910411752
2022-11-04 04:00:00,142.08999633789062,142.6699981689453,134.3800048828125,138.3800048828125,135.95330810546875,140814800.0,139.5982394074154,140.16807005387253,132.02345398469166
2022-11-07 05:00:00,137.11000061035156,139.14999389648438,135.6699981689453,138.9199981689453,136.48387145996094,83374600.0,134.70561435237354,136.70983394000362,133.29086405936027
2022-11-08 05:00:00,140.41000366210938,141.42999267578125,137.49000549316406,139.5,137.05369567871094,89908500.0,137.94774130575934,138.9498435557623,135.0789489012502
2022-11-09 05:00:00,138.5,138.5500030517578,134.58999633789062,134.8699951171875,132.5048828125,74917800.0,136.07123106652006,136.12035725287217,132.2297941583769
2022-11-10 05:00:00,141.24000549316406,146.8699951171875,139.5,146.8699951171875,144.29443359375,118854000.0,138.7631733571785,144.29443359375,137.05368118428237
2022-11-11 05:00:00,145.82000732421875,150.00999450683594,144.3699951171875,149.6999969482422,147.0748291015625,93979700.0,143.26287971945007,147.3793904835366,141.83829520447486
2022-11-14 05:00:00,148.97000122070312,150.27999877929688,147.42999267578125,148.27999877929688,145.67970275878906,73374100.0,146.3576050476643,147.644629976999,144.84460269456784
2022-11-15 05:00:00,152.22000122070312,153.58999633789062,148.55999755859375,150.0399932861328,147.40884399414062,89868300.0,149.55062261259357,150.89659305740093,145.95480194485347
2022-11-16 05:00:00,149.1300048828125,149.8699951171875,147.2899932861328,148.7899932861328,146.1807861328125,64218300.0,146.51483522710427,147.2418488642614,144.70709039322372
2022-11-17 05:00:00,146.42999267578125,151.47999572753906,146.14999389648438,150.72000122070312,148.07696533203125,80389400.0,143.86218666008645,148.82363252503697,143.58709795786277
2022-11-18 05:00:00,152.30999755859375,152.6999969482422,149.97000122070312,151.2899932861328,148.63693237304688,74829600.0,149.63904958366277,150.02220984195606,147.34008803390304
2022-11-21 05:00:00,150.16000366210938,150.3699951171875,147.72000122070312,148.00999450683594,145.41441345214844,58724100.0,147.5267189168743,147.733027851429,145.12950564069578
2022-11-22 05:00:00,148.1300048828125,150.4199981689453,146.92999267578125,150.17999267578125,147.54637145996094,51804100.0,145.53233313834016,147.78216811313607,144.35336486366882
2022-11-23 05:00:00,149.4499969482422,151.8300018310547,149.33999633789062,151.07000732421875,148.42079162597656,58301400.0,146.82919031011303,149.1674586072914,146.72111870836432
2022-11-25 05:00:00,148.30999755859375,148.8800048828125,147.1199951171875,148.11000061035156,145.51268005371094,35195900.0,145.70916976960694,146.26918120067512,144.5400357218998
2022-11-28 05:00:00,145.13999938964844,146.63999938964844,143.3800048828125,144.22000122070312,141.69090270996094,69246000.0,142.59476743015247,144.06846284178744,140.86563687733454
2022-11-29 05:00:00,144.2899932861328,144.80999755859375,140.35000610351562,141.1699981689453,138.69444274902344,83763800.0,141.75972566869967,142.27061115238274,137.88883005476464
2022-11-30 05:00:00,141.39999389648438,148.72000122070312,140.5500030517578,148.02999877929688,145.43411254882812,111380900.0,138.92037287256267,146.11201495746124,138.0852876520207
2022-12-01 05:00:00,148.2100067138672,149.1300048828125,146.61000061035156,148.30999755859375,145.709228515625,71250400.0,145.61099111367253,146.51485616417156,144.03904277032873
2022-12-02 05:00:00,145.9600067138672,148.0,145.64999389648438,147.80999755859375,145.21795654296875,65447400.0,143.40040769964443,145.4046270438478,143.09583136119605
2022-12-05 05:00:00,147.77000427246094,150.9199981689453,145.77000427246094,146.6300048828125,144.05865478515625,68826400.0,145.17866278529172,148.2734173934748,143.21373541725012
2022-12-06 05:00:00,147.07000732421875,147.3000030517578,141.9199981689453,142.91000366210938,140.4038848876953,64727200.0,144.49093730068225,144.71689974436399,139.43124046996064
2022-12-07 05:00:00,142.19000244140625,143.3699951171875,140.0,140.94000244140625,138.46844482421875,69721100.0,139.69652452502783,140.85582456681212,137.54492649061714
2022-12-08 05:00:00,142.36000061035156,143.52000427246094,141.10000610351562,142.64999389648438,140.14845275878906,62128300.0,139.86354485762612,141.0032064446931,138.62564588690643
2022-12-09 05:00:00,142.33999633789062,145.57000732421875,140.89999389648438,142.16000366210938,139.66702270507812,76097000.0,139.8438589493627,143.0172270285968,138.42910903026953
2022-12-12 05:00:00,142.6999969482422,144.5,141.05999755859375,144.49000549316406,141.95620727539062,70462700.0,140.1975885864345,141.9660265170688,138.58634846990296
2022-12-13 05:00:00,149.5,149.97000122070312,144.24000549316406,145.47000122070312,142.91900634765625,93886200.0,146.87833415604433,147.34009332894186,141.71058010364294
2022-12-14 05:00:00,145.35000610351562,146.66000366210938,141.16000366210938,143.2100067138672,140.6986541748047,82291200.0,142.80112620848055,144.08815144991274,138.68460028950005
2022-12-15 05:00:00,141.11000061035156,141.8000030517578,136.02999877929688,136.5,134.10629272460938,98931900.0,138.63545090272245,139.3133532425607,133.6445335943197
2022-12-16 05:00:00,136.69000244140625,137.64999389648438,133.72999572753906,134.50999450683594,132.15118408203125,160156900.0,134.29296269794702,135.23611943482993,131.38486361161162
2022-12-19 05:00:00,135.11000061035156,135.1999969482422,131.32000732421875,132.3699951171875,130.04872131347656,79592600.0,132.74067737544078,132.82909551472687,129.01714637272462
2022-12-20 05:00:00,131.38999938964844,133.25,129.88999938964844,132.3000030517578,129.97996520996094,77432800.0,129.08591954394805,130.91330283228723,127.6122238272619
2022-12-21 05:00:00,132.97999572753906,136.80999755859375,132.75,135.4499969482422,133.07470703125,85928000.0,130.64802045895354,134.41085828161889,130.42205800232537
2022-12-22 05:00:00,134.35000610351562,134.55999755859375,130.3000030517578,132.22999572753906,129.91119384765625,77852100.0,131.99402745433673,132.20033647277774,128.01504576681836
2022-12-23 05:00:00,130.9199981689453,132.4199981689453,129.63999938964844,131.86000061035156,129.5476837158203,63814900.0,128.62416529925937,130.09786107261186,127.36661277196195
2022-12-27 05:00:00,131.3800048828125,131.41000366210938,128.72000122070312,130.02999877929688,127.749755859375,69007800.0,129.07608787315525,129.10556058535423,126.46273078933113
2022-12-28 05:00:00,129.6699981689453,131.02999877929688,125.87000274658203,126.04000091552734,123.82975006103516,85438400.0,127.39609129673738,128.7322427918136,123.6627329980518
2022-12-29 05:00:00,127.98999786376953,130.47999572753906,127.7300033569336,129.61000061035156,127.3371353149414,75703700.0,125.74554124055933,128.19187403447657,125.49010604619004
2022-12-30 05:00:00,128.41000366210938,129.9499969482422,127.43000030517578,129.92999267578125,127.6514892578125,77034200.0,126.1581553688859,127.67114272748928,125.19533773599038
2023-01-03 05:00:00,130.27999877929688,130.89999389648438,124.16999816894531,125.06999969482422,122.87675476074219,112117500.0,127.99539057563403,128.60451337209517,121.99253578697103
2023-01-04 05:00:00,126.88999938964844,128.66000366210938,125.08000183105469,126.36000061035156,124.14412689208984,89113600.0,124.66483150899292,126.4037966398773,122.886574422074
2023-01-05 05:00:00,127.12999725341797,127.7699966430664,124.76000213623047,125.0199966430664,122.82762145996094,80962700.0,124.90062068574457,125.52939692056383,122.57218626779334
2023-01-06 05:00:00,126.01000213623047,130.2899932861328,124.88999938964844,129.6199951171875,127.34696197509766,87754700.0,123.80027430194448,128.00521096875735,122.69991206962038
2023-01-09 05:00:00,130.47000122070312,133.41000366210938,129.88999938964844,130.14999389648438,127.86762237548828,70790800.0,128.18201790072465,131.07046307621766,127.61218725463655
2023-01-10 05:00:00,130.25999450683594,131.25999450683594,128.1199951171875,130.72999572753906,128.4375,63896200.0,127.97574077291436,128.95820466182693,125.87326865028986
2023-01-11 05:00:00,131.25,133.50999450683594,130.4600067138672,133.49000549316406,131.1490936279297,69458900.0,128.94836939344688,131.1687321095965,128.17222961380043
2023-01-12 05:00:00,133.8800048828125,134.25999450683594,131.44000244140625,133.41000366210938,131.07049560546875,71379600.0,131.5322547782573,131.90558081812333,129.13504077259947
2023-01-13 05:00:00,132.02999877929688,134.9199981689453,131.66000366210938,134.75999450683594,132.39682006835938,57809700.0,129.71469801537842,132.55401787873402,129.35119119619432
2023-01-17 05:00:00,134.8300018310547,137.2899932861328,134.1300048828125,135.94000244140625,133.55613708496094,63646600.0,132.4656016206527,134.88245427698436,131.77787992946924
2023-01-18 05:00:00,136.82000732421875,138.61000061035156,135.02999877929688,135.2100067138672,132.83895874023438,69672800.0,134.4207263168224,136.17933021057922,132.66210743185522
2023-01-19 05:00:00,134.0800018310547,136.25,133.77000427246094,135.27000427246094,132.89788818359375,58280400.0,131.7287538123279,133.86069855178562,131.42419241972087
2023-01-20 05:00:00,135.27999877929688,138.02000427246094,134.22000122070312,137.8699951171875,135.4522705078125,80223600.0,132.90769302903612,135.59964906296133,131.86628386729487
2023-01-23 05:00:00,138.1199951171875,143.32000732421875,137.89999389648438,141.11000061035156,138.63546752929688,81760300.0,135.6978953680963,140.80671912517695,135.4817521326256
2023-01-24 05:00:00,140.30999755859375,143.16000366210938,140.3000030517578,142.52999877929688,140.03054809570312,66435100.0,137.84947751147084,140.64950501564115,137.83965827143598
2023-01-25 05:00:00,140.88999938964844,142.42999267578125,138.80999755859375,141.86000061035156,139.372314453125,65799300.0,138.41932337339787,139.93231102042415,136.37579688239575
2023-01-26 05:00:00,143.1699981689453,144.25,141.89999389648438,143.9600067138672,141.43548583984375,54105100.0,140.65933109437518,141.72039372676826,139.41159795380088
2023-01-27 05:00:00,143.16000366210938,147.22999572753906,143.0800018310547,145.92999267578125,143.37094116210938,70555800.0,140.64952711543583,144.64814715401417,140.57092820918845
2023-01-30 05:00:00,144.9600067138672,145.5500030517578,142.85000610351562,143.0,140.4923095703125,64015300.0,142.41794502488958,142.9975950119405,140.34494601130174
2023-01-31 05:00:00,142.6999969482422,144.33999633789062,142.27999877929688,144.2899932861328,141.75967407226562,65874500.0,140.19756045993424,141.8088002532181,139.78492752410364
2023-02-01 05:00:00,143.97000122070312,146.61000061035156,141.32000732421875,145.42999267578125,142.87966918945312,77663600.0,141.44528077834974,144.03898399261212,138.84175832526216
2023-02-02 05:00:00,148.89999389648438,151.17999267578125,148.1699981689453,150.82000732421875,148.17520141601562,118339000.0,146.28885767804982,148.52887400177488,145.57166328269082
2023-02-03 05:00:00,148.02999877929688,157.3800048828125,147.8300018310547,154.5,151.79066467285156,154357300.0,145.4341223704264,154.62016535520215,145.23763259886508
2023-02-06 05:00:00,152.57000732421875,153.10000610351562,150.77999877929688,151.72999572753906,149.06924438476562,69858300.0,149.89452545981646,150.41523013113607,148.13590667152536
2023-02-07 05:00:00,150.63999938964844,155.22999572753906,150.63999938964844,154.64999389648438,151.9380340576172,83322600.0,147.9983592694092,152.5078649107581,147.9983592694092
2023-02-08 05:00:00,153.8800048828125,154.5800018310547,151.1699981689453,151.9199981689453,149.2559051513672,64120100.0,151.18154087876943,151.86926257026718,148.51905726950346
2023-02-09 05:00:00,153.77999877929688,154.3300018310547,150.4199981689453,150.8699951171875,148.22430419921875,56007100.0,151.0832773681269,151.62363543992853,147.782198500911
2023-02-10 05:00:00,149.4600067138672,151.33999633789062,149.22000122070312,151.00999450683594,148.58836364746094,57450700.0,147.0632318137508,148.9130734935689,146.8270751036462
2023-02-13 05:00:00,150.9499969482422,154.25999450683594,150.9199981689453,153.85000610351562,151.3828125,62199000.0,148.5293089264892,151.78622618296893,148.499791218323
2023-02-14 05:00:00,152.1199951171875,153.77000427246094,150.86000061035156,153.1999969482422,150.74325561523438,61707600.0,149.68057287811524,151.30412220458746,148.44078385852455
2023-02-15 05:00:00,153.11000061035156,155.5,152.8800048828125,155.3300018310547,152.83908081054688,65573800.0,150.65468023132328,153.00635283510616,150.42837278798947
2023-02-16 05:00:00,153.50999450683594,156.3300018310547,153.35000610351562,153.7100067138672,151.24508666992188,68167900.0,151.0482818929642,153.82306709582505,150.8908590911332
2023-02-17 05:00:00,152.35000610351562,153.0,150.85000610351562,152.5500030517578,150.1036834716797,59144100.0,149.90689371085574,150.54646418705764,148.43094798353164
2023-02-21 05:00:00,150.1999969482422,151.3000030517578,148.41000366210938,148.47999572753906,146.0989532470703,58867200.0,147.79137232815333,148.87373860585663,146.0300835825423
2023-02-22 05:00:00,148.8699951171875,149.9499969482422,147.16000366210938,148.91000366210938,146.52203369140625,51011300.0,146.4826667367167,147.5453493019233,144.80009726904348
2023-02-23 05:00:00,150.08999633789062,150.33999633789062,147.24000549316406,149.39999389648438,147.00418090820312,48394200.0,147.6831183102613,147.92910925221886,144.8788305804024
2023-02-24 05:00:00,147.11000061035156,147.19000244140625,145.72000122070312,146.7100067138672,144.3573455810547,55469600.0,144.75092512234477,144.8296440334222,143.38321594733068
2023-02-27 05:00:00,147.7100067138672,149.1699981689453,147.4499969482422,147.9199981689453,145.5479278564453,44998500.0,145.3413038601465,146.7778826433076,145.08546365545737
2023-02-28 05:00:00,147.0500030517578,149.0800018310547,146.8300018310547,147.41000366210938,145.0460968017578,50547000.0,144.6918692589824,146.689314426437,144.47539603761436
2023-03-01 05:00:00,146.8300018310547,147.22999572753906,145.00999450683594,145.30999755859375,142.9797821044922,55479000.0,144.4754113339038,144.86899086128216,142.68458995191014
2023-03-02 05:00:00,144.3800048828125,146.7100067138672,143.89999389648438,145.91000366210938,143.57017517089844,52238100.0,142.0647116163666,144.35734928778834,141.59239813777418
2023-03-03 05:00:00,148.0399932861328,151.11000061035156,147.3300018310547,151.02999877929688,148.60804748535156,70732300.0,145.66599039801153,148.6867663889097,144.96738452683869
2023-03-06 05:00:00,153.7899932861328,156.3000030517578,153.4600067138672,153.8300018310547,151.36317443847656,87558000.0,151.32380747304748,153.7935665673354,150.9991125857975
2023-03-07 05:00:00,153.6999969482422,154.02999877929688,151.1300048828125,151.60000610351562,149.1688995361328,56182000.0,151.23521425072406,151.55992406603715,148.70643540651363
2023-03-08 05:00:00,152.80999755859375,153.47000122070312,151.8300018310547,152.8699951171875,150.41851806640625,47204800.0,150.3594826497808,151.0089022608483,149.39520247867964
2023-03-09 05:00:00,153.55999755859375,154.5399932861328,150.22999572753906,150.58999633789062,148.1751251220703,53833600.0,151.09749920529256,152.06177965604292,147.82089750549494
2023-03-10 05:00:00,150.2100067138672,150.94000244140625,147.61000061035156,148.5,146.11862182617188,68572400.0,147.80120650188752,148.5194958597798,145.242894659562
2023-03-13 04:00:00,147.80999755859375,153.13999938964844,147.6999969482422,150.47000122070312,148.0570068359375,84457100.0,145.43966000806788,150.68418789491582,145.33142340949902
2023-03-14 04:00:00,151.27999877929688,153.39999389648438,150.10000610351562,152.58999633789062,150.14303588867188,73695900.0,148.85404568502526,150.94004418166887,147.6929755826584
2023-03-15 04:00:00,151.19000244140625,153.25,149.9199981689453,152.99000549316406,150.53662109375,77167900.0,148.76548332238644,150.7924462663543,147.51584514285557
2023-03-16 04:00:00,152.16000366210938,156.4600067138672,151.63999938964844,155.85000610351562,153.3507843017578,76161100.0,149.71995500240442,153.9510028988609,149.20828955550553
2023-03-17 04:00:00,156.0800018310547,156.74000549316406,154.27999877929688,155.0,152.51438903808594,98944600.0,153.57707174404283,154.22649145558808,151.80593390078133
2023-03-20 04:00:00,155.07000732421875,157.82000732421875,154.14999389648438,157.39999389648438,154.8759002685547,73641400.0,152.58327776546486,155.28917828804447,151.67801783277878
2023-03-21 04:00:00,157.32000732421875,159.39999389648438,156.5399932861328,159.27999877929688,156.72572326660156,73938300.0,154.79716299068696,156.84379409579418,154.0296575586552
2023-03-22 04:00:00,159.3000030517578,162.13999938964844,157.80999755859375,157.8300018310547,155.2989959716797,75701800.0,156.74542384346483,159.53987720924363,155.27931249330243
2023-03-23 04:00:00,158.8300018310547,161.5500030517578,157.67999267578125,158.92999267578125,156.38134765625,67622100.0,156.28296029217628,158.95934282613845,155.15139299961646
2023-03-24 04:00:00,158.86000061035156,160.33999633789062,157.85000610351562,160.25,157.68019104003906,59196500.0,156.31248202721346,157.76874417421377,155.3186840441415
2023-03-27 04:00:00,159.94000244140625,160.77000427246094,157.8699951171875,158.27999877929688,155.74179077148438,52390300.0,157.37517430078694,158.19186606543823,155.33836200567538
2023-03-28 04:00:00,157.97000122070312,158.49000549316406,155.97999572753906,157.64999389648438,155.1218719482422,45992200.0,155.4367475403247,155.9484128704115,153.4786543640599
2023-03-29 04:00:00,159.3699951171875,161.0500030517578,159.35000610351562,160.77000427246094,158.1918182373047,51305700.0,156.81426031022863,158.46732681990156,156.79459185010865
2023-03-30 04:00:00,161.52999877929688,162.47000122070312,161.27000427246094,162.36000061035156,159.75637817382812,49501700.0,158.9396863414281,159.8646148025582,158.68386113447403
2023-03-31 04:00:00,162.44000244140625,165.0,161.91000366210938,164.89999389648438,162.255615234375,68749800.0,159.8350728342002,162.3540176143248,159.31357325147573
2023-04-03 04:00:00,164.27000427246094,166.2899932861328,164.22000122070312,166.1699981689453,163.50527954101562,56976200.0,161.63575413574327,163.62335040456196,161.58655293789977
2023-04-04 04:00:00,166.60000610351562,166.83999633789062,165.11000061035156,165.6300048828125,162.9739227294922,46278300.0,163.92836877990578,164.16451047380076,162.46225736922722
2023-04-05 04:00:00,164.74000549316406,165.0500030517578,161.8000030517578,163.75999450683594,161.1339111328125,51511700.0,162.0982064947886,162.40323287933546,159.20535043705326
2023-04-06 04:00:00,162.42999267578125,164.9600067138672,162.0,164.66000366210938,162.01950073242188,45390100.0,159.82525040692016,162.31469290771022,159.40215313314846
2023-04-10 04:00:00,161.4199981689453,162.02999877929688,160.0800018310547,162.02999877929688,159.43167114257812,47716900.0,158.8314525568901,159.43167114257812,157.51294452082058
2023-04-11 04:00:00,162.35000610351562,162.36000061035156,160.50999450683594,160.8000030517578,158.22140502929688,47644200.0,159.74655214369014,159.75638637804428,157.93604707794614
2023-04-12 04:00:00,161.22000122070312,162.05999755859375,159.77999877929688,160.10000610351562,157.5325927734375,50133100.0,158.6346273017189,159.46115319792995,157.2177171858746
2023-04-13 04:00:00,161.6300048828125,165.8000030517578,161.4199981689453,165.55999755859375,162.90505981445312,68445600.0,159.0380889195549,163.14121655398105,158.83144989570576
2023-04-14 04:00:00,164.58999633789062,166.32000732421875,163.82000732421875,165.2100067138672,162.56065368652344,49386500.0,161.95058596716467,163.6528540223282,161.19294470872245
2023-04-17 04:00:00,165.08999633789062,165.38999938964844,164.02999877929688,165.22999572753906,162.58035278320312,41516200.0,162.44259843625022,162.73779061232008,161.39959909302152
2023-04-18 04:00:00,166.10000610351562,167.41000366210938,165.64999389648438,166.47000122070312,163.80044555664062,49923000.0,163.4363837761115,164.72537387764507,162.99358808032773
2023-04-19 04:00:00,165.8000030517578,168.16000366210938,165.5399932861328,167.6300048828125,164.94189453125,47720200.0,163.14123856145014,165.46339426405493,162.88539830559142
2023-04-20 04:00:00,166.08999633789062,167.8699951171875,165.55999755859375,166.64999389648438,163.97755432128906,52456400.0,163.4265370188754,165.17799130758831,162.9050374280842
2023-04-21 04:00:00,165.0500030517578,166.4499969482422,164.49000549316406,165.02000427246094,162.3737030029297,58337300.0,162.40322071444277,163.78076396537094,161.85220341407148
2023-04-24 04:00:00,165.0,165.60000610351562,163.88999938964844,165.3300018310547,162.67869567871094,41949600.0,162.35398590520944,162.94437004141076,161.2617857631016
2023-04-25 04:00:00,165.19000244140625,166.30999755859375,163.72999572753906,163.77000427246094,161.1437530517578,48714100.0,162.54097982284455,163.64301445601814,161.1043860925183
2023-04-26 04:00:00,163.05999755859375,165.27999877929688,162.8000030517578,163.75999450683594,161.1339111328125,45498800.0,160.44513945575562,162.6295403559192,160.1893142654478
2023-04-27 04:00:00,165.19000244140625,168.55999755859375,165.19000244140625,168.41000366210938,165.70933532714844,64902300.0,162.54097091629146,165.85692388096987,162.54097091629146
2023-04-28 04:00:00,168.49000549316406,169.85000610351562,167.8800048828125,169.67999267578125,166.95895385742188,55275900.0,165.7880496631181,167.12624089927414,165.18783120394306
2023-05-01 04:00:00,169.27999877929688,170.4499969482422,168.63999938964844,169.58999633789062,166.87042236328125,52472900.0,166.56539597816914,167.71663185783257,165.9356597273935
2023-05-02 04:00:00,170.08999633789062,170.35000610351562,167.5399932861328,168.5399932861328,165.8372344970703,48425700.0,167.36238122666072,167.61822139630092,164.85327080237903
2023-05-03 04:00:00,169.5,170.9199981689453,167.16000366210938,167.4499969482422,164.7647247314453,65136000.0,166.7818533947913,168.17908009941613,164.47938185396285
2023-05-04 04:00:00,164.88999938964844,167.0399932861328,164.30999755859375,165.7899932861328,163.13134765625,81235400.0,162.24578626436005,164.36130237503923,161.67508547315035
2023-05-05 04:00:00,170.97999572753906,174.3000030517578,170.75999450683594,173.57000732421875,170.78660583496094,113453200.0,168.23812815446027,171.504895212846,168.02165491497223
2023-05-08 04:00:00,172.47999572753906,173.85000610351562,172.11000061035156,173.5,170.71771240234375,55962800.0,169.7140651629481,171.06210572406735,169.35000337616833
2023-05-09 04:00:00,173.0500030517578,173.5399932861328,171.60000610351562,171.77000427246094,169.01548767089844,45326900.0,170.27496029429,170.75709300871614,168.8482156052712
2023-05-10 04:00:00,173.02000427246094,174.02999877929688,171.89999389648438,173.55999755859375,170.77674865722656,53724500.0,170.24541483030967,171.23921282792068,169.14336520388548
2023-05-11 04:00:00,173.85000610351562,174.58999633789062,172.1699981689453,173.75,170.9636993408203,49514700.0,171.0621017201797,171.7902252766967,169.4090348343318
2023-05-12 04:00:00,173.6199951171875,174.05999755859375,171.0,172.57000732421875,170.03753662109375,45533100.0,171.07211580763337,171.5056611983073,168.4905692075404
2023-05-15 04:00:00,173.16000366210938,173.2100067138672,171.47000122070312,172.07000732421875,169.54483032226562,37266700.0,170.61883064941935,170.66809989196608,168.95362948142878
2023-05-16 04:00:00,171.99000549316406,173.13999938964844,171.8000030517578,172.07000732421875,169.54483032226562,42110300.0,169.46600254116325,170.5991199454283,169.27878844040285
2023-05-17 04:00:00,171.7100067138672,172.92999267578125,170.4199981689453,172.69000244140625,170.15573120117188,57951600.0,169.19011716888295,170.39219951568867,167.91903983890595
2023-05-18 04:00:00,173.0,175.24000549316406,172.5800018310547,175.0500030517578,172.48109436035156,65496700.0,170.4611756877155,172.6683084617715,170.04734111161662
2023-05-19 04:00:00,176.38999938964844,176.38999938964844,174.94000244140625,175.16000366210938,172.58949279785156,55809500.0,173.80143807257875,173.80143807257875,172.3727201425523
2023-05-22 04:00:00,173.97999572753906,174.7100067138672,173.4499969482422,174.1999969482422,171.64358520507812,43570900.0,171.42681253611994,172.14611049896482,170.90459157041087
2023-05-23 04:00:00,173.1300048828125,173.3800048828125,171.27999877929688,171.55999755859375,169.04232788085938,50747300.0,170.58929510312979,170.83562631420236,168.7664381272472
2023-05-24 04:00:00,171.08999633789062,172.4199981689453,170.52000427246094,171.83999633789062,169.31822204589844,45143500.0,168.57922839342694,169.8897122746601,168.0176010356781
2023-05-25 04:00:00,172.41000366210938,173.89999389648438,171.69000244140625,172.99000549316406,170.4513397216797,56058300.0,169.8798495430277,171.3479738482291,169.17041449607095
2023-05-26 04:00:00,173.32000732421875,175.77000427246094,173.11000061035156,175.42999267578125,172.85552978515625,54835000.0,170.77650880236848,173.19055165787438,170.56958397024448
2023-05-30 04:00:00,176.9600067138672,178.99000549316406,176.57000732421875,177.3000030517578,174.69808959960938,55964400.0,174.36308277683443,176.36329091292328,173.978806707213
2023-05-31 04:00:00,177.3300018310547,179.35000610351562,176.75999450683594,177.25,174.6488494873047,99625300.0,174.72767728843633,176.7180379211288,174.16603484344822
2023-06-01 04:00:00,177.6999969482422,180.1199951171875,176.92999267578125,180.08999633789062,177.44715881347656,68901800.0,175.0922328882,177.47671735788407,174.33352850038895
2023-06-02 04:00:00,181.02999877929688,181.77999877929688,179.25999450683594,180.9499969482422,178.29452514648438,61996900.0,178.37335293714096,179.11234656032465,176.62932377666553
2023-06-05 04:00:00,182.6300048828125,184.9499969482422,178.0399932861328,179.5800018310547,176.94459533691406,121946500.0,179.94983840555687,182.23578368352,175.42718701740114
2023-06-06 04:00:00,179.97000122070312,180.1199951171875,177.42999267578125,179.2100067138672,176.58009338378906,64848400.0,177.3289349437502,177.47672767437876,174.82620111609043
2023-06-07 04:00:00,178.44000244140625,181.2100067138672,177.32000732421875,177.82000732421875,175.21044921875,61944600.0,175.8213457350109,178.55069942371495,174.71778685793004
2023-06-08 04:00:00,177.89999389648438,180.83999633789062,177.4600067138672,180.57000732421875,177.9200897216797,50214900.0,175.2892595209165,178.1861165677113,174.85572927872582
2023-06-09 04:00:00,181.5,182.22999572753906,180.6300048828125,180.9600067138672,178.3043975830078,48900000.0,178.83646640490514,179.5557493602978,177.97923856717878
2023-06-12 04:00:00,181.27000427246094,183.88999938964844,180.97000122070312,183.7899932861328,181.0928497314453,54274900.0,178.60984190485868,181.19138823156914,178.31424143935143
2023-06-13 04:00:00,182.8000030517578,184.14999389648438,182.44000244140625,183.30999755859375,180.619873046875,54929100.0,180.1173628493618,181.44754220802452,179.76264534674598
2023-06-14 04:00:00,183.3699951171875,184.38999938964844,182.02000427246094,183.9499969482422,181.25048828125,57462900.0,180.67899811094975,181.68403358526143,179.34881869349235
2023-06-15 04:00:00,183.9600067138672,186.52000427246094,183.77999877929688,186.00999450683594,183.28025817871094,65433200.0,181.26035439367692,183.78278344228747,181.08298811392547
2023-06-16 04:00:00,186.72999572753906,186.99000549316406,184.27000427246094,184.9199981689453,182.20626831054688,101256200.0,183.98970387223915,184.245897953939,181.56581317602513
2023-06-20 04:00:00,184.41000366210938,186.10000610351562,184.41000366210938,185.00999450683594,182.294921875,49799100.0,181.70373606119196,183.3689372512462,181.70373606119196
2023-06-21 04:00:00,184.89999389648438,185.41000366210938,182.58999633789062,183.9600067138672,181.2603759765625,49515700.0,182.18656875714527,182.68909408055805,179.91047063421516
2023-06-22 04:00:00,183.74000549316406,187.0500030517578,183.6699981689453,187.0,184.25575256347656,51245300.0,181.04359886716716,184.30502181445038,180.9746189088309
2023-06-23 04:00:00,185.5500030517578,187.55999755859375,185.00999450683594,186.67999267578125,183.94044494628906,53117000.0,182.82703803401998,184.80753566864925,182.29495416898448
2023-06-26 04:00:00,186.8300018310547,188.0500030517578,185.22999572753906,185.27000427246094,182.5511474609375,48088700.0,184.08825189117624,185.29034946556595,182.51172604562308
2023-06-27 04:00:00,185.88999938964844,188.38999938964844,185.6699981689453,188.05999755859375,185.30018615722656,50730800.0,183.1620330683905,185.6253451571229,182.94526040179295
2023-06-28 04:00:00,187.92999267578125,189.89999389648438,187.60000610351562,189.25,186.47276306152344,51216800.0,185.17212679727763,187.1132183209716,184.84698276608304
2023-06-29 04:00:00,189.0800018310547,190.07000732421875,188.94000244140625,189.58999633789062,186.8077392578125,46347300.0,186.30522898461155,187.2807060224463,186.16728410364277
2023-06-30 04:00:00,191.6300048828125,194.47999572753906,191.25999450683594,193.97000122070312,191.1234588623047,85213200.0,188.81780236383452,191.62596911406445,188.45322195229386
2023-07-03 04:00:00,193.77999877929688,193.8800048828125,191.75999450683594,192.4600067138672,189.6356201171875,31458200.0,190.93624105216273,191.0347795474039,188.9458807202263
2023-07-05 04:00:00,191.57000732421875,192.97999572753906,190.6199951171875,191.3300018310547,188.522216796875,46920300.0,188.7587001877792,190.14799688410469,187.82262949557398
2023-07-06 04:00:00,189.83999633789062,192.02000427246094,189.1999969482422,191.80999755859375,188.99513244628906,45094300.0,187.0540415419299,189.20205725316632,186.42343432149448
2023-07-07 04:00:00,191.41000366210938,192.6699981689453,190.24000549316406,190.67999267578125,187.88172912597656,46815000.0,188.60102706839623,189.84253092683244,187.4481988352347
2023-07-10 04:00:00,189.25999450683594,189.99000549316406,187.0399932861328,188.61000061035156,185.8421173095703,59922200.0,186.48257243692333,187.20187038994513,184.29515010539157
2023-07-11 04:00:00,189.16000366210938,189.3000030517578,186.60000610351562,188.0800018310547,185.3198699951172,46638100.0,186.38402246734722,186.52196732292174,183.86159365977753
2023-07-12 04:00:00,189.67999267578125,191.6999969482422,188.47000122070312,189.77000427246094,186.98509216308594,60750200.0,186.89640150427806,188.88676181703667,185.70416691161034
2023-07-13 04:00:00,190.5,191.19000244140625,189.77999877929688,190.5399932861328,187.74378967285156,41342300.0,187.70438329432415,188.38425984411805,186.99494820191867
2023-07-14 04:00:00,190.22999572753906,191.17999267578125,189.6300048828125,190.69000244140625,187.89157104492188,41616200.0,187.4383150637318,188.37437052971225,186.8471292596261
2023-07-17 04:00:00,191.89999389648438,194.32000732421875,191.80999755859375,193.99000549316406,191.14317321777344,50520200.0,189.08383285312058,191.46833222271863,188.99515722491665
2023-07-18 04:00:00,193.35000610351562,194.3300018310547,192.4199981689453,193.72999572753906,190.88699340820312,48288200.0,190.5125801606121,191.47819437683242,189.5962201627232
2023-07-19 04:00:00,193.10000610351562,198.22999572753906,192.64999389648438,195.10000610351562,192.2368621826172,80507300.0,190.26621270882248,195.3209183853995,189.82280454932882
2023-07-20 04:00:00,195.08999633789062,196.47000122070312,192.5,193.1300048828125,190.29576110839844,59581200.0,192.22698907029056,193.5867419459116,189.67500174607378
2023-07-21 04:00:00,194.10000610351562,194.97000122070312,191.22999572753906,191.94000244140625,189.12327575683594,71951700.0,191.25158128475522,192.10880919119532,188.42368841793873
2023-07-24 04:00:00,193.41000366210938,194.91000366210938,192.25,192.75,189.92135620117188,45377800.0,190.57167418096722,192.04966138875844,189.4286937985748
2023-07-25 04:00:00,193.3300018310547,194.44000244140625,192.9199981689453,193.6199951171875,190.77857971191406,37283200.0,190.49284214012596,191.58655325087184,190.08885537064708
2023-07-26 04:00:00,193.6699981689453,195.63999938964844,193.32000732421875,194.5,191.6456756591797,47471900.0,190.82785426220883,192.7689453418544,190.48299959942145
2023-07-27 04:00:00,196.02000427246094,197.1999969482422,192.5500030517578,193.22000122070312,190.3844757080078,47460200.0,193.14338839624878,194.30606454519102,189.72430983845956
2023-07-28 04:00:00,194.6699981689453,196.6300048828125,194.13999938964844,195.8300018310547,192.9561309814453,48291400.0,191.81315076149906,193.74439372054138,191.29092989175592
2023-07-31 04:00:00,196.05999755859375,196.49000549316406,195.25999450683594,196.4499969482422,193.56703186035156,38824100.0,193.18275583360523,193.60645326737566,192.39449307660055
2023-08-01 04:00:00,196.24000549316406,196.72999572753906,195.27999877929688,195.61000061035156,192.73941040039062,35175100.0,193.36016991822595,193.8429695122176,192.41425136889904
2023-08-02 04:00:00,195.0399932861328,195.17999267578125,191.85000610351562,192.5800018310547,189.75384521484375,50389300.0,192.17773571935334,192.3156805851802,189.03456234552243
2023-08-03 04:00:00,191.57000732421875,192.3699951171875,190.69000244140625,191.1699981689453,188.36456298828125,61235200.0,188.75870197685728,189.54694988427917,187.89161123685508
2023-08-04 04:00:00,185.52000427246094,187.3800048828125,181.9199981689453,181.99000549316406,179.31924438476562,115956800.0,182.79743931128007,184.63014382216585,179.25026444025556
2023-08-07 04:00:00,182.1300048828125,183.1300048828125,177.35000610351562,178.85000610351562,176.22535705566406,97576100.0,179.4572213905704,180.44254624962392,174.74736976708382
2023-08-08 04:00:00,179.69000244140625,180.27000427246094,177.5800018310547,179.8000030517578,177.16139221191406,67823000.0,177.05300588853657,177.62449604499406,174.97397007455905
2023-08-09 04:00:00,180.8699951171875,180.92999267578125,177.00999450683594,178.19000244140625,175.57504272460938,60378500.0,178.21570618554995,178.2748232727554,174.41235154839882
2023-08-10 04:00:00,179.47999572753906,180.75,177.60000610351562,177.97000122070312,175.35821533203125,54686900.0,176.84605002362937,178.0974164401898,174.99365005144162
2023-08-11 04:00:00,177.32000732421875,178.6199951171875,176.5500030517578,177.7899932861328,175.41746520996094,52036700.0,174.95375100085724,176.23639103718068,174.19402209160106
2023-08-14 04:00:00,177.97000122070312,179.69000244140625,177.30999755859375,179.4600067138672,177.06517028808594,43675600.0,175.59504844195268,177.2920967961584,174.9438523177461
2023-08-15 04:00:00,178.8800048828125,179.47999572753906,177.0500030517578,177.4499969482422,175.0819854736328,43622600.0,176.49291042563854,177.08489459113486,174.68732936330193
2023-08-16 04:00:00,177.1300048828125,178.5399932861328,176.5,176.57000732421875,174.21372985839844,46964900.0,174.766254405872,176.1574269074876,174.14465676238186
2023-08-17 04:00:00,177.13999938964844,177.50999450683594,173.47999572753906,174.0,171.67800903320312,66062900.0,174.77610583538885,175.14116345073805,171.16494410110627
2023-08-18 04:00:00,172.3000030517578,175.10000610351562,171.9600067138672,174.49000549316406,172.16151428222656,61172200.0,170.0007364455324,172.76337470680727,169.6652772069575
2023-08-21 04:00:00,175.07000732421875,176.1300048828125,173.74000549316406,175.83999633789062,173.49346923828125,46311900.0,172.7337554755455,173.77960771425435,171.4215020828672
2023-08-22 04:00:00,177.05999755859375,177.67999267578125,176.25,177.22999572753906,174.86492919921875,42038900.0,174.69719959083847,175.30892111024494,173.89801113995804
2023-08-23 04:00:00,178.52000427246094,181.5500030517578,178.3300018310547,181.1199951171875,178.70303344726562,52722800.0,176.13773826499084,179.1273031269572,175.95027131734813
2023-08-24 04:00:00,180.6699981689453,181.10000610351562,176.00999450683594,176.3800048828125,174.02627563476562,54945800.0,178.25902046647073,178.68329009610582,173.6612029173666
2023-08-25 04:00:00,177.3800048828125,179.14999389648438,175.82000732421875,178.61000061035156,176.2265167236328,51449600.0,175.0129348306344,176.7593040006282,173.4737548580186
2023-08-28 04:00:00,180.08999633789062,180.58999633789062,178.5500030517578,180.19000244140625,177.78546142578125,43820700.0,177.68678985123202,178.18011761364104,176.16734696728648
2023-08-29 04:00:00,179.6999969482422,184.89999389648438,179.5,184.1199951171875,181.66294860839844,53003900.0,177.301934478981,182.4325384515213,177.10460645218393
2023-08-30 04:00:00,184.94000244140625,187.85000610351562,184.74000549316406,187.64999389648438,185.1458740234375,60813900.0,182.47204640358012,185.34321714142652,182.27471834075723
2023-08-31 04:00:00,187.83999633789062,189.1199951171875,187.47999572753906,187.8699951171875,185.3629608154297,60794500.0,185.33336235534645,186.5962801694583,184.97816577917948
2023-09-01 04:00:00,189.49000549316406,189.9199981689453,188.27999877929688,189.4600067138672,186.93174743652344,45766500.0,186.96134589549212,187.38560051082152,185.76748618147488
2023-09-05 04:00:00,188.27999877929688,189.97999572753906,187.61000061035156,189.6999969482422,187.1685028076172,45280000.0,185.76745412260553,187.44476508042712,185.10639689444145
2023-09-06 04:00:00,188.39999389648438,188.85000610351562,181.47000122070312,182.91000366210938,180.46913146972656,81755800.0,185.88585963952747,186.32986658571798,179.04834537431464
2023-09-07 04:00:00,175.17999267578125,178.2100067138672,173.5399932861328,177.55999755859375,175.19053649902344,112488800.0,172.84229174782251,175.8318715643951,171.22417743783686
2023-09-08 04:00:00,178.35000610351562,180.24000549316406,177.7899932861328,178.17999267578125,175.80223083496094,65551300.0,175.96997548136457,177.83475336123297,175.4174358773743
2023-09-11 04:00:00,180.07000732421875,180.3000030517578,177.33999633789062,179.36000061035156,176.96649169921875,58953100.0,177.66702357259294,177.89395007164453,174.9734438173143
2023-09-12 04:00:00,179.49000549316406,180.1300048828125,174.82000732421875,176.3000030517578,173.9473419189453,90370200.0,177.09477490699047,177.72623373133553,172.487096210491
2023-09-13 04:00:00,176.50999450683594,177.3000030517578,173.97999572753906,174.2100067138672,171.88526916503906,84267900.0,174.15456487501547,174.93403118667004,171.65832754990635
2023-09-14 04:00:00,174.0,176.10000610351562,173.5800018310547,175.74000549316406,173.39480590820312,60895800.0,171.67802028548886,173.75000241444866,171.2636268707299
2023-09-15 04:00:00,176.47999572753906,176.5,173.82000732421875,175.00999450683594,172.674560546875,109259500.0,174.12494522635322,174.14468255030425,171.5004532372104
2023-09-18 04:00:00,176.47999572753906,179.3800048828125,176.1699981689453,177.97000122070312,175.5950469970703,67257600.0,174.12492516303394,176.9862345995646,173.81906442528665
2023-09-19 04:00:00,177.52000427246094,179.6300048828125,177.1300048828125,179.07000732421875,176.68038940429688,51826900.0,175.15107052586188,177.23291401853146,174.7662755227223
2023-09-20 04:00:00,179.25999450683594,179.6999969482422,175.39999389648438,175.49000549316406,173.1481475830078,58436200.0,176.86782730089922,177.30195805066697,173.0593371622532
2023-09-21 04:00:00,174.5500030517578,176.3000030517578,173.86000061035156,173.92999267578125,171.60894775390625,63149100.0,172.2206842726111,173.94733103404198,171.5398897121348
2023-09-22 04:00:00,174.6699981689453,177.0800018310547,174.0500030517578,174.7899932861328,172.45748901367188,56725400.0,172.33909518451154,174.7169382879251,171.7273736602944
2023-09-25 04:00:00,174.1999969482422,176.97000122070312,174.14999389648438,176.0800018310547,173.7302703857422,46172700.0,171.87535356826675,174.6083930174941,171.82601779128095
2023-09-26 04:00:00,174.82000732421875,175.1999969482422,171.66000366210938,171.9600067138672,169.66526794433594,64588900.0,172.4871029695211,172.8620217812148,169.3692683155077
2023-09-27 04:00:00,172.6199951171875,173.0399932861328,169.0500030517578,170.42999267578125,168.1556854248047,66921800.0,170.31646332448594,170.7308568174817,166.79411110643792
2023-09-28 04:00:00,169.33999633789062,172.02999877929688,167.6199951171875,170.69000244140625,168.41220092773438,56294400.0,167.0802102082604,169.73431545858824,165.38316183381656
2023-09-29 04:00:00,172.02000427246094,173.07000732421875,170.33999633789062,171.2100067138672,168.92526245117188,51861100.0,169.72445084440017,170.7604419321708,168.06686209293406
2023-10-02 04:00:00,171.22000122070312,174.3000030517578,170.92999267578125,173.75,171.43136596679688,52164500.0,168.93512915166482,171.9740294168616,168.6489906711008
2023-10-03 04:00:00,172.25999450683594,173.6300048828125,170.82000732421875,172.39999389648438,170.099365234375,49594600.0,169.96123409658216,171.31296207551728,168.54046313149794
2023-10-04 04:00:00,171.08999633789062,174.2100067138672,170.97000122070312,173.66000366210938,171.34254455566406,53020300.0,168.80683348131024,171.88520792324596,168.68843967571547
2023-10-05 04:00:00,173.7899932861328,175.4499969482422,172.67999267578125,174.91000366210938,172.57591247558594,48527900.0,171.47084810780015,173.10869980697885,170.3756599300563
2023-10-06 04:00:00,173.8000030517578,177.99000549316406,173.17999267578125,177.49000549316406,175.12147521972656,57266700.0,171.48071432556827,175.61480292776608,170.8689777300858
2023-10-09 04:00:00,176.80999755859375,179.0500030517578,175.8000030517578,178.99000549316406,176.60147094726562,42390800.0,174.45055415802327,176.66066786762835,173.45403753652568
2023-10-10 04:00:00,178.10000610351562,179.72000122070312,177.9499969482422,178.38999938964844,176.0094451904297,43698000.0,175.7233217666065,177.3216985969386,175.5753144327677
2023-10-11 04:00:00,178.1999969482422,179.85000610351562,177.60000610351562,179.8000030517578,177.400634765625,47551100.0,175.82198018511957,177.4499705441094,175.22999600880442
2023-10-12 04:00:00,180.07000732421875,182.33999633789062,179.0399932861328,180.7100067138672,178.2985076904297,56743100.0,177.6670488234186,179.90674578858014,176.6507798893927
2023-10-13 04:00:00,181.4199981689453,181.92999267578125,178.13999938964844,178.85000610351562,176.46334838867188,51427100.0,178.99904528395493,179.5022341867499,175.76281633481818
2023-10-16 04:00:00,176.75,179.0800018310547,176.50999450683594,178.72000122070312,176.33505249023438,52517000.0,174.39134016768617,176.69024903281087,174.15453745424634
2023-10-17 04:00:00,176.64999389648438,178.4199981689453,174.8000030517578,177.14999389648438,174.7860107421875,57549400.0,174.2926830064713,176.03906740635364,172.46737941742194
2023-10-18 04:00:00,175.5800018310547,177.5800018310547,175.11000061035156,175.83999633789062,173.49346923828125,54764400.0,173.23694427289632,175.21025492862336,172.77321506438722
2023-10-19 04:00:00,176.0399932861328,177.83999633789062,175.19000244140625,175.4600067138672,173.11856079101562,59302900.0,173.69080766680926,175.46679037407037,172.85215962113486
2023-10-20 04:00:00,175.30999755859375,175.4199981689453,172.63999938964844,172.8800048828125,170.57298278808594,64244000.0,172.97054807703984,173.07908076842247,170.33618008275127
2023-10-23 04:00:00,170.91000366210938,174.00999450683594,169.92999267578125,173.0,170.69139099121094,55980100.0,168.62928473640696,171.68790756499885,167.6623515662161
2023-10-24 04:00:00,173.0500030517578,173.6699981689453,171.4499969482422,173.44000244140625,171.1255340576172,43816600.0,170.74073901093655,171.35246060946264,169.16208417292097
2023-10-25 04:00:00,171.8800048828125,173.05999755859375,170.64999389648438,171.10000610351562,168.81675720214844,57157000.0,169.58634726553433,170.7505934954682,168.37275019582236
2023-10-26 04:00:00,170.3699951171875,171.3800048828125,165.6699981689453,166.88999938964844,164.6629180908203,70625300.0,168.0964746462511,169.0930062294273,163.459197305812
2023-10-27 04:00:00,166.91000366210938,168.9600067138672,166.8300018310547,168.22000122070312,165.97515869140625,58499100.0,164.68264263448572,166.70528904611524,164.60370840247674
2023-10-30 04:00:00,169.02000427246094,171.1699981689453,168.8699951171875,170.2899932861328,168.01751708984375,51131000.0,166.76447575317525,168.88577853365425,166.61646843152695
2023-10-31 04:00:00,169.35000610351562,170.89999389648438,167.89999389648438,170.77000427246094,168.49114990234375,44846000.0,167.09010101577766,168.61940486913602,165.65943861592592
2023-11-01 04:00:00,171.0,174.22999572753906,170.1199951171875,173.97000122070312,171.6484375,56934900.0,168.71806981976965,171.90496247869652,167.849808268541
2023-11-02 04:00:00,175.52000427246094,177.77999877929688,175.4600067138672,177.57000732421875,175.2003936767578,77334800.0,173.17774724497193,175.40758286457637,173.11855033416663
2023-11-03 04:00:00,174.24000549316406,176.82000732421875,173.35000610351562,176.64999389648438,174.29266357421875,79829200.0,171.91483559510309,174.46040823420765,171.03671292563865
2023-11-06 05:00:00,176.3800048828125,179.42999267578125,176.2100067138672,179.22999572753906,176.83824157714844,63841300.0,174.02628274488598,177.0355696443862,173.85855313497558
2023-11-07 05:00:00,179.17999267578125,182.44000244140625,178.97000122070312,181.82000732421875,179.39370727539062,70530000.0,176.78892234542403,180.00542885763969,176.5817331247381
2023-11-08 05:00:00,182.35000610351562,183.4499969482422,181.58999633789062,182.88999938964844,180.4494171142578,49340300.0,179.91662978825056,181.00194176498167,179.16676200069597
2023-11-09 05:00:00,182.9600067138672,184.1199951171875,181.80999755859375,182.41000366210938,179.97581481933594,53763500.0,180.51847829944086,181.6629871195562,179.3838155582821
2023-11-10 05:00:00,183.97000122070312,186.57000732421875,183.52999877929688,186.39999389648438,184.15484619140625,66133400.0,181.75412225306079,184.32281184408907,181.3194195461175
2023-11-13 05:00:00,185.82000732421875,186.02999877929688,184.2100067138672,184.8000030517578,182.5741424560547,43627500.0,183.58186108306094,183.7893232540613,181.9912524470517
2023-11-14 05:00:00,187.6999969482422,188.11000061035156,186.3000030517578,187.44000244140625,185.1823272705078,60108400.0,185.4391901985185,185.84425545326624,184.0560589323069
2023-11-15 05:00:00,187.85000610351562,189.5,187.77999877929688,188.00999450683594,185.74546813964844,53790500.0,185.5874067506803,187.21752694473682,185.51824264456812
2023-11-16 05:00:00,189.57000732421875,190.9600067138672,188.64999389648438,189.7100067138672,187.42501831054688,54412900.0,187.286705162902,188.65996251273407,186.37777296409004
2023-11-17 05:00:00,190.25,190.3800048828125,188.57000732421875,189.69000244140625,187.4052276611328,50922700.0,187.95848017105547,188.08691917335904,186.29872264128753
2023-11-20 05:00:00,189.88999938964844,191.91000366210938,189.8800048828125,191.4499969482422,189.14402770996094,46505100.0,187.60281994734135,189.598493753426,187.59294582194016
2023-11-21 05:00:00,191.41000366210938,191.52000427246094,189.74000549316406,190.63999938964844,188.3437957763672,38134500.0,189.10452557023848,189.21320125507725,187.45464204586924
2023-11-22 05:00:00,191.49000549316406,192.92999267578125,190.8300018310547,191.30999755859375,189.0057373046875,39617700.0,189.18357710829596,190.60622016215154,188.53152295340232
2023-11-24 05:00:00,190.8699951171875,190.89999389648438,189.25,189.97000122070312,187.68186950683594,24048300.0,188.57102324664504,188.60066069963858,186.97054048498805
2023-11-27 05:00:00,189.9199981689453,190.6699981689453,188.89999389648438,189.7899932861328,187.50404357910156,40552600.0,187.63248260157215,188.37344913120532,186.62476390027032
2023-11-28 05:00:00,189.77999877929688,191.0800018310547,189.39999389648438,190.39999389648438,188.10665893554688,38415400.0,187.49413155220094,188.77847629228074,187.1187037624085
2023-11-29 05:00:00,190.89999389648438,192.08999633789062,188.97000122070312,189.3699951171875,187.08908081054688,43014200.0,188.6006511365786,189.77632029571453,186.69390474066958
2023-11-30 05:00:00,189.83999633789062,190.32000732421875,188.19000244140625,189.9499969482422,187.66209411621094,48794400.0,187.55341843722022,188.02764780463457,185.92329832735996
2023-12-01 05:00:00,190.3300018310547,191.55999755859375,189.22999572753906,191.24000549316406,188.9365692138672,45704800.0,188.0375263099119,189.25270705783993,186.95076949469112
2023-12-04 05:00:00,189.97999572753906,190.0500030517578,187.4499969482422,189.42999267578125,187.14837646484375,43389500.0,187.69175492742627,187.76091903857423,185.19222907454912
2023-12-05 05:00:00,190.2100067138672,194.39999389648438,190.17999267578125,193.4199981689453,191.0902862548828,66628400.0,187.91895861640964,192.0584780958342,187.88930609245244
2023-12-06 05:00:00,194.4499969482422,194.75999450683594,192.11000061035156,192.32000732421875,190.00357055664062,41089700.0,192.1079050949125,192.41416882595195,189.79609331061306
2023-12-07 05:00:00,193.6300048828125,195.0,193.58999633789062,194.27000427246094,191.9300994873047,47477700.0,191.29780863526577,192.65130270720775,191.25828197732412
2023-12-08 05:00:00,194.1999969482422,195.99000549316406,193.6699981689453,195.7100067138672,193.3527374267578,53406400.0,191.86091528323507,193.629363703371,191.33730018286
2023-12-11 05:00:00,193.11000061035156,193.49000549316406,191.4199981689453,193.17999267578125,190.85317993164062,60943700.0,190.78403090604945,191.15945870925907,189.11438419177532
2023-12-12 05:00:00,193.0800018310547,194.72000122070312,191.72000122070312,194.7100067138672,192.36474609375,52696900.0,190.75437444051195,192.37462021785012,189.41075488796335
2023-12-13 05:00:00,195.08999633789062,198.0,194.85000610351562,197.9600067138672,195.5756378173828,70404200.0,192.74019585543422,195.6151493963814,192.50309623143957
2023-12-14 05:00:00,198.02000427246094,199.6199951171875,196.16000366210938,198.11000061035156,195.7238311767578,66831600.0,195.6349188149913,197.21563829918102,193.79732129680679
2023-12-15 05:00:00,197.52999877929688,198.39999389648438,197.0,197.57000732421875,195.19032287597656,128538400.0,195.1507962246044,196.01031245444227,194.62718115642724
2023-12-18 05:00:00,196.08999633789062,196.6300048828125,194.38999938964844,195.88999938964844,193.5305633544922,55751900.0,193.7281513997374,194.26165570440122,192.04863040265064
2023-12-19 05:00:00,196.16000366210938,196.9499969482422,195.88999938964844,196.94000244140625,194.5679168701172,40714100.0,193.79731295132126,194.5777909959987,193.53056080250687
2023-12-20 05:00:00,196.89999389648438,197.67999267578125,194.8300018310547,194.8300018310547,192.48333740234375,52242800.0,194.5283970820936,195.2990010280865,192.48333740234375
2023-12-21 05:00:00,196.10000610351562,197.0800018310547,193.5,194.67999267578125,192.3351287841797,46482500.0,193.73803856316968,194.70623052718972,191.16934877699248
2023-12-22 05:00:00,195.17999267578125,195.41000366210938,192.97000122070312,193.60000610351562,191.2681427001953,37149600.0,192.82909873139974,193.0563392932213,190.64572606781581
2023-12-26 05:00:00,193.61000061035156,193.88999938964844,192.8300018310547,193.0500030517578,190.7247772216797,28919300.0,191.2780297879531,191.55465607108982,190.50742584564344
2023-12-27 05:00:00,192.49000549316406,193.5,191.08999633789062,193.14999389648438,190.8235321044922,48087700.0,190.17149315937536,191.16932243864449,188.78834689776542
2023-12-28 05:00:00,194.13999938964844,194.66000366210938,193.1699981689453,193.5800018310547,191.2483673095703,34049900.0,191.80161980345068,192.3153607227681,190.8433020640508
2023-12-29 05:00:00,193.89999389648438,194.39999389648438,191.72999572753906,192.52999877929688,190.21104431152344,42672100.0,191.56453833112627,192.05851601127358,189.42067700828724
2024-01-02 05:00:00,187.14999389648438,188.44000244140625,183.88999938964844,185.63999938964844,183.4040069580078,82488700.0,184.89581391743906,186.17028459685415,181.6750853181039
2024-01-03 05:00:00,184.22000122070312,185.8800048828125,183.42999267578125,184.25,182.03073120117188,58414500.0,182.00109375351622,183.64110287378972,181.22060076525406
2024-01-04 05:00:00,182.14999389648438,183.08999633789062,180.8800048828125,181.91000366210938,179.7189483642578,71983600.0,179.95604798314233,180.88472835710988,178.70135563320858
2024-01-05 05:00:00,181.99000549316406,182.75999450683594,180.1699981689453,181.17999267578125,178.9977569580078,62379700.0,179.79801351656843,180.5587283410591,177.99992740412844
2024-01-08 05:00:00,182.08999633789062,185.60000610351562,181.5,185.55999755859375,183.32496643066406,59144500.0,179.89676064456035,183.36449308108033,179.3138706884217
2024-01-09 05:00:00,183.9199981689453,185.14999389648438,182.72999572753906,185.13999938964844,182.91004943847656,42841800.0,181.70474272826013,182.9199235647891,180.52907347198328
2024-01-10 05:00:00,184.35000610351562,186.39999389648438,183.9199981689453,186.19000244140625,183.94737243652344,46792900.0,182.129538572139,184.15483457675245,181.70471001714742
2024-01-11 05:00:00,186.5399932861328,187.0500030517578,183.6199951171875,185.58999633789062,183.3546142578125,49128400.0,184.29316874581366,184.7970355796361,181.4083411771675
2024-01-12 05:00:00,186.05999755859375,186.74000549316406,185.19000244140625,185.9199981689453,183.6806182861328,40477800.0,183.818931403084,184.49074873898914,182.95941525310155
2024-01-16 05:00:00,182.16000366210938,184.25999450683594,180.92999267578125,183.6300048828125,181.418212890625,65603000.0,179.9659175831278,182.04061439740983,178.75072186869164
2024-01-17 05:00:00,181.27000427246094,182.92999267578125,180.3000030517578,182.67999267578125,180.4796600341797,47317400.0,179.08665457169852,180.72664884969066,178.12833676151584
2024-01-18 05:00:00,186.08999633789062,189.13999938964844,185.8300018310547,188.6300048828125,186.35800170898438,78005800.0,183.8485869578717,186.86185345428623,183.59172402252184
2024-01-19 05:00:00,189.3300018310547,191.9499969482422,188.82000732421875,191.55999755859375,189.2527313232422,68903000.0,187.0495950335435,189.638033320768,186.54574321370293
2024-01-22 05:00:00,192.3000030517578,195.3300018310547,192.25999450683594,193.88999938964844,191.5546417236328,60133900.0,189.98379650311966,192.97729968749402,189.94426985134535
2024-01-23 05:00:00,195.02000427246094,195.75,193.8300018310547,195.17999267578125,192.82907104492188,42355600.0,192.67100968439368,193.39221269336167,191.4953406920358
2024-01-24 05:00:00,195.4199981689453,196.3800048828125,194.33999633789062,194.5,192.15728759765625,53631300.0,193.06620457832125,194.0146482092326,191.999211146671
2024-01-25 05:00:00,195.22000122070312,196.27000427246094,193.11000061035156,194.1699981689453,191.83126831054688,54822100.0,192.86862433386716,193.90598035718745,190.78403816176663
2024-01-26 05:00:00,194.27000427246094,194.75999450683594,191.94000244140625,192.4199981689453,190.1023406982422,44594000.0,191.93006387634745,192.41415228379137,189.6281264159501
2024-01-29 05:00:00,192.00999450683594,192.1999969482422,189.5800018310547,191.72999572753906,189.420654296875,47145600.0,189.69728055859,189.88499446653958,187.29655655692048
2024-01-30 05:00:00,190.94000244140625,191.8000030517578,187.47000122070312,188.0399932861328,185.77513122558594,55859400.0,188.6402109991027,189.48985326642097,185.21200447312103
2024-01-31 05:00:00,187.0399932861328,187.10000610351562,184.35000610351562,184.39999389648438,182.17892456054688,55467800.0,184.78712556686926,184.84641553917146,182.129538862794
2024-02-01 05:00:00,183.99000549316406,186.9499969482422,183.82000732421875,186.86000061035156,184.6092987060547,64885400.0,181.77387226838383,184.69821105096443,181.60592170299904
2024-02-02 05:00:00,179.86000061035156,187.3300018310547,179.25,185.85000610351562,183.61151123046875,102551700.0,177.69365314728918,185.07368095456727,177.0909997696198
2024-02-05 05:00:00,188.14999389648438,189.25,185.83999633789062,187.67999267578125,185.41941833496094,69668800.0,185.88375846902116,186.97051518171523,183.60158444736317
2024-02-06 05:00:00,186.86000061035156,189.30999755859375,186.77000427246094,189.3000030517578,187.0199432373047,43490800.0,184.6093298683978,187.02981736340615,184.5204175084795
2024-02-07 05:00:00,190.63999938964844,191.0500030517578,188.61000061035156,189.41000366210938,187.12860107421875,53439000.0,188.3437817688575,188.74884702540382,186.33823388644547
2024-02-08 05:00:00,189.38999938964844,189.5399932861328,187.35000610351562,188.32000732421875,186.0517120361328,40962000.0,187.10881615622526,187.25700339151908,185.09339438123675
2024-02-09 05:00:00,188.64999389648438,189.99000549316406,188.0,188.85000610351562,186.8134307861328,45155200.0,186.61557552858977,187.94113632063826,185.97259122428568
2024-02-12 05:00:00,188.4199981689453,188.6699981689453,186.7899932861328,187.14999389648438,185.13174438476562,41781900.0,186.3880527684402,186.63535673641036,184.77562606711913
2024-02-13 05:00:00,185.77000427246094,186.2100067138672,183.50999450683594,185.0399932861328,183.04449462890625,56529500.0,183.76663306878044,184.20189045877694,181.53099558275042
2024-02-14 05:00:00,185.32000732421875,185.52999877929688,182.44000244140625,184.14999389648438,182.16409301757812,54630500.0,183.32148884677065,183.52921572281525,180.4725423642709
2024-02-15 05:00:00,183.5500030517578,184.49000549316406,181.35000610351562,183.86000061035156,181.87725830078125,65434500.0,181.57060374922136,182.50046922442786,179.39433152096026
2024-02-16 05:00:00,183.4199981689453,184.85000610351562,181.6699981689453,182.30999755859375,180.34396362304688,49752500.0,181.44199396902647,182.8565806751117,179.71086599707365
2024-02-20 05:00:00,181.7899932861328,182.42999267578125,180.0,181.55999755859375,179.60203552246094,53665600.0,179.82955095197704,180.46264852115328,178.0588611409836
2024-02-21 05:00:00,181.94000244140625,182.88999938964844,180.66000366210938,182.32000732421875,180.3538818359375,41371400.0,179.97797489770463,180.91772714904744,178.71177953067104
2024-02-22 05:00:00,183.47999572753906,184.9600067138672,182.4600067138672,184.3699951171875,182.38172912597656,52292200.0,181.50132758611662,182.9653779737103,180.49233824441416
2024-02-23 05:00:00,185.00999450683594,185.0399932861328,182.22999572753906,182.52000427246094,180.5516815185547,45119700.0,183.01481932952075,183.04449459753943,180.26480046872615
2024-02-26 05:00:00,182.24000549316406,182.75999450683594,180.64999389648438,181.16000366210938,179.2063446044922,40867400.0,180.2746995194681,180.78908088671756,178.70183486744935
2024-02-27 05:00:00,181.10000610351562,183.9199981689453,179.55999755859375,182.6300048828125,180.6605224609375,54318900.0,179.1470231922399,181.93660445629962,177.6236221032545
2024-02-28 05:00:00,182.50999450683594,183.1199951171875,180.1300048828125,181.4199981689453,179.4635467529297,48953900.0,180.54178846123017,181.14521076395337,178.1874648834917
2024-02-29 05:00:00,181.27000427246094,182.57000732421875,179.52999877929688,180.75,178.80076599121094,136682600.0,179.31516246277232,180.6011460945577,177.59392143922238
2024-03-01 05:00:00,179.5500030517578,180.52999877929688,177.3800048828125,179.66000366210938,177.7225341796875,73563100.0,177.6137198257161,178.5831471920378,175.46712311031385
2024-03-04 05:00:00,176.14999389648438,176.89999389648438,173.7899932861328,175.10000610351562,173.21168518066406,81510100.0,174.2503496506797,174.99226146882492,171.9157998591467
2024-03-05 05:00:00,170.75999450683594,172.0399932861328,169.6199951171875,170.1199951171875,168.28538513183594,95132400.0,168.9184826327907,170.18467763470022,167.7907772375202
2024-03-06 05:00:00,171.05999755859375,171.24000549316406,168.67999267578125,169.1199951171875,167.2961883544922,68587700.0,169.21526961759642,169.39333632878757,166.86093094295472
2024-03-07 05:00:00,169.14999389648438,170.72999572753906,168.49000549316406,169.0,167.177490234375,71765100.0,167.32586658446218,168.88882954707424,166.67299554984157
2024-03-08 05:00:00,169.0,173.6999969482422,168.94000244140625,170.72999572753906,168.88885498046875,76267000.0,167.1775154100546,171.8268279085278,167.118164861082
2024-03-11 04:00:00,172.94000244140625,174.3800048828125,172.0500030517578,172.75,170.88706970214844,60139500.0,171.07502316349817,172.49949666610803,170.19462149789052
2024-03-12 04:00:00,173.14999389648438,174.02999877929688,171.00999450683594,173.22999572753906,171.3618621826172,59825400.0,171.28272310113206,172.15323790323208,169.16580172767317
2024-03-13 04:00:00,172.77000427246094,173.19000244140625,170.75999450683594,171.1300048828125,169.28453063964844,52488700.0,170.90684419661972,171.3223130850131,168.91851047344855
2024-03-14 04:00:00,172.91000366210938,174.30999755859375,172.0500030517578,173.0,171.1343536376953,72913500.0,171.04532782778392,172.43022407386235,170.19460153541087
2024-03-15 04:00:00,171.1699981689453,172.6199951171875,170.2899932861328,172.6199951171875,170.7584228515625,121752700.0,169.32406299160928,170.7584228515625,168.45354827638914
2024-03-18 04:00:00,175.57000732421875,177.7100067138672,173.52000427246094,173.72000122070312,171.84658813476562,75604200.0,173.67664359575858,175.79356502758816,171.64874797271588
2024-03-19 04:00:00,174.33999633789062,176.61000061035156,173.02999877929688,176.0800018310547,174.18113708496094,55215200.0,172.45989598897214,174.70542030322298,171.16402557801365
2024-03-20 04:00:00,175.72000122070312,178.6699981689453,175.08999633789062,178.6699981689453,176.74319458007812,53423100.0,173.82501083363408,176.74319458007812,173.20180001631465
2024-03-21 04:00:00,177.0500030517578,177.49000549316406,170.83999633789062,171.3699951171875,169.5219268798828,106181300.0,175.14068113790177,175.57593855649498,168.99764365136926
2024-03-22 04:00:00,171.75999450683594,173.0500030517578,170.05999755859375,172.27999877929688,170.42210388183594,71160100.0,169.90770741812418,171.18380430580046,168.22604350725265
2024-03-25 04:00:00,170.57000732421875,171.94000244140625,169.4499969482422,170.85000610351562,169.00755310058594,54288300.0,168.73057383883838,170.085794876263,167.6226416976105
2024-03-26 04:00:00,170.0,171.4199981689453,169.5800018310547,169.7100067138672,167.87986755371094,57388400.0,168.16673357540358,169.57141859748938,167.7512646331731
2024-03-27 04:00:00,170.41000366210938,173.60000610351562,170.11000061035156,173.30999755859375,171.4409942626953,60273300.0,168.57227437363676,171.72787530814264,168.27550660374618
2024-03-28 04:00:00,171.75,172.22999572753906,170.50999450683594,171.47999572753906,169.6307373046875,65672700.0,169.89782982249778,170.37264922530974,168.67119667981044
2024-04-01 04:00:00,171.19000244140625,171.25,169.47999572753906,170.02999877929688,168.19639587402344,46240500.0,169.3438900607447,169.40324060587884,167.6523240532299
2024-04-02 04:00:00,169.0800018310547,169.33999633789062,168.22999572753906,168.83999633789062,167.01922607421875,49329500.0,167.2566433485096,167.51383407497934,166.4158037095213
2024-04-03 04:00:00,168.7899932861328,170.67999267578125,168.5800018310547,169.64999389648438,167.82046508789062,47691700.0,166.96973884210524,168.83935621904524,166.76201196368757
2024-04-04 04:00:00,170.2899932861328,171.9199981689453,168.82000732421875,168.82000732421875,166.99942016601562,53704400.0,168.45355351894443,170.06598011820813,166.99942016601562
2024-04-05 04:00:00,169.58999633789062,170.38999938964844,168.9499969482422,169.5800018310547,167.75125122070312,42104800.0,167.76113794678497,168.55251376624304,167.12804031006615
2024-04-08 04:00:00,169.02999877929688,169.1999969482422,168.24000549316406,168.4499969482422,166.63339233398438,37425500.0,167.20713928809243,167.37530415657045,166.4256654764317
2024-04-09 04:00:00,168.6999969482422,170.0800018310547,168.35000610351562,169.6699981689453,167.84024047851562,42373800.0,166.8806999592474,168.24582257310013,166.5344834909376
2024-04-10 04:00:00,168.8000030517578,169.08999633789062,167.11000061035156,167.77999877929688,165.97061157226562,49709300.0,166.97961582866304,167.26648174475253,165.30783885405606
2024-04-11 04:00:00,168.33999633789062,175.4600067138672,168.16000366210938,175.0399932861328,173.15234375,91070300.0,166.5246002673459,173.5678277091418,166.34654865134516
2024-04-12 04:00:00,174.25999450683594,178.36000061035156,174.2100067138672,176.5500030517578,174.64605712890625,101670900.0,172.3807444342083,176.43653535919364,172.33129571828837
2024-04-15 04:00:00,175.36000061035156,176.6300048828125,172.5,172.69000244140625,170.8276824951172,73531800.0,173.46888692512982,174.72519524382946,170.6397290741028
2024-04-16 04:00:00,171.75,173.75999450683594,168.27000427246094,169.3800048828125,167.55340576171875,73711200.0,169.89784277952464,171.88616144450353,166.45537543168857
2024-04-17 04:00:00,169.61000061035156,170.64999389648438,168.0,168.0,166.1882781982422,50901200.0,167.78091646807817,168.80969440593617,166.1882781982422
2024-04-18 04:00:00,168.02999877929688,168.63999938964844,166.5500030517578,167.0399932861328,165.23861694335938,43122900.0,166.21794611620325,166.8213684176903,164.75391081370103
2024-04-19 04:00:00,166.2100067138672,166.39999389648438,164.0800018310547,165.0,163.22061157226562,68149400.0,164.41756936525925,164.60550769336635,162.31053482208006
2024-04-22 04:00:00,165.52000427246094,167.25999450683594,164.77000427246094,165.83999633789062,164.05154418945312,48116400.0,163.7350029833429,165.45622881020677,162.9930911354229
2024-04-23 04:00:00,165.35000610351562,167.0500030517578,164.9199981689453,166.89999389648438,165.10012817382812,49537800.0,163.56685559955991,165.24851961582092,163.14148491226467
2024-04-24 04:00:00,166.5399932861328,169.3000030517578,166.2100067138672,169.02000427246094,167.19728088378906,48251800.0,164.74401450706145,167.47426013692973,164.41758653276062
2024-04-25 04:00:00,169.52999877929688,170.61000061035156,168.14999389648438,169.88999938964844,168.05789184570312,50558300.0,167.70177351115603,168.77012851479734,166.33665071301928
2024-04-26 04:00:00,169.8800048828125,171.33999633789062,169.17999267578125,169.3000030517578,167.47425842285156,44838400.0,168.04800546826704,169.49225225997063,167.35554224826544
2024-04-29 04:00:00,173.3699951171875,176.02999877929688,173.10000610351562,173.5,171.62896728515625,68169400.0,171.5003643815301,174.13168243053624,171.2332869429431
2024-04-30 04:00:00,173.3300018310547,174.99000549316406,170.0,170.3300018310547,168.49314880371094,65934800.0,171.46079655206535,173.10289859543835,168.1667057400835
2024-05-01 04:00:00,169.5800018310547,172.7100067138672,169.11000061035156,169.3000030517578,167.47425842285156,50383100.0,167.75123767315736,170.84748833564953,167.28630498280754
2024-05-02 04:00:00,172.50999450683594,173.4199981689453,170.88999938964844,173.02999877929688,171.1640167236328,94214900.0,170.64962025703286,171.5498103000238,169.04709541575278
2024-05-03 04:00:00,186.64999389648438,187.0,182.66000366210938,183.3800048828125,181.4023895263672,163224100.0,184.6371141692426,184.98334572031666,180.6901529770176
2024-05-06 04:00:00,182.35000610351562,184.1999969482422,180.4199981689453,181.7100067138672,179.7504119873047,78569700.0,180.38350950373416,182.21354970089277,178.474315136007
2024-05-07 04:00:00,183.4499969482422,184.89999389648438,181.32000732421875,182.39999389648438,180.43296813964844,77305800.0,181.47164781905605,182.9060078076493,179.36462828599997
2024-05-08 04:00:00,182.85000610351562,183.07000732421875,181.4499969482422,182.74000549316406,180.76931762695312,45057100.0,180.87813197889614,181.09576068278213,179.4932206728727
2024-05-09 04:00:00,182.55999755859375,184.66000366210938,182.11000061035156,184.57000732421875,182.57958984375,48983000.0,180.5912561815798,182.66861565405213,180.14611203583203
2024-05-10 04:00:00,184.89999389648438,185.08999633789062,182.1300048828125,183.0500030517578,181.32156372070312,50759500.0,183.1540861312051,183.34229448527321,180.4102525825865
2024-05-13 04:00:00,185.44000244140625,187.10000610351562,184.6199951171875,186.27999877929688,184.52108764648438,72044800.0,183.68902280376187,185.33335221774516,182.8767582325011
2024-05-14 04:00:00,187.50999450683594,188.3000030517578,186.2899932861328,187.42999267578125,185.6602020263672,52393600.0,185.73944844741243,186.52199740854093,184.53096697721375
2024-05-15 04:00:00,187.91000366210938,190.64999389648438,187.3699951171875,189.72000122070312,187.92857360839844,70400000.0,186.13566691836786,188.84978484549154,185.6007573941714
2024-05-16 04:00:00,190.47000122070312,191.10000610351562,189.66000366210938,189.83999633789062,188.04745483398438,52845200.0,188.67151097089564,189.29556710780693,187.86916171755817
2024-05-17 04:00:00,189.50999450683594,190.80999755859375,189.17999267578125,189.8699951171875,188.07717895507812,41282900.0,187.72057759120682,189.00830557822601,187.39369174809892
2024-05-20 04:00:00,189.3300018310547,191.9199981689453,189.00999450683594,191.0399932861328,189.23611450195312,44361300.0,187.54226949481966,190.10781001398533,187.22528381236822
2024-05-21 04:00:00,191.08999633789062,192.72999572753906,190.9199981689453,192.35000610351562,190.53378295898438,42309400.0,189.28567056183377,190.91018461353585,189.11727756366656
2024-05-22 04:00:00,192.27000427246094,192.82000732421875,190.27000427246094,190.89999389648438,189.09742736816406,34648500.0,190.45450146899057,190.999311136132,188.47338639917342
2024-05-23 04:00:00,190.97999572753906,191.0,186.6300048828125,186.8800048828125,185.1154022216797,51005900.0,189.17667916140735,189.1964945447871,184.86776283091424
2024-05-24 04:00:00,188.82000732421875,190.5800018310547,188.0399932861328,189.97999572753906,188.18612670898438,36327000.0,187.0370913918068,188.7804673088457,186.26444256610336
2024-05-28 04:00:00,191.50999450683594,193.0,189.10000610351562,189.99000549316406,188.19602966308594,52280100.0,189.70166621887228,191.1776023727862,187.3144340702039
2024-05-29 04:00:00,189.61000061035156,192.25,189.50999450683594,190.2899932861328,188.49319458007812,53068000.0,187.81962268312432,190.4346940804733,187.72056087959155
2024-05-30 04:00:00,190.75999450683594,192.17999267578125,190.6300048828125,191.2899932861328,189.4837646484375,49889100.0,188.9587703074631,190.36536034504638,188.83000809203267
2024-05-31 04:00:00,191.44000244140625,192.57000732421875,189.91000366210938,192.25,190.43470764160156,75158300.0,189.63235836586054,190.7516933437122,188.11680637508078
2024-06-03 04:00:00,192.89999389648438,194.99000549316406,192.52000427246094,194.02999877929688,192.1978759765625,50080500.0,191.07854113305333,193.14881785405223,190.7021395503604
2024-06-04 04:00:00,194.63999938964844,195.32000732421875,193.02999877929688,194.35000610351562,192.51486206054688,47471400.0,192.80211709386347,193.47570407411885,191.207318865485
2024-06-05 04:00:00,195.39999389648438,196.89999389648438,194.8699951171875,195.8699951171875,194.02052307128906,54156800.0,193.5549597642067,195.04079624688396,193.02996541617088
2024-06-06 04:00:00,195.69000244140625,196.5,194.1699981689453,194.47999572753906,192.64364624023438,41181800.0,193.8422276391208,194.64457691185422,192.33657578915964
2024-06-07 04:00:00,194.64999389648438,196.94000244140625,194.13999938964844,196.88999938964844,195.03089904785156,53103900.0,192.8120444256859,195.08042995429523,192.3068654552658
2024-06-10 04:00:00,196.89999389648438,197.3000030517578,192.14999389648438,193.1199951171875,191.2965087890625,97010200.0,195.04081589339742,195.43704806418344,190.33566655763516
2024-06-11 04:00:00,193.64999389648438,207.16000366210938,193.6300048828125,207.14999389648438,205.1940155029297,172373300.0,191.82148694435384,205.2039307530545,191.80168667352532
2024-06-12 04:00:00,207.3699951171875,220.1999969482422,206.89999389648438,213.07000732421875,211.05812072753906,198134300.0,205.41193016487838,218.1207863262847,204.94636687125956
2024-06-13 04:00:00,214.74000549316406,216.75,211.60000610351562,214.24000549316406,212.21707153320312,97862700.0,212.71235034689784,214.70336573665497,209.60200000148347
2024-06-14 04:00:00,213.85000610351562,215.1699981689453,211.3000030517578,212.49000549316406,210.48361206054688,70122700.0,211.8307711431916,213.13829945342002,209.30484597389386
2024-06-17 04:00:00,213.3699951171875,218.9499969482422,212.72000122070312,216.6699981689453,214.62413024902344,93728300.0,211.35528688913016,216.88260054537645,210.71143044440285
2024-06-18 04:00:00,217.58999633789062,218.6300048828125,213.0,214.2899932861328,212.2666015625,79943300.0,215.53544497511416,216.56563344094587,210.9887887879192
2024-06-20 04:00:00,213.92999267578125,214.24000549316406,208.85000610351562,209.67999267578125,207.7001190185547,86172500.0,211.90998899500866,212.2170745602359,206.87796947703916
2024-06-21 04:00:00,210.38999938964844,211.88999938964844,207.11000061035156,207.49000549316406,205.53082275390625,241805100.0,208.40343403997312,209.8892705909824,205.15440599094305
2024-06-24 04:00:00,207.72000122070312,212.6999969482422,206.58999633789062,208.13999938964844,206.17466735839844,80727000.0,205.75863496180304,210.69160779538842,204.63929998769706
2024-06-25 04:00:00,209.14999389648438,211.3800048828125,208.61000061035156,209.07000732421875,207.0959014892578,55549700.0,207.1751328027417,209.3840873125504,206.64023830581658
2024-06-26 04:00:00,211.5,214.86000061035156,210.63999938964844,213.25,211.23641967773438,66213200.0,209.5029437835443,212.83121810497767,208.6510635966682
2024-06-27 04:00:00,214.69000244140625,215.74000549316406,212.35000610351562,214.10000610351562,212.078369140625,49772700.0,212.6627944445565,213.70288285399732,210.34489349645966
2024-06-28 04:00:00,215.77000427246094,216.07000732421875,210.3000030517578,210.6199951171875,208.6312713623047,82542700.0,213.73265291439517,214.02982326645972,208.31430073755797
2024-07-01 04:00:00,212.08999633789062,217.50999450683594,211.9199981689453,216.75,214.70335388183594,60402900.0,210.08735196554287,215.45617219578955,209.91895899194967
2024-07-02 04:00:00,216.14999389648438,220.3800048828125,215.10000610351562,220.27000427246094,218.19015502929688,58046200.0,214.10904691098634,218.2991169839906,213.0689733881142
2024-07-03 04:00:00,220.0,221.5500030517578,219.02999877929688,221.5500030517578,219.45806884765625,37369800.0,217.92270133801432,219.45806884765625,216.96185912748342
2024-07-05 04:00:00,221.64999389648438,226.4499969482422,221.64999389648438,226.33999633789062,224.2028045654297,60412400.0,219.55708698216947,224.3117665065084,219.55708698216947
2024-07-08 04:00:00,227.08999633789062,227.85000610351562,223.25,227.82000732421875,225.66885375976562,59085900.0,224.9457357840812,225.69856928044194,221.14199799041046
2024-07-09 04:00:00,227.92999267578125,229.39999389648438,226.3699951171875,228.67999267578125,226.52069091796875,48076100.0,225.777772763212,227.23389355571192,224.23250541967136
2024-07-10 04:00:00,229.3000030517578,233.0800018310547,229.25,232.97999572753906,230.7801055908203,62627700.0,227.13486087511765,230.8791673967792,227.0853299721382
2024-07-11 04:00:00,231.38999938964844,232.38999938964844,225.77000427246094,227.57000732421875,225.4212188720703,64710600.0,229.2051413563895,230.19569903805672,223.63821202212716
2024-07-12 04:00:00,228.9199981689453,232.63999938964844,228.67999267578125,230.5399932861328,228.3631591796875,53046500.0,226.75846058686048,230.44333633793113,226.52072130415218
2024-07-15 04:00:00,236.47999572753906,237.22999572753906,233.08999633789062,234.39999389648438,232.18670654296875,62631300.0,234.24706826366577,234.9899864993383,230.88907844301437
2024-07-16 04:00:00,235.0,236.27000427246094,232.3300018310547,234.82000732421875,232.60276794433594,43234300.0,232.78106107648213,234.03907359612094,230.13627381333595
2024-07-17 04:00:00,229.4499969482422,231.4600067138672,226.63999938964844,228.8800048828125,226.7188262939453,57345900.0,227.28343626123907,229.27446669281912,224.49997184852458
2024-07-18 04:00:00,230.27999877929688,230.44000244140625,222.27000427246094,224.17999267578125,222.06321716308594,66034600.0,228.10562515807683,228.26411801705945,220.17126344980832
2024-07-19 04:00:00,224.82000732421875,226.8000030517578,223.27999877929688,224.30999755859375,222.19198608398438,49151500.0,222.6971801635164,224.65848009632384,221.1717129043359
2024-07-22 04:00:00,227.00999450683594,227.77999877929688,223.08999633789062,223.9600067138672,221.8452911376953,48201800.0,224.86647978572938,225.62921338494564,220.98349573063444
2024-07-23 04:00:00,224.3699951171875,226.94000244140625,222.67999267578125,225.00999450683594,222.8853759765625,39960300.0,222.25141967209163,224.7971601400939,220.57737479075328
2024-07-24 04:00:00,224.0,224.8000030517578,217.1300048828125,218.5399932861328,216.47647094726562,61777600.0,221.88492258576645,222.67737176080064,215.07979609138368
2024-07-25 04:00:00,218.92999267578125,220.85000610351562,214.6199951171875,217.49000549316406,215.43637084960938,51391200.0,216.86276105080302,218.7646448818125,212.59346035218633
2024-07-26 04:00:00,218.6999969482422,219.49000549316406,216.00999450683594,217.9600067138672,215.90194702148438,41601300.0,216.6349499920164,217.41749898154802,213.9703475571551
2024-07-29 04:00:00,216.9600067138672,219.3000030517578,215.75,218.24000549316406,216.17930603027344,36311800.0,214.91139345300462,217.22929471632008,213.71281205128278
2024-07-30 04:00:00,219.19000244140625,220.3300018310547,216.1199951171875,218.8000030517578,216.7340087890625,41643800.0,217.1203256536185,218.24956072806748,214.07930652606245
2024-07-31 04:00:00,221.44000244140625,223.82000732421875,220.6300048828125,222.0800018310547,219.9830322265625,50036300.0,219.34907597117163,221.70660788092644,218.5467267386139
2024-08-01 04:00:00,224.3699951171875,224.47999572753906,217.02000427246094,218.36000061035156,216.29818725585938,62501000.0,222.2514337919132,222.36039574716864,214.97084352071977
2024-08-02 04:00:00,219.14999389648438,225.60000610351562,217.7100067138672,219.86000061035156,217.78402709960938,105568600.0,217.08072444799248,223.469834014941,215.65433398710104
2024-08-05 04:00:00,199.08999633789062,213.5,196.0,209.27000427246094,207.2939910888672,119548600.0,197.21010696314244,211.484045462397,194.14928763761037
2024-08-06 04:00:00,205.3000030517578,209.99000549316406,201.07000732421875,207.22999572753906,205.27325439453125,69660500.0,203.36148541473497,208.00720313955475,199.17143085232243
2024-08-07 04:00:00,206.89999389648438,213.63999938964844,206.38999938964844,209.82000732421875,207.8388214111328,63516400.0,204.94637966039352,211.62274392073394,204.4412006806638
2024-08-08 04:00:00,213.11000061035156,214.1999969482422,208.8300018310547,213.30999755859375,211.2958526611328,47161100.0,211.097744151489,212.17744837655164,206.8581585633277
2024-08-09 04:00:00,212.10000610351562,216.77999877929688,211.97000122070312,216.24000549316406,214.1981964111328,42201600.0,210.09728825409005,214.7330909034816,209.96851092003678
2024-08-12 04:00:00,216.07000732421875,219.50999450683594,215.60000610351562,217.52999877929688,215.72540283203125,38028100.0,214.27752324509848,217.6889728146819,213.81142108338884
2024-08-13 04:00:00,219.00999450683594,221.88999938964844,219.00999450683594,221.27000427246094,219.4344024658203,44155300.0,217.19314118814535,220.04925425523973,217.19314118814535
2024-08-14 04:00:00,220.57000732421875,223.02999877929688,219.6999969482422,221.72000122070312,219.88064575195312,41960600.0,218.7401920302427,221.1797757696837,217.87739912826086
2024-08-15 04:00:00,224.60000610351562,225.35000610351562,222.75999450683594,224.72000122070312,222.8557891845703,46414000.0,222.73678951211636,223.4805677293667,220.91204211865187
2024-08-16 04:00:00,223.9199981689453,226.8300018310547,223.64999389648438,226.0500030517578,224.17474365234375,44340200.0,222.0624088054674,224.94827173921567,221.7946444270254
2024-08-19 04:00:00,225.72000122070312,225.99000549316406,223.0399932861328,225.88999938964844,224.01605224609375,40687800.0,223.84746435464618,224.11522871504155,221.18968933533225
2024-08-20 04:00:00,225.77000427246094,227.1699981689453,225.4499969482422,226.50999450683594,224.6309356689453,30299000.0,223.89708417115403,225.2854641390349,223.57973153152028
2024-08-21 04:00:00,226.52000427246094,227.97999572753906,225.0500030517578,226.39999389648438,224.52183532714844,34765500.0,224.64085012661386,226.08872985229075,223.1830436738614
2024-08-22 04:00:00,227.7899932861328,228.33999633789062,223.89999389648438,224.52999877929688,222.66732788085938,43695300.0,225.90027790842765,226.44571820828537,222.04254943445835
2024-08-23 04:00:00,225.66000366210938,228.22000122070312,224.3300018310547,226.83999633789062,224.9581756591797,38677300.0,223.78797197411373,226.32673228874265,222.46900358067504
2024-08-26 04:00:00,226.75999450683594,227.27999877929688,223.88999938964844,227.17999267578125,225.2953643798828,30602200.0,224.87885041051024,225.39454085782168,222.0326640536948
2024-08-27 04:00:00,226.0,228.85000610351562,224.88999938964844,228.02999877929688,226.1383056640625,35934600.0,224.12514736512034,226.95151036486342,223.02435510684418
2024-08-28 04:00:00,227.9199981689453,229.86000061035156,225.67999267578125,226.49000549316406,224.61111450195312,38052200.0,226.0292444010517,227.953153182598,223.80782130021973
2024-08-29 04:00:00,230.10000610351562,232.9199981689453,228.8800048828125,229.7899932861328,227.8837127685547,51906300.0,228.1911537968638,230.98775191089825,226.9812734022471
2024-08-30 04:00:00,230.19000244140625,230.39999389648438,227.47999572753906,229.0,227.10025024414062,52990800.0,228.28038060324323,228.4886300006117,225.59285569982603
2024-09-03 04:00:00,228.5500030517578,229.0,221.1699981689453,222.77000427246094,220.9219512939453,50190600.0,226.65400042223428,227.10026429068756,219.335218503661
2024-09-04 04:00:00,221.66000366210938,221.77999877929688,217.47999572753906,220.85000610351562,219.01788330078125,43840200.0,219.82116129878526,219.94016096302124,215.67582978550038
2024-09-05 04:00:00,221.6300048828125,225.47999572753906,221.52000427246094,222.3800048828125,220.53518676757812,36615400.0,219.79140861107143,223.60946073514918,219.6823205428289
2024-09-06 04:00:00,223.9499969482422,225.24000549316406,219.77000427246094,220.82000732421875,218.9881134033203,48423000.0,222.0921370424939,223.37144384512357,217.9468210396507
2024-09-09 04:00:00,220.82000732421875,221.27000427246094,216.7100067138672,220.91000366210938,219.07737731933594,67180000.0,218.98812757352732,219.4343914347755,214.91222272734436
2024-09-10 04:00:00,218.9199981689453,221.47999572753906,216.72999572753906,220.11000061035156,218.2840118408203,51591000.0,217.10388142289187,219.6426417511051,214.9320468059923
2024-09-11 04:00:00,221.4600067138672,223.08999633789062,217.88999938964844,222.66000366210938,220.81289672851562,44587100.0,219.62285452134475,221.23932234043374,216.0824626878881
2024-09-12 04:00:00,222.5,223.5500030517578,219.82000732421875,222.77000427246094,220.9219512939453,37455600.0,220.6541869199912,221.69547936785247,217.9964268983011
2024-09-13 04:00:00,223.5800018310547,224.0399932861328,221.91000366210938,222.5,220.6541748046875,36766600.0,221.72521710949164,222.18139254741286,220.06907298412548
2024-09-16 04:00:00,216.5399932861328,217.22000122070312,213.9199981689453,216.32000732421875,214.52545166015625,59357400.0,214.7436126542421,215.41797935337752,212.14535259122513
2024-09-17 04:00:00,215.75,216.89999389648438,214.5,216.7899932861328,214.99156188964844,45519300.0,213.96019610771708,215.10064996456288,212.72056577105593
2024-09-18 04:00:00,217.5500030517578,222.7100067138672,217.5399932861328,220.69000244140625,218.8592071533203,59894900.0,215.7452565018275,220.86245391858552,215.7353297749969
2024-09-19 04:00:00,224.99000549316406,229.82000732421875,224.6300048828125,228.8699951171875,226.97134399414062,66781300.0,223.12354184254357,227.91347512552952,222.76652771175563
2024-09-20 04:00:00,229.97000122070312,233.08999633789062,227.6199951171875,228.1999969482422,226.306884765625,318679900.0,228.0622053540531,231.1563174701668,225.73169454082358
2024-09-23 04:00:00,227.33999633789062,229.4499969482422,225.80999755859375,226.47000122070312,224.59127807617188,54146000.0,225.45405599040325,227.54655270637463,223.93674959465505
2024-09-24 04:00:00,228.64999389648438,229.35000610351562,225.72999572753906,227.3699951171875,225.4837646484375,43556100.0,226.75314473243895,227.44734973367454,223.85737047004787
2024-09-25 04:00:00,224.92999267578125,227.2899932861328,224.02000427246094,226.3699951171875,224.4920654296875,42308700.0,223.06400902085235,225.40443143928672,222.16156973744518
2024-09-26 04:00:00,227.3000030517578,228.5,225.41000366210938,227.52000427246094,225.63255310058594,36636700.0,225.4143769570366,226.60441901953834,223.54005654723983
2024-09-27 04:00:00,228.4600067138672,229.52000427246094,227.3000030517578,227.7899932861328,225.9002685546875,34026000.0,226.5647236129495,227.6159275297645,225.4143432340109
2024-09-30 04:00:00,230.0399932861328,233.0,229.64999389648438,233.0,231.06707763671875,54541900.0,228.13162655878588,231.06707763671875,227.74486252768645
2024-10-01 04:00:00,229.52000427246094,229.64999389648438,223.74000549316406,226.2100067138672,224.33343505859375,63285000.0,227.61597385138083,227.74488511973175,221.88392424124012
2024-10-02 04:00:00,225.88999938964844,227.3699951171875,223.02000427246094,226.77999877929688,224.89866638183594,32880600.0,224.01605029183685,225.48376819979168,221.16986421787885
2024-10-03 04:00:00,225.13999938964844,226.80999755859375,223.32000732421875,225.6699981689453,223.7978973388672,34044200.0,223.2722952944607,224.92843958391967,221.46740141968138
2024-10-04 04:00:00,227.89999389648438,228.0,224.1300048828125,226.8000030517578,224.9185028076172,37245100.0,226.00936828631617,226.1085447535635,222.27065455992025
2024-10-07 04:00:00,224.5,225.69000244140625,221.3300018310547,221.69000244140625,219.8509063720703,39505400.0,222.63759275105315,223.81772316941647,219.49389225502094
2024-10-08 04:00:00,224.3000030517578,225.97999572753906,223.25,225.77000427246094,223.89706420898438,31855700.0,222.43925780658088,224.10531361949606,221.3979653574062
2024-10-09 04:00:00,225.22999572753906,229.75,224.8300018310547,229.5399932861328,227.63577270507812,33591100.0,223.36153007501719,227.84403724277382,222.96485445261254
2024-10-10 04:00:00,227.77999877929688,229.5,227.1699981689453,229.0399932861328,227.13992309570312,28183500.0,225.89038125247495,227.59611368544336,225.28544108575701
2024-10-11 04:00:00,229.3000030517578,229.41000366210938,227.33999633789062,227.5500030517578,225.66229248046875,31759200.0,227.39777482080956,227.5068628874906,225.4540279414576
2024-10-14 04:00:00,228.6999969482422,231.72999572753906,228.60000610351562,231.3000030517578,229.3811798095703,39882100.0,226.80274288926017,229.8076053434174,226.70358155060512
2024-10-15 04:00:00,233.61000061035156,237.49000549316406,232.3699951171875,233.85000610351562,231.9100341796875,64751400.0,231.67201972311165,235.51983687729248,230.44230106244424
2024-10-16 04:00:00,231.60000610351562,232.1199951171875,229.83999633789062,231.77999877929688,229.85719299316406,34082200.0,229.67869350471682,230.19436878170097,227.93328446814013
2024-10-17 04:00:00,233.42999267578125,233.85000610351562,230.52000427246094,232.14999389648438,230.22412109375,32993800.0,231.49350124327563,231.91003031839952,228.60765355789445
2024-10-18 04:00:00,236.17999267578125,236.17999267578125,234.00999450683594,235.0,233.0504608154297,46431500.0,234.22066437649204,234.22066437649204,232.0686683201459
2024-10-21 04:00:00,234.4499969482422,236.85000610351562,234.4499969482422,236.47999572753906,234.51820373535156,36254500.0,232.5050454306036,234.88514457730523,232.5050454306036
2024-10-22 04:00:00,233.88999938964844,236.22000122070312,232.60000610351562,235.86000061035156,233.9033660888672,38846600.0,231.94970749678197,234.2603802258017,230.67041566655348
2024-10-23 04:00:00,234.0800018310547,235.13999938964844,227.75999450683594,230.75999450683594,228.84564208984375,52287000.0,232.1381071008503,233.18931106897517,225.87052966736016
2024-10-24 04:00:00,229.97999572753906,230.82000732421875,228.41000366210938,230.57000732421875,228.65724182128906,31109500.0,228.07212485007065,228.90516786821388,226.51515714412935
2024-10-25 04:00:00,229.74000549316406,233.22000122070312,229.57000732421875,231.41000366210938,229.49026489257812,38802300.0,227.83412074973037,231.28524701350278,227.665532857223
2024-10-28 04:00:00,233.32000732421875,234.72999572753906,232.5500030517578,233.39999389648438,231.46376037597656,36087100.0,231.38443735420992,232.78272881287972,230.62082086290692
2024-10-29 04:00:00,233.10000610351562,234.3300018310547,232.32000732421875,233.6699981689453,231.7315216064453,35417200.0,231.1662580738538,232.38605001867157,230.3927299983884
2024-10-30 04:00:00,232.61000061035156,233.47000122070312,229.5500030517578,230.10000610351562,228.19114685058594,47070900.0,230.68031899274527,231.53318522639518,227.64570650368097
2024-10-31 04:00:00,229.33999633789062,229.8300018310547,225.3699951171875,225.91000366210938,224.03591918945312,64370100.0,227.43745763164222,227.92339818004348,223.50039040024254
2024-11-01 04:00:00,220.97000122070312,225.35000610351562,220.27000427246094,222.91000366210938,221.060791015625,65276700.0,219.13688241025088,223.4805517303345,218.44269248362247
2024-11-04 05:00:00,220.99000549316406,222.7899932861328,219.7100067138672,222.00999450683594,220.16822814941406,44944500.0,219.15670083339904,220.94175615916865,217.88732075932978
2024-11-05 05:00:00,221.8000030517578,223.9499969482422,221.13999938964844,223.4499969482422,221.59629821777344,28111300.0,219.9599923572388,222.09215031274817,219.3054639601429
2024-11-06 05:00:00,222.61000061035156,226.07000732421875,221.19000244140625,222.72000122070312,220.8723602294922,54561100.0,220.76327216240406,224.19457534628128,219.35505401685137
2024-11-07 05:00:00,224.6300048828125,227.8800048828125,224.57000732421875,227.47999572753906,225.5928497314453,42137700.0,222.76650205936048,225.98954046008802,222.70700223311508
2024-11-08 05:00:00,227.1699981689453,228.66000366210938,226.41000366210938,226.9600067138672,225.3248291015625,38328800.0,225.53330763226646,227.01257809039103,224.77878865400953
2024-11-11 05:00:00,225.0,225.6999969482422,221.5,224.22999572753906,222.614501953125,42005600.0,223.37895863100835,224.07391236142266,219.90417483008153
2024-11-12 05:00:00,224.5500030517578,225.58999633789062,223.36000061035156,224.22999572753906,222.614501953125,40398300.0,222.93220374351736,223.9647042645822,221.7507748273854
2024-11-13 05:00:00,224.00999450683594,226.64999389648438,222.75999450683594,225.1199951171875,223.49806213378906,48566200.0,222.39605879884869,225.01703765642938,221.15506473467502
2024-11-14 05:00:00,225.02000427246094,228.8699951171875,225.0,228.22000122070312,226.5757293701172,44923900.0,223.3987876531247,227.2210402122622,223.3789275067786
2024-11-15 05:00:00,226.39999389648438,226.9199981689453,224.27000427246094,225.0,223.37893676757812,47923700.0,224.76884409236825,225.28510187679902,222.65420045885568
2024-11-18 05:00:00,225.25,229.74000549316406,225.1699981689453,228.02000427246094,226.37718200683594,44633700.0,223.62713486361545,228.08479108540536,223.54770942404784
2024-11-19 05:00:00,226.97999572753906,230.16000366210938,226.66000366210938,228.27999877929688,226.63528442382812,36211800.0,225.34464764897942,228.5017442258817,225.02696106605572
2024-11-20 05:00:00,228.05999755859375,229.92999267578125,225.88999938964844,229.0,227.35011291503906,35169600.0,226.4168829534927,228.27340522879027,224.26251907255318
2024-11-21 05:00:00,228.8800048828125,230.16000366210938,225.7100067138672,228.52000427246094,226.8735809326172,42108300.0,227.230987838277,228.50176458087773,224.0838286281757
2024-11-22 05:00:00,228.05999755859375,230.72000122070312,228.05999755859375,229.8699951171875,228.21385192871094,38168300.0,226.41689485035167,229.05773399756174,226.41689485035167
2024-11-25 05:00:00,231.4600067138672,233.25,229.74000549316406,232.8699951171875,231.1922149658203,90152800.0,229.79238523732437,231.56948199204686,228.0847762696763
2024-11-26 05:00:00,233.3300018310547,235.57000732421875,233.3300018310547,235.05999755859375,233.36647033691406,45986200.0,231.64893863936055,233.87280565588551,231.64893863936055
2024-11-27 05:00:00,234.47000122070312,235.69000244140625,233.80999755859375,234.92999267578125,233.2373809814453,33498400.0,232.78070364946953,233.99191506726265,232.12545514826604
2024-11-29 05:00:00,234.80999755859375,237.80999755859375,233.97000122070312,237.3300018310547,235.62010192871094,28481400.0,233.11825362062933,236.0966394139658,232.28430923421996
2024-12-02 05:00:00,237.27000427246094,240.7899932861328,237.16000366210938,239.58999633789062,237.86380004882812,48137100.0,235.56052304560976,239.05515126765505,235.45131496686756
2024-12-03 05:00:00,239.80999755859375,242.75999450683594,238.89999389648438,242.64999389648438,240.90176391601562,38861000.0,238.08222901174219,241.01097200063165,237.17878168890522
2024-12-04 05:00:00,242.8699951171875,244.11000061035156,241.25,243.00999450683594,241.25918579101562,44383900.0,241.12019505186365,242.35126670496282,239.5118714775545
2024-12-05 05:00:00,243.99000549316406,244.5399932861328,242.1300048828125,243.0399932861328,241.28895568847656,40033900.0,242.2321233137982,242.77814859306412,240.38552350615552
2024-12-06 05:00:00,242.91000366210938,244.6300048828125,242.0800018310547,242.83999633789062,241.09036254882812,36870600.0,241.15986547845873,242.86747429141045,240.33584371358134
2024-12-09 05:00:00,241.8300018310547,247.24000549316406,241.75,246.75,244.9722442626953,44649200.0,240.08769312504634,245.4587194212017,240.00826768189094
2024-12-10 05:00:00,246.88999938964844,248.2100067138672,245.33999633789062,247.77000427246094,245.98487854003906,36914800.0,245.11121388943334,246.4217108653419,243.57237825215392
2024-12-11 05:00:00,247.9600067138672,250.8000030517578,246.25999450683594,246.49000549316406,244.714111328125,45205800.0,246.17352158557497,248.9930565140259,244.48575750906295
2024-12-12 05:00:00,246.88999938964844,248.74000549316406,245.67999267578125,247.9600067138672,246.17352294921875,32777500.0,245.11122473397327,246.9479020514793,243.9099357862414
2024-12-13 05:00:00,247.82000732421875,249.2899932861328,246.24000549316406,248.1300048828125,246.34228515625,33155300.0,246.0345210589055,247.49391610940148,244.46590277835176
2024-12-16 05:00:00,247.99000549316406,251.3800048828125,247.64999389648438,251.0399932861328,249.23133850097656,51694800.0,246.2033247964557,249.5689004337868,245.86576286364547
2024-12-17 05:00:00,250.0800018310547,253.8300018310547,249.77999877929688,253.47999572753906,251.6537322998047,51356400.0,248.2782345553336,252.0012166921119,247.98039295462073
2024-12-18 05:00:00,252.16000366210938,254.27999877929688,247.74000549316406,248.0500030517578,246.2628631591797,56774100.0,250.34325221557475,252.44797328398425,245.95509905753715
2024-12-19 05:00:00,247.5,252.0,247.08999633789062,249.7899932861328,247.99032592773438,60882300.0,245.71683140567848,250.184410158509,245.3097817058068
2024-12-20 05:00:00,248.0399932861328,255.0,245.69000244140625,254.49000549316406,252.65647888183594,147495300.0,246.2529371403228,253.16279902630112,243.919877297432
2024-12-23 05:00:00,254.77000427246094,255.64999389648438,253.4499969482422,255.27000427246094,253.4308624267578,40858800.0,252.93446477293034,253.80811434244586,251.6239676953758
2024-12-24 05:00:00,255.49000549316406,258.2099914550781,255.2899932861328,258.20001220703125,256.33978271484375,23234700.0,253.64930053302467,256.34969006633503,253.4507293352449
2024-12-26 05:00:00,258.19000244140625,260.1000061035156,257.6300048828125,259.0199890136719,257.1538391113281,27237100.0,256.32983230675023,258.2260750496306,255.77386933789322
2024-12-27 05:00:00,257.8299865722656,258.70001220703125,253.05999755859375,255.58999633789062,253.74851989746094,42355300.0,255.9723714358678,256.8361287043752,251.2367492695516
2024-12-30 05:00:00,252.22999572753906,253.5,250.75,252.1999969482422,250.38294982910156,35557500.0,250.41273247360002,251.67358663649517,248.94339979921563
2024-12-31 05:00:00,252.44000244140625,253.27999877929688,249.42999267578125,250.4199981689453,248.6157989501953,39480700.0,250.6212497119267,251.4551941340452,247.63292614272083
2025-01-02 05:00:00,248.92999267578125,249.10000610351562,241.82000732421875,243.85000610351562,242.09312438964844,55740700.0,247.13651085819407,247.30529937932678,240.07775127221439
2025-01-03 05:00:00,243.36000061035156,244.17999267578125,241.88999938964844,243.36000061035156,241.6066436767578,40244100.0,241.6066436767578,242.42072787413275,240.14723350152744
2025-01-06 05:00:00,244.30999755859375,247.3300018310547,243.1999969482422,245.0,243.23486328125,45045600.0,242.54983205880436,245.5480782886853,241.44782860288205
2025-01-07 05:00:00,242.97999572753906,245.5500030517578,241.35000610351562,242.2100067138672,240.46495056152344,40856000.0,241.22939201717418,243.78088314896328,239.61114601786818
2025-01-08 05:00:00,241.9199981689453,243.7100067138672,240.0500030517578,242.6999969482422,240.951416015625,37628900.0,240.17703689438372,241.9541489627904,238.32051453305579
2025-01-10 05:00:00,240.00999450683594,240.16000366210938,233.0,236.85000610351562,235.1435546875,61710900.0,238.28077607985776,238.42970445265777,231.32128701842691
2025-01-13 05:00:00,233.52999877929688,234.6699981689453,229.72000122070312,234.39999389648438,232.71121215820312,49630700.0,231.84748509521594,232.9792711307645,228.06493742769467
2025-01-14 05:00:00,234.75,236.1199951171875,232.47000122070312,233.27999877929688,231.59925842285156,39435300.0,233.05866854963926,234.41879309886707,230.7950967507139
2025-01-15 05:00:00,234.63999938964844,238.9600067138672,234.42999267578125,237.8699951171875,236.15618896484375,39832000.0,232.94946471611047,237.2383472440859,232.74097105897866
2025-01-16 05:00:00,237.35000610351562,238.00999450683594,228.02999877929688,228.25999450683594,226.61544799804688,71759100.0,235.6399687194268,236.29520209930612,226.3871093224655
2025-01-17 05:00:00,232.1199951171875,232.2899932861328,228.47999572753906,229.97999572753906,228.3230438232422,68488300.0,230.44762501944012,230.61639839146835,226.83385097126646
2025-01-21 05:00:00,224.0,224.4199981689453,219.3800048828125,222.63999938964844,221.0359344482422,98070400.0,222.38613659782595,222.8031087860845,217.79942737812888
2025-01-22 05:00:00,219.7899932861328,224.1199951171875,219.7899932861328,223.8300018310547,222.2173614501953,64126500.0,218.2064601780486,222.5052654056773,218.2064601780486
2025-01-23 05:00:00,224.74000549316406,227.02999877929688,222.3000030517578,223.66000366210938,222.04861450195312,60234800.0,223.12083531174778,225.3943300272927,220.69841220245485
2025-01-24 05:00:00,224.77999877929688,225.6300048828125,221.41000366210938,222.77999877929688,221.1749267578125,54697900.0,223.160517277336,224.00439930767484,219.81480209957203
2025-01-27 05:00:00,224.02000427246094,232.14999389648438,223.97999572753906,229.86000061035156,228.2039337158203,94863400.0,222.40601266103107,230.47742834163907,222.36629236472388
2025-01-28 05:00:00,230.85000610351562,240.19000244140625,230.80999755859375,238.25999450683594,236.5434112548828,75707600.0,229.1868093297106,238.45951413038736,229.1470890329199
2025-01-29 05:00:00,234.1199951171875,239.86000061035156,234.00999450683594,239.36000061035156,237.63548278808594,45486100.0,232.43322998057818,238.13188043636077,232.32402189200354
2025-01-30 05:00:00,238.6699981689453,240.7899932861328,237.2100067138672,237.58999633789062,235.8782196044922,55658300.0,236.95044029141235,239.05516137192973,235.50096771104396
2025-01-31 05:00:00,247.19000244140625,247.19000244140625,233.44000244140625,236.0,234.29966735839844,100959800.0,245.40904807772534,245.40904807772534,231.7581140684966
2025-02-03 05:00:00,229.99000549316406,231.8300018310547,225.6999969482422,228.00999450683594,226.36721801757812,73063300.0,228.3329633332112,230.15970278413624,224.07386363152474
2025-02-04 05:00:00,227.25,233.1300048828125,226.64999389648438,232.8000030517578,231.12274169921875,45067300.0,225.61272492539547,231.45036595591674,225.01704170433482
2025-02-05 05:00:00,228.52999877929688,232.6699981689453,228.27000427246094,232.47000122070312,230.7951202392578,39620300.0,226.88350440739822,230.99367626573292,226.625383087866
2025-02-06 05:00:00,231.2899932861328,233.8000030517578,230.42999267578125,233.22000122070312,231.53970336914062,29925300.0,229.62360070928509,232.11552641696264,228.76979621063217
2025-02-07 05:00:00,232.60000610351562,234.0,227.25999450683594,227.6300048828125,225.989990234375,39707200.0,230.9241838961893,232.31409120281862,225.62264568638093
2025-02-10 05:00:00,229.57000732421875,230.58999633789062,227.1999969482422,227.64999389648438,226.25833129882812,33115600.0,228.16660736242451,229.1803610121675,225.81108525741098
2025-02-11 05:00:00,228.1999969482422,235.22999572753906,228.1300048828125,232.6199951171875,231.19793701171875,53718400.0,226.8049592810601,233.7919821040532,226.7353950927951
2025-02-12 05:00:00,231.1999969482422,236.9600067138672,230.67999267578125,236.8699951171875,235.42196655273438,45243300.0,229.78663009476247,235.51142789245534,229.26980470124647
2025-02-13 05:00:00,236.91000366210938,242.33999633789062,235.57000732421875,241.52999877929688,240.053466796875,53614100.0,235.46171484030373,240.85851264219508,234.12991022790982
2025-02-14 05:00:00,241.25,245.5500030517578,240.99000549316406,244.60000610351562,243.104736328125,40896200.0,239.77520922194773,244.0489258287467,239.5168040933544
2025-02-18 05:00:00,244.14999389648438,245.17999267578125,241.83999633789062,244.47000122070312,242.9755096435547,48822500.0,242.6574585849239,243.6811607859394,240.36158248040348
2025-02-19 05:00:00,244.66000366210938,246.00999450683594,243.16000366210938,244.8699951171875,243.37307739257812,32204200.0,243.16436963880025,244.50610783818917,241.67353930691675
2025-02-20 05:00:00,244.94000244140625,246.77999877929688,244.2899932861328,245.8300018310547,244.32720947265625,32316900.0,243.44265077076676,245.2713989598738,242.7966152101895
2025-02-21 05:00:00,245.9499969482422,248.69000244140625,245.22000122070312,245.5500030517578,244.04891967773438,53197400.0,244.44646835255205,247.16972378813352,243.72093519653038
2025-02-24 05:00:00,244.92999267578125,248.86000061035156,244.4199981689453,247.10000610351562,245.58944702148438,51326400.0,243.43269920852308,247.33868242018207,242.92582237394555
2025-02-25 05:00:00,248.0,250.0,244.91000366210938,247.0399932861328,245.52978515625,48013300.0,246.48392314447185,248.4716967182176,243.41281661275679
2025-02-26 05:00:00,244.3300018310547,244.97999572753906,239.1300048828125,240.36000061035156,238.89064025878906,44433600.0,242.83637220684057,243.48239258336395,237.66816369812489
2025-02-27 05:00:00,239.41000366210938,242.4600067138672,237.05999755859375,237.3000030517578,235.84934997558594,41153600.0,237.94645181292123,240.9778097055873,235.61081167459415
2025-02-28 05:00:00,236.9499969482422,242.08999633789062,230.1999969482422,241.83999633789062,240.36158752441406,56833400.0,235.5014815283524,240.61005923211764,228.7927454203557
2025-03-03 05:00:00,241.7899932861328,244.02999877929688,236.11000061035156,238.02999877929688,236.57485961914062,47184000.0,240.31186830369816,242.53818006191796,234.66659889731284
2025-03-04 05:00:00,237.7100067138672,240.07000732421875,234.67999267578125,235.92999267578125,234.4877166748047,53798100.0,236.25684921580154,238.60242278275774,233.24535811530478
2025-03-05 05:00:00,235.4199981689453,236.5500030517578,229.22999572753906,235.74000549316406,234.2988739013672,47227600.0,233.98082285378285,235.1039197629907,227.82866128733946
2025-03-06 05:00:00,234.44000244140625,237.86000061035156,233.16000366210938,235.3300018310547,233.89138793945312,45170400.0,233.00682927336524,236.4059203890797,231.73465535282332
2025-03-07 05:00:00,235.11000061035156,241.3699951171875,234.75999450683594,239.07000732421875,237.6085205078125,46273600.0,233.67272217403436,239.8944479764648,233.3248557337566
2025-03-10 04:00:00,235.5399932861328,236.16000366210938,224.22000122070312,227.47999572753906,226.08937072753906,72071200.0,234.10009611136832,234.71631625547707,222.84930513729455
2025-03-11 04:00:00,223.80999755859375,225.83999633789062,217.4499969482422,220.83999633789062,219.48997497558594,76137400.0,222.44182022291236,224.45940937640347,216.12069905845206
2025-03-12 04:00:00,220.13999938964844,221.75,214.91000366210938,216.97999572753906,215.653564453125,62547500.0,218.7942505386503,220.39440897367027,213.5962265598192
2025-03-13 04:00:00,215.9499969482422,216.83999633789062,208.4199981689453,209.67999267578125,208.398193359375,61368300.0,214.62986833256545,215.51442704761877,207.14590135231947
2025-03-14 04:00:00,211.25,213.9499969482422,209.5800018310547,213.49000549316406,212.18490600585938,60107600.0,209.9585940343847,212.64208545758027,208.2988048386841
2025-03-17 04:00:00,213.30999755859375,215.22000122070312,209.97000122070312,214.0,212.69178771972656,48073400.0,212.00600336087763,213.9043309003415,208.68642489319868
2025-03-18 04:00:00,214.16000366210938,215.14999389648438,211.49000549316406,212.69000244140625,211.38978576660156,42432400.0,212.85080057479257,213.83473880015984,210.19712464056028
2025-03-19 04:00:00,214.22000122070312,218.75999450683594,213.75,215.24000549316406,213.92420959472656,54385400.0,212.91044076829724,217.4226803637017,212.443312738742
2025-03-20 04:00:00,213.99000549316406,217.49000549316406,212.22000122070312,214.10000610351562,212.79116821289062,48862900.0,212.6818400591608,216.16044383082547,210.9226561911479
2025-03-21 04:00:00,211.55999755859375,218.83999633789062,211.27999877929688,218.27000427246094,216.93568420410156,94127800.0,210.26669685360034,217.5021918152461,209.9884097524224
2025-03-24 04:00:00,221.0,221.47999572753906,218.5800018310547,220.72999572753906,219.38064575195312,44299500.0,219.64899945464327,220.1260609084734,217.24379503613238
2025-03-25 04:00:00,220.77000427246094,224.10000610351562,220.0800018310547,223.75,222.38217163085938,34493600.0,219.42039321145907,222.7300380772677,218.73460889257407
2025-03-26 04:00:00,223.50999450683594,225.02000427246094,220.47000122070312,221.52999877929688,220.17575073242188,34466100.0,222.1436424317859,223.64442126802376,219.12223310716143
2025-03-27 04:00:00,221.38999938964844,224.99000549316406,220.55999755859375,223.85000610351562,222.48155212402344,37094800.0,220.0365840783956,223.61458239748316,219.21165626689742
2025-03-28 04:00:00,221.6699981689453,223.80999755859375,217.67999267578125,217.89999389648438,216.56793212890625,39818600.0,220.31488968867507,222.44180687800483,216.34927581514728
2025-03-31 04:00:00,217.00999450683594,225.6199951171875,216.22999572753906,222.1300048828125,220.7720947265625,65299300.0,215.6833836525119,224.24075018814546,214.90815310911736
2025-04-01 04:00:00,219.80999755859375,223.67999267578125,218.89999389648438,223.19000244140625,221.82559204101562,36412700.0,218.46624988397502,222.31258685550372,217.56180927777046
2025-04-02 04:00:00,221.32000732421875,225.19000244140625,221.02000427246094,223.88999938964844,222.5213165283203,35905900.0,219.9670353213626,223.8133724100327,219.66886624627372
2025-04-03 04:00:00,205.5399932861328,207.49000549316406,201.25,203.19000244140625,201.94789123535156,103419000.0,204.28351646204925,206.22160814156834,200.01974813123203
2025-04-04 04:00:00,193.88999938964844,199.8800048828125,187.33999633789062,188.3800048828125,187.2283935546875,125910900.0,192.70470416765195,198.65809134675584,186.19474282689396
2025-04-07 04:00:00,177.1999969482422,194.14999389648438,174.6199951171875,181.4600067138672,180.3507080078125,160466300.0,176.11674047268428,192.96311894309866,173.55251067175698
2025-04-08 04:00:00,186.6999969482422,190.33999633789062,169.2100067138672,172.4199981689453,171.365966796875,120859500.0,185.55866963100107,189.17641711488596,168.175598539417
2025-04-09 04:00:00,171.9499969482422,200.61000061035156,171.88999938964844,198.85000610351562,197.63438415527344,184395900.0,170.89882177160354,199.383619356675,170.8391909937331
2025-04-10 04:00:00,189.07000732421875,194.77999877929688,183.0,190.4199981689453,189.2559356689453,121880000.0,187.9141974958541,193.5892830219747,181.88129692496375
2025-04-11 04:00:00,186.10000610351562,199.5399932861328,186.05999755859375,198.14999389648438,196.93865966796875,87435900.0,184.96233608452022,198.32016168749274,184.92257212057936
2025-04-14 04:00:00,211.44000244140625,212.94000244140625,201.16000366210938,202.52000427246094,201.28196716308594,101352900.0,210.14743595954587,211.63826622013798,199.9302804535287
2025-04-15 04:00:00,201.86000061035156,203.50999450683594,199.8000030517578,202.13999938964844,200.90428161621094,51343900.0,200.6259945192588,202.26590170954893,198.57859009217825
2025-04-16 04:00:00,198.36000061035156,200.6999969482422,192.3699951171875,194.27000427246094,193.08238220214844,59732400.0,197.1473753495745,199.4730666932086,191.19398828729797
2025-04-17 04:00:00,197.1999969482422,198.8300018310547,194.4199981689453,196.97999572753906,195.7758331298828,52164700.0,195.9944894564487,197.61452992177487,193.2314851467638
2025-04-21 04:00:00,193.27000427246094,193.8000030517578,189.80999755859375,193.16000366210938,191.9791717529297,46742500.0,192.08849990403363,192.6152586778503,188.64964501381652
2025-04-22 04:00:00,196.1199951171875,201.58999633789062,195.97000122070312,199.74000549316406,198.5189666748047,52976400.0,194.92108593270402,200.3576482646354,194.77200897005906
2025-04-23 04:00:00,206.0,208.0,202.8000030517578,204.60000610351562,203.34925842285156,52929200.0,204.7406939661261,206.72846769395255,201.56025903470575
2025-04-24 04:00:00,204.88999938964844,208.8300018310547,202.94000244140625,208.3699951171875,207.09619140625,47311000.0,203.63746952607698,207.55338601533765,201.69939326414854
2025-04-25 04:00:00,206.3699951171875,209.75,206.1999969482422,209.27999877929688,208.00064086914062,38222300.0,205.10842646651815,208.46776890662989,204.9394675201618
2025-04-28 04:00:00,210.0,211.5,207.4600067138672,210.13999938964844,208.85537719726562,38743100.0,208.71623364812058,210.2070638884643,206.1917677806294
2025-04-29 04:00:00,208.69000244140625,212.24000549316406,208.3699951171875,211.2100067138672,209.91885375976562,36827600.0,207.41425458581946,210.94255602883885,207.096203506044
2025-04-30 04:00:00,209.3000030517578,213.5800018310547,206.6699981689453,212.5,211.20095825195312,52286500.0,208.0205233254963,212.2743578831654,205.4065960245207
2025-05-01 04:00:00,209.0800018310547,214.55999755859375,208.89999389648438,213.32000732421875,212.01596069335938,57365700.0,207.80187477964563,213.2483707428857,207.62296725165953
2025-05-02 04:00:00,206.08999633789062,206.99000549316406,202.16000366210938,205.35000610351562,204.0946807861328,101010600.0,204.8301473855031,205.72465469395448,200.92417915168144
2025-05-05 04:00:00,203.10000610351562,204.10000610351562,198.2100067138672,198.88999938964844,197.67416381835938,69018500.0,201.85843431656065,202.8523212109494,196.99832800962005
2025-05-06 04:00:00,198.2100067138672,200.64999389648438,197.02000427246094,198.50999450683594,197.29647827148438,51216500.0,196.99832434112832,199.42339557924856,195.81559653234874
2025-05-07 04:00:00,199.1699981689453,199.44000244140625,193.25,196.25,195.05030822753906,68536700.0,197.95245621671936,198.22080993170667,192.0686474648251
2025-05-08 04:00:00,197.72000122070312,200.0500030517578,194.67999267578125,197.49000549316406,196.28271484375,50478900.0,196.51130456752412,198.82706269335065,193.48988012199126
2025-05-09 04:00:00,199.0,200.5399932861328,197.5399932861328,198.52999877929688,197.3163604736328,36453900.0,197.78348851905432,199.3140676367793,196.33240700583877
2025-05-12 04:00:00,210.97000122070312,211.27000427246094,206.75,210.7899932861328,209.77610778808594,63775800.0,209.9552498967622,210.25380995429242,205.75554659425106
2025-05-13 04:00:00,210.42999267578125,213.39999389648438,209.0,212.92999267578125,211.9058380126953,51909300.0,209.4178625594749,212.3735786127325,207.99474788922345
2025-05-14 04:00:00,212.42999267578125,213.94000244140625,210.5800018310547,212.3300018310547,211.30873107910156,49325800.0,211.40824098508043,212.91098786371114,209.56714827780408
2025-05-15 04:00:00,210.9499969482422,212.9600067138672,209.5399932861328,211.4499969482422,210.4329833984375,45029500.0,209.93538825434783,211.93573045224343,208.53216630351932
2025-05-16 04:00:00,212.36000061035156,212.57000732421875,209.77000427246094,211.25999450683594,210.24388122558594,54737900.0,211.33859654598928,211.54759317457453,208.76105751069144
2025-05-19 04:00:00,207.91000366210938,209.47999572753906,204.25999450683594,208.77999877929688,207.77578735351562,46140500.0,206.909976827966,208.4724173847277,203.27752386063855
2025-05-20 04:00:00,207.6699981689453,208.47000122070312,205.02999877929688,206.86000061035156,205.8650360107422,42496600.0,206.67113760639387,207.46729276724128,204.04383620537516
2025-05-21 04:00:00,205.1699981689453,207.0399932861328,200.7100067138672,202.08999633789062,201.11798095703125,59211800.0,204.1831685508297,206.04416933851562,199.74462882701684
2025-05-22 04:00:00,200.7100067138672,202.75,199.6999969482422,201.36000061035156,200.39149475097656,46742400.0,199.7446272097534,201.77480849030061,198.7394754118135
2025-05-23 04:00:00,193.6699981689453,197.6999969482422,193.4600067138672,195.27000427246094,194.33078002929688,78432900.0,192.73846975457602,196.74908474491085,192.52948833207407
2025-05-27 04:00:00,198.3000030517578,200.74000549316406,197.42999267578125,200.2100067138672,199.24703979492188,56288500.0,197.34622283817185,199.77448939448533,196.4803970243206
2025-05-28 04:00:00,200.58999633789062,202.72999572753906,199.89999389648438,200.4199981689453,199.4560089111328,45339700.0,199.6251894151235,201.75489573800118,198.9385057789635
2025-05-29 04:00:00,203.5800018310547,203.80999755859375,198.50999450683594,199.9499969482422,198.98826599121094,51396800.0,202.60081106845576,202.8297005493605,197.55518975609246
2025-05-30 04:00:00,199.3699951171875,201.9600067138672,196.77999877929688,200.85000610351562,199.88394165039062,70819900.0,198.4110493394953,200.98860329086406,195.83351057352263
2025-06-02 04:00:00,200.27999877929688,202.1300048828125,200.1199951171875,201.6999969482422,200.72984313964844,35423300.0,199.31667499872813,201.15778278546435,199.15744093584797
2025-06-03 04:00:00,201.35000610351562,203.77000427246094,200.9600067138672,203.27000427246094,202.29232788085938,46381600.0,200.38156440883068,202.78992300957722,199.9934408158467
2025-06-04 04:00:00,202.91000366210938,206.24000549316406,202.10000610351562,202.82000732421875,201.84446716308594,43604000.0,201.9340306292736,205.24801554678163,201.1279290627925
2025-06-05 04:00:00,203.5,204.75,200.14999389648438,200.6300048828125,199.6649932861328,55126100.0,202.521183994692,203.765171611367,199.1872911078447
2025-06-06 04:00:00,203.0,205.6999969482422,202.0500030517578,203.9199981689453,202.93917846679688,46607700.0,202.0236053289331,204.7106157617459,201.07817770068002
2025-06-09 04:00:00,204.38999938964844,206.0,200.02000427246094,201.4499969482422,200.48104858398438,72862600.0,203.4069099948636,205.0091667110405,199.05793398755327
2025-06-10 04:00:00,200.60000610351562,204.35000610351562,200.57000732421875,202.6699981689453,201.69517517089844,54672600.0,199.63513956616538,203.36710243054736,199.60528507808198
2025-06-11 04:00:00,203.5,204.5,198.41000366210938,198.77999877929688,197.8238983154297,60989900.0,202.5211970741936,203.51638723180633,197.45568281643992
2025-06-12 04:00:00,199.0800018310547,199.67999267578125,197.36000061035156,199.1999969482422,198.24188232421875,43904600.0,198.12246436103902,198.71956936233477,196.4107360236097
2025-06-13 04:00:00,199.72999572753906,200.3699951171875,195.6999969482422,196.4499969482422,195.50511169433594,51447300.0,198.769334334526,199.40625545491926,194.7587190445596
2025-06-16 04:00:00,197.3000030517578,198.69000244140625,196.55999755859375,198.4199981689453,197.46563720703125,43020700.0,196.3510290449251,197.73434281232372,195.61458283187793
2025-06-17 04:00:00,197.1999969482422,198.38999938964844,195.2100067138672,195.63999938964844,194.6990203857422,38856200.0,196.2515147499311,197.43579358003367,194.27109586617135
2025-06-18 04:00:00,195.94000244140625,197.57000732421875,195.07000732421875,196.5800018310547,195.6344757080078,45394700.0,194.9975546383106,196.6197193940347,194.13174409281177
2025-06-20 04:00:00,198.24000549316406,201.6999969482422,196.86000061035156,201.0,200.03323364257812,96813500.0,197.28651411005004,200.72986375748766,195.9131467510872
2025-06-23 04:00:00,201.6300048828125,202.3000030517578,198.9600067138672,201.5,200.5308074951172,55814300.0,200.6601870689569,201.32696262150702,198.00303129313016
2025-06-24 04:00:00,202.58999633789062,203.44000244140625,200.1999969482422,200.3000030517578,199.33657836914062,54064000.0,201.61555699715424,202.4614746491071,199.23705328583006
2025-06-25 04:00:00,201.4499969482422,203.6699981689453,200.6199951171875,201.55999755859375,200.5905303955078,39525700.0,200.48105886821313,202.690382284235,199.65504919597097
2025-06-26 04:00:00,201.42999267578125,202.63999938964844,199.4600067138672,201.0,200.03323364257812,50799100.0,200.461158146952,201.66534499125092,198.5006473897771
2025-06-27 04:00:00,201.88999938964844,203.22000122070312,200.0,201.0800018310547,200.11285400390625,73188600.0,200.91895566349635,202.24256049649406,199.03804672932017
2025-06-30 04:00:00,202.00999450683594,207.38999938964844,199.25999450683594,205.1699981689453,204.1831512451172,91912800.0,201.03834688076608,206.39247448465787,198.30157410241034
2025-07-01 04:00:00,206.6699981689453,210.19000244140625,206.13999938964844,207.82000732421875,206.82041931152344,78788900.0,205.6759415551798,209.17901505124104,205.1484920031366
2025-07-02 04:00:00,208.91000366210938,213.33999633789062,208.13999938964844,212.44000244140625,211.41819763183594,67941800.0,207.90517762155153,212.3138626915596,207.13887695509675
2025-07-03 04:00:00,212.14999389648438,214.64999389648438,211.80999755859375,213.5500030517578,212.52284240722656,34955800.0,211.12956719850303,213.61754237258577,210.79120621932267
2025-07-07 04:00:00,212.67999267578125,216.22999572753906,208.8000030517578,209.9499969482422,208.940185546875,50229000.0,211.65705062020388,215.18997897032483,207.7957228576545
2025-07-08 04:00:00,210.10000610351562,211.42999267578125,208.4499969482422,210.00999450683594,208.9998779296875,42848900.0,209.08945658408672,210.41304612040562,207.4473837253886
2025-07-09 04:00:00,209.52999877929688,211.3300018310547,207.22000122070312,211.13999938964844,210.12445068359375,48749400.0,208.52219391164948,210.31353924447487,206.22330706177223
2025-07-10 04:00:00,210.50999450683594,213.47999572753906,210.02999877929688,212.41000366210938,211.3883514404297,44443600.0,209.49748097232364,212.45319704499605,209.0197939340788
2025-07-11 04:00:00,210.57000732421875,212.1300048828125,209.86000061035156,211.16000366210938,210.1443634033203,39765800.0,209.55720483784353,211.10969909895366,208.8506131239295
2025-07-14 04:00:00,209.92999267578125,210.91000366210938,207.5399932861328,208.6199951171875,207.61656188964844,38840100.0,208.92025854176603,209.89555581124029,206.54175471753558
2025-07-15 04:00:00,209.22000122070312,211.88999938964844,208.9199981689453,209.11000061035156,208.1042022705078,42296300.0,208.21367378884585,210.8708295317098,207.91511372197888
2025-07-16 04:00:00,210.3000030517578,212.39999389648438,208.63999938964844,210.16000366210938,209.14915466308594,47490500.0,209.28848066940537,211.37837076419683,207.63646146204943
2025-07-17 04:00:00,210.57000732421875,211.8000030517578,209.58999633789062,210.02000427246094,209.00982666015625,48068100.0,209.55718424596662,210.7812638030366,208.58188702565155
2025-07-18 04:00:00,210.8699951171875,211.7899932861328,209.6999969482422,211.17999267578125,210.1642608642578,48974600.0,209.85575432940058,210.77132749863404,208.6913836081342
2025-07-21 04:00:00,212.10000610351562,215.77999877929688,211.6300048828125,212.47999572753906,211.4580078125,51377400.0,211.07984586548804,214.74213848423943,210.61210526026528
2025-07-22 04:00:00,213.13999938964844,214.9499969482422,212.22999572753906,214.39999389648438,213.36874389648438,46404100.0,212.1148098811231,213.91610146940232,211.2091832773312
2025-07-23 04:00:00,215.0,215.14999389648438,212.41000366210938,214.14999389648438,213.11996459960938,46989300.0,213.96588230147148,214.11515474984876,211.38834345684663
2025-07-24 04:00:00,213.89999389648438,215.69000244140625,213.52999877929688,213.75999450683594,212.7318572998047,46022600.0,212.87118332406595,214.65258233290422,212.50296779967493
2025-07-25 04:00:00,214.6999969482422,215.24000549316406,213.39999389648438,213.8800048828125,212.8512725830078,40268800.0,213.6673206036272,214.2047317845148,212.37357038101962
2025-07-28 04:00:00,214.02999877929688,214.85000610351562,213.05999755859375,214.0500030517578,213.0204620361328,37858000.0,213.00055398053098,213.81661722083774,212.03521828670327
2025-07-29 04:00:00,214.17999267578125,214.80999755859375,210.82000732421875,211.27000427246094,210.25384521484375,51411700.0,213.14983725799084,213.77681196541135,209.80601264614248
2025-07-30 04:00:00,211.89999389648438,212.38999938964844,207.72000122070312,209.0500030517578,208.0445098876953,45512500.0,210.88079278566187,211.36844143995228,206.72090512781878
2025-07-31 04:00:00,208.49000549316406,209.83999633789062,207.16000366210938,207.57000732421875,206.57162475585938,80698400.0,207.48719786288635,208.83069544134486,206.16359315375274
2025-08-01 04:00:00,210.8699951171875,213.5800018310547,201.5,202.3800048828125,201.40658569335938,104434500.0,209.85574027592583,212.5527122409286,200.53081350952442
2025-08-04 04:00:00,204.50999450683594,207.8800048828125,201.67999267578125,203.35000610351562,202.37193298339844,75109300.0,203.52634207300898,206.88014336875773,200.70995198839026
2025-08-05 04:00:00,203.39999389648438,205.33999633789062,202.16000366210938,202.9199981689453,201.94398498535156,44155100.0,202.42167200915333,204.35234334482283,201.18764593221573
2025-08-06 04:00:00,205.6300048828125,215.3800048828125,205.58999633789062,213.25,212.2242889404297,108483100.0,204.64094523363173,214.3440487139093,204.60112912578842
2025-08-07 04:00:00,218.8800048828125,220.85000610351562,216.5800018310547,220.02999877929688,218.97169494628906,90224800.0,217.82723230897543,219.78775818606874,215.53829184895108
2025-08-08 04:00:00,220.8300018310547,231.0,219.25,229.35000610351562,228.2468719482422,113854000.0,219.76784743364436,229.88892965735022,218.19544514014734
2025-08-11 04:00:00,227.9199981689453,229.55999755859375,224.75999450683594,227.17999267578125,226.3438720703125,61806100.0,227.08115402328403,228.71511750604432,223.9327805410339
2025-08-12 04:00:00,228.00999450683594,230.8000030517578,227.07000732421875,229.64999389648438,228.80479431152344,55626200.0,227.17083074525974,229.95057099439725,226.23430307406312
2025-08-13 04:00:00,231.07000732421875,235.0,230.42999267578125,233.3300018310547,232.47125244140625,69878500.0,230.2195756343437,234.1351043372746,229.58191650034667
2025-08-14 04:00:00,234.05999755859375,235.1199951171875,230.85000610351562,232.77999877929688,231.92327880859375,51916300.0,233.1985666998313,234.25466305951576,230.0003892485326
2025-08-15 04:00:00,234.0,234.27999877929688,229.33999633789062,231.58999633789062,230.73764038085938,56038700.0,233.13877413921495,233.41774239633352,228.49592139875156
2025-08-18 04:00:00,231.6999969482422,233.1199951171875,230.11000061035156,230.88999938964844,230.0402374267578,37476200.0,230.8472538899505,232.26202593201924,229.26310933608104
2025-08-19 04:00:00,231.27999877929688,232.8699951171875,229.35000610351562,230.55999755859375,229.71144104003906,39402600.0,230.4287923573085,232.01293684851592,228.50590285589897
2025-08-20 04:00:00,229.97999572753906,230.47000122070312,225.77000427246094,226.00999450683594,225.17819213867188,42263900.0,229.13358225147155,229.6217843388592,224.93908515924198
2025-08-21 04:00:00,226.27000427246094,226.52000427246094,223.77999877929688,224.89999389648438,224.07228088378906,30621200.0,225.43724912794482,225.68632903786573,222.9564077521854
2025-08-22 04:00:00,226.1699981689453,229.08999633789062,225.41000366210938,227.75999450683594,226.9217529296875,42477800.0,225.33760837029214,228.2468598588307,224.58041092619504
2025-08-25 04:00:00,226.47999572753906,229.3000030517578,226.22999572753906,227.16000366210938,226.32395935058594,30983100.0,225.64645413109014,228.45608264282492,225.3973742361901
2025-08-26 04:00:00,226.8699951171875,229.49000549316406,224.69000244140625,229.30999755859375,228.46604919433594,54575100.0,226.03502689374838,228.6453946309622,223.86305742355088
2025-08-27 04:00:00,228.61000061035156,230.89999389648438,228.25999450683594,230.49000549316406,229.64170837402344,31259500.0,227.76862267507164,230.05018785299507,227.41990473660533
2025-08-28 04:00:00,230.82000732421875,233.41000366210938,229.33999633789062,232.55999755859375,231.7041015625,38074700.0,229.97051505486425,232.55097936868034,228.49595098757067
2025-08-29 04:00:00,232.50999450683594,233.3800048828125,231.3699951171875,232.13999938964844,231.28562927246094,39418400.0,231.65426265633033,232.52107103838586,230.51845893056873
2025-09-02 04:00:00,229.25,230.85000610351562,226.97000122070312,229.72000122070312,228.8745574951172,44075600.0,228.4062860305561,230.00040359535532,226.13467838242784
2025-09-03 04:00:00,237.2100067138672,238.85000610351562,234.36000061035156,238.47000122070312,237.59234619140625,66427800.0,236.33698891571112,237.9709525201245,233.49747185558658
2025-09-04 04:00:00,238.4499969482422,239.89999389648438,236.74000549316406,239.77999877929688,238.8975067138672,47549400.0,237.57239985348932,239.0170601981439,235.8687018920251
2025-09-05 04:00:00,240.0,241.32000732421875,238.49000549316406,239.69000244140625,238.80784606933594,54870400.0,239.1167027112504,240.43185187342493,237.61226559630578
2025-09-08 04:00:00,239.3000030517578,240.14999389648438,236.33999633789062,237.8800048828125,237.0045166015625,48999500.0,238.41928864081726,239.2661511981365,235.47017586985078
2025-09-09 04:00:00,237.0,238.77999877929688,233.36000061035156,234.35000610351562,233.4875030517578,66313900.0,236.12774389612645,237.90119155812317,232.5011411802574
2025-09-10 04:00:00,232.19000244140625,232.4199981689453,225.9499969482422,226.7899932861328,225.955322265625,83440800.0,231.33545739080094,231.56460664903227,225.118417424808
2025-09-11 04:00:00,226.8800048828125,230.4499969482422,226.64999389648438,230.02999877929688,229.1833953857422,50208600.0,226.04499474029723,229.60184779162614,225.81583028738913
2025-09-12 04:00:00,229.22000122070312,234.50999450683594,229.02000427246094,234.07000732421875,233.2085418701172,55824200.0,228.37638560886936,233.6469097348115,228.17712472443904
2025-09-15 04:00:00,237.0,238.19000244140625,235.02999877929688,236.6999969482422,235.82884216308594,42699500.0,236.1277410783948,237.31336381412066,234.16499028444412
2025-09-16 04:00:00,237.17999267578125,241.22000122070312,236.32000732421875,238.14999389648438,237.2735137939453,63421100.0,236.30708253667353,240.33222235518573,235.45026224943368
2025-09-17 04:00:00,238.97000122070312,240.10000610351562,237.72999572753906,238.99000549316406,238.1104278564453,46508000.0,238.09049720761,239.21634322602875,236.85505542454314
2025-09-18 04:00:00,239.97000122070312,241.1999969482422,236.64999389648438,237.8800048828125,237.0045166015625,44249600.0,239.08682096339746,240.31228984200703,235.77903252032195
2025-09-19 04:00:00,241.22999572753906,246.3000030517578,240.2100067138672,245.5,244.59645080566406,163741300.0,240.342162048153,245.3935094903633,239.32592704772566
2025-09-22 04:00:00,248.3000030517578,256.6400146484375,248.1199951171875,256.0799865722656,255.13751220703125,105517400.0,247.38616206443075,255.69547916115815,247.2068166293636
2025-09-23 04:00:00,255.8800048828125,257.3399963378906,253.5800018310547,254.42999267578125,253.49359130859375,60275200.0,254.9382669065294,256.3928850249964,252.64672876089196
2025-09-24 04:00:00,255.22000122070312,255.74000549316406,251.0399932861328,252.30999755859375,251.3813934326172,42303700.0,254.28068708944184,254.7987775332095,250.11606329601622
2025-09-25 04:00:00,253.2100067138672,257.1700134277344,251.7100067138672,256.8699951171875,255.9246063232422,55202100.0,252.27808820484515,256.22352044118514,250.7836088309123
2025-09-26 04:00:00,254.10000610351562,257.6000061035156,253.77999877929688,255.4600067138672,254.51980590820312,46076300.0,253.16481067495934,256.6519291955366,252.84598111295833
2025-09-29 04:00:00,254.55999755859375,255.0,253.00999450683594,254.42999267578125,253.49359130859375,40127700.0,253.62311772285494,254.06150078407975,252.07881928540593
2025-09-30 04:00:00,254.86000061035156,255.9199981689453,253.11000061035156,254.6300048828125,253.69287109375,37704300.0,253.92202035086734,254.97811672142575,252.17846100632588
2025-10-01 04:00:00,255.0399932861328,258.7900085449219,254.92999267578125,255.4499969482422,254.50985717773438,48713900.0,254.10136246357334,257.8375764362911,253.99176669154556
2025-10-02 04:00:00,256.5799865722656,258.17999267578125,254.14999389648438,257.1300048828125,256.18365478515625,42630200.0,255.63566078088252,257.229778167004,253.21461153357077
2025-10-03 04:00:00,254.6699981689453,259.239990234375,253.9499969482422,258.0199890136719,257.07037353515625,49155600.0,253.73271197999827,258.2858846694617,253.01536064819075
2025-10-06 04:00:00,257.989990234375,259.07000732421875,255.0500030517578,256.69000244140625,255.74526977539062,44664100.0,257.0404730386864,258.11651518827176,254.11130630837613
2025-10-07 04:00:00,256.80999755859375,257.3999938964844,255.42999267578125,256.4800109863281,255.53607177734375,31955800.0,255.86484387966763,256.45266881763376,254.48991791397023
2025-10-08 04:00:00,256.5199890136719,258.5199890136719,256.1099853515625,258.05999755859375,257.1102600097656,36496900.0,255.57591915435188,257.5685585594684,255.16742442767125
2025-10-09 04:00:00,257.80999755859375,258.0,253.13999938964844,254.0399932861328,253.1050262451172,38322000.0,256.8611554198282,257.0504585775582,252.2083446799687
2025-10-10 04:00:00,254.94000244140625,256.3800048828125,244.0,245.27000427246094,244.3673095703125,61999100.0,254.00171816056968,255.436420799504,243.10197943699816
2025-10-13 04:00:00,249.3800048828125,249.69000244140625,245.55999755859375,247.66000366210938,246.74851989746094,38142900.0,248.46219085423505,248.7710475029622,244.6562426215344
2025-10-14 04:00:00,246.60000610351562,248.85000610351562,244.6999969482422,247.77000427246094,246.8581085205078,35478000.0,245.69241642712313,247.93413549962378,243.79940008876653
2025-10-15 04:00:00,249.49000549316406,251.82000732421875,247.47000122070312,249.33999633789062,248.42233276367188,33893600.0,248.57178982967116,250.89321639065437,246.559219921403
2025-10-16 04:00:00,248.25,249.0399932861328,245.1300048828125,247.4499969482422,246.53929138183594,39777000.0,247.33635013275978,248.1234359576197,244.22783772705108
2025-10-17 04:00:00,248.02000427246094,253.3800048828125,247.27000427246094,252.2899932861328,251.36146545410156,49147000.0,247.10719170360767,252.44746537322095,246.35995200283696
2025-10-20 04:00:00,255.88999938964844,264.3800048828125,255.6300048828125,262.239990234375,261.27484130859375,90483000.0,254.94822099113512,263.4069798400544,254.68918336894043
2025-10-21 04:00:00,261.8800048828125,265.2900085449219,261.8299865722656,262.7699890136719,261.8028564453125,46695900.0,260.916147926868,264.313600971564,260.8663137101643
2025-10-22 04:00:00,262.6499938964844,262.8500061035156,255.42999267578125,258.45001220703125,257.4988098144531,45015300.0,261.6833338430701,261.882609922878,254.4899051977633
2025-10-23 04:00:00,259.94000244140625,260.6199951171875,258.010009765625,259.5799865722656,258.6246032714844,32754900.0,258.98329410338334,259.66078406832133,257.06040475940137
2025-10-24 04:00:00,261.19000244140625,264.1300048828125,259.17999267578125,262.82000732421875,261.8527526855469,38253700.0,260.2287466983284,263.1579290692685,258.2261343576155
2025-10-27 04:00:00,264.8800048828125,269.1199951171875,264.6499938964844,268.80999755859375,267.8206787109375,44888200.0,263.90514984178776,268.1295353654346,263.67598537979285
2025-10-28 04:00:00,268.989990234375,269.8900146484375,268.1499938964844,269.0,268.0099792480469,41534800.0,268.00000632210845,268.89671830922975,267.1631014853557
2025-10-29 04:00:00,269.2799987792969,271.4100036621094,267.1099853515625,269.70001220703125,268.7073974609375,51086700.0,268.28892986747474,270.4110953948544,266.1269030442272
2025-10-30 04:00:00,271.989990234375,274.1400146484375,268.4800109863281,271.3999938964844,270.401123046875,69886500.0,270.98894793982623,273.1310593223432,267.49188695276854
2025-10-31 04:00:00,276.989990234375,277.32000732421875,269.1600036621094,270.3699951171875,269.37493896484375,86167100.0,275.9705701844509,276.29937269597025,268.16940070155243
2025-11-03 05:00:00,270.4200134277344,270.8500061035156,266.25,269.04998779296875,268.05975341796875,50194600.0,269.424736694289,269.8531467885877,265.2700709373508
2025-11-04 05:00:00,268.3299865722656,271.489990234375,267.6199951171875,270.0400085449219,269.0461730957031,49274800.0,267.3424445625432,270.49081837885313,266.6350661079627
2025-11-05 05:00:00,268.6099853515625,271.70001220703125,266.92999267578125,270.1400146484375,269.14581298828125,43683100.0,267.6214146886098,270.7000692568828,265.94760492323326
2025-11-06 05:00:00,267.8900146484375,273.3999938964844,267.8900146484375,269.7699890136719,268.7771301269531,51204000.0,266.90407480138714,272.3937751745226,266.90407480138714
2025-11-07 05:00:00,269.79998779296875,272.2900085449219,266.7699890136719,268.4700012207031,267.48193359375,48227400.0,268.80702532983145,271.2878818962731,265.7881780523408
2025-11-10 05:00:00,268.9599914550781,273.7300109863281,267.4599914550781,269.42999267578125,268.6986083984375,41312400.0,268.22988302493957,272.9869540449525,266.7339548671466
2025-11-11 05:00:00,269.80999755859375,275.9100036621094,269.79998779296875,275.25,274.5028076171875,46208300.0,269.07757258136417,275.16101963639426,269.0675899882029
2025-11-12 05:00:00,275.0,275.7300109863281,271.70001220703125,273.4700012207031,272.7276306152344,48398000.0,274.25347600982695,274.9815052844664,270.9624464716027
2025-11-13 05:00:00,274.1099853515625,276.70001220703125,272.0899963378906,272.95001220703125,272.2090759277344,49602800.0,273.36590026791555,275.9488963676571,271.3513946141157
2025-11-14 05:00:00,271.04998779296875,275.9599914550781,269.6000061035156,272.4100036621094,271.6705017089844,47431300.0,270.31417782757546,275.21085247368256,268.8681323529343
2025-11-17 05:00:00,268.82000732421875,270.489990234375,265.7300109863281,267.4599914550781,266.73394775390625,45018300.0,268.09027174019775,269.7557213346742,265.00866346949266
2025-11-18 05:00:00,269.989990234375,270.7099914550781,265.32000732421875,267.44000244140625,266.71405029296875,45677300.0,269.25711627506445,269.9751630894399,264.59980979362433
2025-11-19 05:00:00,265.5299987792969,272.2099914550781,265.5,268.55999755859375,267.8309631347656,40424500.0,264.80918960656476,271.47104873805114,264.77927226211665
2025-11-20 05:00:00,270.8299865722656,275.42999267578125,265.9200134277344,266.25,265.5272521972656,45823600.0,270.09480618650156,274.68232536305425,265.1981613886433
2025-11-21 05:00:00,265.95001220703125,273.3299865722656,265.6700134277344,271.489990234375,270.75299072265625,59030800.0,265.2280517805383,272.5879921198442,264.9488130991126
2025-11-24 05:00:00,270.8999938964844,277.0,270.8999938964844,275.9200134277344,275.1710205078125,65585800.0,270.164627965921,276.24807542504453,270.164627965921
2025-11-25 05:00:00,275.2699890136719,280.3800048828125,275.25,276.9700012207031,276.2181701660156,46914200.0,274.52277261748515,279.6189174225992,274.50283786370125
2025-11-26 05:00:00,276.9599914550781,279.5299987792969,276.6300048828125,277.54998779296875,276.79656982421875,33431400.0,276.2081750495132,278.7712060098946,275.8790842359358
2025-11-28 05:00:00,277.260009765625,279.0,275.989990234375,278.8500061035156,278.0930480957031,20135600.0,276.50736791500816,278.242634823177,275.2407959413455
2025-12-01 05:00:00,278.010009765625,283.4200134277344,276.1400146484375,283.1000061035156,282.3315124511719,46587700.0,277.2553332443013,282.65065109438723,275.3904143522869
2025-12-02 05:00:00,283.0,287.3999938964844,282.6300048828125,286.19000244140625,285.4131164550781,53669500.0,282.231773534172,286.619823290159,281.86278279875575
2025-12-03 05:00:00,286.20001220703125,288.6199951171875,283.29998779296875,284.1499938964844,283.378662109375,43538700.0,285.4231155973949,287.8365294074879,282.5309633672564
2025-12-04 05:00:00,284.1000061035156,284.7300109863281,278.5899963378906,280.70001220703125,279.9380187988281,43989100.0,283.3287830094401,283.95707766942763,277.83373081751637
2025-12-05 05:00:00,280.5400085449219,281.1400146484375,278.04998779296875,278.7799987792969,278.02325439453125,47265800.0,279.77848663840757,280.37686403379615,277.29522501275557
2025-12-08 05:00:00,278.1300048828125,279.6700134277344,276.1499938964844,277.8900146484375,277.1356506347656,38211800.0,277.374989388386,278.9108174051644,275.4003533668138
2025-12-09 05:00:00,278.1600036621094,280.0299987792969,276.9200134277344,277.17999267578125,276.4275817871094,32193300.0,277.40493251311347,279.2698514894354,276.16830825817004
2025-12-10 05:00:00,277.75,279.75,276.44000244140625,278.7799987792969,278.02325439453125,33038300.0,276.99605153243056,278.9906225605669,275.6896099437804
2025-12-11 05:00:00,279.1000061035156,279.5899963378906,273.80999755859375,278.0299987792969,277.2752685546875,33248000.0,278.34237127554803,278.8310314000742,273.0667227973629
2025-12-12 05:00:00,277.8999938964844,279.2200012207031,276.82000732421875,278.2799987792969,277.5246276855469,39532900.0,277.1456542987284,278.46207855775873,276.06859927253834
2025-12-15 05:00:00,280.1499938964844,280.1499938964844,272.8399963378906,274.1099853515625,273.3658752441406,50409100.0,279.3894873363706,279.3894873363706,272.0993337942639
2025-12-16 05:00:00,272.82000732421875,275.5,271.7900085449219,274.6099853515625,273.8645324707031,37648600.0,272.07941349564567,274.752131096348,271.0522107383373
2025-12-17 05:00:00,275.010009765625,276.1600036621094,271.6400146484375,271.8399963378906,271.10205078125,50138700.0,274.2634587890498,275.41033087528734,270.9026119684932
2025-12-18 05:00:00,273.6099853515625,273.6300048828125,266.95001220703125,272.19000244140625,271.4511413574219,51630700.0,272.8672697170699,272.88723490520505,266.22537510199504
2025-12-19 05:00:00,272.1499938964844,274.6000061035156,269.8999938964844,273.6700134277344,272.9271240234375,144632000.0,271.4112306527045,273.8545921928022,269.1673383776201
2025-12-22 05:00:00,272.8599853515625,273.8800048828125,270.510009765625,270.9700012207031,270.23443603515625,36571800.0,272.1192896847017,273.13654030849926,269.7756932559407
2025-12-23 05:00:00,270.8399963378906,272.5,269.55999755859375,272.3599853515625,271.62066650390625,29642000.0,270.1048034873943,271.7603010837797,268.8282792538215
2025-12-24 05:00:00,272.3399963378906,275.42999267578125,272.20001220703125,273.80999755859375,273.06671142578125,17910600.0,271.60070067851706,274.6823088952694,271.46109654935304
2025-12-26 05:00:00,274.1600036621094,275.3699951171875,272.8599853515625,273.3999938964844,272.6578063964844,21521800.0,273.4157529954652,274.6224597374741,272.11926379011726
2025-12-29 05:00:00,272.69000244140625,274.3599853515625,272.3500061035156,273.760009765625,273.0168762207031,23715200.0,271.9497734782625,273.61522314661676,271.6107000753325
2025-12-30 05:00:00,272.80999755859375,274.0799865722656,272.2799987792969,273.0799865722656,272.33868408203125,22139600.0,272.06942798009953,273.3359694836473,271.54086793463244
2025-12-31 05:00:00,273.05999755859375,273.67999267578125,271.75,271.8599853515625,271.12200927734375,27293600.0,272.3187639976345,272.9370761103812,271.0123224859311
2026-01-02 05:00:00,272.260009765625,277.8399963378906,269.0,271.010009765625,270.2743225097656,37838100.0,271.52092924369913,277.0857683126949,268.2697691424855
2026-01-05 05:00:00,270.6400146484375,271.510009765625,266.1400146484375,267.260009765625,266.5345153808594,45647200.0,269.9053450243044,270.7729784841199,265.41756056202854
2026-01-06 05:00:00,267.0,267.54998779296875,262.1199951171875,262.3599853515625,261.6477966308594,52352100.0,266.27521573774703,266.82371056256306,261.40845786144683
2026-01-07 05:00:00,263.20001220703125,263.67999267578125,259.80999755859375,260.3299865722656,259.623291015625,48309800.0,262.48552563718374,262.964203143993,259.1047135716701
2026-01-08 05:00:00,257.0199890136719,259.2900085449219,255.6999969482422,259.0400085449219,258.3368225097656,50419300.0,256.3222864925608,258.58614386359903,255.00587765735156
2026-01-09 05:00:00,259.0799865722656,260.2099914550781,256.2200012207031,259.3699951171875,258.6659240722656,39997000.0,258.3767027680543,259.5036402038468,255.52448097015204
2026-01-12 05:00:00,259.1600036621094,261.29998779296875,256.79998779296875,260.25,259.54351806640625,45263800.0,258.45648066308013,260.5906555331263,256.1028713590674
2026-01-13 05:00:00,258.7200012207031,261.80999755859375,258.3900146484375,261.04998779296875,260.3413391113281,45730800.0,258.0176775418968,261.0992857475004,257.6885867541948
2026-01-14 05:00:00,259.489990234375,261.82000732421875,256.7099914550781,259.9599914550781,259.25433349609375,40019400.0,258.78560808748875,261.10930037675524,256.0131555781144
2026-01-15 05:00:00,260.6499938964844,261.0400085449219,257.04998779296875,258.2099914550781,257.5090637207031,39388600.0,259.9424426175537,260.3313985459844,256.35220896361545
2026-01-16 05:00:00,257.8999938964844,258.8999938964844,254.92999267578125,255.52999877929688,254.8363494873047,72142800.0,257.1999111311508,258.1971965798445,254.23797213114116
2026-01-20 05:00:00,252.72999572753906,254.7899932861328,243.4199981689453,246.6999969482422,246.0303192138672,80267500.0,252.04394930256512,254.09835490933511,242.75922413209136
2026-01-21 05:00:00,248.6999969482422,251.55999755859375,245.17999267578125,247.64999389648438,246.97775268554688,54641700.0,248.02490552393743,250.8771427168815,244.51445623630568
2026-01-22 05:00:00,249.1999969482422,251.0,248.14999389648438,248.35000610351562,247.67584228515625,39708300.0,248.52352576906395,250.31864258405668,247.47637302553753
2026-01-23 05:00:00,247.32000732421875,249.41000366210938,244.67999267578125,248.0399932861328,247.36668395996094,41689000.0,246.6486524137701,248.7329754164565,244.01580413580567
2026-01-26 05:00:00,251.47999572753906,256.55999755859375,249.8000030517578,255.41000366210938,254.7166748046875,55969200.0,250.7973351598156,255.86354695988197,249.12190294519746
2026-01-27 05:00:00,259.1700134277344,261.95001220703125,258.2099914550781,258.2699890136719,257.5688781738281,49648300.0,258.4664593428383,261.23891141767155,257.50904348719195
2026-01-28 05:00:00,257.6499938964844,258.8599853515625,254.50999450683594,256.44000244140625,255.743896484375,41288000.0,256.95060341967536,258.15731035497566,253.8191275531099
2026-01-29 05:00:00,258.0,259.6499938964844,254.41000366210938,258.2799987792969,257.5788879394531,67253000.0,257.29964922744847,258.94516415300217,253.7193980705993
2026-01-30 05:00:00,255.1699981689453,261.8999938964844,252.17999267578125,259.4800109863281,258.775634765625,92443400.0,254.47732177254832,261.1890484668085,251.49543285360957
2026-02-02 05:00:00,260.0299987792969,270.489990234375,259.2099914550781,270.010009765625,269.2770690917969,73913400.0,259.3241487899344,269.7557466562268,258.50636737104884
2026-02-03 05:00:00,269.20001220703125,271.8800048828125,267.6099853515625,269.4800109863281,268.7485046386719,64394700.0,268.4692659190308,271.1419837262723,266.88355520832346
2026-02-04 05:00:00,272.2900085449219,278.95001220703125,272.2900085449219,276.489990234375,275.7394104003906,90545700.0,271.55083028665655,278.19275421850585,271.55083028665655
2026-02-05 05:00:00,278.1300048828125,279.5,273.2300109863281,275.9100036621094,275.1610412597656,52977400.0,277.37501624935936,278.7412924914769,272.48832346973
2026-02-06 05:00:00,277.1199951171875,280.9100036621094,276.92999267578125,278.1199951171875,277.364990234375,50453400.0,276.3677049075235,280.1474248180158,276.1782182606431
2026-02-09 05:00:00,277.9100036621094,278.20001220703125,271.70001220703125,274.6199951171875,274.13079833984375,44623400.0,277.41494619870406,277.70443813431814,271.2160169672847
2026-02-10 05:00:00,274.8900146484375,275.3699951171875,272.94000244140625,273.67999267578125,273.19244384765625,34376900.0,274.40031021957236,274.87943562430115,272.4537718732244
2026-02-11 05:00:00,274.70001220703125,280.17999267578125,274.45001220703125,275.5,275.00921630859375,51931300.0,274.2106536370846,279.6808719096702,273.9610989943363
2026-02-12 05:00:00,275.5899963378906,275.7200012207031,260.17999267578125,261.7300109863281,261.2637634277344,81077200.0,275.0990585104662,275.22883180172755,259.71650632997444
2026-02-13 05:00:00,262.010009765625,262.2300109863281,255.4499969482422,255.77999877929688,255.32435607910156,56290700.0,261.5432690161623,261.7628783299504,254.9949421084194
2026-02-17 05:00:00,258.04998779296875,266.2900085449219,255.5399932861328,263.8800048828125,263.4099426269531,58469100.0,257.5903108294174,265.8156532326085,255.08478749757862
2026-02-18 05:00:00,263.6000061035156,266.82000732421875,262.45001220703125,264.3500061035156,263.8791198730469,34203300.0,263.13045584681157,266.3447212846438,261.9825104325609
2026-02-19 05:00:00,262.6000061035156,264.4800109863281,260.04998779296875,260.5799865722656,260.11578369140625,30845300.0,262.13220471573277,264.00886051677537,259.5867290635135
2026-02-20 05:00:00,258.9700012207031,264.75,258.1600036621094,264.5799865722656,264.1086730957031,42070500.0,258.50868117461044,264.2783836675007,257.7001265171608
2026-02-23 05:00:00,263.489990234375,269.42999267578125,263.3800048828125,266.17999267578125,265.705810546875,37308200.0,263.0206001676805,268.95002088588865,262.91081074777924
2026-02-24 05:00:00,267.8599853515625,274.8900146484375,267.7099914550781,272.1400146484375,271.6552429199219,47014600.0,267.38283777638213,274.4003442568012,267.233111068832
2026-02-25 05:00:00,271.7799987792969,274.94000244140625,271.04998779296875,274.2300109863281,273.74151611328125,33714300.0,271.29586819299504,274.45024283739696,270.567157599074
2026-02-26 05:00:00,274.95001220703125,276.1099853515625,270.79998779296875,272.95001220703125,272.4637756347656,32345100.0,274.4602128097023,275.61811956353745,270.31758130113775
2026-02-27 05:00:00,272.80999755859375,272.80999755859375,262.8900146484375,264.17999267578125,263.70941162109375,72366500.0,272.3240439665745,272.3240439665745,262.4217314181026
2026-03-02 05:00:00,262.4100036621094,266.5299987792969,260.20001220703125,264.7200012207031,264.2484130859375,41827900.0,261.94253069595567,266.05518620599753,259.73647625260065
2026-03-03 05:00:00,263.4800109863281,265.55999755859375,260.1300048828125,263.75,263.2801818847656,38568900.0,263.0106738027697,265.08695529305965,259.6666350681776
2026-03-04 05:00:00,264.6499938964844,266.1499938964844,261.4200134277344,262.5199890136719,262.0523376464844,39803100.0,264.17854815272653,265.67587606267574,260.95432154975975
2026-03-05 05:00:00,260.7900085449219,261.55999755859375,257.25,260.2900085449219,259.8263244628906,49658600.0,260.3254337562426,261.09405110124777,256.79173142961054
2026-03-06 05:00:00,258.6300048828125,258.7699890136719,254.3699951171875,257.4599914550781,257.0013427734375,41120000.0,258.16927189629365,258.3090066542827,253.916851068475
2026-03-09 04:00:00,255.69000244140625,261.1499938964844,253.67999267578125,259.8800048828125,259.41705322265625,38218500.0,255.2345148744848,260.68477987096253,253.22808575123491
2026-03-10 04:00:00,257.6499938964844,262.4800109863281,256.95001220703125,260.8299865722656,260.3653564453125,30590800.0,257.19102845716964,262.01244158439727,256.4922936817907
2026-03-11 04:00:00,261.0899963378906,262.1300048828125,259.54998779296875,260.80999755859375,260.34539794921875,26218900.0,260.624897946549,261.6630538494394,259.08763272962494
2026-03-12 04:00:00,258.6600036621094,258.95001220703125,254.17999267578125,255.75999450683594,255.3043975830078,40794000.0,258.1992408199258,258.48873275942157,253.7272102811576
2026-03-13 04:00:00,255.47999572753906,256.3299865722656,249.52000427246094,250.1199951171875,249.6744384765625,36930000.0,255.024890934378,255.87336762960538,249.07551643845036
2026-03-16 04:00:00,252.11000061035156,253.88999938964844,249.8800048828125,252.82000732421875,252.36964416503906,32074200.0,251.66090222791988,253.43773019062647,249.4348789230203
2026-03-17 04:00:00,252.9600067138672,255.1300048828125,252.17999267578125,254.22999572753906,253.77711486816406,32361600.0,252.5093881906664,254.67552076289968,251.7307636559193
2026-03-18 04:00:00,252.6300048828125,254.94000244140625,249.0,249.94000244140625,249.49476623535156,35757900.0,252.1799767808244,254.48585937367065,248.55643828829037
2026-03-19 04:00:00,249.39999389648438,251.8300018310547,247.3000030517578,248.9600067138672,248.5165252685547,34864100.0,248.95572868612365,251.38140795985734,246.85947863088072
2026-03-20 04:00:00,247.97999572753906,249.1999969482422,246.0,247.99000549316406,247.54823303222656,88331100.0,247.53824109812177,248.75606899357115,245.56177255944445
2026-03-23 04:00:00,253.97000122070312,254.60000610351562,250.27999877929688,251.49000549316406,251.04200744628906,40546100.0,253.51758537106093,254.14646797882926,249.83415620831627
2026-03-24 04:00:00,250.35000610351562,254.8300018310547,249.5500030517578,251.63999938964844,251.1917266845703,45152300.0,249.90403139868116,254.37604644028636,249.10545347620703
2026-03-25 04:00:00,254.10000610351562,255.0,251.60000610351562,252.6199951171875,252.16998291015625,28476700.0,253.6473574345128,254.5457480998694,251.15181088451408
2026-03-26 04:00:00,252.1199951171875,257.0,250.77000427246094,252.88999938964844,252.43951416015625,41796700.0,251.67088153367666,256.5421934269488,250.32329549316128
2026-03-27 04:00:00,253.89999389648438,255.49000549316406,248.07000732421875,248.8000030517578,248.35679626464844,47900000.0,253.4477020992108,255.03488128462607,247.6281009352486
2026-03-30 04:00:00,250.07000732421875,250.8699951171875,245.50999450683594,246.6300048828125,246.19065856933594,39446200.0,249.62453299565456,250.4230956915925,245.07264337813007
2026-03-31 04:00:00,247.91000366210938,255.47999572753906,247.10000610351562,253.7899932861328,253.33790588378906,49598100.0,247.4683905467953,255.02489784868362,246.65983587287727
2026-04-01 04:00:00,254.0800018310547,256.17999267578125,253.3300018310547,255.6300048828125,255.1746368408203,40059400.0,253.6273948962928,255.72364490973627,252.8787309132899
2026-04-02 04:00:00,254.1999969482422,256.1300048828125,250.64999389648438,255.9199981689453,255.464111328125,31289400.0,253.74717405681358,255.6737439434535,250.20349485503914
2026-04-06 04:00:00,256.510009765625,262.1600036621094,256.4599914550781,258.8599853515625,258.39886474609375,29329900.0,256.0530752925303,261.6930045642991,256.0031460821725
2026-04-07 04:00:00,256.1600036621094,256.20001220703125,245.6999969482422,253.5,253.0484161376953,62148000.0,255.70368128016966,255.7436185540334,245.2623079794448
2026-04-08 04:00:00,258.45001220703125,259.75,256.5299987792969,258.8999938964844,258.4388122558594,41032800.0,257.9896321241455,259.28730423338584,256.07303883918246
2026-04-09 04:00:00,259.0,261.1199951171875,256.07000732421875,260.489990234375,260.0259704589844,28121600.0,258.5386343954405,260.6548530924392,255.61386101634736
2026-04-10 04:00:00,259.9800109863281,262.19000244140625,259.0199890136719,260.4800109863281,260.0159912109375,31291500.0,259.5168819122501,261.7229364827484,258.5585701252562
2026-04-13 04:00:00,259.7300109863281,260.17999267578125,256.6600036621094,259.20001220703125,258.73828125,36234700.0,259.2673359057164,259.71651601158027,256.2027973984465
2026-04-14 04:00:00,259.25,261.92999267578125,257.19000244140625,258.8299865722656,258.3689270019531,48370700.0,258.7881922504944,261.4634109961452,256.7318642110386
2026-04-15 04:00:00,258.1600036621094,266.55999755859375,257.80999755859375,266.42999267578125,265.95538330078125,49913500.0,257.7001261657452,266.08515659729386,257.35074355126085
2026-04-16 04:00:00,266.79998779296875,267.1600036621094,261.2699890136719,263.3999938964844,262.9307861328125,43323100.0,266.3247234477873,266.68409800240715,260.80457553569033
2026-04-17 04:00:00,266.9599914550781,272.29998779296875,266.7200012207031,270.2300109863281,269.7486267089844,61436200.0,266.4844323486072,271.8149160854778,266.24486962975914
2026-04-20 04:00:00,270.3299865722656,274.2799987792969,270.2900085449219,273.04998779296875,272.5635681152344,36590200.0,269.84841238867654,273.7913879220191,269.80850557942483
2026-04-21 04:00:00,271.5,272.79998779296875,265.3999938964844,266.1700134277344,265.69586181640625,50209800.0,271.0163536236942,272.3140256362382,264.9272139873882
2026-04-22 04:00:00,267.82000732421875,273.739990234375,266.8699951171875,273.1700134277344,272.68341064453125,43249200.0,267.3429346055621,273.2523721409737,266.39461467279705
2026-04-23 04:00:00,275.04998779296875,275.7699890136719,271.6499938964844,273.42999267578125,272.9429016113281,33399600.0,274.56001085217736,275.2787294551341,271.1660737405759
2026-04-24 04:00:00,272.760009765625,273.05999755859375,269.6499938964844,271.05999755859375,270.5771179199219,38157100.0,272.2741016414235,272.5735550213531,269.16962610782736
2026-04-27 04:00:00,266.0899963378906,268.3599853515625,265.07000732421875,267.6099853515625,267.1332702636719,41466800.0,265.6159889280984,267.88193422863776,264.59781690250213
2026-04-28 04:00:00,272.3399963378906,273.2300109863281,268.6600036621094,270.7099914550781,270.2277526855469,40018900.0,271.8548539018017,272.7432830913257,268.181416710472
2026-04-29 04:00:00,267.54998779296875,271.0400085449219,267.0400085449219,270.1700134277344,269.688720703125,30047900.0,267.07336249706583,270.55716597281076,266.56429174844374
2026-04-30 04:00:00,270.5,276.0,268.1400146484375,271.3500061035156,270.86663818359375,91848200.0,270.018146234023,275.50834883767226,267.6623648300734
2026-05-01 04:00:00,278.8599853515625,287.2200012207031,278.3699951171875,280.1400146484375,279.6409912109375,79915400.0,278.3632420760759,286.70836594964845,277.8741246788477
2026-05-04 04:00:00,279.6600036621094,280.6300048828125,274.8599853515625,276.8299865722656,276.3368225097656,46668400.0,279.16179801165765,280.13007120517506,274.3703307853319
2026-05-05 04:00:00,276.92999267578125,284.57000732421875,276.5,284.17999267578125,283.67376708984375,49311700.0,276.43668191704,284.0630869835518,276.00745521106614
2026-05-06 04:00:00,281.9200134277344,288.0299987792969,281.07000732421875,287.510009765625,286.99786376953125,58336100.0,281.4178249779708,287.5169265187869,280.5693330033821
2026-05-07 04:00:00,289.2699890136719,292.1300048828125,285.7799987792969,287.44000244140625,286.927978515625,45224300.0,288.75470528792926,291.6096265406606,285.2709318587503
2026-05-08 04:00:00,290.010009765625,294.760009765625,290.0,293.32000732421875,292.7974853515625,52692800.0,289.49338424193445,294.2349225642168,289.48339230776435
2026-05-11 04:00:00,291.9800109863281,293.8800048828125,290.2300109863281,292.67999267578125,292.42779541015625,42247300.0,291.72841688276577,293.6267735875138,289.979924827367
2026-05-12 04:00:00,292.55999755859375,295.2699890136719,292.55999755859375,294.79998779296875,294.54595947265625,45748100.0,292.3078994315659,295.0155556946294,292.3078994315659
2026-05-13 04:00:00,293.5,300.9200134277344,293.5,298.8699951171875,298.6124572753906,52684300.0,293.24708951115105,300.6607090744109,293.24708951115105
2026-05-14 04:00:00,299.82000732421875,300.45001220703125,295.3800048828125,298.2099914550781,297.9530334472656,35324900.0,299.5616620172475,300.1911240450107,295.12548538387824
2026-05-15 04:00:00,297.8999938964844,303.20001220703125,296.5199890136719,300.2300109863281,299.9713134765625,54862800.0,297.643304079477,302.93875555297063,296.26448829773227
2026-05-18 04:00:00,300.239990234375,300.6600036621094,294.9100036621094,297.8399963378906,297.5833435058594,34483000.0,299.98126929450746,300.4009207908792,294.6558756451712
2026-05-19 04:00:00,296.9700012207031,300.510009765625,296.3500061035156,298.9700012207031,298.7123718261719,42243600.0,296.7140952726279,300.2510533099592,296.09463441963413
2026-05-20 04:00:00,298.17999267578125,302.79998779296875,298.0799865722656,302.25,301.98956298828125,38229800.0,297.9230626302997,302.5390768782648,297.82314269813475
2026-05-21 04:00:00,301.05999755859375,305.5400085449219,300.3999938964844,304.989990234375,304.7271728515625,42965100.0,300.80056674721834,305.27671719779084,300.1411318265125
2026-05-22 04:00:00,306.1199951171875,311.3999938964844,305.8399963378906,308.82000732421875,308.55389404296875,43670200.0,305.85620846339293,311.13165741506583,305.57645096183757
2026-05-26 04:00:00,309.55999755859375,311.82000732421875,307.6700134277344,308.3299865722656,308.0643005371094,48000500.0,309.29325163060713,311.5513139598484,307.4048960873393
2026-05-27 04:00:00,308.3299865722656,313.260009765625,308.29998779296875,310.8500061035156,310.5821533203125,50430900.0,308.0643052358437,312.9900803339556,308.0343323058515
2026-05-28 04:00:00,310.67999267578125,312.79998779296875,309.57000732421875,312.510009765625,312.24072265625,48220400.0,310.412282475935,312.5304508120942,309.30325358892543
2026-05-29 04:00:00,311.7799987792969,315.0,309.5299987792969,312.05999755859375,311.7911071777344,70026800.0,311.5113496628706,314.7285763294451,309.2632884033746
2026-06-01 04:00:00,309.6300048828125,310.94000244140625,305.0199890136719,306.30999755859375,306.0460510253906,48849900.0,309.363197507879,310.67206624496237,304.7571540774977
2026-06-02 04:00:00,307.4599914550781,315.45001220703125,306.69000244140625,315.20001220703125,314.92840576171875,44534700.0,307.1950545511415,315.1781903378333,306.42572903356995
2026-06-03 04:00:00,314.17999267578125,316.94000244140625,308.8500061035156,310.260009765625,309.9926452636719,50836700.0,313.9092501546009,316.6668815001487,308.5838566628498
2026-06-04 04:00:00,313.2300109863281,313.5400085449219,309.6499938964844,311.2300109863281,310.9618225097656,44869100.0,312.96009909963743,313.26982953176514,309.38316692864953
2026-06-05 04:00:00,312.8599853515625,315.1700134277344,307.1499938964844,307.3399963378906,307.0751647949219,65310500.0,312.5903972939029,314.8984348439246,306.8853260765596
2026-06-08 04:00:00,308.739990234375,317.3999938964844,301.1700134277344,301.5400085449219,301.2801818847656,77949100.0,308.4739595974908,317.1265012321255,300.9105055796523
2026-06-09 04:00:00,300.2799987792969,300.75,287.7799987792969,290.54998779296875,290.29962158203125,70108800.0,300.0212482417878,300.4908444635933,287.5320194610898
2026-06-10 04:00:00,290.739990234375,294.75,287.3800048828125,291.5799865722656,291.3287353515625,52793300.0,290.4894628291428,294.4960172141002,287.1323727394638
2026-06-11 04:00:00,293.7200012207031,297.0,289.5899963378906,295.6300048828125,295.375244140625,42572500.0,293.4668864344149,296.7440586571729,289.3404406054596
2026-06-12 04:00:00,296.0299987792969,297.1400146484375,289.6199951171875,291.1300048828125,290.879150390625,38742100.0,295.7749221682621,296.88398158337014,289.3704417369658
2026-06-15 04:00:00,294.1199951171875,297.7799987792969,291.70001220703125,296.4200134277344,296.1645812988281,45732600.0,293.8665449684006,297.5233947188816,291.4486474146935
2026-06-16 04:00:00,295.25,300.4800109863281,293.9700012207031,299.239990234375,298.9821472167969,39874400.0,294.99559499590845,300.2210994929347,293.71669913987887
2026-06-17 04:00:00,300.8500061035156,302.07000732421875,294.3599853515625,295.95001220703125,295.6949768066406,42745100.0,300.59074812548096,301.8096980081642,294.10632015937927
2026-06-18 04:00:00,298.1099853515625,300.57000732421875,295.6199951171875,298.010009765625,297.7532043457031,85962200.0,297.8530937792582,300.31099586682666,295.3652492546472
2026-06-22 04:00:00,297.30999755859375,302.4200134277344,296.760009765625,297.010009765625,296.75408935546875,44879900.0,297.05381866220307,302.1594314563154,296.5043047694293
2026-06-23 04:00:00,297.5400085449219,301.6400146484375,294.17999267578125,294.29998779296875,294.04638671875,52010900.0,297.2836155142734,301.3800886038737,293.9264950024863
2026-06-24 04:00:00,295.3599853515625,299.70001220703125,292.94000244140625,293.0799865722656,292.8274230957031,53081900.0,295.1054570720635,299.4417438827621,292.68755959702736
2026-06-25 04:00:00,287.3999938964844,288.79998779296875,273.75,275.1499938964844,274.91290283203125,107013700.0,287.1523472601469,288.55113481081804,273.5141152813601
2026-06-26 04:00:00,275.0,285.95001220703125,274.2099914550781,283.7799987792969,283.53546142578125,261775500.0,274.7630284991681,285.70360492137456,273.9737007161028
2026-06-29 04:00:00,286.7300109863281,288.3699951171875,279.8500061035156,281.739990234375,281.4972229003906,66427000.0,286.4829438934296,288.12151489662153,279.6088673150861
2026-06-30 04:00:00,281.1700134277344,289.94000244140625,280.70001220703125,289.3599853515625,289.11065673828125,65100200.0,280.9277417485351,289.69017405322865,280.45814550695326
2026-07-01 04:00:00,293.44000244140625,296.5899963378906,289.20001220703125,294.3800048828125,294.1263427734375,50164200.0,293.1871503157195,296.33442991747245,288.95081360688545
2026-07-02 04:00:00,294.1199951171875,309.4200134277344,293.67999267578125,308.6300048828125,308.3640441894531,75352800.0,293.866538367699,309.15337194761725,293.4269150966668
2026-07-06 04:00:00,307.3599853515625,314.20001220703125,307.0,312.6600036621094,312.3905944824219,53590000.0,307.0951430290638,313.9292760509671,306.7354678654279
2026-07-07 04:00:00,315.2900085449219,315.4800109863281,310.1499938964844,310.6600036621094,310.3923034667969,42490000.0,315.0183186077797,315.20815732134815,309.88273318392555
2026-07-08 04:00:00,311.9100036621094,314.82000732421875,307.04998779296875,313.3900146484375,313.1199645996094,41323500.0,311.6412289475945,314.5487250421545,306.7854009831778
2026-07-09 04:00:00,310.510009765625,316.5299987792969,308.1600036621094,316.2200012207031,315.947509765625,48124500.0,310.24243869469103,316.2572401947346,307.8944576262147
2026-07-10 04:00:00,314.7200012207031,316.9100036621094,312.1700134277344,315.32000732421875,315.0483093261719,34132300.0,314.4488202226986,316.6369356310425,311.9010296470402
2026-07-13 04:00:00,317.0199890136719,323.45001220703125,315.7799987792969,317.30999755859375,317.03656005859375,43257800.0,316.7468014245228,323.171283634363,315.5078797345754
2026-07-14 04:00:00,313.760009765625,316.19000244140625,311.9100036621094,314.8599853515625,314.58868408203125,36336800.0,313.48965629761443,315.91755515351207,311.64124426456783
2026-07-15 04:00:00,317.6199951171875,328.7300109863281,317.32000732421875,327.5,327.2178039550781,60957600.0,317.34631234952286,328.44675508114506,317.0465830462295
2026-07-16 04:00:00,328.010009765625,334.67999267578125,326.7900085449219,333.260009765625,332.97283935546875,62970600.0,327.72736328456057,334.3915986652446,326.50841333986017
2026-07-17 04:00:00,331.9800109863281,334.989990234375,329.0,333.739990234375,333.452392578125,63407100.0,331.693929977533,334.7013154010385,328.71648699084636
2026-07-20 04:00:00,333.510009765625,333.7099914550781,323.67999267578125,326.5899963378906,326.3085632324219,53468000.0,333.2226134619852,333.4224228207836,323.4010672140761
2026-07-21 04:00:00,323.1300048828125,329.6000061035156,322.2200012207031,327.739990234375,327.45758056640625,41338900.0,322.85156758462244,329.3159936819017,321.94234806189104
2026-07-22 04:00:00,327.8699951171875,329.0,323.3399963378906,325.8900146484375,325.60919189453125,38755900.0,327.58746619388995,328.7164973399543,323.0613709608057
2026-07-23 04:00:00,321.7300109863281,323.29998779296875,319.3500061035156,321.6600036621094,321.3828430175781,40840800.0,321.4527900194849,323.0214140443725,319.0748358849152
2026-07-24 04:00:00,321.7900085449219,334.3699951171875,321.6199951171875,333.0199890136719,332.7330322265625,47489400.0,321.5127284115298,334.0818750563203,321.3428614810286
2026-07-27 04:00:00,334.5400085449219,339.57000732421875,334.0199890136719,336.9100036621094,336.61968994140625,49604300.0,334.2517370375488,339.277401491225,333.73216560461384
2026-07-28 04:00:00,340.0299987792969,342.8900146484375,335.6000061035156,340.0799865722656,339.78692626953125,51859000.0,339.73698155301014,342.59453283396704,335.31080637618777
2026-07-29 04:00:00,339.7300109863281,344.57000732421875,337.3500061035156,338.19000244140625,337.8985900878906,56090800.0,339.43727163464206,344.2730974331505,337.0593175600121
2026-07-30 04:00:00,333.1000061035156,334.75,329.5899963378906,333.42999267578125,333.1426696777344,74817800.0,332.8129674612056,334.4615395264105,329.30598233808786
2026-07-31 04:00:00,304.80999755859375,310.69000244140625,300.0,308.9100036621094,308.6438293457031,132489100.0,304.54735603914753,310.4222943774597,299.7415030462749
2026-08-03 04:00:00,309.5799865722656,311.79998779296875,302.55999755859375,303.4200134277344,303.1585693359375,75052000.0,309.313234694189,311.5313230344714,302.29929450581176
2026-08-04 04:00:00,302.7300109863281,310.4200134277344,301.32000732421875,309.3800048828125,309.1134033203125,68001000.0,302.46913991298527,310.1525156602479,301.0603512911937
2026-08-05 04:00:00,309.3599853515625,311.7099914550781,305.6700134277344,311.0,310.7320251464844,49438800.0,309.09342362565195,311.4414048335362,305.40663118634393
2026-08-06 04:00:00,314.3399963378906,316.2900085449219,309.2300109863281,312.4100036621094,312.14080810546875,46139900.0,314.06913775686996,316.0174696892129,308.96355554648414
2026-08-07 04:00:00,311.45001220703125,314.80999755859375,310.739990234375,313.3299865722656,313.05999755859375,34437200.0,311.1816431226555,314.53873325457766,310.47223295908327
2026-08-10 04:00:00,306.8299865722656,308.260009765625,304.6099853515625,308.260009765625,308.260009765625,44812500.0,306.8299865722656,308.260009765625,304.6099853515625
2026-08-11 04:00:00,307.75,309.9700012207031,302.7900085449219,304.9100036621094,304.9100036621094,37476700.0,307.75,309.9700012207031,302.7900085449219
2026-08-12 04:00:00,305.1000061035156,305.6600036621094,300.57000732421875,302.25,302.25,41657800.0,305.1000061035156,305.6600036621094,300.57000732421875
2026-08-13 04:00:00,304.2099914550781,306.0,302.04998779296875,305.260009765625,305.260009765625,40349300.0,304.2099914550781,306.0,302.04998779296875
2026-08-14 04:00:00,306.0,307.489990234375,304.29998779296875,305.92999267578125,305.92999267578125,28229400.0,306.0,307.489990234375,304.29998779296875
2026-08-17 04:00:00,306.2099914550781,307.6600036621094,302.94000244140625,305.5899963378906,305.5899963378906,38169300.0,306.2099914550781,307.6600036621094,302.94000244140625
2026-08-18 04:00:00,307.5799865722656,311.489990234375,305.739990234375,310.0299987792969,310.0299987792969,53424500.0,307.5799865722656,311.489990234375,305.739990234375
2026-08-19 04:00:00,310.1400146484375,319.2799987792969,309.6000061035156,316.8299865722656,316.8299865722656,50505600.0,310.1400146484375,319.2799987792969,309.6000061035156
2026-08-20 04:00:00,317.4599914550781,320.2799987792969,310.6499938964844,311.29998779296875,311.29998779296875,40959200.0,317.4599914550781,320.2799987792969,310.6499938964844
2026-08-21 04:00:00,312.04998779296875,312.3800048828125,307.010009765625,309.3500061035156,309.3500061035156,46876800.0,312.04998779296875,312.3800048828125,307.010009765625
2026-08-24 04:00:00,311.4700012207031,313.3599853515625,309.9700012207031,310.3399963378906,310.3399963378906,34673600.0,311.4700012207031,313.3599853515625,309.9700012207031
2026-08-25 04:00:00,310.7900085449219,313.5899963378906,308.2099914550781,309.8999938964844,309.8999938964844,25869800.0,310.7900085449219,313.5899963378906,308.2099914550781
2026-08-26 04:00:00,310.29998779296875,315.42999267578125,308.79998779296875,313.45001220703125,313.45001220703125,34024500.0,310.29998779296875,315.42999267578125,308.79998779296875
2026-08-27 04:00:00,310.54998779296875,315.3999938964844,309.3999938964844,314.5799865722656,314.5799865722656,32419200.0,310.54998779296875,315.3999938964844,309.3999938964844
2026-08-28 04:00:00,316.8500061035156,322.3699951171875,315.45001220703125,319.70001220703125,319.70001220703125,38649400.0,316.8500061035156,322.3699951171875,315.45001220703125
2026-08-31 04:00:00,319.6000061035156,321.239990234375,312.79998779296875,316.8500061035156,316.8500061035156,41242700.0,319.6000061035156,321.239990234375,312.79998779296875
2026-09-01 04:00:00,316.9800109863281,327.29998779296875,314.7300109863281,325.1300048828125,325.1300048828125,53167400.0,316.9800109863281,327.29998779296875,314.7300109863281
2026-09-02 04:00:00,326.8699951171875,328.3999938964844,323.5299987792969,324.9599914550781,324.9599914550781,33776400.0,326.8699951171875,328.3999938964844,323.5299987792969
2026-09-03 04:00:00,324.8699951171875,330.80999755859375,324.1099853515625,328.2099914550781,328.2099914550781,37225800.0,324.8699951171875,330.80999755859375,324.1099853515625
2026-09-04 04:00:00,328.30999755859375,328.92999267578125,317.8599853515625,319.9700012207031,319.9700012207031,39606900.0,328.30999755859375,328.92999267578125,317.8599853515625
2026-09-08 04:00:00,317.1000061035156,320.70001220703125,314.8999938964844,316.2200012207031,316.2200012207031,35477100.0,317.1000061035156,320.70001220703125,314.8999938964844
2026-09-09 04:00:00,315.489990234375,319.1499938964844,309.8999938964844,315.3399963378906,315.3399963378906,65640000.0,315.489990234375,319.1499938964844,309.8999938964844
2026-09-10 04:00:00,316.6700134277344,326.739990234375,316.510009765625,326.57000732421875,326.57000732421875,70011900.0,316.6700134277344,326.739990234375,316.510009765625
2026-09-11 04:00:00,327.45001220703125,336.2200012207031,326.29998779296875,332.2699890136719,332.2699890136719,50659000.0,327.45001220703125,336.2200012207031,326.29998779296875
