timestamp,open,high,low,close,adjusted_close,volume,adj_open,adj_high,adj_low
2021-01-04 05:00:00,88.0,88.12449645996094,85.35700225830078,86.30650329589844,85.49297332763672,37324000.0,87.17050703628225,87.29382998558926,84.5524223403769
2021-01-05 05:00:00,86.25450134277344,87.34149932861328,85.84500122070312,87.00250244140625,86.18241882324219,20360000.0,85.44146836602938,86.51822033346573,85.03582818283809
2021-01-06 05:00:00,85.01300048828125,87.19850158691406,84.80500030517578,86.14399719238281,85.3320083618164,46588000.0,84.21167237373766,86.3765730528506,84.00563278952406
2021-01-07 05:00:00,86.33799743652344,88.89099884033203,86.33799743652344,88.71700286865234,87.88074493408203,41936000.0,85.5241643146122,88.05310079724593,85.5241643146122
2021-01-08 05:00:00,88.85800170898438,89.96800231933594,88.06099700927734,89.8915023803711,89.044189453125,35484000.0,88.02043050877582,89.11996830738771,87.23093833658534
2021-01-11 05:00:00,88.85099792480469,89.21900177001953,87.60700225830078,87.81449890136719,86.98677062988281,34796000.0,88.01349974566499,88.37803483355034,86.78122982372093
2021-01-12 05:00:00,87.26799774169922,88.3949966430664,85.81900024414062,86.87149810791016,86.0526351928711,29528000.0,86.44539736554796,87.5617730173371,85.0100583214589
2021-01-13 05:00:00,86.36599731445312,87.81950378417969,86.36599731445312,87.36250305175781,86.53900909423828,23432000.0,85.55189659115467,86.99170205927044,85.55189659115467
2021-01-14 05:00:00,87.44349670410156,88.37750244140625,86.30349731445312,86.5459976196289,85.730224609375,29212000.0,86.61926396665082,87.54446586908304,85.4900100852796
2021-01-15 05:00:00,86.45099639892578,87.38099670410156,85.58550262451172,86.38099670410156,85.56676483154297,31444000.0,85.63610470551805,86.557338778318,84.77876912148749
2021-01-19 05:00:00,87.1500015258789,90.19200134277344,86.6415023803711,89.22350311279297,88.38249969482422,41660000.0,86.3285425313067,89.3418690485188,85.82483640002144
2021-01-20 05:00:00,91.31849670410156,94.98600006103516,90.97550201416016,94.00350189208984,93.11741638183594,64152000.0,90.45772029557415,94.09065343418634,90.11795870459963
2021-01-21 05:00:00,94.68250274658203,96.60399627685547,93.97049713134766,94.2074966430664,93.31949615478516,58634000.0,93.7900248476181,95.69340636712899,93.084730602036
2021-01-22 05:00:00,94.572998046875,95.21949768066406,93.82499694824219,94.62799835205078,93.73602294921875,32744000.0,93.68154108383055,94.3219467308364,92.94059073754262
2021-01-25 05:00:00,95.63700103759766,96.09100341796875,92.95800018310547,94.71399688720703,93.82122039794922,50586000.0,94.7355242882723,95.18524723091947,92.08177576243477
2021-01-26 05:00:00,94.29949951171875,95.7874984741211,93.80650329589844,95.39749908447266,94.49827575683594,31462000.0,93.41062600288265,94.8845989856594,92.92227680298997
2021-01-27 05:00:00,93.74549865722656,94.02349853515625,89.86399841308594,90.9469985961914,90.08973693847656,82512000.0,92.86185848412948,93.13723794973245,89.01694505852133
2021-01-28 05:00:00,91.55000305175781,94.39949798583984,91.55000305175781,92.66000366210938,91.78660583496094,55278000.0,90.68706790627243,93.50970397368559,90.68706790627243
2021-01-29 05:00:00,91.70099639892578,92.37699890136719,90.0780029296875,91.36799621582031,90.50675964355469,44530000.0,90.83662096022837,91.50625144946868,89.22892586011437
2021-02-01 05:00:00,92.22949981689453,95.7770004272461,92.22949981689453,94.65350341796875,93.76129150390625,40252000.0,91.36013676541516,94.8741983355262,91.36013676541516
2021-02-02 05:00:00,95.65650177001953,97.46849822998047,95.31849670410156,95.95600128173828,95.051513671875,66332000.0,94.75483726234779,96.54975372392136,94.42001825452009
2021-02-03 05:00:00,103.28050231933594,105.33100128173828,100.67749786376953,102.94400024414062,101.97364807128906,97882000.0,102.30697827129922,104.33814919011594,99.72850978697359
2021-02-04 05:00:00,103.03099822998047,103.46499633789062,101.75499725341797,102.68150329589844,101.713623046875,48596000.0,102.05982362673574,102.48973084988792,100.7958502900432
2021-02-05 05:00:00,102.97799682617188,104.7969970703125,102.5,104.44149780273438,103.45702362060547,29866000.0,102.00731772509081,103.80917192273347,101.53382653647111
2021-02-08 05:00:00,105.0,105.75,103.1675033569336,104.22599792480469,103.24356842041016,28828000.0,104.01027478733427,104.7532053215295,102.19505117407518
2021-02-09 05:00:00,103.73999786376953,104.92549896240234,103.5,103.76950073242188,102.79136657714844,21892000.0,102.76214180334384,103.93646833616009,102.52440616600971
2021-02-10 05:00:00,104.15699768066406,104.94400024414062,102.61199951171875,104.3239974975586,103.34063720703125,25102000.0,103.17521153407674,103.95479579411372,101.64477655178763
2021-02-11 05:00:00,104.55000305175781,104.69999694824219,103.44300079345703,104.4375,103.45307922363281,20480000.0,103.5645218292716,103.71310189348283,102.46795409901445
2021-02-12 05:00:00,103.9885025024414,104.9749984741211,103.67849731445312,104.75150299072266,103.76410675048828,18990000.0,103.00829836725484,103.98549554716894,102.7012153135399
2021-02-16 05:00:00,104.5875015258789,107.25700378417969,104.5875015258789,105.53500366210938,104.54022216796875,31004000.0,103.60165126363361,106.24599057738543,103.60165126363361
2021-02-17 05:00:00,104.6989974975586,106.12200164794922,104.4175033569336,105.93099975585938,104.9324951171875,20294000.0,103.71210570094998,105.12169662718253,103.43326492153011
2021-02-18 05:00:00,105.25,106.09950256347656,104.66649627685547,105.29049682617188,104.29801940917969,22546000.0,104.25790430962748,105.0993993877626,103.67990074352853
2021-02-19 05:00:00,105.3895034790039,105.92900085449219,104.17150115966797,104.44049835205078,103.45603942871094,37938000.0,104.39609920802339,104.93051126685963,103.18957781103883
2021-02-22 05:00:00,102.68000030517578,104.0165023803711,102.4000015258789,102.71299743652344,101.74483489990234,29466000.0,101.71214879624529,103.03605313530579,101.43478925769867
2021-02-23 05:00:00,100.69950103759766,103.625,99.5114974975586,103.00599670410156,102.0350570678711,34658000.0,99.7503025439711,102.6482256079866,98.5734971842508
2021-02-24 05:00:00,101.50199890136719,104.41600036621094,101.37650299072266,104.19049835205078,103.2083969116211,22608000.0,100.54523930328276,103.43177333989358,100.4209263192636
2021-02-25 05:00:00,102.79650115966797,104.1500015258789,100.32450103759766,100.79750061035156,99.84739685058594,41548000.0,101.82755508807736,103.16829754085796,99.3788557085443
2021-02-26 05:00:00,101.49749755859375,102.82599639892578,100.05049896240234,101.09549713134766,100.142578125,40042000.0,100.54078932464888,101.85676582886522,99.10743003489145
2021-03-01 05:00:00,102.4000015258789,103.8115005493164,101.72100067138672,103.48300170898438,102.50756072998047,26060000.0,101.43476901340017,102.83296310784887,100.76216848792156
2021-03-02 05:00:00,103.24199676513672,104.73699951171875,102.83350372314453,103.2239990234375,102.25100708007812,25564000.0,102.26883517462322,103.74974598869453,101.86419259805125
2021-03-03 05:00:00,102.59750366210938,103.79949951171875,99.69999694824219,100.57050323486328,99.62252044677734,33892000.0,101.63041426269442,102.82108003698221,98.76021959763636
2021-03-04 05:00:00,100.74349975585938,103.72949981689453,100.27149963378906,101.69650268554688,100.73789978027344,49216000.0,99.7938799655703,102.75173364734889,99.32632897081861
2021-03-05 05:00:00,103.05750274658203,105.30999755859375,101.38899993896484,104.85350036621094,103.86515808105469,53100000.0,102.08608941835445,104.3173523605475,100.43331380984755
2021-03-08 05:00:00,104.2030029296875,105.68699645996094,100.2594985961914,100.375,99.42886352539062,36868000.0,103.22078363369144,104.69078901545105,99.31445083979884
2021-03-09 05:00:00,102.48750305175781,103.19599914550781,101.77999877929688,102.01799774169922,101.05638122558594,33920000.0,101.52146100220388,102.22327884740525,100.82062562943396
2021-03-10 05:00:00,103.06999969482422,103.06999969482422,100.96649932861328,101.80950164794922,100.849853515625,27100000.0,102.09847020980794,102.09847020980794,100.0147972680034
2021-03-11 05:00:00,102.91100311279297,105.5634994506836,102.82250213623047,105.0270004272461,104.03702545166016,27702000.0,101.94097333588161,104.56846748398614,101.85330656149335
2021-03-12 05:00:00,103.82050323486328,103.88050079345703,101.62100219726562,102.5,101.53382873535156,33818000.0,102.84188482601583,102.9013168439553,100.6631164196288
2021-03-15 04:00:00,102.2490005493164,102.74949645996094,101.3895034790039,102.72200012207031,101.75373840332031,26168000.0,101.28519734362825,101.7809755596203,100.43380192738763
2021-03-16 04:00:00,103.29949951171875,105.68399810791016,102.9645004272461,104.19450378417969,103.21236419677734,31900000.0,102.32579625344081,104.6878185156379,101.99395487739476
2021-03-17 04:00:00,103.42350006103516,104.94999694824219,102.20600128173828,104.11100006103516,103.12965393066406,26382000.0,102.44863427821845,103.96074246670578,101.24261159381157
2021-03-18 04:00:00,102.40899658203125,103.4375,100.95899963378906,101.06700134277344,100.11434173583984,31700000.0,101.44368730072172,102.46249602458781,100.00735805315745
2021-03-19 04:00:00,101.48650360107422,101.85199737548828,100.14649963378906,101.3479995727539,100.39269256591797,46072000.0,100.52989105422479,100.8919396815701,99.2025179744217
2021-03-22 04:00:00,101.38150024414062,102.41699981689453,100.69999694824219,101.53450012207031,100.57743072509766,33536000.0,100.42587303185131,101.45161193261225,99.7507936209147
2021-03-23 04:00:00,101.99749755859375,103.20549774169922,101.4000015258789,102.06649780273438,101.10441589355469,28510000.0,101.03606604781163,102.23267958449078,100.44420203085373
2021-03-24 04:00:00,102.58799743652344,103.37999725341797,101.44999694824219,101.62650299072266,100.66857147216797,25218000.0,101.62100287036363,102.40553729619415,100.49372917581998
2021-03-25 04:00:00,101.45249938964844,102.28199768066406,99.80449676513672,101.62300109863281,100.66510772705078,35616000.0,100.49621315872466,101.31789263996187,98.8637445252711
2021-03-26 04:00:00,101.5895004272461,101.96949768066406,100.19249725341797,101.23650360107422,100.28224182128906,27978000.0,100.63191127672391,101.00832665164488,99.24807634446482
2021-03-29 04:00:00,101.10800170898438,102.46050262451172,100.27249908447266,102.28949737548828,101.32532501220703,26492000.0,100.15496602638108,101.49471837986127,99.32733878067825
2021-03-30 04:00:00,102.64900207519531,103.13349914550781,101.80750274658203,102.32350158691406,101.35901641845703,27312000.0,101.68144879053423,102.16137906796699,100.84788130171462
2021-03-31 04:00:00,102.72000122070312,104.31300354003906,102.3499984741211,103.1259994506836,102.15393829345703,42570000.0,101.75176698502271,103.32975373421876,101.38525186813577
2021-04-01 04:00:00,104.61250305175781,106.7874984741211,104.57150268554688,106.48899841308594,105.48523712158203,39880000.0,103.62642953491097,105.78092353227542,103.58581563660896
2021-04-05 04:00:00,107.35749816894531,111.44950103759766,107.260498046875,110.947998046875,109.9021987915039,48510000.0,106.34554307628875,110.39897459955093,106.24945728036417
2021-04-06 04:00:00,110.5459976196289,111.4000015258789,110.0895004272461,110.46299743652344,109.42176818847656,35240000.0,109.50398600807345,110.349940034583,109.05179177903032
2021-04-07 04:00:00,110.65499877929688,112.2249984741211,110.65499877929688,111.95149993896484,110.89624786376953,24134000.0,109.61196749203187,111.167168408484,109.61196749203187
2021-04-08 04:00:00,113.19999694824219,113.5895004272461,112.15049743652344,112.52149963378906,111.46086883544922,28664000.0,112.13297061526548,112.51880262359724,111.09336371525733
2021-04-09 04:00:00,112.27200317382812,113.69850158691406,111.86299896240234,113.53350067138672,112.46334075927734,26146000.0,111.21373406084967,112.62678638615232,110.80858509838885
2021-04-12 04:00:00,112.70600128173828,112.84449768066406,111.39099884033203,112.23100280761719,111.17310333251953,25024000.0,111.64362442851983,111.78081534799644,110.34101731779508
2021-04-13 04:00:00,112.54949951171875,113.17350006103516,112.15249633789062,112.72149658203125,111.65898895263672,25682000.0,111.4886131187785,112.10673186768861,111.09535207856177
2021-04-14 04:00:00,113.37149810791016,113.37149810791016,111.8010025024414,112.09549713134766,111.03888702392578,21002000.0,112.30286043860204,112.30286043860204,110.74716829600973
2021-04-15 04:00:00,113.09750366210938,114.80000305175781,112.55850219726562,114.26249694824219,113.18545532226562,29174000.0,112.03144329679716,113.71789487758596,111.49752247546817
2021-04-16 04:00:00,114.46199798583984,114.71199798583984,113.5459976196289,114.13749694824219,113.0616455078125,26282000.0,113.38308782309667,113.63073134194633,112.47572160727253
2021-04-19 04:00:00,113.50900268554688,115.20449829101562,113.50900268554688,114.48799896240234,113.4088363647461,30290000.0,112.43906809584607,114.11858197870201,112.43906809584607
2021-04-20 04:00:00,114.87449645996094,114.94999694824219,112.85600280761719,113.95050048828125,112.87639617919922,22288000.0,113.79168250896858,113.86647132508118,111.79221529986594
2021-04-21 04:00:00,113.60250091552734,114.0,112.24099731445312,113.9175033569336,112.84371185302734,23204000.0,112.53167863878394,112.92543087903039,111.18300863181327
2021-04-22 04:00:00,113.7699966430664,114.44400024414062,112.01599884033203,112.6259994506836,111.56438446044922,24146000.0,112.69759831173724,113.36524874098734,110.96013372841314
2021-04-23 04:00:00,113.3499984741211,115.30599975585938,113.0625,114.99649810791016,113.91254425048828,29066000.0,112.28156447737894,114.21912854433809,111.99677595604035
2021-04-26 04:00:00,115.22599792480469,116.22650146484375,114.86599731445312,115.49649810791016,114.4078369140625,32038000.0,114.1398864450791,115.13095931495766,113.78327917305963
2021-04-27 04:00:00,115.88150024414062,115.92250061035156,114.30799865722656,114.54900360107422,113.46927642822266,44386000.0,114.78921309444053,114.82982699539988,113.2305431722857
2021-04-28 04:00:00,119.625,121.56900024414062,117.66100311279297,117.9520034790039,116.8401870727539,81106000.0,118.49741391689179,120.42309000119249,116.5519296780215
2021-04-29 04:00:00,119.46150207519531,120.20800018310547,118.69249725341797,119.63800048828125,118.51029205322266,41234000.0,118.33545731512626,119.07491892786257,117.57370113692855
2021-04-30 04:00:00,118.4010009765625,119.09249877929688,117.3280029296875,117.67500305175781,116.56580352783203,44856000.0,117.28495822738344,117.96993800153318,116.22207421400664
2021-05-03 04:00:00,118.24549865722656,119.07749938964844,116.7750015258789,117.15399932861328,116.0497055053711,28242000.0,117.13091635921127,117.95507465112739,115.67428013665503
2021-05-04 04:00:00,115.67749786376953,116.24949645996094,112.83399963378906,115.34149932861328,114.2542953491211,44818000.0,114.58712677663047,115.15373373881623,111.77043123786963
2021-05-05 04:00:00,116.43150329589844,116.75,115.41400146484375,115.7385025024414,114.6475601196289,26636000.0,115.33402873994945,115.64952331817433,114.32611780430196
2021-05-06 04:00:00,115.31649780273438,116.86750030517578,114.6520004272461,116.86750030517578,115.76592254638672,25190000.0,114.22953959049208,115.76592254638672,113.57130568027601
2021-05-07 04:00:00,118.19450378417969,118.5625,117.30799865722656,117.59649658203125,116.488037109375,28898000.0,117.08040752159172,117.44493502105412,116.20225855348764
2021-05-10 04:00:00,116.40699768066406,116.55000305175781,114.22699737548828,114.5875015258789,113.50738525390625,30914000.0,115.30973060797227,115.45138799236379,113.15027926120094
2021-05-11 04:00:00,112.15350341796875,114.01399993896484,111.69599914550781,113.50299835205078,112.43311309814453,34186000.0,111.09633857454644,112.9392979571263,110.64314676150782
2021-05-12 04:00:00,111.30950164794922,112.39900207519531,109.68099975585938,110.01249694824219,108.97551727294922,46376000.0,110.26029638420344,111.3395271618132,108.64714477876392
2021-05-13 04:00:00,111.30599975585938,111.97200012207031,110.33599853515625,111.4520034790039,110.40145111083984,33204000.0,110.25682362636597,110.91654623856549,109.29596568750367
2021-05-14 04:00:00,112.927001953125,114.23600006103516,112.5,113.91899871826172,112.84519958496094,31996000.0,111.86255336958875,113.15921287683017,111.43957633181888
2021-05-17 04:00:00,113.17849731445312,114.48899841308594,112.77549743652344,114.44599914550781,113.36722564697266,21598000.0,112.11167134920787,113.40981960138417,111.71247016753203
2021-05-18 04:00:00,115.11750030517578,115.38400268554688,113.1094970703125,113.12349700927734,112.05719757080078,22204000.0,114.03240543824316,114.29639577340654,112.04332959493337
2021-05-19 04:00:00,111.42150115966797,113.74949645996094,111.27200317382812,113.57499694824219,112.50444030761719,23684000.0,110.37124334606443,112.67729498890604,110.22315452655346
2021-05-20 04:00:00,114.55000305175781,115.5999984741211,114.1760025024414,115.34750366210938,114.26023864746094,32352000.0,113.47025527402623,114.51035344458924,113.09978005208858
2021-05-21 04:00:00,115.87049865722656,115.94450378417969,114.46499633789062,114.70649719238281,113.6252670288086,40632000.0,114.77829654764197,114.85160409793224,113.3860425755212
2021-05-24 04:00:00,115.74449920654297,118.27749633789062,115.5979995727539,118.052001953125,116.93924713134766,31832000.0,114.65349484020088,117.1626160124388,114.50837610780434
2021-05-25 04:00:00,118.5999984741211,119.19999694824219,117.75,118.14350128173828,117.02986145019531,22440000.0,117.48205562590002,118.07639841695436,116.64006937544983
2021-05-26 04:00:00,118.32599639892578,119.44950103759766,118.322998046875,119.0155029296875,117.89366912841797,21572000.0,117.21066184954667,118.32357639324336,117.20769175980286
2021-05-27 04:00:00,119.45249938964844,119.45249938964844,117.81300354003906,118.13400268554688,117.02047729492188,35224000.0,118.32654591291701,118.32654591291701,116.70250387182054
2021-05-28 04:00:00,118.72100067138672,118.80349731445312,117.64250183105469,117.84249877929688,116.73172760009766,21482000.0,117.60194882440878,117.68366786266836,116.53361580236005
2021-06-01 04:00:00,118.72200012207031,119.2854995727539,117.71399688720703,119.05899810791016,117.93675231933594,23354000.0,117.60293086426131,118.16111878960501,116.60442903125066
2021-06-02 04:00:00,119.4574966430664,119.68199920654297,117.61799621582031,118.52950286865234,117.41223907470703,21158000.0,118.33148554300686,118.55387193641818,116.50932431972745
2021-06-03 04:00:00,117.2864990234375,117.85099792480469,116.47599792480469,117.37899780273438,116.2725830078125,18696000.0,116.18095612229426,116.74013405527799,115.37809480951424
2021-06-04 04:00:00,118.4635009765625,119.95149993896484,118.12049865722656,119.67849731445312,118.5504150390625,24458000.0,117.34687118314812,118.82084435735165,117.00710198292333
2021-06-07 04:00:00,119.47200012207031,120.22550201416016,119.05000305175781,120.11499786376953,118.98279571533203,24120000.0,118.34585886059564,119.09225825527676,117.92783952826873
2021-06-08 04:00:00,120.60050201416016,120.97599792480469,119.73899841308594,119.9219970703125,118.7916030883789,24240000.0,119.46371239236086,119.83566884962734,118.61032939059169
2021-06-09 04:00:00,120.57150268554688,120.64399719238281,119.84500122070312,120.39700317382812,119.26213073730469,17942000.0,119.4349854017198,119.50679656914164,118.7153320017432
2021-06-10 04:00:00,120.34600067138672,121.80000305175781,120.18900299072266,121.75650024414062,120.60881042480469,25904000.0,119.21160637217974,120.6519031702953,119.05608856847827
2021-06-11 04:00:00,122.0,122.08599853515625,120.947998046875,121.51000213623047,120.3646469116211,21958000.0,120.8500260476855,120.93521395927317,119.8079402818054
2021-06-14 04:00:00,121.61299896240234,122.44599914550781,120.9000015258789,122.44550323486328,121.29132843017578,22098000.0,120.46667136672363,121.29181966635244,119.76039466436602
2021-06-15 04:00:00,122.44999694824219,122.77549743652344,121.05599975585938,121.41950225830078,120.27499389648438,21562000.0,121.29577507444863,121.61820737332303,119.91491779298093
2021-06-16 04:00:00,121.5719985961914,121.88600158691406,119.47000122070312,120.77249908447266,119.63409423828125,26472000.0,120.4260576459567,120.73710083598742,118.34387375463972
2021-06-17 04:00:00,120.69750213623047,122.52249908447266,120.5,121.74349975585938,120.59593200683594,25842000.0,119.55979407693377,121.3675884012653,119.36415361777318
2021-06-18 04:00:00,121.36699676513672,121.60299682617188,120.01499938964844,120.11100006103516,118.97884368896484,46116000.0,120.22300147180918,120.45677701574954,118.88374791198228
2021-06-21 04:00:00,120.50050354003906,122.0,119.89849853515625,121.8125,120.66429138183594,27414000.0,119.36466184351545,120.85002400068946,118.76833135754313
2021-06-22 04:00:00,121.75,122.4000015258789,121.06400299072266,122.33049774169922,121.17741394042969,22390000.0,120.60238795397534,121.24626258391147,119.92285713304612
2021-06-23 04:00:00,122.09349822998047,123.09549713134766,121.83450317382812,122.12699890136719,120.975830078125,19148000.0,120.94264518399315,121.93519924591817,120.68609141467088
2021-06-24 04:00:00,122.69999694824219,123.05549621582031,122.30000305175781,122.5,121.3453140258789,21362000.0,121.54342580129659,121.8955741299516,121.14720225046123
2021-06-25 04:00:00,122.0,122.63300323486328,121.56500244140625,122.50849914550781,121.35374450683594,34594000.0,120.85003843079785,121.47707503129004,120.41914112199983
2021-06-28 04:00:00,122.67849731445312,122.78500366210938,121.40550231933594,122.53600311279297,121.38097381591797,28526000.0,121.52212486149851,121.62762727603534,120.26112916843773
2021-06-29 04:00:00,122.67050170898438,123.02100372314453,121.69100189208984,122.27249908447266,121.11995697021484,23108000.0,121.51420801698202,121.86140619474826,120.54394097768125
2021-06-30 04:00:00,121.99449920654297,122.25700378417969,121.35449981689453,122.0895004272461,120.93869018554688,24474000.0,120.8445844421565,121.10461466323201,120.21061765850376
2021-07-01 04:00:00,121.7249984741211,122.58699798583984,121.53150177001953,122.44450378417969,121.29032897949219,18110000.0,120.57760580235949,121.4314800157812,120.3859330185954
2021-07-02 04:00:00,123.1500015258789,125.40399932861328,123.05950164794922,125.25749969482422,124.07682800292969,25982000.0,121.98919501918171,124.22194673760366,121.89954818912742
2021-07-06 04:00:00,125.64849853515625,126.4280014038086,124.5824966430664,126.19000244140625,125.00053405761719,26404000.0,124.46413437328431,125.2362896391203,123.40818062703144
2021-07-07 04:00:00,127.16200256347656,127.28399658203125,126.15299987792969,126.4739990234375,125.28185272216797,24060000.0,125.96337112785648,126.08421522849032,124.96387932066273
2021-07-08 04:00:00,124.0260009765625,125.59549713134766,124.02200317382812,125.04399871826172,123.86534881591797,23790000.0,122.85694660020272,124.41164887036703,122.85298648028281
2021-07-09 04:00:00,125.0250015258789,125.7344970703125,124.55149841308594,125.51850128173828,124.33537292480469,18632000.0,123.84652486211671,124.54933275262546,123.37748495557717
2021-07-12 04:00:00,126.1780014038086,127.06950378417969,125.61100006103516,126.97550201416016,125.77863311767578,17668000.0,124.98864973435082,125.87174882862907,124.42699293647514
2021-07-13 04:00:00,127.03849792480469,128.0574951171875,126.67449951171875,127.34149932861328,126.14116668701172,19240000.0,125.84102140220094,126.8504134336726,125.48045407151172
2021-07-14 04:00:00,127.95800018310547,129.32650756835938,127.91449737548828,128.23699951171875,127.02824401855469,23742000.0,126.75187452354898,128.10748242717386,126.70878177120348
2021-07-15 04:00:00,128.6490020751953,128.6999969482422,126.52999877929688,127.00499725341797,125.80784606933594,24218000.0,127.4363544747392,127.48686866927758,125.33732493861099
2021-07-16 04:00:00,127.66300201416016,127.8115005493164,126.15350341796875,126.97000122070312,125.77317810058594,20424000.0,126.45964664733984,126.60674543075577,124.96437663114637
2021-07-19 04:00:00,126.0895004272461,126.20500183105469,123.50499725341797,124.5780029296875,123.40373992919922,27968000.0,124.90099016363773,125.01540285979483,122.34084832471866
2021-07-20 04:00:00,125.52749633789062,127.04299926757812,124.35050201416016,126.20950317382812,125.01985168457031,26312000.0,124.34427344891768,125.84549123943627,123.17837348032579
2021-07-21 04:00:00,126.13349914550781,127.59600067138672,126.02349853515625,127.54900360107422,126.34672546386719,20746000.0,124.94456356694099,126.39327953934199,124.83559982340273
2021-07-22 04:00:00,127.84400177001953,128.48300170898438,127.4990005493164,128.42149353027344,127.21099853515625,14302000.0,126.63895018524038,127.27192694064978,126.29720092991697
2021-07-23 04:00:00,130.4304962158203,133.3990020751953,129.80050659179688,133.01499938964844,131.7611846923828,41506000.0,129.20104334300564,132.1415677244084,128.57699207370425
2021-07-26 04:00:00,133.32850646972656,134.23699951171875,132.30149841308594,134.03500366210938,132.77159118652344,30572000.0,132.07175342893328,132.97168302546814,131.05442593897925
2021-07-27 04:00:00,134.25050354003906,134.3990020751953,130.10400390625,131.89999389648438,130.6566925048828,54710000.0,132.98504602981706,133.13214480421553,128.87763168036102
2021-07-28 04:00:00,136.31199645996094,138.2969970703125,135.27749633789062,136.093994140625,134.81117248535156,95130000.0,135.02711991535966,136.99340991482225,134.00237098890494
2021-07-29 04:00:00,136.14999389648438,136.66099548339844,135.54299926757812,135.77749633789062,134.49765014648438,31716000.0,134.86663652248504,135.37282138017332,134.26536345852853
2021-07-30 04:00:00,135.03500366210938,135.30450439453125,134.2550048828125,134.72650146484375,133.45657348632812,25576000.0,133.7621677510973,134.0291281776654,132.98952121699546
2021-08-02 04:00:00,135.11700439453125,135.3365020751953,133.79400634765625,134.85450744628906,133.58338928222656,21634000.0,133.84341197398865,134.06084070275674,132.5328843063412
2021-08-03 04:00:00,135.13499450683594,135.73199462890625,133.3195037841797,135.6300048828125,134.3515625,20762000.0,133.8612180697714,134.4525908952914,132.0628400817748
2021-08-04 04:00:00,135.34950256347656,135.64950561523438,134.48699951171875,135.12550354003906,133.85182189941406,19676000.0,134.07370952688117,134.37088477508493,133.2193363564058
2021-08-05 04:00:00,135.6804962158203,136.35000610351562,134.8459930419922,136.25149536132812,134.96719360351562,17870000.0,134.40157667568067,135.06477578694478,133.5749394991409
2021-08-06 04:00:00,136.04200744628906,136.47250366210938,135.2100067138672,135.73849487304688,134.4590301513672,20488000.0,134.75968182925016,135.18612020781896,133.93552349692666
2021-08-09 04:00:00,135.9425048828125,137.1840057373047,135.33949279785156,136.91299438476562,135.62245178222656,17760000.0,134.66111011940453,135.8909085803364,134.0637820295164
2021-08-10 04:00:00,137.3419952392578,137.7725067138672,136.364501953125,136.8070068359375,135.51742553710938,19414000.0,136.04737098937062,136.4738243418163,135.07909182969726
2021-08-11 04:00:00,137.18150329589844,137.6824951171875,136.27149963378906,136.2790069580078,134.99444580078125,15352000.0,135.88843523972923,136.38470472961833,134.98700924033824
2021-08-12 04:00:00,135.97549438476562,137.3000030517578,135.42550659179688,137.19400024414062,135.9008331298828,16506000.0,134.69381269773547,136.00583677321742,134.1490089953672
2021-08-13 04:00:00,137.25,137.85650634765625,137.0330047607422,137.7274932861328,136.42929077148438,15948000.0,135.9562982786935,136.55708777166163,135.74134841003345
2021-08-16 04:00:00,137.52499389648438,138.3625030517578,135.2989959716797,138.3094940185547,137.0057830810547,22384000.0,136.22867768916447,137.0582924489466,134.02366211168172
2021-08-17 04:00:00,137.75,138.2655029296875,136.08200073242188,136.6614990234375,135.3733367919922,21716000.0,136.45157763049883,136.96222146374024,134.7993008134567
2021-08-18 04:00:00,136.5,137.10450744628906,135.32150268554688,135.44900512695312,134.17225646972656,19258000.0,135.21334461594546,135.8121539467732,134.04595587229625
2021-08-19 04:00:00,134.4355010986328,136.3524932861328,134.25,135.67999267578125,134.40106201171875,21782000.0,133.16830111355839,135.06722357653223,132.98454856339302
2021-08-20 04:00:00,136.0,137.5540008544922,135.25,137.42950439453125,136.1340789794922,31194000.0,134.71804924843835,136.2574019223177,133.97511882978887
2021-08-23 04:00:00,137.96949768066406,140.87449645996094,137.6074981689453,140.04150390625,138.72145080566406,28454000.0,136.66897563456,139.54659144138913,136.31038838680962
2021-08-24 04:00:00,140.6114959716797,142.0800018310547,140.3385009765625,141.26150512695312,139.92996215820312,19268000.0,139.28608004454338,140.74074364271735,139.0156583234822
2021-08-25 04:00:00,141.625,142.1894989013672,141.37600708007812,142.07899475097656,140.73977661132812,15848000.0,140.2900611558722,140.84923916395852,140.04341521085385
2021-08-26 04:00:00,141.75,142.41749572753906,141.35699462890625,141.4405059814453,140.1072998046875,20610000.0,140.41387655895255,141.07508052854902,140.024575623053
2021-08-27 04:00:00,141.65249633789062,144.5124969482422,141.4969940185547,144.00399780273438,142.6466064453125,28780000.0,140.31727039124934,143.15031244371397,140.16323384722205
2021-08-30 04:00:00,144.39999389648438,145.9705047607422,144.16299438476562,144.5904998779297,143.22756958007812,24434000.0,143.03885933468914,144.59456634363275,142.80409381355324
2021-08-31 04:00:00,145.14700317382812,145.17149353027344,144.281005859375,144.69749450683594,143.33358764648438,22448000.0,143.77885928119906,143.80311879352865,142.921024787272
2021-09-01 04:00:00,145.0,146.25399780273438,144.8834991455078,145.2154998779297,143.84669494628906,21936000.0,143.63322637559537,144.87540396369636,143.51782366106966
2021-09-02 04:00:00,145.21600341796875,145.51950073242188,143.18499755859375,143.28700256347656,141.93637084960938,32342000.0,143.84718882858917,144.14782535950548,141.8353273499022
2021-09-03 04:00:00,143.08050537109375,144.15499877929688,142.40049743652344,143.739501953125,142.38462829589844,19850000.0,141.73184334739216,142.79620869202296,141.05824509717957
2021-09-07 04:00:00,143.83450317382812,144.56500244140625,143.61900329589844,144.28050231933594,142.92051696777344,20124000.0,142.4787218019784,143.20233539694476,142.26525322192012
2021-09-08 04:00:00,144.10000610351562,144.39999389648438,143.0,143.6909942626953,142.33656311035156,18344000.0,142.74171960601453,143.03887971437993,141.65208215880904
2021-09-09 04:00:00,143.8404998779297,144.3105010986328,143.17750549316406,143.54100036621094,142.18798828125,15314000.0,142.48466472180607,142.9502357286335,141.8279196972411
2021-09-10 04:00:00,144.21249389648438,144.718505859375,140.73800659179688,140.87600708007812,139.548095703125,36840000.0,142.85313246004708,143.35437470340688,139.411396021292
2021-09-13 04:00:00,141.94949340820312,142.9499969482422,141.25,142.33250427246094,140.9908905029297,22094000.0,140.61148986566812,141.60256274661324,139.91858982131353
2021-09-14 04:00:00,142.99549865722656,143.36300659179688,141.75,142.54449462890625,141.20086669921875,19674000.0,141.6476195524205,142.01166334811575,140.4138609963223
2021-09-15 04:00:00,142.77149963378906,144.45050048828125,141.34750366210938,144.42950439453125,143.06809997558594,27408000.0,141.4257237044475,143.0888981584248,140.0151504362281
2021-09-16 04:00:00,143.95050048828125,144.3000030517578,142.40150451660156,143.61000061035156,142.25631713867188,26190000.0,142.59360742775047,142.9398155420837,141.05921246042737
2021-09-17 04:00:00,143.03050231933594,143.4499969482422,140.47000122070312,140.8000030517578,139.4728240966797,53384000.0,141.68229870784387,142.09783918596045,139.14593285849304
2021-09-20 04:00:00,138.1614990234375,139.0,136.32200622558594,138.71949768066406,137.4119415283203,46518000.0,136.8592025107944,137.68979986076525,135.03704858862534
2021-09-21 04:00:00,139.74949645996094,140.01150512695312,138.2779998779297,139.0330047607422,137.72247314453125,25332000.0,138.4322111594274,138.69175012045008,136.97458497311416
2021-09-22 04:00:00,139.3040008544922,140.88699340820312,138.55149841308594,140.2834930419922,138.961181640625,25056000.0,137.99092214087034,139.55899341584305,137.24551278316375
2021-09-23 04:00:00,140.9875030517578,141.69650268554688,140.40150451660156,141.21600341796875,139.88491821289062,20952000.0,139.65857166387786,140.36088835168275,139.07809668102067
2021-09-24 04:00:00,140.5384979248047,142.33050537109375,140.24099731445312,142.21499633789062,140.8744659423828,22984000.0,139.21377034291453,140.98888617782234,138.91907399808437
2021-09-27 04:00:00,140.80450439453125,141.93850708007812,140.0675048828125,141.07200622558594,139.7422637939453,21882000.0,139.4772834307907,140.60059702550436,138.74723086445857
2021-09-28 04:00:00,138.65499877929688,139.09649658203125,135.36000061035156,135.8300018310547,134.5496826171875,45772000.0,137.34805144334183,137.785387734539,134.08411157822107
2021-09-29 04:00:00,136.97999572753906,137.1510009765625,133.86500549316406,134.35350036621094,133.08706665039062,30848000.0,135.68880432196028,135.85819765307792,132.6031763940865
2021-09-30 04:00:00,134.26150512695312,135.54249572753906,133.55599975585938,133.67599487304688,132.4159698486328,37996000.0,132.99596110436238,134.26487713453415,132.2971058010185
2021-10-01 04:00:00,134.44749450683594,136.91050720214844,134.072998046875,136.54299926757812,135.25592041015625,35360000.0,133.18016825399758,135.61996414886843,132.80920186499142
2021-10-04 04:00:00,135.9604949951172,135.9604949951172,131.0500030517578,133.6595001220703,132.39962768554688,51202000.0,134.67893341555128,134.67893341555128,129.8147276953452
2021-10-05 04:00:00,134.04100036621094,137.22450256347656,134.04100036621094,136.0229949951172,134.74082946777344,32404000.0,132.77751730640625,135.93101151293692,132.77751730640625
2021-10-06 04:00:00,134.75,137.75,134.5500030517578,137.56500244140625,136.26834106445312,24364000.0,133.4798722971429,136.45159487147632,133.28176048184653
2021-10-07 04:00:00,138.89199829101562,140.04200744628906,138.6510009765625,139.22500610351562,137.91265869140625,25110000.0,137.58278984045617,138.72195890614324,137.3440641883344
2021-10-08 04:00:00,139.57699584960938,140.33099365234375,139.21749877929688,139.78550720214844,138.46788024902344,26526000.0,138.26133433756362,139.00822490974625,137.9052259091704
2021-10-11 04:00:00,139.29200744628906,140.71200561523438,138.85899353027344,138.91400146484375,137.60458374023438,17954000.0,137.97902659825877,139.3856397178086,137.55009431613644
2021-10-12 04:00:00,139.47999572753906,139.5070037841797,135.75999450683594,136.44900512695312,135.1627960205078,36332000.0,138.1652155977404,138.19196906836652,134.48028022043866
2021-10-13 04:00:00,137.40249633789062,138.0,136.5189971923828,137.58200073242188,136.28515625,19654000.0,136.1073438593819,136.69921546698336,135.23217255462345
2021-10-14 04:00:00,139.4739990234375,141.33749389648438,138.8249969482422,141.1510009765625,139.8205108642578,31894000.0,138.1593163407756,140.00524590088978,137.51643176271415
2021-10-15 04:00:00,141.614501953125,141.71800231933594,140.7550048828125,141.3679962158203,140.03546142578125,30274000.0,140.27964359990548,140.38216837162227,139.4282481493286
2021-10-18 04:00:00,141.07650756835938,142.79600524902344,141.0695037841797,142.7779998779297,141.4321746826172,20396000.0,139.74672063679765,141.4500103351122,139.7397828702763
2021-10-19 04:00:00,143.3874969482422,143.66250610351562,142.60000610351562,143.23699951171875,141.8868408203125,20164000.0,142.03591966092392,142.30833656697075,141.2558517419221
2021-10-20 04:00:00,143.33799743652344,143.54600524902344,141.37649536132812,141.7689971923828,140.43267822265625,23288000.0,141.98688902177523,142.19293614617558,140.04387612604899
2021-10-21 04:00:00,141.7689971923828,142.156005859375,140.5,141.88600158691406,140.54855346679688,26292000.0,140.4326519809794,140.8160126206232,139.1756166304302
2021-10-22 04:00:00,139.14999389648438,140.58299255371094,136.05599975585938,137.56649780273438,136.2698211669922,50588000.0,137.83839151631784,139.25788299041804,134.7735607983092
2021-10-25 04:00:00,137.5500030517578,138.0,135.4239959716797,137.44700622558594,136.1514434814453,34412000.0,136.2534694690779,136.69922478778497,134.14750193472992
2021-10-26 04:00:00,139.2635040283203,140.08299255371094,138.30450439453125,139.30850219726562,137.99537658691406,49236000.0,137.95080257189426,138.7625665768636,137.0008424939082
2021-10-27 04:00:00,139.40499877929688,148.64999389648438,139.40499877929688,146.21749877929688,144.83926391601562,85782000.0,138.09097801545303,147.24883052188773,138.09097801545303
2021-10-28 04:00:00,147.13450622558594,147.1580047607422,144.6269989013672,145.8489990234375,144.47427368164062,36206000.0,145.74766411000462,145.77094115559296,143.26379173622382
2021-10-29 04:00:00,145.0780029296875,148.24200439453125,144.64950561523438,148.04600524902344,146.65054321289062,43320000.0,143.71051689029179,146.8446948964138,143.28605853476833
2021-11-01 04:00:00,148.04600524902344,148.04600524902344,143.22549438476562,143.4969940185547,142.1444091796875,46924000.0,146.65054199542533,146.65054199542533,141.8754686677179
2021-11-02 04:00:00,144.57949829101562,146.60899353027344,144.3354949951172,145.4324951171875,144.06166076660156,33482000.0,143.2167042160869,145.22706960553992,142.97500087453776
2021-11-03 04:00:00,145.90049743652344,146.66900634765625,144.59100341796875,146.59800720214844,145.21617126464844,27494000.0,144.52523624092677,145.28650117069887,143.22808554087496
2021-11-04 04:00:00,147.12449645996094,149.73350524902344,146.30799865722656,148.2675018310547,146.8699188232422,38412000.0,145.73768752512296,148.32210355915961,144.92888610521643
2021-11-05 04:00:00,149.16949462890625,150.32749938964844,148.19700622558594,148.8520050048828,147.4489288330078,38354000.0,147.7634258058656,148.91051523572824,146.80010405976353
2021-11-08 05:00:00,149.8249969482422,150.61500549316406,148.4304962158203,149.031005859375,147.626220703125,23052000.0,148.4127275313217,149.19528935553726,147.03137153960657
2021-11-09 05:00:00,149.23300170898438,149.83450317382812,147.2449951171875,148.9185028076172,147.51478576660156,19530000.0,147.82632017760048,148.42215184426283,145.8570526859016
2021-11-10 05:00:00,147.5,148.07000732421875,144.53750610351562,145.89349365234375,144.518310546875,29970000.0,146.10967406442404,146.67430853463378,143.17510445335165
2021-11-11 05:00:00,146.489501953125,147.53550720214844,145.60049438476562,145.76649475097656,144.39251708984375,16518000.0,145.1087093120046,146.1448550398257,144.22808142336237
2021-11-12 05:00:00,146.61549377441406,148.85000610351562,145.41099548339844,148.67799377441406,147.2765655517578,22360000.0,145.23350653045176,147.44695650484718,144.04036175488466
2021-11-15 05:00:00,148.90049743652344,149.54949951171875,147.5749969482422,148.45199584960938,147.05267333984375,23508000.0,147.49694730851232,148.1398318289553,146.18394111280924
2021-11-16 05:00:00,148.14950561523438,148.7624969482422,147.3125,147.87600708007812,146.4821319580078,18904000.0,146.7530525035929,147.3602657973772,145.923936479964
2021-11-17 05:00:00,148.02749633789062,148.5594940185547,147.24000549316406,148.0469970703125,146.65151977539062,19594000.0,146.63220285506807,147.15918597482235,145.8521348261738
2021-11-18 05:00:00,148.2415008544922,150.58050537109375,147.88450622558594,149.8385009765625,148.42613220214844,35608000.0,146.84418530798982,149.16114250750712,146.49055568916586
2021-11-19 05:00:00,149.97549438476562,150.9665069580078,148.8990020751953,148.92649841308594,147.52272033691406,33682000.0,148.56182849438522,149.5434998037264,147.49548317893243
2021-11-22 05:00:00,149.33250427246094,149.82949829101562,146.1475067138672,146.302001953125,144.92295837402344,30594000.0,147.92489515967466,148.4172045095236,144.76991940785044
2021-11-23 05:00:00,146.1529998779297,146.66000366210938,144.11500549316406,145.78199768066406,144.4078369140625,27218000.0,144.77534199459276,145.2775666927411,142.75655801969017
2021-11-24 05:00:00,145.47349548339844,146.24949645996094,144.3730010986328,146.1199951171875,144.74264526367188,18040000.0,144.1022396362177,144.87092590659958,143.01211868308567
2021-11-26 05:00:00,144.34849548339844,144.5574951171875,141.84249877929688,142.18299865722656,140.84278869628906,30470000.0,142.9878736557524,143.19490326925998,140.5054983534825
2021-11-29 05:00:00,144.0,146.29750061035156,143.89349365234375,145.53050231933594,144.15870666503906,32596000.0,142.64263112494936,144.91847509766967,142.5371287245244
2021-11-30 05:00:00,145.0084991455078,146.0,141.60150146484375,141.8975067138672,140.5599822998047,42068000.0,143.64165054932508,144.62380552713375,140.26676719316237
2021-12-01 05:00:00,144.0,145.95050048828125,140.91200256347656,141.05149841308594,139.72195434570312,34020000.0,142.6426635104405,144.5747786828492,139.58377337669666
2021-12-02 05:00:00,141.25,143.864501953125,140.21449279785156,142.96600341796875,141.61839294433594,29194000.0,139.91856472972714,142.50842215106744,138.89281831208532
2021-12-03 05:00:00,143.68099975585938,144.39999389648438,140.30099487304688,142.00149536132812,140.66297912597656,41230000.0,142.32665239215453,143.0388692426679,138.9785076767276
2021-12-06 05:00:00,143.04049682617188,143.8524932861328,140.14999389648438,143.15499877929688,141.8055877685547,30618000.0,141.6921651364287,142.49650753629328,138.82890873332542
2021-12-07 05:00:00,145.59649658203125,147.531005859375,145.2274932861328,147.26950073242188,145.88133239746094,32240000.0,144.22409805259204,146.14037256639585,143.8585729968473
2021-12-08 05:00:00,147.59649658203125,148.39300537109375,146.406005859375,148.18649291992188,146.78968811035156,24270000.0,146.20525307367103,146.9942539766536,145.0259839079488
2021-12-09 05:00:00,147.59100341796875,149.10000610351562,147.11500549316406,147.6385040283203,146.2468719482422,23270000.0,146.19981907592228,147.6945979886129,145.72830788028466
2021-12-10 05:00:00,148.6999969482422,148.9774932861328,146.70399475097656,148.00149536132812,146.6064453125,24458000.0,147.29836288030972,147.57324356030594,145.32117483729272
2021-12-13 05:00:00,147.781494140625,147.97000122070312,145.5175018310547,145.82650756835938,144.45193481445312,27070000.0,146.38849352115918,146.57522371786737,144.1458417908545
2021-12-14 05:00:00,143.96800231933594,144.47999572753906,141.21499633789062,143.90699768066406,142.55052185058594,38446000.0,142.61095145594314,143.11811878414613,139.88389547091273
2021-12-15 05:00:00,143.40899658203125,146.7209930419922,141.67799377441406,146.4409942626953,145.06063842773438,36370000.0,142.057220419799,145.33799793275747,140.3425340803802
2021-12-16 05:00:00,147.17050170898438,147.677001953125,143.60699462890625,144.44500732421875,143.08346557617188,33650000.0,145.78326939220364,146.2849953541412,142.25335200656264
2021-12-17 05:00:00,142.5,143.83450317382812,141.3000030517578,141.72500610351562,140.3891143798828,50416000.0,141.1568032286509,142.47872745262327,139.9681173823491
2021-12-20 05:00:00,140.0,141.77450561523438,139.3209991455078,141.60699462890625,140.27220153808594,27192000.0,138.6803545036419,140.43813355928052,138.0077539378615
2021-12-21 05:00:00,142.05349731445312,143.86900329589844,140.50250244140625,143.47250366210938,142.12014770507812,28756000.0,140.71451675436788,142.51290997715657,139.17814138751456
2021-12-22 05:00:00,143.0675048828125,146.5,143.0675048828125,146.4149932861328,145.03488159179688,26322000.0,141.71894670487805,145.1190870300756,141.71894670487805
2021-12-23 05:00:00,146.5,148.24349975585938,146.45199584960938,146.91650390625,145.53167724609375,26384000.0,145.11909928211776,146.84616490784407,145.07154761613486
2021-12-27 05:00:00,147.25599670410156,148.343994140625,147.16949462890625,147.906494140625,146.51234436035156,15976000.0,145.86797843863056,146.9457205351442,145.7822917221511
2021-12-28 05:00:00,148.23599243164062,148.2989959716797,146.05450439453125,146.68699645996094,145.30433654785156,18200000.0,146.8387318072272,146.9011414809302,144.67780630211075
2021-12-29 05:00:00,146.64450073242188,147.41700744628906,145.6475067138672,146.65499877929688,145.27261352539062,17788000.0,145.26221443419607,146.02743941952565,144.27461818483408
2021-12-30 05:00:00,146.69400024414062,147.3000030517578,145.9945068359375,146.20050048828125,144.82241821289062,15688000.0,145.31126625234555,145.91155689259517,144.61836625158207
2021-12-31 05:00:00,146.0500030517578,146.69850158691406,144.8520050048828,144.8520050048828,143.4866485595703,18136000.0,144.67335443030515,145.31574030133416,143.4866485595703
2022-01-03 05:00:00,145.05499267578125,145.8509979248047,143.71299743652344,144.9915008544922,143.62481689453125,28646000.0,143.6877102445083,144.47621238059426,142.35836459751644
2022-01-04 05:00:00,145.39599609375,146.48500061035156,143.7165069580078,144.39950561523438,143.0384063720703,28400000.0,144.02550400377285,145.1042436429634,142.36184561053787
2022-01-05 05:00:00,144.4199981689453,144.49949645996094,137.68800354003906,137.77499389648438,136.47633361816406,54618000.0,143.0587024090049,143.13745135306127,136.3901632285162
2022-01-06 05:00:00,136.99850463867188,139.94000244140625,136.55850219726562,137.74749755859375,136.44906616210938,37348000.0,135.70713337714608,138.6209041200975,135.2712784737683
2022-01-07 05:00:00,138.14549255371094,138.44850158691406,135.76649475097656,137.01699829101562,135.72547912597656,29760000.0,136.84333622696138,137.14348910378652,134.48676280437064
2022-01-10 05:00:00,135.0780029296875,138.8195037841797,133.1645050048828,138.66949462890625,137.3624267578125,44408000.0,133.8047876620226,137.51102196009109,131.9093259438516
2022-01-11 05:00:00,138.0070037841797,140.21600341796875,136.6925048828125,139.73599243164062,138.4188232421875,28730000.0,136.70613226103086,138.89430958407158,135.4040239930454
2022-01-12 05:00:00,141.14999389648438,142.60800170898438,140.6945037841797,141.4304962158203,140.0973663330078,26108000.0,139.8195080404844,141.26377260922706,139.36831139738393
2022-01-13 05:00:00,141.5399932861328,142.85000610351562,138.40899658203125,138.58700561523438,137.28067016601562,31436000.0,140.20582266969564,141.50348717076494,137.10433906437126
2022-01-14 05:00:00,137.07899475097656,140.74200439453125,136.99850463867188,139.48049926757812,138.16574096679688,29662000.0,135.7868732920058,139.41535500972142,135.70714188822194
2022-01-18 05:00:00,136.1750030517578,137.13150024414062,135.43850708007812,135.9980010986328,134.71607971191406,34872000.0,134.89141323912568,135.8388944592343,134.1618595013737
2022-01-19 05:00:00,136.52349853515625,137.95950317382812,135.0155029296875,135.1165008544922,133.84286499023438,28648000.0,135.23660002203107,136.65906858629688,133.74281909259463
2022-01-20 05:00:00,136.25,137.62600708007812,132.96449279785156,133.3074951171875,132.0509490966797,29908000.0,134.96571815865502,136.3287551036395,131.7111798903732
2022-01-21 05:00:00,132.593505859375,134.86549377441406,130.0865020751953,130.35150146484375,129.122802734375,55652000.0,131.34367390126937,133.59424596274727,128.86030124010927
2022-01-24 05:00:00,125.97799682617188,131.2030029296875,124.5,130.8040008544922,129.571044921875,76622000.0,124.79053071235748,129.96628601137778,123.32646545512321
2022-01-25 05:00:00,128.74000549316406,129.3990020751953,126.50050354003906,126.93499755859375,125.73851776123047,46960000.0,127.52651182595139,128.17929675546682,125.30811925081203
2022-01-26 05:00:00,131.11900329589844,133.0,127.14199829101562,129.23300170898438,128.0148468017578,49130000.0,129.88307087009878,131.7463372318321,125.94355325697116
2022-01-27 05:00:00,131.3040008544922,132.65249633789062,128.9324951171875,129.0050048828125,127.78901672363281,31950000.0,130.06634259125644,131.40212729229407,127.71719042774222
2022-01-28 05:00:00,129.65899658203125,133.35650634765625,128.48500061035156,133.3509979248047,132.0940399169922,34362000.0,128.43683914357985,132.09949641780102,127.27390918310897
2022-01-31 05:00:00,134.16200256347656,135.47300720214844,132.20950317382812,135.30349731445312,134.02809143066406,39986000.0,132.89735670548583,134.19600347416156,130.9632620818566
2022-02-01 05:00:00,137.59449768066406,137.79299926757812,134.36849975585938,137.6439971923828,136.3465576171875,68644000.0,136.29752469047622,136.49415519096547,133.1019351922104
2022-02-02 05:00:00,151.25,151.54649353027344,145.5225067138672,148.0,146.60498046875,123200000.0,149.82434659390836,150.1180454331979,144.15083955777055
2022-02-03 05:00:00,145.70550537109375,149.6750030517578,142.66549682617188,143.08999633789062,141.74122619628906,71518000.0,144.33208137122566,148.26416246033293,141.32072802834824
2022-02-04 05:00:00,143.4445037841797,144.875,140.51499938964844,143.29299926757812,141.94232177734375,57998000.0,142.0923982148257,143.50941059648488,139.19050728126922
2022-02-07 05:00:00,144.25,144.25,138.89999389648438,139.2010040283203,137.88888549804688,54974000.0,142.89028927583428,142.89028927583428,137.59071270904863
2022-02-08 05:00:00,139.02650451660156,140.0,137.01400756835938,139.3990020751953,138.08502197265625,54284000.0,137.71603558970185,138.68035486899515,135.72250851145188
2022-02-09 05:00:00,140.9635009765625,142.52450561523438,140.18699645996094,141.5919952392578,140.2573699951172,40144000.0,139.63479982655852,141.1810906659547,138.8656145268964
2022-02-10 05:00:00,139.70350646972656,141.4844970703125,137.95700073242188,138.6199951171875,137.31336975097656,39330000.0,138.38666797793726,140.15087104730347,136.65662471919973
2022-02-11 05:00:00,138.60000610351562,139.156494140625,133.39999389648438,134.28250122070312,133.0167694091797,39958000.0,137.29357797469913,137.8448206179195,132.14258050012307
2022-02-14 05:00:00,133.25650024414062,136.3000030517578,133.25650024414062,135.5260009765625,134.24853515625,34302000.0,132.00042669980434,135.01524150081954,132.00042669980434
2022-02-15 05:00:00,137.57049560546875,138.10850524902344,135.82150268554688,136.60850524902344,135.32083129882812,26680000.0,136.27375391882413,136.8066922748942,134.54124703407226
2022-02-16 05:00:00,136.64649963378906,138.08599853515625,134.9239959716797,137.73800659179688,136.439697265625,25022000.0,135.3584787799004,136.78440905997775,133.65221132320895
2022-02-17 05:00:00,136.2429962158203,137.11349487304688,132.47850036621094,132.53900146484375,131.28970336914062,38950000.0,134.95878467171522,135.82107810404372,131.22977254722994
2022-02-18 05:00:00,133.4669952392578,134.07000732421875,130.19650268554688,130.4029998779297,129.173828125,45620000.0,132.20894242873914,132.80627055380495,128.96927736418834
2022-02-22 05:00:00,129.83799743652344,132.1804962158203,128.22349548339844,129.81350708007812,128.5898895263672,44990000.0,128.61414903757367,130.93456750573523,127.01486532309565
2022-02-23 05:00:00,131.64849853515625,132.05099487304688,127.52749633789062,127.58799743652344,126.3853530883789,32786000.0,130.40757990733792,130.80628231511255,126.32542227304695
2022-02-24 05:00:00,124.95349884033203,133.0,124.95349884033203,132.6909942626953,131.4402313232422,54456000.0,123.77567056062922,131.74632433141673,123.77567056062922
2022-02-25 05:00:00,133.552001953125,135.27149963378906,131.75149536132812,134.45950317382812,133.1920928955078,36406000.0,132.29314574757424,133.9964355070235,130.50961066397696
2022-02-28 05:00:00,133.0500030517578,135.75149536132812,132.59249877929688,135.0570068359375,133.7839813232422,38864000.0,131.79589523227364,134.4719237120657,131.34270332112334
2022-03-01 05:00:00,134.8784942626953,136.2554931640625,133.218505859375,134.06149291992188,132.79783630371094,26496000.0,133.6071366345848,134.9711560163724,131.9627951950794
2022-03-02 05:00:00,134.6280059814453,135.2624969482422,133.07150268554688,134.57150268554688,133.3030548095703,23520000.0,133.35902551510424,133.98753587900154,131.81719355199346
2022-03-03 05:00:00,136.00999450683594,136.4394989013672,133.02549743652344,133.89950561523438,132.6373748779297,24604000.0,134.7279703958508,135.15342630121359,131.7716050611301
2022-03-04 05:00:00,132.92750549316406,133.85150146484375,130.33749389648438,131.906494140625,130.66314697265625,30430000.0,131.67453429885822,132.58982070864644,129.1089360838298
2022-03-07 05:00:00,131.48800659179688,131.73500061035156,126.29499816894531,126.37850189208984,125.18726348876953,45112000.0,130.2486062137015,130.4932720771041,125.10454686818073
2022-03-08 05:00:00,126.25,131.25,125.67449951171875,127.10449981689453,125.90641021728516,40428000.0,125.05996493303867,130.01283483137684,124.48988912406125
2022-03-09 05:00:00,131.25,133.73550415039062,129.90049743652344,133.4199981689453,132.16238403320312,37026000.0,130.01284022199468,132.47491606181063,128.67605804169412
2022-03-10 05:00:00,131.26600646972656,133.27200317382812,130.91250610351562,132.42950439453125,131.18121337890625,27102000.0,130.02868267785485,132.01577069786407,129.6785144341432
2022-03-11 05:00:00,133.48849487304688,133.79550170898438,129.63150024414062,129.87049865722656,128.64633178710938,31526000.0,132.23022456027405,132.53433753192874,128.4095861869589
2022-03-14 04:00:00,130.25,130.40899658203125,125.2750015258789,125.95099639892578,124.76378631591797,38812000.0,129.02226764588673,129.17976553119664,124.09416334902737
2022-03-15 04:00:00,126.97599792480469,129.85450744628906,125.72049713134766,129.197998046875,127.98017120361328,30920000.0,125.7791157667184,128.63049231232975,124.53544938703808
2022-03-16 04:00:00,130.73300170898438,133.33299255371094,128.7344970703125,133.28050231933594,132.02420043945312,35576000.0,129.50071256727477,132.07619590093205,127.52104583130303
2022-03-17 04:00:00,133.1490020751953,134.08050537109375,132.18499755859375,133.83900451660156,132.5774383544922,28264000.0,131.89393987458052,132.81666282246127,130.93902206243152
2022-03-18 04:00:00,133.42449951171875,136.24400329589844,132.2584991455078,136.12550354003906,134.84237670898438,44566000.0,132.16683250009095,134.9597594793248,131.01182292044092
2022-03-21 04:00:00,136.1634979248047,137.0500030517578,134.09249877929688,136.10150146484375,134.818603515625,26832000.0,134.8800155945873,135.75816449036662,132.82853776609664
2022-03-22 04:00:00,136.10150146484375,141.0500030517578,136.10150146484375,139.8679962158203,138.54959106445312,35496000.0,134.8185995466438,139.72045622435598,134.8185995466438
2022-03-23 04:00:00,138.70249938964844,139.5885009765625,137.8350067138672,138.27549743652344,136.97210693359375,25154000.0,137.3950839488176,138.27273404848066,136.5357682945328
2022-03-24 04:00:00,139.1999969482422,141.61900329589844,137.75050354003906,141.57200622558594,140.23753356933594,26396000.0,137.88788310151517,140.28408764030888,136.4520527709941
2022-03-25 04:00:00,141.91600036621094,142.03500366210938,139.7375030517578,141.67300415039062,140.3376007080078,24126000.0,140.57830645229447,140.69618802841327,138.42034355673357
2022-03-28 04:00:00,140.90049743652344,142.00250244140625,139.81149291992188,141.45550537109375,140.1221466064453,35050000.0,139.5723701734137,140.66398768557863,138.49363060700367
2022-03-29 04:00:00,142.6475067138672,143.7935028076172,142.0384979248047,142.5054931640625,141.1622314453125,34318000.0,141.3029063704736,142.43810026531608,140.6996381193691
2022-03-30 04:00:00,142.4600067138672,142.7205047607422,141.60000610351562,141.93850708007812,140.6005859375,19884000.0,141.1171698835011,141.3752124596819,140.2652756920692
2022-03-31 04:00:00,142.05299377441406,142.10800170898438,139.02450561523438,139.0675048828125,137.7566680908203,37524000.0,140.71401605414036,140.7685054892629,137.71407413016144
2022-04-01 04:00:00,139.5,140.4709930419922,138.3074951171875,140.15049743652344,138.82943725585938,25942000.0,138.18507141556094,139.1469118661108,137.0038070973183
2022-04-04 04:00:00,140.35850524902344,143.71200561523438,140.3105010986328,142.97149658203125,141.6238555908203,25942000.0,139.03549416177395,142.35738462904985,138.98794249570614
2022-04-05 04:00:00,142.86900329589844,142.99049377441406,140.38250732421875,140.59100341796875,139.26577758789062,21418000.0,141.5223047954093,141.6426500916848,139.05924680061253
2022-04-06 04:00:00,138.75,139.36050415039062,135.51699829101562,136.54800415039062,135.2609100341797,32468000.0,137.44214998977517,138.04689956099944,134.2396223803811
2022-04-07 04:00:00,136.00999450683594,137.1645050048828,134.2274932861328,135.8885040283203,134.6075897216797,26234000.0,134.7279350047782,135.871562838212,132.96223602449658
2022-04-08 04:00:00,135.58349609375,135.6699981689453,132.9654998779297,133.28750610351562,132.03114318847656,25142000.0,134.30549126521612,134.39117797517184,131.71217218120978
2022-04-11 04:00:00,131.82350158691406,132.09249877929688,128.6685028076172,128.82350158691406,127.60919189453125,36884000.0,130.5809134435322,130.84737502794047,127.45565415702946
2022-04-12 04:00:00,131.60000610351562,131.60000610351562,126.78900146484375,127.7145004272461,126.51066589355469,32710000.0,130.35954686473357,130.35954686473357,125.59389066736169
2022-04-13 04:00:00,128.0,130.33399963378906,127.74099731445312,129.8939971923828,128.66961669921875,27928000.0,126.79347231964165,129.10547167871107,126.53691099276196
2022-04-14 04:00:00,130.47950744628906,130.47950744628906,126.60099792480469,126.7300033569336,125.53543853759766,31598000.0,129.24959957040411,129.24959957040411,125.40764911861989
2022-04-18 04:00:00,127.0,128.21249389648438,126.18199920654297,127.67649841308594,126.47303009033203,20808000.0,125.80290829644117,127.00397332375944,124.9926179121444
2022-04-19 04:00:00,127.69149780273438,130.33299255371094,126.99949645996094,130.00900268554688,128.78355407714844,26490000.0,126.48789370567695,129.1044900573134,125.80241508106144
2022-04-20 04:00:00,130.89199829101562,131.3990020751953,127.5,128.0399932861328,126.83309173583984,31696000.0,129.65821381786787,130.16043859794559,126.2981884119716
2022-04-21 04:00:00,129.25,130.09849548339844,124.52649688720703,124.81449890136719,123.63800048828125,36446000.0,128.03169266207186,128.87219024780205,123.35271317406067
2022-04-22 04:00:00,125.0,125.4020004272461,118.92500305175781,119.635498046875,118.50782775878906,56884000.0,123.82176454052532,124.21997575850656,117.80402980684809
2022-04-25 04:00:00,119.10099792480469,123.27749633789062,118.51100158691406,123.0739974975586,121.91389465332031,46128000.0,117.9783448116081,122.1154753014406,117.39390981440351
2022-04-26 04:00:00,122.29450225830078,122.51000213623047,118.51100158691406,118.6500015258789,117.5316162109375,73054000.0,121.14176417431584,121.35523276783128,117.39392647415147
2022-04-27 04:00:00,114.46949768066406,117.24199676513672,112.73650360107422,114.29450225830078,113.2171630859375,91820000.0,113.39050900268353,116.13687453033563,111.67385011306806
2022-04-28 04:00:00,116.41500091552734,119.64949798583984,114.11499786376953,118.52249908447266,117.40531921386719,48884000.0,115.31768608784513,118.5216951491602,113.03936260858708
2022-04-29 04:00:00,116.7344970703125,117.91999816894531,113.81449890136719,114.1094970703125,113.03389739990234,42676000.0,115.63415406821377,116.80848059659873,112.7416798928777
2022-05-02 04:00:00,113.40499877929688,116.74549865722656,112.5999984741211,116.58300018310547,115.48409271240234,35534000.0,112.336047043813,115.64505948132707,111.53863464466028
2022-05-03 04:00:00,116.43049621582031,118.44200134277344,116.03450012207031,117.33399963378906,116.2280044555664,24968000.0,115.33301749852883,117.32556209419245,114.94075408048792
2022-05-04 04:00:00,117.03150177001953,122.85449981689453,115.11599731445312,122.26100158691406,121.10856628417969,49916000.0,115.92835986523224,121.69647018478724,114.03091100326057
2022-05-05 04:00:00,120.2040023803711,121.03900146484375,115.00550079345703,116.50550079345703,115.4073257446289,45840000.0,119.07096543975983,119.8980938644429,113.92146466993306
2022-05-06 04:00:00,115.18450164794922,117.57150268554688,114.0155029296875,115.74649810791016,114.65547943115234,39710000.0,114.09878031188086,116.46328163885201,112.94080049661473
2022-05-09 04:00:00,113.25,115.0770034790039,112.00050354003906,112.51100158691406,111.45046997070312,40802000.0,112.18250256559926,113.99228466247091,110.9447838916454
2022-05-10 04:00:00,115.50749969482422,116.25,112.90049743652344,114.3949966430664,113.31671142578125,39900000.0,114.41872804342833,115.15422955384565,111.83629934235512
2022-05-11 04:00:00,113.23650360107422,116.364501953125,113.23650360107422,113.60250091552734,112.53168487548828,37534000.0,112.16913744806907,115.26765131886637,112.16913744806907
2022-05-12 04:00:00,111.37750244140625,114.29499816894531,109.82450103759766,112.84400177001953,111.78031921386719,53836000.0,110.32764330280368,113.21763832791855,108.78928069660064
2022-05-13 04:00:00,114.53299713134766,117.875,113.6050033569336,116.05049896240234,114.95659637451172,35038000.0,113.45339865412404,116.76389949892088,112.53415223366756
2022-05-16 04:00:00,114.95549774169922,116.16999816894531,113.8895034790039,114.44499969482422,113.36624145507812,25990000.0,113.87192754882359,115.07498009851662,112.8159813449991
2022-05-17 04:00:00,116.84049987792969,116.9000015258789,114.87000274658203,116.4729995727539,115.37512969970703,23054000.0,115.73916596158637,115.79810674936266,113.78724265802168
2022-05-18 04:00:00,115.0,115.4000015258789,111.55549621582031,111.89949798583984,110.84474182128906,35126000.0,113.916018739077,114.31224988096989,110.50398258581235
2022-05-19 04:00:00,111.43150329589844,113.01000213623047,110.0,110.38400268554688,109.34353637695312,34144000.0,110.38116337277009,111.94478347323437,108.96315325444981
2022-05-20 04:00:00,111.95099639892578,112.18350219726562,105.79650115966797,108.90799713134766,107.88143920898438,48962000.0,110.89575541298444,111.1260696305812,104.79927194524407
2022-05-23 04:00:00,109.5875015258789,112.14749908447266,108.74099731445312,111.48799896240234,110.4371109008789,37184000.0,108.55452759041016,111.09039456188339,107.71600254425863
2022-05-24 04:00:00,105.77200317382812,106.45850372314453,101.8844985961914,105.97000122070312,104.97113800048828,76780000.0,104.77500626449768,105.45503592449192,100.92414493774601
2022-05-25 04:00:00,104.9854965209961,106.5,103.85649871826172,105.80500030517578,104.80769348144531,40258000.0,103.99591425389033,105.49614218211859,102.87755826590382
2022-05-26 04:00:00,105.677001953125,108.64949798583984,105.2249984741211,107.7925033569336,106.77644348144531,37948000.0,104.68088294574915,107.6253600174525,104.23314008398944
2022-05-27 04:00:00,109.48300170898438,112.31800079345703,109.13849639892578,112.31649780273438,111.25780487060547,37914000.0,108.45101725108991,111.25929369416936,108.1097592407956
2022-05-31 04:00:00,112.74649810791016,115.73500061035156,112.07849884033203,113.76200103759766,112.68968200683594,50012000.0,111.68375119356135,114.64408411321045,111.02204847773712
2022-06-01 04:00:00,114.8550033569336,117.10150146484375,113.25,113.89199829101562,112.81845092773438,36606000.0,113.77237869617002,115.99770128554901,112.18250412043044
2022-06-02 04:00:00,114.0,117.89949798583984,112.94650268554688,117.62249755859375,116.51378631591797,37992000.0,112.92543446799303,116.78817573341432,111.88186743338352
2022-06-03 04:00:00,116.0625,116.32150268554688,113.51850128173828,114.54100036621094,113.4613265991211,26136000.0,114.9684844405739,115.22504574352156,112.44846568294494
2022-06-06 04:00:00,116.70449829101562,119.34700012207031,116.16400146484375,116.82050323486328,115.7193603515625,33542000.0,115.60444886318548,118.22204263439792,115.06904672687631
2022-06-07 04:00:00,115.48049926757812,117.69100189208984,115.052001953125,117.14949798583984,116.04524230957031,31590000.0,114.39197563745488,116.58164197916135,113.96751735517762
2022-06-08 04:00:00,116.7614974975586,118.57050323486328,116.5999984741211,117.19400024414062,116.08932495117188,26108000.0,115.6608989926276,117.45285297012651,115.50092226538834
2022-06-09 04:00:00,116.32749938964844,118.29900360107422,114.7760009765625,114.83550262451172,113.75305938720703,25798000.0,115.23099254159975,117.18391328926909,113.69411860375493
2022-06-10 04:00:00,112.44499969482422,113.27899932861328,110.36599731445312,111.1614990234375,110.11369323730469,41452000.0,111.38509566027086,112.21123403229579,109.3256899095123
2022-06-13 04:00:00,106.7864990234375,108.79149627685547,106.11900329589844,106.39250183105469,105.38964080810547,47252000.0,105.77992416332314,107.76602221273737,105.11872028376786
2022-06-14 04:00:00,106.53500366210938,107.92449951171875,105.80000305175781,106.71549987792969,105.70958709716797,33706000.0,105.53079225978453,106.90719055903303,104.80271985113437
2022-06-15 04:00:00,108.54499816894531,111.42350006103516,107.66950225830078,109.7645034790039,108.72986602783203,39698000.0,107.52185574417723,110.37322494977526,106.65461223598331
2022-06-16 04:00:00,107.22100067138672,108.64849853515625,105.13800048828125,106.03350067138672,105.0340347290039,51684000.0,106.21034141935115,107.62438376681095,104.14697548134566
2022-06-17 04:00:00,106.03350067138672,108.69950103759766,105.0459976196289,107.14350128173828,106.13356018066406,51376000.0,105.03402250297012,107.67489298903801,104.05582771449916
2022-06-21 04:00:00,108.92949676513672,112.489501953125,108.5999984741211,111.54399871826172,110.49256896972656,47416000.0,107.90271168742838,111.42915975533309,107.57631929461657
2022-06-22 04:00:00,110.55650329589844,113.34649658203125,110.38249969482422,111.48750305175781,110.4366226196289,30774000.0,109.51439846102454,112.27809328975262,109.34203501668972
2022-06-23 04:00:00,112.23149871826172,112.74250030517578,110.50050354003906,112.24199676513672,111.18400573730469,28362000.0,111.17360664482932,111.6797915400438,109.45892779579324
2022-06-24 04:00:00,112.99500274658203,118.0790023803711,112.95249938964844,117.9749984741211,116.86296844482422,41164000.0,111.92991405965786,116.9659920122871,111.88781133853583
2022-06-27 04:00:00,118.27300262451172,118.57949829101562,115.17949676513672,115.83350372314453,114.74164581298828,36420000.0,117.15814975964322,117.4617563680841,114.09380358839046
2022-06-28 04:00:00,115.80249786376953,117.30950164794922,111.8479995727539,112.00749969482422,110.95171356201172,35792000.0,114.71093996164035,116.20373868185764,110.79371689299163
2022-06-29 04:00:00,111.552001953125,113.1604995727539,110.87249755859375,111.70149993896484,110.64861297607422,24716000.0,110.50052414302422,112.09386022789779,109.82742468771599
2022-06-30 04:00:00,110.0,110.88800048828125,106.75,108.96299743652344,107.93589782714844,43170000.0,108.96312546745911,109.84275554582051,105.74376039682963
2022-07-01 04:00:00,107.93299865722656,109.25,106.73049926757812,108.73750305175781,107.7125473022461,35476000.0,106.91562613688178,108.22021347289117,105.72446146275112
2022-07-05 04:00:00,107.10050201416016,113.37699890136719,105.73149871826172,113.26300048828125,112.19537353515625,39342000.0,106.09096331087137,112.30829738922557,104.734864359828
2022-07-06 04:00:00,113.302001953125,115.5895004272461,111.47599792480469,114.5719985961914,113.49205780029297,37432000.0,112.2340319808336,114.4999687910837,110.4252396296056
2022-07-07 04:00:00,115.08000183105469,119.18949890136719,114.83350372314453,118.78299713134766,117.66336059570312,40936000.0,113.99526935516327,118.06603072108908,113.75109471352565
2022-07-08 04:00:00,117.25,119.68499755859375,116.90149688720703,119.35350036621094,118.22848510742188,38238000.0,116.14481214469383,118.5568576373647,115.79959399060274
2022-07-11 04:00:00,117.99800109863281,117.99800109863281,115.33049774169922,115.67649841308594,114.58613586425781,31196000.0,116.88575614827931,116.88575614827931,114.24339658286063
2022-07-12 04:00:00,116.21499633789062,116.9739990234375,113.69000244140625,114.02050018310547,112.94574737548828,29960000.0,115.1195582947248,115.87140665042774,112.61836489266997
2022-07-13 04:00:00,111.70099639892578,114.19599914550781,111.20149993896484,111.35350036621094,110.30388641357422,43722000.0,110.64810696160987,113.11959190510474,110.15331873670166
2022-07-14 04:00:00,110.21050262451172,111.09300231933594,108.37300109863281,110.36750030517578,109.32717895507812,37004000.0,109.17166113070019,110.04584240505243,107.35147984912258
2022-07-15 04:00:00,112.00050354003906,113.1405029296875,110.9000015258789,111.77749633789062,110.72388458251953,46770000.0,110.9447897246164,112.0740435098507,109.85466101364264
2022-07-18 04:00:00,112.63999938964844,113.68000030517578,108.37000274658203,109.02999877929688,108.00228118896484,43164600.0,111.57825390635203,112.60845176541036,107.34850628382924
2022-07-19 04:00:00,110.8499984741211,114.0199966430664,109.55999755859375,113.80999755859375,112.73721313476562,36530900.0,109.80511529781504,112.94523274685736,108.52727405998375
2022-07-20 04:00:00,113.16999816894531,115.4000015258789,112.4800033569336,113.9000015258789,112.82637786865234,35600400.0,112.10325553773596,114.31223883911534,111.41976463040918
2022-07-21 04:00:00,114.27999877929688,114.55000305175781,111.11000061035156,114.33999633789062,113.26222229003906,32676200.0,113.20279027118345,113.47024947099275,110.06267265031975
2022-07-22 04:00:00,111.0,112.33999633789062,106.5,107.9000015258789,106.8829345703125,48901200.0,109.95371241453788,111.28107792780779,105.49612947881336
2022-07-25 04:00:00,108.41000366210938,109.87000274658203,106.30000305175781,107.51000213623047,106.49662017822266,34690900.0,107.38813835101456,108.83437558355239,105.29802646271146
2022-07-26 04:00:00,106.5999984741211,107.19999694824219,104.06999969482422,105.0199966430664,104.03008270263672,47991000.0,105.59519150485441,106.1895344193416,103.08904038448871
2022-07-27 04:00:00,109.26000213623047,113.91000366210938,108.01000213623047,113.05999755859375,111.99429321289062,59858500.0,108.23011657455983,112.83628715279444,106.99189908350105
2022-07-28 04:00:00,112.37000274658203,114.33999633789062,111.45999908447266,114.22000122070312,113.14335632324219,32816600.0,111.31079605080369,113.2622203589268,110.40937014030533
2022-07-29 04:00:00,113.08000183105469,116.70999908447266,113.05999755859375,116.31999969482422,115.22357177734375,37223400.0,112.01411401088968,115.60989504749655,111.99429829794433
2022-08-01 04:00:00,115.30000305175781,116.72000122070312,114.33999633789062,114.86000061035156,113.7773208618164,26034300.0,114.21317580426667,115.61978895447348,113.26221819210625
2022-08-02 04:00:00,114.0,116.3499984741211,113.72000122070312,115.12999725341797,114.04479217529297,20236000.0,112.92544617512725,115.25329377338157,112.64808663933259
2022-08-03 04:00:00,115.70999908447266,118.62000274658203,115.4800033569336,118.08000183105469,116.96698760986328,28499000.0,114.6193243510887,117.50189851277953,114.39149654793644
2022-08-04 04:00:00,117.4800033569336,118.77999877929688,116.88999938964844,118.19000244140625,117.075927734375,21602900.0,116.37262119585114,117.66036268819161,115.78817868455567
2022-08-05 04:00:00,116.2300033569336,118.11000061035156,116.0,117.47000122070312,116.36273193359375,19159500.0,115.13442225860744,116.996698705037,114.90658690755124
2022-08-08 04:00:00,118.38999938964844,120.1500015258789,116.87999725341797,117.30000305175781,116.1943359375,19138300.0,117.27405799513392,119.01747039195752,115.77828910409572
2022-08-09 04:00:00,117.13999938964844,117.31999969482422,115.70999908447266,116.62999725341797,115.5306396484375,19086500.0,116.03583449031639,116.21413810759837,114.6193134078761
2022-08-10 04:00:00,118.77999877929688,120.91999816894531,118.41000366210938,119.69999694824219,118.57169342041016,30930400.0,117.6603672414906,119.7801947938587,117.2938597333812
2022-08-11 04:00:00,121.27999877929688,121.48999786376953,118.55999755859375,118.83999633789062,117.71981811523438,24293700.0,120.1368212493172,120.34484089581902,117.44245858656527
2022-08-12 04:00:00,120.26000213623047,121.68000030517578,119.45999908447266,121.68000030517578,120.53304290771484,19096300.0,119.1264296615191,120.53304290771484,118.33396744979994
2022-08-15 04:00:00,121.12999725341797,122.30000305175781,120.61000061035156,122.08000183105469,120.92927551269531,19494800.0,119.98822567992796,121.14720300149365,119.47313052616087
2022-08-16 04:00:00,121.5199966430664,122.43000030517578,120.63999938964844,121.69999694824219,120.55284881591797,19041200.0,120.37454519947742,121.27597113744898,119.50284282881232
2022-08-17 04:00:00,120.12000274658203,121.29000091552734,119.37999725341797,119.55000305175781,118.42313385009766,22847000.0,118.98776077131538,120.14673062684432,118.25473051343378
2022-08-18 04:00:00,119.43000030517578,120.81999969482422,118.72000122070312,120.16999816894531,119.03728485107422,17987700.0,118.30426215122462,119.68115951171039,117.60095546444617
2022-08-19 04:00:00,119.05999755859375,119.1500015258789,116.76000213623047,117.20999908447266,116.10517120361328,21809500.0,117.93773149063666,118.02688707558907,115.65941595128955
2022-08-22 04:00:00,115.19999694824219,115.62999725341797,113.8499984741211,114.23999786376953,113.16317749023438,21456600.0,114.11412767246556,114.54007481677039,112.77685421487422
2022-08-23 04:00:00,113.4800033569336,115.01000213623047,113.43000030517578,113.86000061035156,112.7867431640625,15870400.0,112.41032780841033,113.92590464344327,112.36079609116287
2022-08-24 04:00:00,113.5,114.77999877929688,112.87000274658203,113.69000244140625,112.61835479736328,17734600.0,112.43014332846406,113.6980767753064,111.80608446063744
2022-08-25 04:00:00,114.23999786376953,116.72000122070312,114.11000061035156,116.6500015258789,115.55045318603516,16956800.0,113.16316633053552,115.61979306048023,113.03439443727451
2022-08-26 04:00:00,114.72000122070312,115.12000274658203,110.19000244140625,110.33999633789062,109.2999267578125,37245700.0,113.63864552506944,114.03487661925666,109.15134671028687
2022-08-29 04:00:00,109.98999786376953,110.94999694824219,108.80000305175781,109.41999816894531,108.38861083984375,21191200.0,108.95323774657922,109.90418792858209,107.77445976504953
2022-08-30 04:00:00,110.16999816894531,110.5,107.80000305175781,108.94000244140625,107.91313171386719,27513300.0,109.13153347611065,109.4584247030461,106.78387798216265
2022-08-31 04:00:00,110.6500015258789,110.8499984741211,108.12999725341797,108.22000122070312,107.19992065429688,28627000.0,109.60701580275753,109.80512758191875,107.11076506343836
2022-09-01 04:00:00,108.27999877929688,110.44999694824219,107.36000061035156,109.73999786376953,108.7055892944336,28360900.0,107.25935215267644,109.40889593174482,106.34802588101795
2022-09-02 04:00:00,110.58999633789062,110.73999786376953,107.26000213623047,107.8499984741211,106.8333969116211,24160700.0,109.54756736557177,109.69615496666863,106.24896192011391
2022-09-06 04:00:00,107.30000305175781,108.02999877929688,105.77999877929688,106.80999755859375,105.8031997680664,25068300.0,106.28858643846911,107.01170118012315,104.78290982238947
2022-09-07 04:00:00,107.05999755859375,109.9800033569336,106.9000015258789,109.44999694824219,108.4183120727539,23167000.0,106.05084101834052,108.94332259646582,105.892353121685
2022-09-08 04:00:00,108.04000091552734,109.5999984741211,107.16000366210938,108.37999725341797,107.35841369628906,24238300.0,107.02162214412529,108.56691525636909,106.14991969368934
2022-09-09 04:00:00,109.06999969482422,110.98999786376953,109.0199966430664,110.6500015258789,109.60700988769531,23197700.0,108.04190122135259,109.94380140559007,107.99236950049534
2022-09-12 04:00:00,110.98999786376953,111.62000274658203,109.93000030517578,110.86000061035156,109.81502532958984,22966800.0,109.94379721844312,110.56786362456725,108.89379128207831
2022-09-13 04:00:00,107.80000305175781,108.30000305175781,104.08999633789062,104.31999969482422,103.33668518066406,38172900.0,106.78388621953583,107.2791732473491,103.10884982257862
2022-09-14 04:00:00,104.56999969482422,105.27999877929688,103.66000366210938,105.0,104.0102767944336,26395100.0,103.58432964430956,104.28763632335523,102.68291117531426
2022-09-15 04:00:00,104.02999877929688,105.2699966430664,102.3499984741211,102.91000366210938,101.93997955322266,34188300.0,103.04941765722538,104.27772736843421,101.38525294374102
2022-09-16 04:00:00,102.06999969482422,103.12999725341797,100.94000244140625,102.80000305175781,101.83100128173828,42797200.0,101.10787899994078,102.15788492935164,99.9885331989175
2022-09-19 04:00:00,101.75,103.33000183105469,101.55000305175781,103.06999969482422,102.09845733642578,23036800.0,100.7909000168843,102.35600868106442,100.59278824868812
2022-09-20 04:00:00,102.08000183105469,102.37000274658203,100.5199966430664,101.13999938964844,100.18665313720703,26517100.0,101.11779510985505,101.40506247498007,99.57249454030391
2022-09-21 04:00:00,101.66999816894531,102.87999725341797,99.2699966430664,99.27999877929688,98.34417724609375,31487300.0,100.71164830253635,101.91024183491061,98.33426939083203
2022-09-22 04:00:00,98.81999969482422,101.23999786376953,98.79000091552734,100.13999938964844,99.19609069824219,34298600.0,97.88853317629787,100.28572070694902,97.85881716221651
2022-09-23 04:00:00,99.62999725341797,99.66000366210938,97.47000122070312,98.73999786376953,97.80926513671875,31625400.0,98.69087530642672,98.72059887182063,96.5512396042916
2022-09-26 04:00:00,98.0999984741211,99.87999725341797,97.80000305175781,98.16999816894531,97.2446517944336,27072700.0,97.17531191386047,98.93853249770274,96.87814423603862
2022-09-27 04:00:00,99.43000030517578,100.0,96.87000274658203,97.5,96.58096313476562,30072800.0,98.49277122014274,99.0573980869391,95.95690424751061
2022-09-28 04:00:00,97.6500015258789,100.69999694824219,97.11000061035156,100.05000305175781,99.10692596435547,32466300.0,96.72954699099779,99.7507929809595,96.19463615518136
2022-09-29 04:00:00,98.63999938964844,98.63999938964844,95.95999908447266,97.41999816894531,96.50171661376953,31047200.0,97.71021809479579,97.71021809479579,95.05547949044494
2022-09-30 04:00:00,97.05000305175781,98.9000015258789,95.55999755859375,95.6500015258789,94.7484130859375,32941500.0,96.13521832147143,97.96777887388245,94.65925748807376
2022-10-03 04:00:00,96.76000213623047,99.29000091552734,96.5199966430664,98.63999938964844,97.71022033691406,27982000.0,95.84794390746448,98.35409495883162,95.61020070223094
2022-10-04 04:00:00,100.44000244140625,101.83999633789062,100.37999725341797,101.63999938964844,100.68193817138672,28850800.0,99.49325242488644,100.88004994331021,99.43381284732565
2022-10-05 04:00:00,99.83000183105469,101.93000030517578,98.80000305175781,101.43000030517578,100.47392272949219,22176900.0,98.88900581563564,100.96920973741486,97.86871578851174
2022-10-06 04:00:00,100.68000030517578,102.93000030517578,100.58999633789062,101.41999816894531,100.46401977539062,22324000.0,99.73099708399155,101.95978872839768,99.64184148832554
2022-10-07 04:00:00,99.8499984741211,100.52999877929688,98.30000305175781,98.68000030517578,97.74983978271484,27502800.0,98.90880951525219,99.58240011798391,97.37342439434227
2022-10-10 04:00:00,99.0,99.0999984741211,97.01000213623047,97.86000061035156,96.93757629394531,18225100.0,98.06683009651893,98.1658859891608,96.09558987026921
2022-10-11 04:00:00,97.43000030517578,99.25,96.30999755859375,97.18000030517578,96.26398468017578,26507100.0,96.51162818804231,98.31447262301143,95.40218255210743
2022-10-12 04:00:00,97.30000305175781,98.75,96.73999786376953,97.55999755859375,96.640380859375,21876400.0,96.38283710383236,97.81916614062736,95.82811061751906
2022-10-13 04:00:00,95.1500015258789,99.77999877929688,94.37999725341797,99.05999755859375,98.12625885009766,34574500.0,94.25311840728581,98.83947334531618,93.49037218865715
2022-10-14 04:00:00,99.98999786376953,100.69000244140625,96.37000274658203,96.55999755859375,95.64982604980469,25410700.0,99.04749527967141,99.74090163611203,95.4616221229326
2022-10-17 04:00:00,98.86000061035156,100.93000030517578,98.83000183105469,99.97000122070312,99.02767944335938,28419200.0,97.92814174923495,99.9786295328087,97.89842573979583
2022-10-18 04:00:00,103.12999725341797,103.47000122070312,99.97000122070312,100.7699966430664,99.82013702392578,24060700.0,102.15789223033175,102.49469131471892,99.0276823713602
2022-10-19 04:00:00,100.01000213623047,101.0199966430664,98.91999816894531,99.62999725341797,98.69087982177734,23811100.0,99.06730275919794,100.06777700633921,97.98757322485923
2022-10-20 04:00:00,100.0,102.31999969482422,99.38999938964844,99.97000122070312,99.02767944335938,25323200.0,99.05739545279849,101.35552672500424,98.45314473593805
2022-10-21 04:00:00,97.8499984741211,101.30999755859375,97.72000122070312,101.12999725341797,100.17674255371094,32458700.0,96.92766115141708,100.35504617005535,96.79888925641042
2022-10-24 04:00:00,101.80000305175781,102.75,99.9800033569336,102.5199966430664,101.55364227294922,27176400.0,100.84043534742486,101.78147761626212,99.0375909853776
2022-10-25 04:00:00,102.9000015258789,104.81999969482422,102.72000122070312,104.4800033569336,103.49517059326172,40611400.0,101.930061923768,103.83196211183454,101.75175830879428
2022-10-26 04:00:00,96.43000030517578,98.30999755859375,94.69000244140625,94.93000030517578,94.03518676757812,88114100.0,95.52104771456979,97.38332404744001,93.79745113215374
2022-10-27 04:00:00,94.5199966430664,95.43000030517578,91.80000305175781,92.22000122070312,91.35073852539062,60710900.0,93.62905426662633,94.53048026417704,90.93469924535803
2022-10-28 04:00:00,92.2699966430664,96.55000305175781,92.12999725341797,96.29000091552734,95.38236236572266,43697300.0,91.40025102932333,95.63991369751206,91.26157128700885
2022-10-31 04:00:00,95.41999816894531,96.02999877929688,93.9800033569336,94.51000213623047,93.61915588378906,31675000.0,94.52057434230903,95.12482511935792,93.09415284479122
2022-11-01 04:00:00,95.44999694824219,96.02999877929688,90.37000274658203,90.47000122070312,89.61723327636719,47161400.0,94.55028769007764,95.12482243853582,89.5181773853351
2022-11-02 04:00:00,90.94000244140625,91.18000030517578,86.87999725341797,86.97000122070312,86.15023040771484,57038300.0,90.08281078119961,90.32054644833656,86.06107480911312
2022-11-03 04:00:00,86.31999969482422,86.5199966430664,83.33999633789062,83.43000030517578,82.64358520507812,61288000.0,85.50634332478795,85.70445509240571,82.55442961941449
2022-11-04 04:00:00,85.4000015258789,86.63999938964844,83.70999908447266,86.58000183105469,85.7638931274414,51124900.0,84.5950155815513,85.8233251451628,82.92094321259124
2022-11-07 05:00:00,87.27999877929688,88.9000015258789,86.8499984741211,88.48999786376953,87.65589141845703,34078900.0,86.45729778160043,88.06203038731945,86.03135065796711
2022-11-08 05:00:00,88.9000015258789,90.31999969482422,87.58999633789062,88.9000015258789,88.06204223632812,30429000.0,88.06204223632812,89.46865569620269,86.76438497857373
2022-11-09 05:00:00,88.44999694824219,89.44000244140625,87.27999877929688,87.31999969482422,86.49691772460938,31769100.0,87.61626357664242,88.59693723661037,86.45729385938526
2022-11-10 05:00:00,92.25,94.38999938964844,91.61000061035156,93.94000244140625,93.05452728271484,51620100.0,91.38045474487578,93.50028257555145,90.74648796696232
2022-11-11 05:00:00,94.69000244140625,96.93000030517578,93.91999816894531,96.41000366210938,95.50122833251953,33090500.0,93.79744010441951,96.01632340829273,93.0346940091177
2022-11-14 05:00:00,95.08999633789062,96.79000091552734,94.51000213623047,95.69999694824219,94.79792785644531,30179500.0,94.19367711771467,95.87765743584981,93.61914994697848
2022-11-15 05:00:00,98.26000213623047,100.13999938964844,96.70999908447266,98.44000244140625,97.5121078491211,41640800.0,97.33380422522976,99.19608064116606,95.79841148852762
2022-11-16 05:00:00,97.9000015258789,99.63999938964844,97.63999938964844,98.8499984741211,97.91824340820312,29105200.0,96.9772010829533,98.70079781521773,96.71964971365578
2022-11-17 05:00:00,96.97000122070312,99.27999877929688,96.79000091552734,98.36000061035156,97.432861328125,26052600.0,96.0559640432795,98.34418761381784,95.87766041716742
2022-11-18 05:00:00,98.7699966430664,98.9000015258789,96.37000274658203,97.43000030517578,96.5116195678711,28342300.0,97.83898502388834,97.96776447326395,95.4616136066945
2022-11-21 05:00:00,97.29000091552734,98.4000015258789,95.36000061035156,95.5999984741211,94.6988754272461,21647400.0,96.37294795051915,97.47248572459458,94.4611397769671
2022-11-22 05:00:00,95.94999694824219,97.22000122070312,94.05000305175781,97.05000305175781,96.13521575927734,23438500.0,95.04557824487563,96.30361153605567,93.16349357268429
2022-11-23 05:00:00,97.08999633789062,98.76000213623047,97.08999633789062,98.45999908447266,97.53191375732422,18868100.0,96.17482467577447,97.82908897612423,96.17482467577447
2022-11-25 05:00:00,98.23999786376953,98.63999938964844,97.4000015258789,97.45999908447266,96.54135131835938,9701400.0,97.31399791067797,97.71022906397693,96.48191929048276
2022-11-28 05:00:00,97.04000091552734,97.58000183105469,95.61000061035156,96.05000305175781,95.1446304321289,26237500.0,96.12529652150104,96.66020735865297,94.70877547797265
2022-11-29 05:00:00,95.7300033569336,96.12000274658203,94.11000061035156,95.19000244140625,94.29273986816406,20061700.0,94.82765072592701,95.21397397473142,93.22291815263816
2022-11-30 05:00:00,94.81999969482422,101.04000091552734,94.41999816894531,100.98999786376953,100.03807067871094,43647500.0,93.92623063545153,100.0876024039482,93.52999950599408
2022-12-01 05:00:00,101.0199966430664,102.25,100.25,100.98999786376953,100.03807067871094,28687100.0,100.06778669086121,101.28619609138381,99.3050480015768
2022-12-02 05:00:00,99.05000305175781,100.7699966430664,98.9000015258789,100.44000244140625,99.4932632446289,21480700.0,98.11636587483002,99.82014694810282,97.96777825098889
2022-12-05 05:00:00,99.4000015258789,101.37999725341797,99.0,99.4800033569336,98.54230499267578,24405100.0,98.46305725876209,100.42438954950684,98.0668261466735
2022-12-06 05:00:00,99.30000305175781,99.77999877929688,96.41999816894531,96.9800033569336,96.06587982177734,24910700.0,98.36401143814018,98.83948277532939,95.51115318508242
2022-12-07 05:00:00,96.41000366210938,96.87999725341797,94.72000122070312,94.94000244140625,94.04508972167969,31045400.0,95.50123458303383,95.9667979738765,93.8271622516159
2022-12-08 05:00:00,95.37999725341797,95.58000183105469,93.44999694824219,93.70999908447266,92.82669067382812,32213300.0,94.48094747640057,94.67906681524398,92.5691393120717
2022-12-09 05:00:00,93.7699966430664,94.26000213623047,92.75,92.83000183105469,91.9549789428711,28225400.0,92.88611328995704,93.3714999528572,91.87573121535932
2022-12-12 05:00:00,92.70999908447266,93.55999755859375,91.61000061035156,93.30999755859375,92.43045806884766,29420000.0,91.83611517682478,92.67810157031386,90.74648528186952
2022-12-13 05:00:00,97.76000213623047,99.52999877929688,95.02999877929688,95.62999725341797,94.72859191894531,40593700.0,96.83851944299002,98.59183215358877,94.13424901149557
2022-12-14 05:00:00,95.19999694824219,96.87000274658203,93.5999984741211,95.06999969482422,94.17387390136719,28733600.0,94.30264580617633,95.95691020054102,92.71772884995525
2022-12-15 05:00:00,93.12999725341797,93.63999938964844,90.01000213623047,90.86000061035156,90.0035629272461,40107000.0,92.25216279887749,92.75735770370802,89.1615764575156
2022-12-16 05:00:00,90.76000213623047,91.33000183105469,89.5199966430664,90.26000213623047,89.4092025756836,58011800.0,89.90448952704405,90.4691163492958,88.67617244628515
2022-12-19 05:00:00,90.26000213623047,90.55999755859375,88.20999908447266,88.44000244140625,87.60635375976562,29493000.0,89.40919786544136,89.70636548611482,87.37851844885179
2022-12-20 05:00:00,88.11000061035156,89.18000030517578,87.44000244140625,89.0199966430664,88.18089294433594,23453800.0,87.27947454659835,88.33938840975075,86.61579178950325
2022-12-21 05:00:00,89.08000183105469,90.22000122070312,88.31999969482422,89.58000183105469,88.7356185913086,24745600.0,88.24033160326711,89.36958533140333,87.48749326534973
2022-12-22 05:00:00,88.16000366210938,88.54000091552734,86.31999969482422,87.76000213623047,86.93277740478516,27658300.0,87.32900852106096,87.705423924909,85.50634840918426
2022-12-23 05:00:00,87.11000061035156,89.55000305175781,87.06999969482422,89.2300033569336,88.38892364501953,23003000.0,86.28890398968787,88.70590703096771,86.24928012175934
2022-12-27 05:00:00,88.80000305175781,88.94000244140625,87.01000213623047,87.38999938964844,86.5662612915039,20097300.0,87.96297425967674,88.10165401513619,86.18984589203967
2022-12-28 05:00:00,86.9800033569336,88.04000091552734,85.94000244140625,86.0199966430664,85.20915985107422,19523200.0,86.16011740434456,87.21012327433716,85.12991968620067
2022-12-29 05:00:00,86.62000274658203,88.8499984741211,86.61000061035156,88.44999694824219,87.61625671386719,23333500.0,85.80351225609894,88.01248777759298,85.79360440119908
2022-12-30 05:00:00,86.9800033569336,88.30000305175781,86.56999969482422,88.2300033569336,87.39835357666016,23986300.0,86.16013598837714,87.46769345930478,85.75399699182971
2023-01-03 05:00:00,89.58999633789062,91.05000305175781,88.5199966430664,89.12000274658203,88.27995300292969,28131200.0,88.74551641039932,90.19176102565882,87.68560258790053
2023-01-04 05:00:00,90.3499984741211,90.6500015258789,87.2699966430664,88.08000183105469,87.249755859375,34854800.0,89.49835541423235,89.7955306240279,86.4473858159188
2023-01-05 05:00:00,87.47000122070312,87.56999969482422,85.9000015258789,86.19999694824219,85.38746643066406,27194400.0,86.64549950515097,86.74455538281254,85.09029879767937
2023-01-06 05:00:00,86.79000091552734,87.69000244140625,84.86000061035156,87.33999633789062,86.51673126220703,41381500.0,85.97192008580211,86.8634382151229,84.06011192527862
2023-01-09 05:00:00,88.36000061035156,90.05000305175781,87.86000061035156,88.0199966430664,87.19032287597656,29003900.0,87.52712197637781,89.20119450702028,87.03183496091958
2023-01-10 05:00:00,85.9800033569336,88.66999816894531,85.83000183105469,88.41999816894531,87.5865478515625,30467800.0,85.1695525248776,87.8341913419079,85.02096491917445
2023-01-11 05:00:00,89.18000030517578,91.5999984741211,89.01000213623047,91.5199966430664,90.65734100341797,26862000.0,88.33940116805881,90.73658874757064,88.17100537984503
2023-01-12 05:00:00,91.4800033569336,91.87000274658203,89.75,91.12999725341797,90.27100372314453,30258100.0,90.61771066077036,91.00403390685888,88.9040143567913
2023-01-13 05:00:00,90.8499984741211,92.19000244140625,90.12999725341797,92.12000274658203,91.2516860961914,26329200.0,89.99365279445307,91.32102597882799,89.28043825448809
2023-01-17 05:00:00,92.05999755859375,92.25,90.05000305175781,91.29000091552734,90.42950439453125,32602400.0,91.19224307477705,91.38045455947204,89.20119470950107
2023-01-18 05:00:00,92.13999938964844,92.80000305175781,90.63999938964844,91.12000274658203,90.26111602783203,29116700.0,91.27149829926222,91.92528084237877,89.78563712761265
2023-01-19 05:00:00,90.72000122070312,93.61000061035156,90.62999725341797,93.05000305175781,92.17291259765625,37000400.0,89.86487339203985,92.72763161249016,89.77571780323882
2023-01-20 05:00:00,95.0999984741211,98.30000305175781,95.0199966430664,98.0199966430664,97.09605407714844,63191100.0,94.20357999199304,97.3734211280702,94.12433226315825
2023-01-23 05:00:00,97.94999694824219,100.04000091552734,97.5,99.79000091552734,98.84938049316406,40005100.0,97.02672040094633,99.09702399348039,96.58096512336888
2023-01-24 05:00:00,98.0999984741211,99.61000061035156,97.19999694824219,97.69999694824219,96.7790756225586,33078500.0,97.17530672932803,98.6710755675798,96.28378862846672
2023-01-25 05:00:00,95.56999969482422,96.16000366210938,93.76000213623047,95.22000122070312,94.32246398925781,42330000.0,94.669163401654,95.25360603181933,92.87622675649058
2023-01-26 05:00:00,96.5,97.56999969482422,95.37999725341797,97.5199966430664,96.60077667236328,30114000.0,95.59039448086202,96.6503083971589,94.48094883976952
2023-01-27 05:00:00,97.30999755859375,100.31999969482422,97.30999755859375,99.37000274658203,98.43333435058594,33879800.0,96.39274691143376,99.37437656306163,96.39274691143376
2023-01-30 05:00:00,97.4800033569336,98.29000091552734,96.4000015258789,96.94000244140625,96.0262451171875,27226200.0,96.56115597928776,97.36351849369827,95.49133425508724
2023-01-31 05:00:00,96.87000274658203,98.87999725341797,96.81999969482422,98.83999633789062,97.9083251953125,29870700.0,95.95690086997,97.94794906005014,95.90736914967809
2023-02-01 05:00:00,98.70999908447266,101.19000244140625,97.58000183105469,100.43000030517578,99.48333740234375,35531100.0,97.77954907961451,100.23617568488253,96.66020328967222
2023-02-02 05:00:00,105.80000305175781,107.8499984741211,105.61000061035156,107.73999786376953,106.72443389892578,69883800.0,104.80272559946398,106.83339763663767,104.61451413296538
2023-02-03 05:00:00,102.93000030517578,107.80999755859375,102.58000183105469,104.77999877929688,103.7923583984375,65309300.0,101.95979772942098,106.7937968686749,101.61309828784721
2023-02-06 05:00:00,102.4000015258789,104.36000061035156,101.87999725341797,102.9000015258789,101.9300765991211,31999600.0,101.43478954816082,103.37631388102743,100.91968678297297
2023-02-07 05:00:00,103.22000122070312,108.18000030517578,103.12000274658203,107.63999938964844,106.62537384033203,49010200.0,102.24703902233036,107.16028465247165,102.14798314396651
2023-02-08 05:00:00,102.05000305175781,103.13999938964844,98.04000091552734,99.37000274658203,98.43333435058594,94743500.0,101.08807279083534,102.16779474920261,97.11586920713648
2023-02-09 05:00:00,100.0,100.02999877929688,93.62999725341797,95.01000213623047,94.11442565917969,119455000.0,99.05738716249405,99.08710316944618,92.7474288795508
2023-02-10 05:00:00,95.44999694824219,96.75,94.25,94.56999969482422,93.6785888671875,54980700.0,94.5502913222284,95.8380406275546,93.36160546921987
2023-02-13 05:00:00,94.73999786376953,95.19999694824219,93.83999633789062,94.61000061035156,93.71821594238281,50076100.0,93.84698785432812,94.30265103215068,92.9554696553359
2023-02-14 05:00:00,94.43000030517578,94.8499984741211,92.26000213623047,94.68000030517578,93.78752899169922,54726100.0,93.53988553825234,93.95592472624827,91.3903421761283
2023-02-15 05:00:00,94.48999786376953,97.12000274658203,94.1500015258789,96.94000244140625,96.0262451171875,50169000.0,93.5993343044652,96.20454873788759,93.26254277507603
2023-02-16 05:00:00,95.37000274658203,97.68000030517578,94.73999786376953,95.51000213623047,94.6097183227539,42462600.0,94.47103857692892,96.7592619405205,93.84697216323715
2023-02-17 05:00:00,94.8499984741211,95.55999755859375,93.20999908447266,94.3499984741211,93.46065521240234,34284100.0,93.95594221146911,94.65924884324633,92.33140145912851
2023-02-21 05:00:00,93.0,93.0999984741211,91.72000122070312,91.79000091552734,90.9247817993164,33629300.0,92.1233753458433,92.22243122719243,90.85544192662408
2023-02-22 05:00:00,91.69999694824219,92.11000061035156,90.61000061035156,91.6500015258789,90.78609466552734,30884000.0,90.83561882343186,91.24175772863377,89.75589695688203
2023-02-23 05:00:00,91.91999816894531,91.94000244140625,89.76000213623047,90.88999938964844,90.03327178955078,41206400.0,91.05356181773953,91.07337753026592,88.9139258711701
2023-02-24 05:00:00,89.44000244140625,89.88999938964844,88.58000183105469,89.12999725341797,88.28986358642578,36585100.0,88.5969466852926,89.04270199101362,87.74505238582013
2023-02-27 05:00:00,89.87000274658203,90.16000366210938,89.33999633789062,89.87000274658203,89.02288055419922,27502300.0,89.02288055419922,89.31014789674506,88.49787003042141
2023-02-28 05:00:00,89.33000183105469,91.2300033569336,89.31999969482422,90.05999755859375,89.21109008789062,30142000.0,88.48797531575339,90.37006738645363,88.47806745987378
2023-03-01 05:00:00,89.9800033569336,91.02999877929688,89.66999816894531,90.36000061035156,89.50825500488281,31111200.0,89.1318396570481,90.17193768033303,88.82475661995356
2023-03-02 05:00:00,89.66000366210938,92.27999877929688,89.58999633789062,92.0,91.1328125,32204400.0,88.81487285313399,91.41017202449882,88.74552541452906
2023-03-03 05:00:00,92.4800033569336,93.7300033569336,92.44999694824219,93.6500015258789,92.76725769042969,35160100.0,91.6082879107454,92.84650542514655,91.57856434211662
2023-03-06 05:00:00,94.0199966430664,95.97000122070312,94.0,95.12999725341797,94.2332992553711,32639300.0,93.13376154162282,95.06538532191449,93.11395338746972
2023-03-07 05:00:00,94.9800033569336,95.66999816894531,93.52999877929688,93.86000061035156,92.97527313232422,27835500.0,94.08471869587915,94.76820959391353,92.64838190947148
2023-03-08 05:00:00,94.12000274658203,95.95999908447266,94.0,94.25,93.36161041259766,34103300.0,93.23283849823886,95.0554912436898,93.11396688365177
2023-03-09 05:00:00,94.05000305175781,95.52999877929688,91.9000015258789,92.31999969482422,91.44979095458984,28813500.0,93.16348729195221,94.62953257298054,91.0337516903099
2023-03-10 05:00:00,92.16999816894531,92.79000091552734,90.4000015258789,90.62999725341797,89.77572631835938,35941000.0,91.3012113113228,91.91536996276953,89.54789851172045
2023-03-13 04:00:00,90.08999633789062,92.56999969482422,89.41999816894531,91.11000061035156,90.2511978149414,37335600.0,89.24080810196517,91.69743494917104,88.57712533524305
2023-03-14 04:00:00,92.55999755859375,94.36000061035156,92.44000244140625,93.97000122070312,93.08423614501953,36050200.0,91.68752323511042,93.47055938446682,91.56865919680635
2023-03-15 04:00:00,93.22000122070312,96.93000030517578,92.63999938964844,96.11000061035156,95.20404815673828,50622100.0,92.34129049033785,96.01631836731767,91.76675587475093
2023-03-16 04:00:00,96.19999694824219,101.19000244140625,95.5,100.31999969482422,99.3743896484375,65492000.0,95.29322179021432,100.2361918035118,94.59982296945131
2023-03-17 04:00:00,100.26000213623047,102.83999633789062,100.0999984741211,101.62000274658203,100.66212463378906,61028500.0,99.31494349581332,101.87061846985974,99.15644804076712
2023-03-20 04:00:00,100.12000274658203,101.75,99.87000274658203,101.22000122070312,100.26589965820312,32960400.0,99.17626978959724,100.79090265941907,98.92862629411955
2023-03-21 04:00:00,101.25,105.0999984741211,101.22000122070312,104.91999816894531,103.9310302734375,42110300.0,100.29562522714755,104.10933390947386,100.2659092140549
2023-03-22 04:00:00,104.2699966430664,106.58999633789062,103.33000183105469,103.37000274658203,102.39564514160156,43427400.0,103.28715576562607,105.58528732379419,102.3560212715924
2023-03-23 04:00:00,105.05999755859375,106.30000305175781,104.45999908447266,105.5999984741211,104.6046142578125,40797800.0,104.06970338391277,105.29802060137733,103.47536048762859
2023-03-24 04:00:00,104.98999786376953,105.48999786376953,103.83999633789062,105.44000244140625,104.44612884521484,30393300.0,104.00036599422383,104.49565301256042,102.86120434055363
2023-03-27 04:00:00,104.62000274658203,104.76000213623047,101.93000030517578,102.45999908447266,101.49420166015625,31120900.0,103.63384492804329,103.77252467050126,100.96919869835409
2023-03-28 04:00:00,102.44000244140625,102.44999694824219,99.73999786376953,101.02999877929688,100.07767486572266,32057900.0,101.47438762194389,101.48428791906015,98.79983369220494
2023-03-29 04:00:00,102.27999877929688,102.48999786376953,100.6500015258789,101.38999938964844,100.43428039550781,28779600.0,101.31589050291362,101.52391010109581,99.7012578746546
2023-03-30 04:00:00,100.91000366210938,101.16000366210938,99.77999877929688,100.88999938964844,99.93900299072266,33086200.0,99.95881870147095,100.20646218346947,98.8394653260509
2023-03-31 04:00:00,101.30000305175781,103.88999938964844,101.04000091552734,103.7300033569336,102.75225067138672,36863400.0,100.34515540089112,102.91073859125474,100.08760402894022
2023-04-03 04:00:00,102.38999938964844,104.52999877929688,101.93000030517578,104.36000061035156,103.37631225585938,25035400.0,101.42488009655725,103.54470803674319,100.96921692373489
2023-04-04 04:00:00,104.33000183105469,105.58000183105469,104.04000091552734,104.72000122070312,103.73291015625,24420100.0,103.34658690208836,104.5848043981141,103.05931953611281
2023-04-05 04:00:00,105.77999877929688,106.0999984741211,103.66000366210938,104.47000122070312,103.48526000976562,28290500.0,104.78290944385377,105.09989280017604,102.6828975422735
2023-04-06 04:00:00,105.26000213623047,109.16999816894531,104.33000183105469,108.41999816894531,107.39803314208984,48711500.0,104.26782317730506,108.14096365506636,103.34658903891498
2023-04-10 04:00:00,106.9800033569336,107.58999633789062,105.12000274658203,106.44000244140625,105.43669891357422,27067400.0,105.97160978014296,106.57585296689001,104.12914153667725
2023-04-11 04:00:00,106.55000305175781,106.7300033569336,104.68000030517578,105.3499984741211,104.3569564819336,26311800.0,105.54564966940734,105.72395326965444,103.69327379781114
2023-04-12 04:00:00,106.58000183105469,106.75,104.33999633789062,104.63999938964844,103.6536636352539,24370300.0,105.57537962995973,105.74377539759396,103.35648840973943
2023-04-13 04:00:00,105.83999633789062,107.48999786376953,105.83999633789062,107.43000030517578,106.41737365722656,24843600.0,104.84235694101693,106.4768056835996,104.84235694101693
2023-04-14 04:00:00,106.88999938964844,108.94000244140625,106.83999633789062,108.87000274658203,107.84379577636719,26578000.0,105.8824559006008,107.9131356551454,105.83292417683923
2023-04-17 04:00:00,104.66000366210938,106.16000366210938,104.5199966430664,105.97000122070312,104.97113800048828,37571200.0,103.67348835512259,105.15934949683192,103.53480102901426
2023-04-18 04:00:00,106.48999786376953,106.54000091552734,104.06999969482422,104.5,103.51498413085938,26596400.0,105.48622429630001,105.53575601983307,103.08903700390688
2023-04-19 04:00:00,103.58000183105469,104.9800033569336,103.06999969482422,104.18000030517578,103.19801330566406,20905700.0,102.60367033835414,103.9904756337312,102.09847541527432
2023-04-20 04:00:00,103.91000366210938,106.25,103.87000274658203,105.29000091552734,104.29752349853516,27820800.0,102.93053428099542,105.24847350519047,102.89091041936659
2023-04-21 04:00:00,105.47000122070312,106.0,104.77999877929688,105.41000366210938,104.41641235351562,25800100.0,104.47584437704927,105.00084740487684,103.79234587649182
2023-04-24 04:00:00,105.48999786376953,106.62999725341797,104.69999694824219,105.97000122070312,104.97113800048828,23542800.0,104.49565910984984,105.62491297295048,103.71310466831859
2023-04-25 04:00:00,105.83000183105469,106.69000244140625,103.83999633789062,103.8499984741211,102.87110900878906,46664100.0,104.83244886590656,105.68434311564164,102.86120115263496
2023-04-26 04:00:00,104.91999816894531,106.3499984741211,102.62999725341797,103.70999908447266,102.732421875,53347600.0,103.9310154292547,105.34753645837012,101.66260021158149
2023-04-27 04:00:00,104.44999694824219,108.37000274658203,103.54000091552734,107.58999633789062,106.57585906982422,50089200.0,103.46545713822148,107.34851318187737,102.56403867704657
2023-04-28 04:00:00,107.04000091552734,107.3499984741211,105.08999633789062,107.33999633789062,106.32820129394531,36139800.0,106.03103365145822,106.338109149272,104.09940996663532
2023-05-01 04:00:00,106.83999633789062,107.98999786376953,106.81999969482422,107.19999694824219,106.18952941894531,26681700.0,105.83292217554937,106.97208378320418,105.8131140209073
2023-05-02 04:00:00,107.13999938964844,107.19999694824219,103.70999908447266,105.31999969482422,104.3272705078125,30997200.0,106.13011518153303,106.18954721289798,102.73244550135036
2023-05-03 04:00:00,105.52999877929688,107.48999786376953,104.95999908447266,105.41000366210938,104.41641235351562,21795400.0,104.53527640058293,106.47680059664341,103.97064950457289
2023-05-04 04:00:00,105.48999786376953,105.5999984741211,103.97000122070312,104.69000244140625,103.70319366455078,23419500.0,104.49564832384382,104.6046120675871,102.98997918095117
2023-05-05 04:00:00,104.81999969482422,105.87999725341797,104.11000061035156,105.56999969482422,104.57488250732422,26639300.0,103.83195210941555,104.88195798673324,103.12864557295947
2023-05-08 04:00:00,105.18000030517578,107.95999908447266,105.16000366210938,107.7699966430664,106.75415802001953,26511400.0,104.18857495479786,106.94236950082018,104.16876679983567
2023-05-09 04:00:00,108.38999938964844,110.1500015258789,107.19000244140625,107.3499984741211,106.3381118774414,36360100.0,107.36830969094812,109.11172195668867,106.1796239755447
2023-05-10 04:00:00,107.97000122070312,112.94000244140625,107.93000030517578,111.75,110.69664764404297,63153400.0,106.95227902689095,111.87543315591678,106.91265515886795
2023-05-11 04:00:00,115.4000015258789,117.91999816894531,114.41000366210938,116.56999969482422,115.47120666503906,78900000.0,114.31223694111618,116.8084800047562,113.33157083298755
2023-05-12 04:00:00,116.68000030517578,118.02999877929688,116.11000061035156,117.51000213623047,116.40235900878906,41102300.0,115.58018073153592,116.91745419072438,115.01555382399056
2023-05-15 04:00:00,116.11000061035156,118.4800033569336,116.01000213623047,116.51000213623047,115.41177368164062,36266800.0,115.01554258790955,117.3632055833455,114.91648670384667
2023-05-16 04:00:00,116.48999786376953,120.75,116.43000030517578,119.51000213623047,118.38349151611328,45035600.0,115.39195403994484,119.61180106311025,115.33252202302734
2023-05-17 04:00:00,119.61000061035156,121.66999816894531,118.88999938964844,120.83999633789062,119.70096588134766,33323600.0,118.48256401873364,120.52314416561975,117.76934948574967
2023-05-18 04:00:00,120.94999694824219,123.30999755859375,120.83000183105469,122.83000183105469,121.6722183227539,35234200.0,119.80993418093625,122.14768965780648,119.69107012591341
2023-05-19 04:00:00,123.55000305175781,125.97000122070312,122.1500015258789,122.76000213623047,121.60286712646484,41353400.0,122.38542149832001,124.78260877971135,120.99861637803845
2023-05-22 04:00:00,122.94000244140625,126.43000030517578,122.73999786376953,125.05000305175781,123.87128448486328,35253000.0,121.78117269366314,125.23827391464934,121.5830533547579
2023-05-23 04:00:00,124.16000366210938,124.62999725341797,122.20999908447266,122.55999755859375,121.40474700927734,34046300.0,122.98967145510028,123.45523488676992,121.05804762080852
2023-05-24 04:00:00,121.12000274658203,121.91000366210938,119.86000061035156,120.9000015258789,119.7603988647461,34182600.0,119.97832635531356,120.76088072713313,118.73020099136893
2023-05-25 04:00:00,124.5199966430664,125.31999969482422,121.95999908447266,123.4800033569336,122.31607818603516,42317000.0,123.34626847305567,124.1387306788188,120.81040150658113
2023-05-26 04:00:00,123.16999816894531,125.26000213623047,122.44999694824219,124.61000061035156,123.43543243408203,35635900.0,122.00900338994037,124.07930707525598,121.29578886786955
2023-05-30 04:00:00,125.63999938964844,125.66000366210938,122.0,123.66999816894531,122.50428771972656,35076700.0,124.45571975597146,124.47553546863793,120.85003091363836
2023-05-31 04:00:00,122.75,124.05999755859375,122.5,122.87000274658203,121.71183013916016,37325800.0,121.59295853842984,122.89060806044641,121.34531503835157
2023-06-01 04:00:00,122.81999969482422,124.41999816894531,122.62000274658203,123.72000122070312,122.5538101196289,30772700.0,121.66229205446838,123.2472088605985,121.46418028775692
2023-06-02 04:00:00,123.98999786376953,126.1500015258789,123.76000213623047,124.66999816894531,123.4948501586914,26980100.0,122.82125958334106,124.96090290179959,122.59343181140923
2023-06-05 04:00:00,124.01000213623047,127.43000030517578,123.83999633789062,126.01000213623047,124.82223510742188,32305500.0,122.8410870558176,126.2288484102657,122.67268372774639
2023-06-06 04:00:00,126.01000213623047,128.2899932861328,125.36000061035156,127.30999755859375,126.10997009277344,26638300.0,124.82222846227405,127.08072835419054,124.17835386828453
2023-06-07 04:00:00,126.97000122070312,129.0399932861328,122.12000274658203,122.5,121.3453140258789,52539000.0,125.7731809795302,127.82366128329055,120.9688986295934
2023-06-08 04:00:00,122.2300033569336,123.2300033569336,121.23999786376953,122.13999938964844,120.98870849609375,29389200.0,121.07786408652909,122.06843809259337,120.0971903791399
2023-06-09 04:00:00,122.25,123.76000213623047,121.91000366210938,122.2300033569336,121.0778579711914,23778300.0,121.09766612502108,122.59343491472501,120.76087460756005
2023-06-12 04:00:00,122.79000091552734,124.05000305175781,121.66000366210938,123.63999938964844,122.47456359863281,28306400.0,121.63257724558046,122.88070254912273,120.51323139340306
2023-06-13 04:00:00,124.9800033569336,125.16000366210938,123.18000030517578,123.83000183105469,122.66278076171875,22278300.0,123.80194237811752,123.9802460011841,122.01890614745163
2023-06-14 04:00:00,123.0999984741211,124.05000305175781,121.44999694824219,123.66999816894531,122.50428771972656,30592300.0,121.93966082841287,122.88071068558905,120.3052121775111
2023-06-15 04:00:00,123.13999938964844,125.45999908447266,122.4000015258789,125.08999633789062,123.91090393066406,35246300.0,121.97928756170958,124.27741904880322,121.2462648829115
2023-06-16 04:00:00,125.93000030517578,126.11000061035156,123.27999877929688,123.52999877929688,122.36560821533203,45535600.0,124.74298738908716,124.9212910160558,122.1179647088467
2023-06-20 04:00:00,122.93000030517578,124.56999969482422,122.13999938964844,123.0999984741211,121.93964385986328,26097500.0,121.77124811303166,123.39578868153674,120.98869383616365
2023-06-21 04:00:00,122.4000015258789,122.66000366210938,120.0999984741211,120.55000305175781,119.4136962890625,30306300.0,121.24625664021467,121.50380799105953,118.96793346366026
2023-06-22 04:00:00,120.0,123.23999786376953,118.83000183105469,123.1500015258789,121.98918914794922,26952200.0,118.8688795483101,122.07833718002013,117.70990978650924
2023-06-23 04:00:00,121.37999725341797,122.79000091552734,121.05999755859375,122.33999633789062,121.18682098388672,34913600.0,120.2358708393946,121.63258382371362,119.91888745789723
2023-06-26 04:00:00,120.76000213623047,122.0,118.2699966430664,118.33999633789062,117.22451782226562,33969900.0,119.62171252918014,120.85002211325339,117.15517794794245
2023-06-27 04:00:00,117.08000183105469,119.08000183105469,116.0999984741211,118.33000183105469,117.21463012695312,39535900.0,115.97641255413603,117.95756067064339,115.0056466517561
2023-06-28 04:00:00,117.08999633789062,120.38999938964844,116.8499984741211,120.18000030517578,119.04718017578125,27091400.0,115.98630267450676,119.25519980286133,115.74856703748377
2023-06-29 04:00:00,119.23999786376953,120.05999755859375,118.30000305175781,119.0999984741211,117.97735595703125,24090900.0,118.11603570546055,118.92830604232336,117.1849013313609
2023-06-30 04:00:00,120.16999816894531,121.08000183105469,119.69000244140625,119.69999694824219,118.57169342041016,29532200.0,119.03726436501533,119.93869024626859,118.56179312274388
2023-07-03 04:00:00,119.23999786376953,120.19000244140625,118.81999969482422,119.9000015258789,118.76981353759766,14467900.0,118.1160311282126,119.05708087892026,117.6999918990471
2023-07-05 04:00:00,119.23999786376953,122.61000061035156,119.2300033569336,121.75,120.60237884521484,27584800.0,118.11603610569972,121.45427304986976,118.10613580754944
2023-07-06 04:00:00,119.80000305175781,120.30000305175781,118.4000015258789,120.11000061035156,118.97784423828125,24745200.0,118.67076871540064,119.16605571745576,117.2839635981503
2023-07-07 04:00:00,120.0999984741211,121.05000305175781,119.4000015258789,119.4800033569336,118.35379028320312,21709500.0,118.96794135463395,119.90899123235957,118.27454254576682
2023-07-10 04:00:00,118.30000305175781,118.30999755859375,116.13999938964844,116.44999694824219,115.35234069824219,35315200.0,117.1849086668048,117.19480896554128,115.04526517285233
2023-07-11 04:00:00,116.29000091552734,117.70999908447266,115.3499984741211,117.13999938964844,116.03583526611328,23078800.0,115.19384889567219,116.60046213170129,114.2627069372542
2023-07-12 04:00:00,118.80000305175781,120.33000183105469,118.41000366210938,118.93000030517578,117.80897521972656,30404400.0,117.6802033104753,119.1957804383142,117.2938800252411
2023-07-13 04:00:00,120.93000030517578,124.83000183105469,120.44999694824219,124.54000091552734,123.3660888671875,44297900.0,119.79011606460736,123.65335623874292,119.31463721160668
2023-07-14 04:00:00,124.80000305175781,126.77999877929688,123.48999786376953,125.41999816894531,124.23778533935547,33283100.0,123.62363431555437,125.58496654137278,122.3259772774838
2023-07-17 04:00:00,125.94000244140625,127.0999984741211,124.19999694824219,124.6500015258789,123.47504425048828,25716200.0,124.7528855515559,125.90194740247068,123.02928143896453
2023-07-18 04:00:00,124.5999984741211,124.68000030517578,122.95999908447266,123.76000213623047,122.59343719482422,26193600.0,123.4255157057774,123.50476343752902,121.80097499226719
2023-07-19 04:00:00,124.5999984741211,125.18000030517578,121.80000305175781,122.02999877929688,120.87974548339844,37224000.0,123.42552039211267,124.00005513290701,120.6519176928117
2023-07-20 04:00:00,121.41999816894531,124.08999633789062,118.22000122070312,119.19999694824219,118.07642364501953,37906800.0,120.27549924350316,122.92033014114742,117.10566530896473
2023-07-21 04:00:00,120.62000274658203,120.98999786376953,118.7300033569336,120.0199966430664,118.8886947631836,72937900.0,119.48304524220468,119.84955280579004,117.61086088273697
2023-07-24 04:00:00,121.66000366210938,123.0,120.9800033569336,121.52999877929688,120.38445281982422,29686100.0,120.51323227212808,121.84059775832779,119.83964167327879
2023-07-25 04:00:00,121.36000061035156,123.1500015258789,121.0199966430664,122.20999908447266,121.05805206298828,52509600.0,120.21606564367339,121.98919407545517,119.87926654145934
2023-07-26 04:00:00,130.07000732421875,130.97999572753906,128.32000732421875,129.27000427246094,128.05148315429688,61682100.0,128.8439452407809,129.7453559381363,127.11044103939085
2023-07-27 04:00:00,131.6699981689453,133.24000549316406,128.7899932861328,129.39999389648438,128.18026733398438,44952100.0,130.4288745072281,131.98408291547318,127.57601659985137
2023-07-28 04:00:00,130.77999877929688,133.74000549316406,130.57000732421875,132.5800018310547,131.33030700683594,36591200.0,129.54727072583006,132.47937651181306,129.3392586434395
2023-07-31 04:00:00,132.72999572753906,133.52999877929688,131.77999877929688,132.72000122070312,131.468994140625,28055500.0,131.47889444011693,132.27135673334078,130.53785207970907
2023-08-01 04:00:00,130.77999877929688,132.6300048828125,130.67999267578125,131.5500030517578,130.3099822998047,23166800.0,129.54723626569262,131.37980378383097,129.44817284283687
2023-08-02 04:00:00,129.4499969482422,130.08999633789062,127.55999755859375,128.3800048828125,127.16986846923828,26273300.0,128.2297745686969,128.8637411920529,126.35759070324272
2023-08-03 04:00:00,127.97000122070312,129.38999938964844,127.41999816894531,128.4499969482422,127.23921203613281,20089500.0,126.76374080527408,128.170353902993,126.21892214754122
2023-08-04 04:00:00,129.27999877929688,131.50999450683594,127.91000366210938,128.11000061035156,126.9024429321289,26147200.0,128.06141276397574,130.27038867689953,126.70433114390015
2023-08-07 04:00:00,129.16000366210938,131.61000061035156,129.02000427246094,131.52999877929688,130.2902069091797,22746300.0,127.94255118761124,130.36945464899543,127.80387142167389
2023-08-08 04:00:00,130.6199951171875,131.50999450683594,129.5399932861328,131.39999389648438,130.1614227294922,23535200.0,129.388776187967,130.2703864784232,128.3189544116336
2023-08-09 04:00:00,131.66000366210938,132.0399932861328,129.0,129.66000366210938,128.43783569335938,24912900.0,130.41898380481655,130.79539166782024,127.78405318898797
2023-08-10 04:00:00,131.32000732421875,132.0500030517578,129.4499969482422,129.69000244140625,128.46755981445312,20857800.0,130.08220046399103,130.80531533812552,128.22981658468657
2023-08-11 04:00:00,128.66000366210938,129.92999267578125,128.1699981689453,129.55999755859375,128.3387451171875,19591100.0,127.44723470143826,128.7052526035577,126.96184807533274
2023-08-14 04:00:00,129.38999938964844,131.3699951171875,128.9600067138672,131.3300018310547,130.0920867919922,24695600.0,128.170370790581,130.13170310188443,127.7444312206599
2023-08-15 04:00:00,131.10000610351562,131.4199981689453,129.27999877929688,129.77999877929688,128.5567169189453,19770700.0,129.86428210238398,130.1812579827869,128.06142982490869
2023-08-16 04:00:00,128.6999969482422,130.27999877929688,127.87000274658203,128.6999969482422,127.48689270019531,25216100.0,127.48689270019531,129.05200170313327,126.66472188249602
2023-08-17 04:00:00,129.8000030517578,131.99000549316406,129.2899932861328,129.9199981689453,128.69537353515625,33446300.0,128.57650949077134,130.74586899055504,128.07130707221577
2023-08-18 04:00:00,128.50999450683594,129.25,126.37999725341797,127.45999908447266,126.25855255126953,30504800.0,127.29865064608583,128.03168079764703,125.18873089019047
2023-08-21 04:00:00,127.18000030517578,128.72999572753906,126.55999755859375,128.3699951171875,127.15998840332031,25248700.0,125.98121040027308,127.51659567276597,125.36705175678769
2023-08-22 04:00:00,128.50999450683594,130.27999877929688,128.32000732421875,129.0800018310547,127.86327362060547,22054900.0,127.29863927424309,129.0519592106305,127.11044294041298
2023-08-23 04:00:00,130.17999267578125,133.41000366210938,129.8699951171875,132.3699951171875,131.12228393554688,27819700.0,128.95292431830592,132.15248942586146,128.64584877704544
2023-08-24 04:00:00,133.9499969482422,134.25,129.57000732421875,129.77999877929688,128.5567169189453,28500700.0,132.68740946941512,132.9845847488296,128.34870480382898
2023-08-25 04:00:00,129.5399932861328,130.75999450683594,127.25,129.8800048828125,128.65576171875,26762900.0,128.31895505629643,129.52745659961704,126.05054714528603
2023-08-28 04:00:00,131.30999755859375,132.5399932861328,130.13999938964844,131.00999450683594,129.77513122558594,20543300.0,130.07230653313786,131.2907086676404,128.91333643715294
2023-08-29 04:00:00,132.24000549316406,136.57000732421875,132.24000549316406,134.57000732421875,133.3015594482422,43075600.0,130.99352005839108,135.28270758219568,130.99352005839108
2023-08-30 04:00:00,134.77999877929688,136.27999877929688,134.07000732421875,135.8800048828125,134.59921264648438,28315800.0,133.50957509777203,134.99543623785553,132.8062759558441
2023-08-31 04:00:00,136.00999450683594,138.0,135.7899932861328,136.1699981689453,134.8864288330078,30053800.0,134.7279334017649,136.69918065108874,134.5100059625449
2023-09-01 04:00:00,137.4600067138672,137.4600067138672,134.85000610351562,135.66000366210938,134.3812713623047,21543700.0,136.16430757063117,136.16430757063117,133.57890884729767
2023-09-05 04:00:00,135.44000244140625,136.4199981689453,134.5800018310547,135.77000427246094,134.49024963378906,19403100.0,134.16335836737144,135.1341167520606,133.31146403775733
2023-09-06 04:00:00,136.02000427246094,136.52999877929688,133.6699981689453,134.4600067138672,133.19259643554688,18684500.0,134.73788957021387,135.24307690579013,132.4100344539137
2023-09-07 04:00:00,133.58999633789062,135.5800018310547,132.9499969482422,135.25999450683594,133.98504638671875,18844300.0,132.3307894650939,134.3020373516812,131.69682265013012
2023-09-08 04:00:00,134.91000366210938,136.66000366210938,134.85000610351562,136.3800048828125,135.09446716308594,23558300.0,133.6383223872398,135.37182663325115,133.5788903743412
2023-09-11 04:00:00,136.5399932861328,137.47999572753906,135.7899932861328,136.9199981689453,135.62939453125,20763400.0,135.2529715626258,136.18411357030033,134.51004103926334
2023-09-12 04:00:00,136.25999450683594,136.8699951171875,135.19000244140625,135.33999633789062,134.06431579589844,18405500.0,134.97564229501555,135.57989319404538,133.91573570390898
2023-09-13 04:00:00,135.08999633789062,136.89999389648438,134.14999389648438,136.7100067138672,135.42138671875,20749500.0,133.8166464595188,135.60958309403551,132.88550442248655
2023-09-14 04:00:00,137.60000610351562,138.6999969482422,136.24000549316406,138.10000610351562,136.7982940673828,24751000.0,136.30300699996283,137.3926294793097,134.95582557198202
2023-09-15 04:00:00,137.97999572753906,138.52000427246094,136.47999572753906,137.39999389648438,136.1048583984375,38919600.0,136.67939311891212,137.21431153088753,135.19353215336167
2023-09-18 04:00:00,136.61000061035156,139.16000366210938,136.61000061035156,138.2100067138672,136.90724182128906,21861300.0,135.32231734485046,137.8482841163795,135.32231734485046
2023-09-19 04:00:00,137.4199981689453,138.41000366210938,136.6199951171875,138.0399932861328,136.7388153076172,20353700.0,136.12466432280078,137.10533793093902,135.33220217516006
2023-09-20 04:00:00,138.0800018310547,138.0800018310547,133.6199951171875,133.74000549316406,132.47935485839844,29927500.0,136.7784418280109,136.7784418280109,132.3604757157884
2023-09-21 04:00:00,131.44000244140625,132.22999572753906,130.07000732421875,130.44000244140625,129.21046447753906,31503900.0,130.20103839703572,130.98358514285636,128.843956964112
2023-09-22 04:00:00,130.75999450683594,132.02999877929688,129.60000610351562,130.25,129.0222625732422,26397300.0,129.52744986822796,130.78548307138033,128.37839552385094
2023-09-25 04:00:00,129.8300018310547,131.1699981689453,128.9600067138672,131.11000061035156,129.87416076660156,20094600.0,128.60622722629518,129.9335927895909,127.74443266302943
2023-09-26 04:00:00,129.77000427246094,130.36000061035156,127.22000122070312,128.57000732421875,127.35809326171875,25718700.0,128.54677891577344,129.13121388773126,126.02081245405837
2023-09-27 04:00:00,128.57000732421875,130.89999389648438,128.57000732421875,130.5399932861328,129.30953979492188,22746500.0,127.3581226719012,129.66614708498366,127.3581226719012
2023-09-28 04:00:00,129.83999633789062,133.3000030517578,129.7899932861328,132.30999755859375,131.06283569335938,22513100.0,128.61611685030257,132.04350933617025,128.5665851302691
2023-09-29 04:00:00,133.27999877929688,134.0500030517578,130.36000061035156,130.86000061035156,129.6265106201172,30859800.0,132.02369781929437,132.78644401015598,129.1312236339659
2023-10-02 04:00:00,131.2100067138672,134.4199981689453,131.1699981689453,134.1699981689453,132.9053192138672,22288000.0,129.973228473938,133.15296272774447,129.93359704733973
2023-10-03 04:00:00,133.94000244140625,134.25999450683594,131.83999633789062,132.42999267578125,131.1816864013672,22989400.0,132.67746257362884,132.99443834271233,130.59725146324402
2023-10-04 04:00:00,132.7899932861328,135.57000732421875,132.52999877929688,135.24000549316406,133.96522521972656,26752300.0,131.53830697235477,134.29211643404554,131.28076318908475
2023-10-05 04:00:00,135.07000732421875,135.49000549316406,133.4499969482422,135.07000732421875,133.7968292236328,19832600.0,133.7968292236328,134.21286846430397,132.19208916394834
2023-10-06 04:00:00,134.00999450683594,138.16000366210938,134.00999450683594,137.5800018310547,136.28317260742188,27597600.0,132.74681617552042,136.85770734068427,132.74681617552042
2023-10-09 04:00:00,136.94000244140625,138.94000244140625,135.61000061035156,138.4199981689453,137.115234375,19278100.0,135.6491892677906,137.6303370237333,134.33172419629375
2023-10-10 04:00:00,138.5,139.72000122070312,137.3300018310547,138.05999755859375,136.75865173339844,27786600.0,137.19450673636976,138.4030082937137,136.03553690481087
2023-10-11 04:00:00,138.5800018310547,141.11000061035156,138.5800018310547,140.5500030517578,139.2251739501953,25884300.0,137.27374202789582,139.77989295278536,137.27374202789582
2023-10-12 04:00:00,141.0500030517578,141.22000122070312,138.25999450683594,138.97000122070312,137.66006469726562,24765500.0,139.72046035185502,139.88885611158636,136.95675053372017
2023-10-13 04:00:00,139.3800048828125,140.0,136.6199951171875,137.36000061035156,136.0652313232422,23420500.0,138.06619483070466,138.6803458110814,135.33220119685583
2023-10-16 04:00:00,138.1699981689453,139.6300048828125,137.99000549316406,139.10000610351562,137.78884887695312,28501900.0,136.86760720097854,138.31385188558824,136.68931113689553
2023-10-17 04:00:00,138.6300048828125,139.89999389648438,137.17999267578125,139.72000122070312,138.4029998779297,23515800.0,137.3232778502887,138.58129594196157,135.88693346466465
2023-10-18 04:00:00,139.4499969482422,140.72000122070312,137.3800048828125,137.9600067138672,136.6595916748047,23375000.0,138.13553721785942,139.39357039308052,136.08505695789236
2023-10-19 04:00:00,138.5,139.66000366210938,137.3800048828125,137.75,136.45156860351562,26066000.0,137.19449910407923,138.34356857254127,136.08506106002469
2023-10-20 04:00:00,137.3300018310547,137.8699951171875,135.0800018310547,135.60000610351562,134.32183837890625,26335700.0,136.03552714034558,136.5704304415317,133.80673567464444
2023-10-23 04:00:00,135.0399932861328,137.66000366210938,133.9499969482422,136.5,135.21331787109375,26317900.0,133.7670735348589,136.36238705714817,132.6873517669942
2023-10-24 04:00:00,137.8300018310547,139.36000061035156,137.4199981689453,138.80999755859375,137.50157165527344,44814300.0,136.5308133876984,138.04639036690818,136.12467442857437
2023-10-25 04:00:00,128.16000366210938,128.30999755859375,125.06999969482422,125.61000061035156,124.42599487304688,84366200.0,126.95196147684071,127.10054152384546,123.89108403139126
2023-10-26 04:00:00,123.2699966430664,124.33000183105469,121.2699966430664,122.27999877929688,121.12738037109375,57061100.0,122.1080464571952,123.1580599743897,120.1268985739716
2023-10-27 04:00:00,122.87999725341797,123.30999755859375,120.20999908447266,122.16999816894531,121.01841735839844,44566500.0,121.72172395426145,122.14767105400718,119.07689332809781
2023-10-30 04:00:00,123.20999908447266,125.4000015258789,122.75,124.45999908447266,123.28683471679688,28940100.0,122.04861726115155,124.21797666183564,121.59295414437162
2023-10-31 04:00:00,125.05999755859375,125.37000274658203,122.69000244140625,124.08000183105469,122.91041564941406,26292300.0,123.88117387337412,124.18825693226216,121.53351848457729
2023-11-01 04:00:00,124.06999969482422,126.48999786376953,123.72000122070312,126.44999694824219,125.25808715820312,30082400.0,122.9005236105588,125.29771102759383,122.55382420024057
2023-11-02 04:00:00,128.4199981689453,128.97999572753906,126.93000030517578,127.48999786376953,126.28828430175781,27124600.0,127.20951847627134,127.76423752931852,125.73356524871063
2023-11-03 04:00:00,128.02000427246094,129.52999877929688,127.86000061035156,129.10000610351562,127.88311767578125,26393100.0,126.81329587313871,128.30905726801154,126.65480039534856
2023-11-06 05:00:00,129.0500030517578,130.33999633789062,128.6699981689453,130.25,129.0222625732422,19052700.0,127.83357680477238,129.1114106050115,127.45715385068908
2023-11-07 05:00:00,130.7100067138672,131.91000366210938,129.8800048828125,130.97000122070312,129.73548889160156,29757300.0,129.47794507134418,130.66663094824423,128.65576676845674
2023-11-08 05:00:00,130.97000122070312,132.2100067138672,130.77999877929688,131.83999633789062,130.59730529785156,26425800.0,129.73551053842374,130.96382804798074,129.54729901280996
2023-11-09 05:00:00,131.9600067138672,132.5500030517578,130.07000732421875,130.24000549316406,129.01235961914062,23747800.0,130.71614806102886,131.30058307721072,128.84396385761158
2023-11-10 05:00:00,130.10000610351562,132.8000030517578,129.41000366210938,132.58999633789062,131.3402099609375,26913300.0,128.87369024439658,131.54823716249373,128.19019172994675
2023-11-13 05:00:00,131.77999877929688,132.58999633789062,131.25,132.08999633789062,130.84490966796875,18324800.0,130.5378341612988,131.34019664387745,130.0128311760323
2023-11-14 05:00:00,134.19000244140625,135.6999969482422,133.32000732421875,133.6199951171875,132.36048889160156,32395200.0,132.92512330907195,134.42088456077047,132.06332879289005
2023-11-15 05:00:00,134.8699951171875,135.02999877929688,133.57000732421875,134.6199951171875,133.35107421875,23861500.0,133.59871773207556,133.75721320819443,132.31098355475115
2023-11-16 05:00:00,135.19000244140625,137.22000122070312,134.32000732421875,136.92999267578125,135.63929748535156,28013200.0,133.91570831098554,135.92657242438622,133.0539137238025
2023-11-17 05:00:00,136.0,136.05999755859375,133.64999389648438,135.30999755859375,134.03457641601562,37240600.0,134.71807494996435,134.77750697640147,132.39021981477103
2023-11-20 05:00:00,133.69000244140625,136.66000366210938,133.6199951171875,136.25,134.9656982421875,27815500.0,132.42983139452585,135.37183718191923,132.360483964102
2023-11-21 05:00:00,136.2899932861328,137.17999267578125,135.9600067138672,136.97000122070312,135.6789093017578,22635300.0,135.00531118496744,135.886921357929,134.67843509669842
2023-11-22 05:00:00,137.47000122070312,139.4199981689453,137.47000122070312,138.49000549316406,137.18460083007812,17813900.0,136.1742111022112,138.10582740919213,136.1742111022112
2023-11-24 05:00:00,138.02999877929688,138.1300048828125,135.99000549316406,136.69000244140625,135.4015350341797,12514300.0,136.72890029754885,136.82796372345382,134.70813639771495
2023-11-27 05:00:00,136.02999877929688,138.4199981689453,136.0,136.41000366210938,135.12420654296875,23436500.0,134.7477835762215,137.1152548942663,134.718067564632
2023-11-28 05:00:00,136.0800018310547,137.25,135.4199981689453,137.1999969482422,135.90670776367188,18730000.0,134.79727006342353,135.95623947135192,134.1434877979393
2023-11-29 05:00:00,137.57000732421875,138.2899932861328,134.83999633789062,134.99000549316406,133.71759033203125,23967200.0,136.27327307787965,136.98647245548034,133.5689951623546
2023-11-30 05:00:00,135.0500030517578,135.5500030517578,131.27999877929688,132.52999877929688,131.28074645996094,38988300.0,133.77699670532533,134.2722836127016,130.04252919152023
2023-12-01 05:00:00,131.86000061035156,132.11000061035156,130.6699981689453,131.86000061035156,130.61708068847656,31442300.0,130.61708068847656,130.86472417415052,129.43829527827506
2023-12-04 05:00:00,129.8800048828125,130.02999877929688,127.9000015258789,129.27000427246094,128.05148315429688,36669900.0,128.65573379480827,128.80431382323027,126.69439428737353
2023-12-05 05:00:00,128.9499969482422,132.13999938964844,128.25,130.99000549316406,129.75527954101562,27384800.0,127.73450033716857,130.89443347071432,127.04110163583205
2023-12-06 05:00:00,131.44000244140625,131.83999633789062,129.8800048828125,130.02000427246094,128.79441833496094,23576200.0,130.20103141138242,130.5972549119392,128.6557385982703
2023-12-07 05:00:00,135.0399932861328,138.55999755859375,134.6999969482422,136.92999267578125,135.63929748535156,56767100.0,133.76711313442814,137.25393802452018,133.43032158483481
2023-12-08 05:00:00,134.1999969482422,136.39999389648438,134.02999877929688,134.99000549316406,133.71759033203125,32260100.0,132.93502840396306,135.11428819124905,132.76663263696403
2023-12-11 05:00:00,132.3800048828125,133.33999633789062,131.36000061035156,133.2899932861328,132.03359985351562,31138000.0,131.1321890142382,132.08313157577382,130.12179931701706
2023-12-12 05:00:00,131.80999755859375,133.0,131.25999450683594,132.52000427246094,131.2708740234375,29032800.0,130.56755981511444,131.7463453232423,130.02274107837968
2023-12-13 05:00:00,133.3800048828125,133.5,131.57000732421875,132.57000732421875,131.32037353515625,30104800.0,132.12273588018468,132.24159989723884,130.32979975315448
2023-12-14 05:00:00,133.3800048828125,133.72000122070312,129.69000244140625,131.94000244140625,130.69631958007812,38722400.0,132.1227483794993,132.45953986965213,128.46752835972197
2023-12-15 05:00:00,131.6199951171875,133.50999450683594,131.17999267578125,132.60000610351562,131.35012817382812,50847100.0,130.37935469916124,132.2515390932176,129.9434996884881
2023-12-18 05:00:00,132.6300048828125,137.14999389648438,132.42999267578125,135.8000030517578,134.5199432373047,32258000.0,131.379825680854,135.85720897900194,131.18169880212074
2023-12-19 05:00:00,136.83999633789062,137.47000122070312,136.0800018310547,136.64999389648438,135.3619384765625,25476800.0,135.5501499652766,136.17421645628426,134.79731912538074
2023-12-20 05:00:00,138.97000122070312,141.6999969482422,138.07000732421875,138.33999633789062,137.0360107421875,49107200.0,137.66007723180817,140.3643401618969,136.76856663088765
2023-12-21 05:00:00,139.49000549316406,140.69000244140625,139.17999267578125,140.4199981689453,139.09640502929688,27488300.0,138.17517842630895,139.36386425256705,137.8680877770193
2023-12-22 05:00:00,140.77000427246094,141.99000549316406,140.7100067138672,141.49000549316406,140.1563262939453,26532200.0,139.44311177628964,140.6516133137084,139.3836797523117
2023-12-26 05:00:00,141.58999633789062,142.67999267578125,141.19000244140625,141.52000427246094,140.18606567382812,16780300.0,140.25539800837274,141.33512026384685,139.8591743724991
2023-12-27 05:00:00,141.58999633789062,142.0800018310547,139.88999938964844,140.3699951171875,139.04685974121094,19628600.0,140.25536116259798,140.74074783674814,138.57138848007864
2023-12-28 05:00:00,140.77999877929688,141.13999938964844,139.75,140.22999572753906,138.9081573486328,16045700.0,139.45297595223775,139.8095831186922,138.43268616501234
2023-12-29 05:00:00,139.6300048828125,140.36000061035156,138.77999877929688,139.69000244140625,138.37330627441406,18733000.0,138.31387424344612,139.03698914515962,137.47188016483463
2024-01-02 05:00:00,138.5500030517578,139.4499969482422,136.47999572753906,138.1699981689453,136.86761474609375,23711200.0,137.24403772207745,138.13554832155825,135.1935421823269
2024-01-03 05:00:00,137.25,139.6300048828125,137.0800018310547,138.9199981689453,137.61053466796875,24212100.0,135.95627794501937,138.31384884016077,135.78788218321773
2024-01-04 05:00:00,138.4199981689453,139.16000366210938,136.35000610351562,136.38999938964844,135.10438537597656,27137700.0,137.11524935880684,137.84827954999523,135.06476906710992
2024-01-05 05:00:00,136.75,137.16000366210938,135.14999389648438,135.72999572753906,134.45057678222656,22513900.0,135.4609662839547,135.8671051669477,133.87604216810493
2024-01-08 05:00:00,136.2899932861328,139.00999450683594,136.25999450683594,138.83999633789062,137.53131103515625,21404000.0,135.00534393560088,137.69970682646502,134.97562792036769
2024-01-09 05:00:00,138.5,141.49000549316406,138.14999389648438,140.9499969482422,139.62139892578125,24759600.0,137.19449570702432,140.15631733731945,136.84778876936215
2024-01-10 05:00:00,141.0,143.0,140.91000366210938,142.27999877929688,140.93885803222656,21320200.0,139.67092460669582,141.65207247345745,139.58177658028163
2024-01-11 05:00:00,143.49000549316406,145.22000122070312,140.63999938964844,142.0800018310547,140.74075317382812,24008700.0,142.13746611601331,143.8511548726539,139.31432422138022
2024-01-12 05:00:00,142.6699981689453,143.1999969482422,141.82000732421875,142.64999389648438,141.30535888671875,18785500.0,141.32517459664027,141.85017754737586,140.48319586195018
2024-01-16 05:00:00,142.0,144.35000610351562,141.4499969482422,142.49000549316406,141.14691162109375,22670500.0,140.66152486152347,142.98938008655443,140.11670607322245
2024-01-17 05:00:00,141.35000610351562,141.83999633789062,138.89999389648438,141.47000122070312,140.13650512695312,20968600.0,140.01764108362337,140.5030126705263,137.5907226892699
2024-01-18 05:00:00,142.0500030517578,144.2100067138672,141.99000549316406,143.47999572753906,142.12754821777344,25746400.0,140.71103470348461,142.85067809474862,140.65160268399825
2024-01-19 05:00:00,144.74000549316406,146.4499969482422,144.3800048828125,146.3800048828125,145.00022888183594,34271900.0,143.37568810486664,145.06956120297735,143.01908085553387
2024-01-22 05:00:00,147.10000610351562,148.38999938964844,145.83999633789062,145.99000549316406,144.61390686035156,32200400.0,145.7134446289684,146.99127846629932,144.46531168812982
2024-01-23 05:00:00,145.88999938964844,147.17999267578125,145.5,147.0399932861328,145.6540069580078,21636100.0,144.5148528050676,145.79268672545237,144.12852951611768
2024-01-24 05:00:00,148.5399932861328,149.85000610351562,148.10000610351562,148.6999969482422,147.29835510253906,25233500.0,147.13985963029438,148.43752430496747,146.70401975406176
2024-01-25 05:00:00,150.07000732421875,153.0500030517578,149.5399932861328,151.8699951171875,150.43846130371094,29149100.0,148.65544028148244,151.6073464272401,148.1304221809848
2024-01-26 05:00:00,151.10000610351562,152.5399932861328,151.00999450683594,152.19000244140625,150.75546264648438,26115500.0,149.6757405913846,151.1021544847942,149.58657744214148
2024-01-29 05:00:00,152.05999755859375,153.77999877929688,151.42999267578125,153.50999450683594,152.06301879882812,27784300.0,150.62668943208467,152.33047802772649,150.00262293630868
2024-01-30 05:00:00,152.8000030517578,153.6199951171875,151.19000244140625,151.4600067138672,150.03233337402344,36331800.0,151.3596988063133,152.1719615652673,149.7648741820085
2024-01-31 05:00:00,143.6199951171875,144.0,139.8699951171875,140.10000610351562,138.77943420410156,71910000.0,142.26624407162646,142.6426670575937,138.55159128366827
2024-02-01 05:00:00,142.1199951171875,143.05999755859375,140.7899932861328,141.16000366210938,139.82945251464844,40466500.0,140.78039524700787,141.7115373788747,139.46292979606457
2024-02-02 05:00:00,139.25999450683594,142.6199951171875,136.5,142.3800048828125,141.0379180908203,62499600.0,137.947317214583,141.2756461555597,135.21333866537148
2024-02-05 05:00:00,142.82000732421875,145.47000122070312,142.77999877929688,143.67999267578125,142.3256378173828,38505400.0,141.47375885083153,144.0987734023035,141.4341274340413
2024-02-06 05:00:00,144.64999389648438,145.36000061035156,143.19000244140625,144.10000610351562,142.74172973632812,29128200.0,143.2865333836356,143.98984762492026,141.8403037037534
2024-02-07 05:00:00,144.75999450683594,145.6199951171875,143.92999267578125,145.5399932861328,144.1681671142578,25208900.0,143.39552042228286,144.24741486663515,142.57334199570164
2024-02-08 05:00:00,145.8300018310547,146.3300018310547,145.10000610351562,145.91000366210938,144.53465270996094,22563800.0,144.45540497795193,144.95069196678878,143.73229020643873
2024-02-09 05:00:00,146.67999267578125,149.44000244140625,146.17999267578125,149.0,147.5955352783203,26829500.0,145.29739619867138,148.0313902841131,144.8021091675361
2024-02-12 05:00:00,148.4199981689453,149.33999633789062,147.3699951171875,147.52999877929688,146.13938903808594,21564100.0,147.0209993419135,147.93232565817652,145.98089356178963
2024-02-13 05:00:00,144.9199981689453,146.6699981689453,143.69000244140625,145.13999938964844,143.7718963623047,27837700.0,143.55396889340898,145.28747323192408,142.33556721909812
2024-02-14 05:00:00,146.0800018310547,146.52000427246094,144.08999633789062,145.94000244140625,144.56439208984375,22704200.0,144.70307186453817,145.1389269035668,142.7318238889174
2024-02-15 05:00:00,143.13999938964844,143.52000427246094,140.4600067138672,142.77000427246094,141.42425537109375,37590700.0,141.79076291731,142.1671858771817,139.13603183073639
2024-02-16 05:00:00,142.99000549316406,143.19000244140625,140.13999938964844,140.52000427246094,139.19544982910156,31468900.0,141.6421685918449,141.8402803505169,138.81902690715387
2024-02-20 05:00:00,139.66000366210938,142.0800018310547,139.49000549316406,141.1199951171875,139.789794921875,25144700.0,138.343565378545,140.74075259122355,138.17516961610025
2024-02-21 05:00:00,141.4499969482422,142.69000244140625,140.67999267578125,142.5500030517578,141.2063446044922,23223300.0,140.1167070205233,141.34502437745533,139.35396071174512
2024-02-22 05:00:00,144.92999267578125,145.0,142.8000030517578,144.08999633789062,142.73179626464844,27191900.0,143.56387475177468,143.63322218318132,141.4539625247731
2024-02-23 05:00:00,143.6699981689453,144.67999267578125,143.42999267578125,143.9600067138672,142.60302734375,19493800.0,142.31575244424536,143.31622665623695,142.0780092634441
2024-02-26 05:00:00,142.13999938964844,142.44000244140625,137.38999938964844,137.57000732421875,136.27330017089844,53641800.0,140.80021641248308,141.09739169595915,136.09498895482767
2024-02-27 05:00:00,138.02000427246094,139.25,137.08999633789062,138.8800048828125,137.5709228515625,33099200.0,136.7190286014233,137.9374303971592,135.7977869156524
2024-02-28 05:00:00,137.89999389648438,138.00999450683594,135.41000366210938,136.3800048828125,135.09446716308594,37328600.0,136.60012853970923,136.70909226834252,134.13360931467162
2024-02-29 05:00:00,137.27999877929688,138.86000061035156,136.39999389648438,138.4600067138672,137.1548614501953,42133000.0,135.98597645143477,137.55108494285057,135.11426662964436
2024-03-01 05:00:00,138.42999267578125,138.8699951171875,136.9199981689453,137.13999938964844,135.8473358154297,31151100.0,137.1251697947272,137.56102483106488,135.62940829726085
2024-03-04 05:00:00,135.66000366210938,135.66000366210938,131.91000366210938,133.35000610351562,132.0930633544922,55999400.0,134.38128712569457,134.38128712569457,130.66663422050593
2024-03-05 05:00:00,131.8800048828125,133.24000549316406,130.6699981689453,132.6699981689453,131.41943359375,40194800.0,130.63688688658692,131.98406795515044,129.43828585262474
2024-03-06 05:00:00,133.1199951171875,133.5800018310547,130.85000610351562,131.39999389648438,130.1614227294922,35318600.0,131.86521128643497,132.3208819951356,129.6166190997975
2024-03-07 05:00:00,132.7899932861328,134.94000244140625,131.61000061035156,134.3800048828125,133.1133270263672,37738200.0,131.53830302016095,133.66804599825636,130.3694330601028
2024-03-08 05:00:00,134.2100067138672,138.08999633789062,134.0,135.41000366210938,134.1336212158203,39370400.0,132.94493550750806,136.788352127219,132.73690832894798
2024-03-11 04:00:00,136.1300048828125,139.10000610351562,136.1300048828125,137.6699981689453,136.372314453125,32437800.0,134.84683721432617,137.78884306732874,134.84683721432617
2024-03-12 04:00:00,137.02999877929688,139.3800048828125,137.02999877929688,138.5,137.19448852539062,27563400.0,135.73834364736848,138.0661984156239,135.73834364736848
2024-03-13 04:00:00,139.0,141.08999633789062,138.99000549316406,139.7899932861328,138.4723358154297,23347200.0,137.68978898902412,139.7600850663766,137.6798886901947
2024-03-14 04:00:00,141.19000244140625,143.58999633789062,140.4600067138672,143.10000610351562,141.7511444091797,42753400.0,139.85914445542792,142.23651599205533,139.1360296729057
2024-03-15 04:00:00,142.5,143.17999267578125,140.02999877929688,141.17999267578125,139.8492431640625,49475400.0,141.1568082217187,141.83039134963047,138.71008900334536
2024-03-18 04:00:00,148.61000061035156,152.14999389648438,147.1699981689453,147.67999267578125,146.28793334960938,69273700.0,147.20917485485316,150.7157994999178,145.7827461467059
2024-03-19 04:00:00,148.16000366210938,148.7899932861328,146.0800018310547,147.02999877929688,145.64407348632812,24070400.0,146.76342678537355,147.38747803925833,144.70303134193375
2024-03-20 04:00:00,148.0,148.86000061035156,146.74000549316406,148.74000549316406,147.3379669189453,21311500.0,146.6049367935924,147.4568309498292,145.3568191244373
2024-03-21 04:00:00,149.47000122070312,150.3699951171875,146.89999389648438,147.60000610351562,146.20872497558594,24755600.0,148.06109347483115,148.95260400768646,145.51531110007699
2024-03-22 04:00:00,149.1199951171875,151.5800018310547,148.97999572753906,150.77000427246094,149.34884643554688,29211800.0,147.71439026412665,150.1512089583533,147.57571050851763
2024-03-25 04:00:00,149.94000244140625,150.3800048828125,147.82000732421875,150.07000732421875,148.65545654296875,19229300.0,148.5266770782916,148.96253208338902,146.42666490641565
2024-03-26 04:00:00,150.22000122070312,152.25999450683594,149.97999572753906,150.6699981689453,149.24981689453125,22149100.0,148.80406151559419,150.82482628709167,148.56631825984493
2024-03-27 04:00:00,151.17999267578125,151.63999938964844,148.89999389648438,150.8699951171875,149.44790649414062,22879200.0,149.75498204030305,150.210652767324,147.49647434889332
2024-03-28 04:00:00,150.85000610351562,151.42999267578125,150.1699981689453,150.92999267578125,149.50729370117188,24485400.0,149.4280610997528,150.00258059230137,148.75446306803934
2024-04-01 04:00:00,150.69000244140625,155.74000549316406,150.61000061035156,155.49000549316406,154.0243682861328,31730800.0,149.26960970551775,154.27201180475902,149.19036196576207
2024-04-02 04:00:00,153.5,154.6999969482422,152.14999389648438,154.55999755859375,153.10311889648438,24586000.0,152.05311284830339,153.24179865539583,150.71583186847434
2024-04-03 04:00:00,153.60000610351562,155.0800018310547,152.72999572753906,154.9199981689453,153.459716796875,24705000.0,152.15216702325534,153.61821225881653,151.29035739579777
2024-04-04 04:00:00,153.5,154.77000427246094,150.4499969482422,150.52999877929688,149.11109924316406,34724700.0,152.0531051580242,153.3111383384258,149.0318515113713
2024-04-05 04:00:00,150.02999877929688,153.4199981689453,149.60000610351562,152.5,151.06253051757812,23459200.0,148.6158116009819,151.97385675674153,148.18987204880133
2024-04-08 04:00:00,152.77999877929688,155.27000427246094,152.61000061035156,154.85000610351562,153.39039611816406,20702000.0,151.33990060047478,153.80643540110964,151.17150482749398
2024-04-09 04:00:00,156.08999633789062,158.55999755859375,155.19000244140625,156.60000610351562,155.12391662597656,31079500.0,154.61871414016727,157.06543347920191,153.7272034586808
2024-04-10 04:00:00,156.2100067138672,156.61000061035156,154.67999267578125,156.13999938964844,154.66824340820312,22838600.0,154.73759085219538,155.13381445655733,153.22199853385487
2024-04-11 04:00:00,156.91000366210938,159.67999267578125,156.4600067138672,159.41000366210938,157.90740966796875,27166400.0,155.4309745942535,158.17485377315867,154.9852193039768
2024-04-12 04:00:00,157.9600067138672,160.22000122070312,157.13999938964844,157.72999572753906,156.2432403564453,25353700.0,156.47108327025333,158.7097751773131,155.65880529572482
2024-04-15 04:00:00,158.86000061035156,159.24000549316406,154.58999633789062,154.86000061035156,153.40028381347656,27136500.0,157.36257964736208,157.73900258836812,153.13282461250074
2024-04-16 04:00:00,154.19000244140625,155.64999389648438,153.42999267578125,154.39999389648438,152.94461059570312,20779500.0,152.7365985322643,154.1828280231779,151.98375266278597
2024-04-17 04:00:00,155.6199951171875,157.0800018310547,154.5800018310547,155.47000122070312,154.00454711914062,21763100.0,154.15312717907076,155.59937192721887,153.1229368286477
2024-04-18 04:00:00,155.33999633789062,156.94000244140625,154.6199951171875,156.00999450683594,154.5394287109375,19883000.0,153.87574601167526,155.46067029779516,153.16253159441712
2024-04-19 04:00:00,156.1999969482422,156.36000061035156,152.3000030517578,154.08999633789062,152.63751220703125,32615600.0,154.72762351583518,154.88611895037874,150.86439176731446
2024-04-22 04:00:00,154.30999755859375,157.63999938964844,154.05999755859375,156.27999877929688,154.80691528320312,26446200.0,152.85548314560833,156.15409663024886,152.6078396267761
2024-04-23 04:00:00,156.9600067138672,158.97000122070312,156.27999877929688,158.25999450683594,156.76821899414062,21151600.0,155.48048502414463,157.47153310933248,154.80688691657065
2024-04-24 04:00:00,157.49000549316406,159.57000732421875,157.1699981689453,159.1300048828125,157.6300506591797,22779100.0,156.00550985016204,158.0659056519581,155.68851890451947
2024-04-25 04:00:00,151.3300018310547,156.49000549316406,150.8699951171875,156.0,154.52957153320312,57109700.0,149.9035919427675,155.0149583210721,149.44792117099638
2024-04-26 04:00:00,174.3699951171875,174.7100067138672,169.64999389648438,171.9499969482422,170.32919311523438,64665300.0,172.72638033694088,173.06318697805824,168.05086993453432
2024-04-29 04:00:00,169.05999755859375,169.5500030517578,165.2100067138672,166.14999389648438,164.5838623046875,45610000.0,167.46643624163954,167.95182293786596,163.65273545115042
2024-04-30 04:00:00,165.61000061035156,168.10000610351562,162.60000610351562,162.77999877929688,161.24563598632812,33562900.0,164.04896224577593,166.51549696973217,161.06733991987724
2024-05-01 04:00:00,164.3000030517578,167.1199951171875,163.08999633789062,163.86000061035156,162.31544494628906,33493200.0,162.75129989434402,165.54471052012372,161.5526987871929
2024-05-02 04:00:00,164.7899932861328,166.72999572753906,163.88999938964844,166.6199951171875,165.0494384765625,24294500.0,163.23668620505856,165.15840222342754,162.34517563249727
2024-05-03 04:00:00,167.55999755859375,167.9600067138672,163.0500030517578,167.24000549316406,165.66360473632812,34662400.0,165.9805805633127,166.37681924074352,161.51309716937072
2024-05-06 04:00:00,167.4600067138672,168.13999938964844,166.02999877929688,168.10000610351562,166.51548767089844,21871300.0,165.88152094509854,166.55510397846635,164.46499233146127
2024-05-07 04:00:00,168.5,171.75999450683594,168.38999938964844,171.25,169.63580322265625,28039700.0,166.91172463075958,170.14099053831322,166.8027608824853
2024-05-08 04:00:00,169.0,170.14999389648438,168.74000549316406,169.3800048828125,167.783447265625,19569100.0,167.40702426776193,168.54617844608464,167.14948044104378
2024-05-09 04:00:00,169.38999938964844,170.69000244140625,168.17999267578125,169.9600067138672,168.35797119140625,15346700.0,167.79333673106953,169.08108601143434,166.59473548708618
2024-05-10 04:00:00,168.02999877929688,169.85000610351562,166.19000244140625,168.64999389648438,167.060302734375,29799900.0,166.4461516776323,168.24900365253,164.62349910506936
2024-05-13 04:00:00,164.25999450683594,169.27999877929688,164.0,169.13999938964844,167.54568481445312,31327600.0,162.71167888481415,167.6843645690759,162.45413508764602
2024-05-14 04:00:00,169.77000427246094,171.25,168.8000030517578,170.33999633789062,168.73439025878906,25127100.0,168.16977087590587,169.63581632642092,167.2089127800717
2024-05-15 04:00:00,170.6300048828125,172.64999389648438,170.50999450683594,172.50999450683594,170.88389587402344,26948400.0,169.0216272438825,171.02257561366113,168.90274809922303
2024-05-16 04:00:00,173.2899932861328,175.1199951171875,172.69000244140625,174.17999267578125,172.53814697265625,27867900.0,171.65653684546692,173.46928881563417,171.0622016008767
2024-05-17 04:00:00,174.17999267578125,176.27000427246094,173.69000244140625,176.05999755859375,174.40045166015625,24479300.0,172.5381677499416,174.60847884553613,172.05279617565412
2024-05-20 04:00:00,176.19000244140625,178.77000427246094,176.0800018310547,176.9199981689453,175.25234985351562,22554400.0,174.52923506740714,177.0849177951841,174.42027132306535
2024-05-21 04:00:00,176.89999389648438,178.14999389648438,175.80999755859375,177.85000610351562,176.17359924316406,16989400.0,175.23254181221733,176.47075936350478,174.15281973508513
2024-05-22 04:00:00,176.63999938964844,177.14999389648438,175.2100067138672,176.3800048828125,174.71743774414062,17880000.0,174.97498152917515,175.4801688011517,173.55846803904691
2024-05-23 04:00:00,177.07000732421875,178.25,172.9499969482422,173.5500030517578,171.9141082763672,21024900.0,175.40093273610896,176.5698027163018,171.31975787341443
2024-05-24 04:00:00,174.97999572753906,175.77000427246094,173.64999389648438,174.99000549316406,173.3405303955078,16579400.0,173.33061498303792,174.1131768202572,172.013149895976
2024-05-28 04:00:00,174.4499969482422,177.27000427246094,174.3699951171875,176.39999389648438,174.7372283935547,20572200.0,172.80561232835413,175.5990379572273,172.7263646032487
2024-05-29 04:00:00,175.42999267578125,176.83999633789062,174.72000122070312,175.89999389648438,174.24195861816406,23388700.0,173.77638763413984,175.1731005862125,173.07308856633102
2024-05-30 04:00:00,175.1999969482422,175.22000122070312,171.7899932861328,172.11000061035156,170.48770141601562,22931500.0,173.54857162206218,173.568387335375,170.17071046285272
2024-05-31 04:00:00,171.86000061035156,173.05999755859375,169.44000244140625,172.5,170.87400817871094,37638900.0,170.2400414486173,171.428727178173,167.84285427810815
2024-06-03 04:00:00,172.5399932861328,174.52999877929688,171.16000366210938,173.1699981689453,171.5377197265625,27459100.0,170.91365318988204,172.88490114362781,169.5466711730528
2024-06-04 04:00:00,173.27999877929688,173.85000610351562,171.88999938964844,173.7899932861328,172.15184020996094,26879600.0,171.64665293658192,172.21128734355756,170.2697557499601
2024-06-05 04:00:00,175.1999969482422,176.64999389648438,173.92999267578125,175.41000366210938,173.756591796875,22068500.0,173.54856460290543,174.98489390330127,172.2905313702321
2024-06-06 04:00:00,175.89999389648438,177.14999389648438,175.75,176.72999572753906,175.0641326904297,23251000.0,174.2419544852705,175.48017194214412,174.09337443642934
2024-06-07 04:00:00,177.0500030517578,177.8699951171875,174.3000030517578,174.4600067138672,172.81552124023438,19661400.0,175.38110389481355,176.1933665954135,172.65702579598548
2024-06-10 04:00:00,174.97000122070312,177.05999755859375,172.75999450683594,175.00999450683594,173.559326171875,23726700.0,173.5196643924882,175.59233662545498,171.32797655674506
2024-06-11 04:00:00,176.22000122070312,176.83999633789062,173.77000427246094,176.6199951171875,175.15597534179688,21540600.0,174.75929703239595,175.37415295165962,172.32960833962332
2024-06-12 04:00:00,178.25,180.41000366210938,176.11000061035156,177.7899932861328,176.3162384033203,27864700.0,176.77243198278012,178.91453072299208,174.65017169358057
2024-06-13 04:00:00,176.11000061035156,176.74000549316406,174.8800048828125,175.16000366210938,173.70809936523438,20913300.0,174.65022177235798,175.27500453381123,173.43042150065708
2024-06-14 04:00:00,174.22000122070312,177.05999755859375,174.14999389648438,176.7899932861328,175.32456970214844,18063600.0,172.77588046564773,175.59233589189165,172.70645343662588
2024-06-17 04:00:00,175.4600067138672,178.36000061035156,174.80999755859375,177.24000549316406,175.77085876464844,19618500.0,174.0056144386483,176.88157021499225,173.36099322511703
2024-06-18 04:00:00,177.13999938964844,177.38999938964844,174.10000610351562,175.08999633789062,173.63865661621094,21869900.0,175.67166697323572,175.91959469647514,172.6568725168595
2024-06-20 04:00:00,175.3699951171875,177.2899932861328,174.99000549316406,176.3000030517578,174.83865356445312,20160100.0,173.9163544591219,175.82043777672718,173.53951456642366
2024-06-21 04:00:00,177.0,180.85000610351562,176.61000061035156,179.6300048828125,178.14105224609375,57759000.0,175.5328474668185,179.3509408798961,175.1460807810823
2024-06-24 04:00:00,180.16000366210938,180.88999938964844,178.6699981689453,179.22000122070312,177.73443603515625,18298000.0,178.66664674075304,179.3905914905494,177.18899199121046
2024-06-25 04:00:00,179.6199951171875,184.2899932861328,179.4199981689453,184.02999877929688,182.50454711914062,23130200.0,178.13109862440768,182.76238649336386,177.93275948021235
2024-06-26 04:00:00,182.6300048828125,184.50999450683594,182.47999572753906,183.8800048828125,182.35580444335938,19839000.0,181.1161658230566,182.98057201802297,180.96740010923583
2024-06-27 04:00:00,184.17999267578125,186.0500030517578,184.02000427246094,185.41000366210938,183.8731231689453,18848900.0,182.65330785628058,184.50781754506613,182.49464561148105
2024-06-28 04:00:00,184.32000732421875,185.1300048828125,181.9600067138672,182.14999389648438,180.64012145996094,29156600.0,182.792147275446,183.59543062581383,180.4517091135773
2024-07-01 04:00:00,183.02999877929688,183.8800048828125,181.3000030517578,182.99000549316406,181.47317504882812,16006100.0,181.51283682486664,182.3557971056762,179.79718128044868
2024-07-02 04:00:00,182.0500030517578,185.57000732421875,181.55999755859375,185.24000549316406,183.70452880859375,17372500.0,180.54096868108974,184.0317952147811,180.05502490239206
2024-07-03 04:00:00,184.85000610351562,186.08999633789062,184.0,185.82000732421875,184.27972412109375,10242100.0,183.31776335097922,184.54747516508317,182.47480304485995
2024-07-05 04:00:00,185.86000061035156,190.86000061035156,185.8000030517578,190.60000610351562,189.02011108398438,20967500.0,184.3193957840595,189.27795048057212,184.25989554887065
2024-07-08 04:00:00,189.89999389648438,190.1699981689453,187.77999877929688,189.02999877929688,187.463134765625,21035900.0,188.32591851927236,188.59368473438371,186.22349597828827
2024-07-09 04:00:00,190.30999755859375,191.36000061035156,188.72000122070312,188.97999572753906,187.41354370117188,15121400.0,188.73252116927583,189.7738207632852,187.1557042844581
2024-07-10 04:00:00,189.14999389648438,191.75,189.02999877929688,191.17999267578125,189.5952911376953,15952500.0,187.58211913060845,190.16057363966272,187.46311865958714
2024-07-11 04:00:00,189.85000610351562,190.86000061035156,185.0800018310547,185.57000732421875,184.0317840576172,25625800.0,188.27630515494232,189.2779276351132,183.54584030838046
2024-07-12 04:00:00,185.0800018310547,187.11000061035156,184.49000549316406,185.07000732421875,183.53591918945312,22898400.0,183.54583084950815,185.5590024989749,182.96072512784755
2024-07-15 04:00:00,184.9199981689453,188.24000549316406,184.9199981689453,186.52999877929688,184.9838104248047,16474000.0,183.38715546507632,186.6796425153706,183.38715546507632
2024-07-16 04:00:00,187.36000061035156,188.67999267578125,183.3699951171875,183.9199981689453,182.3954620361328,18290700.0,185.80694986210247,187.11600034630766,181.8500180292527
2024-07-17 04:00:00,182.97000122070312,183.5500030517578,179.89999389648438,181.02000427246094,179.51950073242188,20734100.0,181.45333384653057,182.02852795037177,178.40877430017733
2024-07-18 04:00:00,181.92999267578125,182.5,176.47000122070312,177.69000244140625,176.21710205078125,25315700.0,180.42194633892038,180.98722878273526,175.00721361216966
2024-07-19 04:00:00,178.8800048828125,180.2899932861328,177.1300048828125,177.66000366210938,176.18734741210938,18881900.0,177.39723581965455,178.79553657132692,175.661741889588
2024-07-22 04:00:00,180.58999633789062,182.6999969482422,180.22999572753906,181.6699981689453,180.16409301757812,24100300.0,179.09304357457464,181.1855538958276,178.73602709357348
2024-07-23 04:00:00,182.0500030517578,183.61000061035156,181.5399932861328,181.7899932861328,180.28311157226562,36352700.0,180.5409660819595,182.0880326108952,180.0351838559027
2024-07-24 04:00:00,173.60000610351562,176.19000244140625,171.82000732421875,172.6300048828125,171.1990509033203,49585200.0,172.16101164978593,174.72953914992098,170.3957675264856
2024-07-25 04:00:00,172.52000427246094,173.4199981689453,167.19000244140625,167.27999877929688,165.8933868408203,44852000.0,171.08995705046257,171.98249074674055,165.8041364976538
2024-07-26 04:00:00,167.14999389648438,168.08999633789062,164.05999755859375,167.0,165.61570739746094,41336900.0,165.7644579679493,166.69666856249324,162.70007515743842
2024-07-29 04:00:00,168.8300018310547,170.42999267578125,167.99000549316406,169.52999877929688,168.12472534179688,20293800.0,167.4305308304377,169.0172589803579,166.59749741680673
2024-07-30 04:00:00,170.24000549316406,171.22999572753906,168.44000244140625,170.2899932861328,168.87844848632812,18959700.0,168.82887504541765,169.81065918652655,167.04379233570876
2024-07-31 04:00:00,173.24000549316406,174.25,170.00999450683594,171.5399932861328,170.11805725097656,25729100.0,171.80397765019626,172.80560007098353,168.60074099752308
2024-08-01 04:00:00,170.25,174.0500030517578,168.8800048828125,170.75999450683594,169.3445587158203,24531400.0,168.83879157195824,172.60729626052532,167.48015239401155
2024-08-02 04:00:00,166.44000244140625,168.50999450683594,164.6699981689453,166.66000366210938,165.27853393554688,29130100.0,165.06035633790583,167.1131899291379,163.3050238959055
2024-08-05 04:00:00,155.5,164.42999267578125,154.92999267578125,159.25,157.92996215820312,53630700.0,154.21104625180902,163.06701740006122,153.64576377052947
2024-08-06 04:00:00,159.3300018310547,160.57000732421875,156.41000366210938,158.2899932861328,156.9779052734375,49004600.0,158.0092930412871,159.23901995455182,155.11349914776707
2024-08-07 04:00:00,161.25,162.97999572753906,158.47000122070312,158.94000244140625,157.62252807617188,25138600.0,159.91337776437143,161.62903333217733,157.15642275675472
2024-08-08 04:00:00,160.50999450683594,163.69000244140625,160.2100067138672,162.02999877929688,160.68690490722656,25578800.0,159.17950020545774,162.33314852019078,158.88199906168649
2024-08-09 04:00:00,160.00999450683594,163.7899932861328,159.05999755859375,163.6699981689453,162.31329345703125,28602300.0,158.68362855138037,162.4322939023625,157.74150638379683
2024-08-12 04:00:00,164.35000610351562,164.89999389648438,161.83999633789062,162.2899932861328,160.94476318359375,15895300.0,162.9877004487663,163.5331293646278,160.49849628320337
2024-08-13 04:00:00,163.41000366210938,164.72999572753906,162.97000122070312,164.16000366210938,162.7992706298828,18551700.0,162.05548742905071,163.36453799371506,161.6191321967266
2024-08-14 04:00:00,162.39999389648438,163.22000122070312,157.7100067138672,160.3699951171875,159.04066467285156,40591100.0,161.05383649410487,161.8670466571722,156.4027253040999
2024-08-15 04:00:00,160.5,161.63999938964844,159.61000061035156,161.3000030517578,159.9629669189453,31524300.0,159.1695951936991,160.30014498417518,158.28697312159332
2024-08-16 04:00:00,161.47000122070312,165.05999755859375,161.1300048828125,162.9600067138672,161.6092071533203,24208600.0,160.1315525357236,163.69179086382167,159.79437447768626
2024-08-19 04:00:00,165.27999877929688,166.69000244140625,164.25999450683594,166.6699981689453,165.2884521484375,22416200.0,163.90997461723012,165.30829060327488,162.89842527282462
2024-08-20 04:00:00,166.89999389648438,168.63999938964844,166.82000732421875,167.17999267578125,165.79421997070312,18341500.0,165.5165421310091,167.24212453394256,165.43721857593138
2024-08-21 04:00:00,165.14999389648438,166.85000610351562,164.6699981689453,165.85000610351562,164.47525024414062,22902000.0,163.7810405444825,165.46696109244462,163.30502357434244
2024-08-22 04:00:00,167.25999450683594,167.58999633789062,163.30999755859375,163.8000030517578,162.4422149658203,22493300.0,165.87352549850758,166.20079184393225,161.95627127734653
2024-08-23 04:00:00,164.72000122070312,166.17999267578125,163.8300018310547,165.6199951171875,164.24716186523438,13955700.0,163.3546280676757,164.80251757325382,162.4720059319359
2024-08-26 04:00:00,166.3800048828125,167.5500030517578,164.4600067138672,166.16000366210938,164.78265380859375,14190400.0,165.00083137352877,166.1611310785171,163.09674864234503
2024-08-27 04:00:00,165.83999633789062,166.44000244140625,164.4600067138672,164.67999267578125,163.31495666503906,11821900.0,164.46534503177682,165.0603776717608,163.09679417150747
2024-08-28 04:00:00,165.0399932861328,165.60000610351562,161.52999877929688,162.85000610351562,161.5001220703125,16407400.0,163.67195617574248,164.2273269769617,160.1910564516135
2024-08-29 04:00:00,164.30999755859375,165.97000122070312,160.25,161.77999877929688,160.43898010253906,19699800.0,162.94800734245646,164.59425098521132,158.92166371262243
2024-08-30 04:00:00,162.6199951171875,163.66000366210938,161.69000244140625,163.3800048828125,162.02574157714844,22123800.0,161.27203156245238,162.30341943551804,160.34974763264805
2024-09-03 04:00:00,161.72000122070312,161.85000610351562,156.47999572753906,157.36000061035156,156.0556182861328,38945300.0,160.37947815101114,160.50840540246534,155.1829079051627
2024-09-04 04:00:00,156.66000366210938,159.0,155.9600067138672,156.4499969482422,155.15313720703125,19353800.0,155.36140311388078,157.68200253835252,154.66720864488983
2024-09-05 04:00:00,156.3000030517578,159.4499969482422,155.97999572753906,157.24000549316406,155.93661499023438,18688700.0,155.00440439703507,158.12828743123546,154.68704967070923
2024-09-06 04:00:00,157.3000030517578,157.8300018310547,150.5500030517578,150.9199981689453,149.6690216064453,37912100.0,155.9961425992905,156.52174821625567,149.3020933804946
2024-09-09 04:00:00,152.50999450683594,153.39999389648438,147.22000122070312,148.7100067138672,147.67303466796875,39260500.0,151.44652470733544,152.33031802848637,146.1934191551348
2024-09-10 04:00:00,150.4499969482422,151.27000427246094,148.33999633789062,148.66000366210938,147.6233673095703,31118800.0,149.4008786095233,150.21516785637962,147.30559146131813
2024-09-11 04:00:00,149.9199981689453,151.5,147.52000427246094,151.16000366210938,150.10594177246094,29607700.0,148.87458302778612,150.44356726374062,146.49132465684013
2024-09-12 04:00:00,153.8000030517578,154.82000732421875,152.64999389648438,154.69000244140625,153.611328125,29621500.0,152.72753482151148,153.74042646617514,151.58554483567272
2024-09-13 04:00:00,155.42999267578125,158.3800048828125,155.2100067138672,157.4600067138672,156.3620147705078,29591200.0,154.3461563209122,157.27559765598852,154.12770435368589
2024-09-16 04:00:00,157.30999755859375,158.25,156.60000610351562,158.05999755859375,156.9578094482422,18379800.0,156.2130393678647,157.14648695965292,155.50799884377685
2024-09-17 04:00:00,159.02000427246094,160.5500030517578,158.3800048828125,159.32000732421875,158.20904541015625,20715600.0,157.911134323935,159.4304641960374,157.2755977444437
2024-09-18 04:00:00,159.86000061035156,160.5,158.60000610351562,159.80999755859375,158.69561767578125,23677300.0,158.74527204850892,159.38080862321627,157.49406367866266
2024-09-19 04:00:00,163.7100067138672,163.7899932861328,161.33999633789062,162.13999938964844,161.00936889648438,26587700.0,162.5684282858201,162.64785709776754,160.214944405528
2024-09-20 04:00:00,163.5,163.72999572753906,162.05999755859375,163.58999633789062,162.4492645263672,40896400.0,162.35989574326507,162.58828768421088,160.92993460407996
2024-09-23 04:00:00,164.35000610351562,165.49000549316406,161.6699981689453,161.85000610351562,160.72140502929688,24150900.0,163.20397220520576,164.33602223132473,160.5426523133899
2024-09-24 04:00:00,163.02999877929688,163.22000122070312,160.69000244140625,162.2899932861328,161.1583251953125,23332100.0,161.89317053912484,162.0818480701299,159.56949128360392
2024-09-25 04:00:00,161.47000122070312,162.80999755859375,161.3000030517578,161.49000549316406,160.36392211914062,18869200.0,160.34405733815197,161.67470976901416,160.17524458071915
2024-09-26 04:00:00,163.63999938964844,164.0800018310547,162.27999877929688,162.72999572753906,161.5952606201172,20319300.0,162.498918721295,162.93585297471674,161.14840155271324
2024-09-27 04:00:00,162.80999755859375,165.6999969482422,162.6300048828125,163.9499969482422,162.8067626953125,21101300.0,161.67471259736777,164.54455982870763,161.4959750225079
2024-09-30 04:00:00,163.32000732421875,166.14999389648438,163.25999450683594,165.85000610351562,164.69351196289062,20413900.0,162.1811552014193,164.99140790109868,162.12156086139018
2024-10-01 04:00:00,167.69000244140625,169.16000366210938,164.5800018310547,166.99000549316406,165.82557678222656,28338100.0,166.52069262071794,167.98044345774423,163.43237818248807
2024-10-02 04:00:00,166.4199981689453,167.52000427246094,164.72999572753906,165.86000061035156,164.7034454345703,17760200.0,165.25953808497383,166.35187375711521,163.58132016704218
2024-10-03 04:00:00,164.41000366210938,166.63999938964844,163.9199981689453,165.86000061035156,164.7034454345703,15073100.0,163.26355943212087,165.4780052194021,162.77697078682365
2024-10-04 04:00:00,168.05999755859375,168.22999572753906,165.47999572753906,167.05999755859375,165.8950653076172,19047400.0,166.8880921706125,167.05690491903522,164.32608104579808
2024-10-07 04:00:00,167.72000122070312,168.47999572753906,162.75,162.97999572753906,161.84349060058594,22463100.0,166.55044270875806,167.30513756118168,161.6150986976289
2024-10-08 04:00:00,163.94000244140625,164.72999572753906,162.8699951171875,164.3800048828125,163.23374938964844,23072700.0,162.7968151755234,163.58129967642142,161.73426923186602
2024-10-09 04:00:00,163.4499969482422,164.83999633789062,159.74000549316406,161.86000061035156,160.7313232421875,31181800.0,162.31023226464953,163.69053895167258,158.62611121223813
2024-10-10 04:00:00,160.8699951171875,163.07000732421875,160.39999389648438,162.0800018310547,160.94979858398438,14144100.0,159.74822939172097,161.9329006503817,159.2815055457696
2024-10-11 04:00:00,162.1300048828125,163.89999389648438,161.24000549316406,163.24000549316406,162.1016845703125,15344300.0,160.99942432308654,162.7570706789559,160.11563116287005
2024-10-14 04:00:00,163.63999938964844,166.22999572753906,163.39999389648438,164.9600067138672,163.8097381591797,19016100.0,162.49893526546052,165.0708715207676,162.26060333413267
2024-10-15 04:00:00,165.7899932861328,167.67999267578125,164.6300048828125,165.4600067138672,164.3061981201172,20247200.0,164.63388358439627,166.51070336900742,163.48198417257902
2024-10-16 04:00:00,164.52999877929688,165.8000030517578,163.74000549316406,165.16000366210938,164.00831604003906,16406000.0,163.38270428394787,164.64385260964121,162.59821974974642
2024-10-17 04:00:00,165.72999572753906,166.3699951171875,162.75999450683594,162.92999267578125,161.79383850097656,21453400.0,164.57431638671383,165.20985289039217,161.62502577447916
2024-10-18 04:00:00,163.19000244140625,164.7100067138672,163.0800018310547,163.4199981689453,162.28045654296875,19757700.0,162.05206459531138,163.56146974796116,161.9428310286251
2024-10-21 04:00:00,162.9499969482422,164.5,162.6199951171875,164.07000732421875,162.92593383789062,20946500.0,161.8137333852295,163.35292813982096,161.48603268374447
2024-10-22 04:00:00,162.97999572753906,165.77000427246094,162.97999572753906,165.13999938964844,163.9884490966797,16568100.0,161.84350752043144,164.61406084451548,161.84350752043144
2024-10-23 04:00:00,164.75999450683594,165.82000732421875,161.92999267578125,162.77999877929688,161.6448974609375,18280500.0,163.61108623567196,164.66370734673023,160.80081863998697
2024-10-24 04:00:00,162.8300018310547,163.3300018310547,161.00999450683594,162.72000122070312,161.58531188964844,22412500.0,161.69454543683605,162.19105880543688,159.88722950198394
2024-10-25 04:00:00,163.6699981689453,165.58999633789062,163.4199981689453,165.27000427246094,164.11753845214844,19828900.0,162.52868955985642,164.43529913917524,162.2804328674599
2024-10-28 04:00:00,168.75,168.75,163.9499969482422,166.72000122070312,165.5574188232422,32138600.0,167.57326188738554,167.57326188738554,162.80673051877835
2024-10-29 04:00:00,167.72999572753906,170.3800048828125,167.08999633789062,169.67999267578125,168.49681091308594,42169000.0,166.56041133003743,169.19194192190423,165.92487466810383
2024-10-30 04:00:00,180.67999267578125,182.02000427246094,174.05999755859375,174.4600067138672,173.2434539794922,68890800.0,179.42006644238907,180.75073380709983,172.84623418689728
2024-10-31 04:00:00,173.1300048828125,176.82000732421875,171.0,171.11000061035156,169.91683959960938,44769000.0,171.92275825269778,175.58703007037118,169.80760603057018
2024-11-01 04:00:00,170.07000732421875,172.32000732421875,168.8800048828125,171.2899932861328,170.09555053710938,31796500.0,168.88407180529182,171.11838206105315,167.70236751230738
2024-11-04 05:00:00,169.92999267578125,170.72999572753906,168.00999450683594,169.24000549316406,168.0598602294922,21492700.0,168.7450359899921,169.53946045641658,166.83842636200512
2024-11-05 05:00:00,169.42999267578125,170.52999877929688,168.83999633789062,169.74000549316406,168.5563507080078,18242100.0,168.2484997154328,169.34083510228774,167.66261762265808
2024-11-06 05:00:00,173.8000030517578,176.94000244140625,173.5,176.50999450683594,175.27914428710938,33695500.0,172.5880503091246,175.70615366421993,172.29013925687767
2024-11-07 05:00:00,177.41000366210938,181.0800018310547,177.19000244140625,180.75,179.4896240234375,25352900.0,176.17291759506878,179.81732474035618,175.95445045045633
2024-11-08 05:00:00,180.64999389648438,180.89999389648438,178.0800018310547,178.35000610351562,177.10633850097656,22006200.0,179.39028805337082,179.63854475709948,176.83821701828134
2024-11-11 05:00:00,178.5800018310547,180.5500030517578,178.47000122070312,180.35000610351562,179.0924072265625,17450400.0,177.33474537334146,179.29100957580835,177.22551180839807
2024-11-12 05:00:00,179.82000732421875,182.49000549316406,179.38999938964844,181.6199951171875,180.35353088378906,25134900.0,178.56609468327508,181.2174745432505,178.13908526034365
2024-11-13 05:00:00,180.4600067138672,180.9600067138672,178.5399932861328,178.8800048828125,177.6326141357422,23184000.0,179.20159807988603,179.69811141085364,177.2949735548721
2024-11-14 05:00:00,178.27999877929688,178.82000732421875,174.32000732421875,175.5800018310547,174.35565185546875,31007500.0,177.03682125408577,177.57306422524127,173.10444351008397
2024-11-15 05:00:00,173.72999572753906,174.13999938964844,171.22000122070312,172.49000549316406,171.28720092773438,32504600.0,172.51854448191054,172.92568911299827,170.02605262888574
2024-11-18 05:00:00,173.4199981689453,175.44000244140625,172.89999389648438,175.3000030517578,174.07762145996094,20135300.0,172.21072600853026,174.2166446221491,171.69434776937933
2024-11-19 05:00:00,173.72000122070312,178.8699951171875,173.55999755859375,178.1199951171875,176.8779296875,23434900.0,172.50861780572185,177.6226997913749,172.34972988032243
2024-11-20 05:00:00,177.33999633789062,177.67999267578125,173.77999877929688,175.97999572753906,174.7528533935547,18997100.0,176.1033704582549,176.4409959363333,172.56819744687726
2024-11-21 05:00:00,173.89999389648438,174.1300048828125,163.6999969482422,167.6300048828125,166.4610595703125,59734400.0,172.68732565817476,172.91573269379919,162.55845701794937
2024-11-22 05:00:00,165.85000610351562,166.4600067138672,163.89999389648438,164.75999450683594,163.611083984375,38604600.0,164.6934946716423,165.29924160304688,162.75708036226996
2024-11-25 05:00:00,166.08999633789062,168.6300048828125,165.61000061035156,167.64999389648438,166.48097229003906,33135300.0,164.93185257766297,167.45414967028736,164.45520385517565
2024-11-26 05:00:00,167.6300048828125,169.82000732421875,167.5800018310547,169.1199951171875,167.94070434570312,20486700.0,166.4611039634079,168.63583529706082,166.41144958796977
2024-11-27 05:00:00,169.0,169.47999572753906,168.02000427246094,169.22999572753906,168.04991149902344,19266500.0,167.82151959076907,168.2981681848086,166.8483576251592
2024-11-29 05:00:00,168.5,169.42999267578125,167.16000366210938,168.9499969482422,167.77186584472656,14257200.0,167.3250068391348,168.2485144405321,165.99435463496883
2024-12-02 05:00:00,168.77000427246094,172.0800018310547,168.57000732421875,171.49000549316406,170.29417419433594,23789100.0,167.59314004161567,170.88005637942206,167.3945377088188
2024-12-03 05:00:00,171.49000549316406,172.67999267578125,170.85000610351562,171.33999633789062,170.1452178955078,22248700.0,170.29418101536214,171.4758702461707,169.6586444335241
2024-12-04 05:00:00,171.14999389648438,174.91000366210938,171.05999755859375,174.3699951171875,173.15406799316406,31615100.0,169.95652067469916,173.6903109186826,169.8671519045746
2024-12-05 05:00:00,175.36000061035156,176.05999755859375,172.3300018310547,172.63999938964844,171.4361572265625,21356200.0,174.13719150933292,174.83230728378396,171.12832132304757
2024-12-06 05:00:00,172.02999877929688,175.0800018310547,171.86000061035156,174.7100067138672,173.49172973632812,21462400.0,170.83040986678466,173.85914482652376,170.66159711852214
2024-12-09 05:00:00,173.9600067138672,176.25999450683594,173.64999389648438,175.3699951171875,174.3467254638672,25389600.0,172.94496422816292,175.23153177948782,172.63676031034672
2024-12-10 05:00:00,182.85000610351562,186.36000061035156,181.0500030517578,185.1699981689453,184.08950805664062,54813000.0,181.78305343524673,185.27256668487914,179.99355362655623
2024-12-11 05:00:00,185.30999755859375,195.61000061035156,184.85000610351562,195.39999389648438,194.2598114013672,67894100.0,184.22869140717978,194.46859270076922,183.77138405763577
2024-12-12 05:00:00,195.0,195.17999267578125,191.7100067138672,191.9600067138672,190.8398895263672,34817500.0,193.86214396789393,194.04108635776814,190.59134831615194
2024-12-13 05:00:00,191.00999450683594,192.72999572753906,189.63999938964844,189.82000732421875,188.71238708496094,25143500.0,189.89543056387427,191.60539539173107,188.53342951612586
2024-12-16 05:00:00,192.8699951171875,199.0,192.6199951171875,196.66000366210938,195.51246643066406,44934900.0,191.74457308879215,197.8388085792474,191.49603187198403
2024-12-17 05:00:00,197.25,201.4199981689453,194.97999572753906,195.4199981689453,194.27969360351562,43504000.0,196.09901710347702,200.2446827169294,193.84225864137167
2024-12-18 05:00:00,195.22000122070312,197.0,187.74000549316406,188.39999389648438,187.30064392089844,34166100.0,194.08085519878878,195.85046734497547,186.64450667606317
2024-12-19 05:00:00,191.6300048828125,193.02999877929688,188.3800048828125,188.50999450683594,187.41001892089844,32265200.0,190.5118237091531,191.90364849444197,187.28078779996244
2024-12-20 05:00:00,185.77999877929688,192.88999938964844,185.22000122070312,191.41000366210938,190.29310607910156,63462900.0,184.69595286927182,191.76446587529261,184.13922295556452
2024-12-23 05:00:00,192.6199951171875,195.10000610351562,190.14999389648438,194.6300048828125,193.49432373046875,25675000.0,191.49604252749893,193.96158245764806,189.04045395521715
2024-12-24 05:00:00,194.83999633789062,196.11000061035156,193.77999877929688,196.11000061035156,194.9656982421875,10403300.0,193.70310444798892,194.9656982421875,192.64929197793106
2024-12-26 05:00:00,195.14999389648438,196.75,194.3800048828125,195.60000610351562,194.45867919921875,12046600.0,194.0112928154141,195.60196287620988,193.2457966910566
2024-12-27 05:00:00,194.9499969482422,195.32000732421875,190.64999389648438,192.75999450683594,191.63522338867188,18891400.0,193.81244697780068,194.18029831146464,189.53753481304466
2024-12-30 05:00:00,189.8000030517578,192.5500030517578,189.1199951171875,191.24000549316406,190.1240997314453,14264700.0,188.69249985736334,191.42645331502607,188.01645984137915
2024-12-31 05:00:00,191.0800018310547,191.9600067138672,188.50999450683594,189.3000030517578,188.1954345703125,17466900.0,189.96504702886492,190.83991706940904,187.41003573761844
2025-01-02 05:00:00,190.64999389648438,192.0,187.5,189.42999267578125,188.32464599609375,20370800.0,189.53752836365504,190.87965701997763,186.4059150585719
2025-01-03 05:00:00,191.3699951171875,193.2100067138672,189.97999572753906,191.7899932861328,190.67088317871094,18596200.0,190.2533357330172,192.08261071335764,188.87144710211905
2025-01-06 05:00:00,193.97999572753906,198.22000122070312,193.85000610351562,196.8699951171875,195.7212371826172,29563600.0,192.8481012552134,197.06336585299624,192.71887013485082
2025-01-07 05:00:00,197.11000061035156,201.0,194.60000610351562,195.49000549316406,194.34930419921875,26487200.0,195.9598465030939,199.82714740579908,193.46449803391354
2025-01-08 05:00:00,192.57000732421875,196.2899932861328,192.3800048828125,193.9499969482422,192.8182830810547,24864800.0,191.44634580773328,195.14462535167834,191.2574520458894
2025-01-10 05:00:00,194.3000030517578,196.52000427246094,190.30999755859375,192.0399932861328,190.91943359375,26665200.0,193.16625612788005,195.37330356826695,189.19953244831908
2025-01-13 05:00:00,190.07000732421875,191.17999267578125,187.36000061035156,191.00999450683594,189.89544677734375,21823700.0,188.96094444164697,190.064453003047,186.2667506795452
2025-01-14 05:00:00,191.24000549316406,191.97999572753906,188.30999755859375,189.66000366210938,188.55332946777344,17174900.0,190.1241119208904,190.85978428074978,187.21120070733548
2025-01-15 05:00:00,193.08999633789062,196.36000061035156,191.86000061035156,195.5500030517578,194.40895080566406,21776000.0,191.963298457138,195.21422195403466,190.7404798677513
2025-01-16 05:00:00,194.13999938964844,195.47999572753906,192.80999755859375,192.91000366210938,191.7843475341797,17815400.0,193.00716606923652,194.33934334611155,191.68492497988967
2025-01-17 05:00:00,196.52999877929688,197.22999572753906,193.75,196.0,194.8563232421875,27735100.0,195.3832294332928,196.07914183949293,192.61945218456034
2025-01-21 05:00:00,199.07000732421875,202.2899932861328,197.8699951171875,198.0500030517578,196.89437866210938,29971300.0,197.9084311961374,201.10962849733662,196.71542107622028
2025-01-22 05:00:00,199.05999755859375,200.47999572753906,197.52999877929688,198.3699951171875,197.2124786376953,26200600.0,197.89845481899934,199.31016710135967,196.37738379513036
2025-01-23 05:00:00,198.13999938964844,200.3000030517578,195.1999969482422,197.97999572753906,196.82476806640625,26951400.0,196.98383809552067,199.13123797930666,194.060990781993
2025-01-24 05:00:00,198.10000610351562,200.89999389648438,198.0,200.2100067138672,199.04176330566406,23877500.0,196.9440747387753,199.72772435097139,196.8446521798743
2025-01-27 05:00:00,192.41000366210938,196.8800048828125,190.72999572753906,191.80999755859375,190.6907501220703,41728900.0,191.2872550770441,195.73117299932062,189.61705030496816
2025-01-28 05:00:00,192.75,195.47999572753906,190.67999267578125,195.3000030517578,194.160400390625,24157900.0,191.62527696108057,194.3393427841272,189.56734841729389
2025-01-29 05:00:00,195.55999755859375,196.7899932861328,193.42999267578125,195.41000366210938,194.269775390625,18218300.0,194.4188940643566,195.6417126982154,192.3013178788486
2025-01-30 05:00:00,198.0,201.39999389648438,197.6699981689453,200.8699951171875,199.69789123535156,24354700.0,196.84464293202117,200.2247973993167,196.51656670676422
2025-01-31 05:00:00,202.0,205.47999572753906,201.8000030517578,204.02000427246094,202.8295440673828,32001100.0,200.82132655430865,204.2810164474162,200.622496591671
2025-02-03 05:00:00,200.69000244140625,203.75,200.10000610351562,201.22999572753906,200.05581665039062,27838300.0,199.51897423058907,202.56111667222356,198.93242052734664
2025-02-04 05:00:00,203.38999938964844,207.0500030517578,202.80999755859375,206.3800048828125,205.17578125,43856400.0,202.20322238534604,205.84186999162728,201.62660485458937
2025-02-05 05:00:00,191.07000732421875,192.75,188.02999877929688,191.3300018310547,190.2135772705078,70373900.0,189.9550998506434,191.62528964623422,186.93282997802248
2025-02-06 05:00:00,189.5,192.10000610351562,188.72000122070312,191.60000610351562,190.4820098876953,29297400.0,188.3942574313725,190.979092361129,187.61880998639617
2025-02-07 05:00:00,191.0500030517578,191.17999267578125,183.24000549316406,185.33999633789062,184.25852966308594,49315000.0,189.93521824759102,190.0644493766904,182.17079235327273
2025-02-10 05:00:00,187.35000610351562,188.1999969482422,185.86000061035156,186.47000122070312,185.38192749023438,23105600.0,186.2567974441607,187.10182849533746,184.77548630303588
2025-02-11 05:00:00,185.02999877929688,186.94000244140625,184.27999877929688,185.32000732421875,184.23867797851562,21239500.0,183.95036161327073,185.84922053693518,183.20473781107574
2025-02-12 05:00:00,183.22000122070312,185.11000061035156,181.8300018310547,183.61000061035156,182.5386199951172,22072600.0,182.1508962864482,184.02986736226762,180.76900766634557
2025-02-13 05:00:00,184.32000732421875,186.27999877929688,183.13999938964844,186.13999938964844,185.05386352539062,21402500.0,183.24449120134597,185.19304601185559,182.07136866992408
2025-02-14 05:00:00,185.05999755859375,186.39999389648438,184.32000732421875,185.22999572753906,184.14915466308594,20448400.0,183.980148455519,185.31232574087161,183.24447616019845
2025-02-18 05:00:00,185.60000610351562,185.9600067138672,181.74000549316406,183.77000427246094,182.6976776123047,29916700.0,184.51700109702455,184.8749010476211,180.67952419275377
2025-02-19 05:00:00,184.07000732421875,185.4600067138672,183.58999633789062,185.27000427246094,184.18894958496094,19549400.0,182.99595464619662,184.37784335780142,182.51874453488796
2025-02-20 05:00:00,184.8000030517578,185.30999755859375,182.72000122070312,184.55999755859375,183.48306274414062,20441500.0,183.72166776984332,184.22868638349084,181.65380305634184
2025-02-21 05:00:00,185.14999389648438,185.33999633789062,179.0800018310547,179.66000366210938,178.61166381835938,35199200.0,184.0696192348162,184.25851298688883,178.03504637457257
2025-02-24 05:00:00,181.99000549316406,183.1199951171875,178.88999938964844,179.25,178.2040557861328,29854200.0,180.92807303443473,182.05146903999804,177.8461558204417
2025-02-25 05:00:00,178.0399932861328,178.74000549316406,174.69000244140625,175.4199981689453,174.3964080810547,41913400.0,177.0011153116827,177.6970428900285,173.67067193850428
2025-02-26 05:00:00,175.07000732421875,176.0800018310547,171.5800018310547,172.72999572753906,171.7220916748047,35431300.0,174.04844897153603,175.05255001700533,170.57880815600546
2025-02-27 05:00:00,173.99000549316406,174.55999755859375,167.94000244140625,168.5,167.5167999267578,39991000.0,172.97477115402882,173.54143730705212,166.96006996247044
2025-02-28 05:00:00,168.67999267578125,170.61000061035156,166.77000427246094,170.27999877929688,169.286376953125,48130600.0,167.69570724259657,169.61445314978715,165.79686404821965
2025-03-03 05:00:00,171.92999267578125,173.3699951171875,165.92999267578125,167.00999450683594,166.0354766845703,40770500.0,170.92676623691273,172.35836613901347,164.96177675799476
2025-03-04 05:00:00,166.24000549316406,173.2899932861328,165.8000030517578,170.9199981689453,169.9226531982422,45388000.0,165.26996901303033,172.2788190225673,164.8325340548135
2025-03-05 05:00:00,170.52000427246094,173.77999877929688,169.05999755859375,173.02000427246094,172.0104217529297,30954900.0,169.525009408903,172.7659816444027,168.07352192530007
2025-03-06 05:00:00,170.52999877929688,174.80999755859375,170.5,172.35000610351562,171.34432983398438,28302000.0,169.5349424001719,173.78996703932643,169.50511866618623
2025-03-07 05:00:00,171.25999450683594,174.97000122070312,170.27000427246094,173.86000061035156,172.84552001953125,27385800.0,170.26068506359857,173.94904372851937,169.27647146487496
2025-03-10 04:00:00,168.25999450683594,168.4600067138672,163.69000244140625,165.8699951171875,165.09205627441406,43604000.0,167.47084644350338,167.66992058295483,162.922287876859
2025-03-11 04:00:00,164.91000366210938,166.75,161.3699951171875,164.0399932861328,163.2706298828125,39587400.0,164.13655982614347,165.96792640359425,160.6131542630149
2025-03-12 04:00:00,166.5800018310547,167.63999938964844,163.52999877929688,167.11000061035156,166.32623291015625,28372400.0,165.79871989426576,166.85374592604674,162.76302175465403
2025-03-13 04:00:00,166.0399932861328,166.1300048828125,162.11000061035156,162.75999450683594,161.9966278076172,31756200.0,165.261242942738,165.3508323726828,161.34968247166375
2025-03-14 04:00:00,163.27000427246094,166.49000549316406,162.4499969482422,165.49000549316406,164.71383666992188,31995900.0,162.50424753259463,165.70914654485404,161.68808614528302
2025-03-17 04:00:00,165.02999877929688,166.3000030517578,163.6699981689453,164.2899932861328,163.5194549560547,31184300.0,164.2559897412009,165.52003755245735,162.90236768488202
2025-03-18 04:00:00,163.67999267578125,164.25,156.72000122070312,160.6699981689453,159.91644287109375,42074800.0,162.9123202600298,163.47965420375513,155.98497172829607
2025-03-19 04:00:00,161.75999450683594,165.8699951171875,161.0,163.88999938964844,163.12132263183594,34275600.0,161.0013078964,165.09203178483114,160.24487791525596
2025-03-20 04:00:00,161.57000732421875,164.88999938964844,160.9600067138672,162.8000030517578,162.0364532470703,28138500.0,160.81222633390425,164.11664727374668,160.20508669307458
2025-03-21 04:00:00,161.2100067138672,164.24000549316406,160.88999938964844,163.99000549316406,163.22085571289062,36625800.0,160.45389574924488,163.46968315701145,160.13538933090373
2025-03-24 04:00:00,167.07000732421875,168.32000732421875,165.13999938964844,167.67999267578125,166.89353942871094,30879100.0,166.28641503242847,167.5305522783625,164.36545922735073
2025-03-25 04:00:00,168.97999572753906,170.6300048828125,168.32000732421875,170.55999755859375,169.76007080078125,24174400.0,168.18747918173491,169.82974979049783,167.53058612545505
2025-03-26 04:00:00,169.0,169.61000061035156,164.83999633789062,165.05999755859375,164.28585815429688,28901600.0,168.20738179291607,168.81452147078184,164.06688875000268
2025-03-27 04:00:00,164.6300048828125,165.4199981689453,162.0,162.24000549316406,161.47911071777344,24508300.0,163.85790117012405,164.6441894405785,161.2402308343211
2025-03-28 04:00:00,160.49000549316406,161.82000732421875,153.6300048828125,154.3300018310547,153.60617065429688,48669300.0,159.73728296251087,161.06104688273138,152.90945679818688
2025-03-31 04:00:00,153.11000061035156,155.5399932861328,150.66000366210938,154.63999938964844,153.91473388671875,54603500.0,152.39191084034044,154.81050678909716,149.9534044396659
2025-04-01 04:00:00,153.6199951171875,158.10000610351562,153.6199951171875,157.07000732421875,156.33334350585938,30672900.0,152.89951197653428,157.35851155491952,152.89951197653428
2025-04-02 04:00:00,155.14999389648438,158.41000366210938,154.6999969482422,157.0399932861328,156.30345153808594,25041700.0,154.42231653657922,157.6670363544579,153.97443014331054
2025-04-03 04:00:00,151.11000061035156,152.77999877929688,150.38999938964844,150.72000122070312,150.01309204101562,46883400.0,150.40126224975654,152.0634277685816,149.68463798943145
2025-04-04 04:00:00,148.00999450683594,151.07000732421875,145.3800048828125,145.60000610351562,144.91712951660156,62259500.0,147.31581486644404,150.36147595978116,144.69816012059908
2025-04-07 04:00:00,141.5500030517578,152.85000610351562,140.52999877929688,146.75,146.06173706054688,76794100.0,140.88612829073566,152.13313390933345,139.87090787612016
2025-04-08 04:00:00,151.22000122070312,152.24000549316406,143.02999877929688,144.6999969482422,144.02134704589844,52200200.0,150.5107721866655,151.5259925903324,142.35918124819136
2025-04-09 04:00:00,144.4199981689453,159.5500030517578,143.91000366210938,158.7100067138672,157.9656524658203,70406200.0,143.74266444963052,158.8017091980402,143.23506183090237
2025-04-10 04:00:00,156.5399932861328,157.72000122070312,149.92999267578125,152.82000732421875,152.10325622558594,48022000.0,155.80579483834862,156.98026834062628,149.2267962236283
2025-04-11 04:00:00,152.89999389648438,157.6699981689453,152.82000732421875,157.13999938964844,156.40298461914062,33636200.0,152.18286551192307,156.93049760914,152.10325409102202
2025-04-14 04:00:00,160.0,161.72000122070312,157.55999755859375,159.07000732421875,158.32395935058594,30333000.0,159.24959030436233,160.96152461511218,156.82103162226488
2025-04-15 04:00:00,159.1300048828125,159.64999389648438,155.2100067138672,156.30999755859375,155.57687377929688,27551500.0,158.3836547299025,158.90120489566414,154.48204210198043
2025-04-16 04:00:00,153.10000610351562,155.88999938964844,151.50999450683594,153.3300018310547,152.61087036132812,28187400.0,152.381953334393,155.1588613016161,150.7993990348029
2025-04-17 04:00:00,154.2899932861328,154.67999267578125,148.5,151.16000366210938,150.4510498046875,33046600.0,153.56635949907425,153.9545297569088,147.8035217962651
2025-04-21 04:00:00,148.8800048828125,148.9499969482422,146.10000610351562,147.6699981689453,146.97740173339844,26049100.0,148.18173331794077,148.25139710913984,145.41477318745027
2025-04-22 04:00:00,148.88999938964844,152.19000244140625,148.5399932861328,151.47000122070312,150.7595977783203,26971800.0,148.19169631147875,151.4762221498679,147.84333175770095
2025-04-23 04:00:00,155.61000061035156,157.52999877929688,153.80999755859375,155.35000610351562,154.62139892578125,31128800.0,154.8801740321897,156.79116721631257,153.08861317606707
2025-04-24 04:00:00,156.14999389648438,159.58999633789062,155.7899932861328,159.27999877929688,158.532958984375,45894000.0,155.41763415068155,158.84150262211006,155.0593219807129
2025-04-25 04:00:00,165.07000732421875,166.10000610351562,161.0399932861328,161.9600067138672,161.2003936767578,56034000.0,164.29580798857202,165.32097594255075,160.2846952290497
2025-04-28 04:00:00,162.42999267578125,163.14999389648438,158.60000610351562,160.61000061035156,159.85670471191406,29745800.0,161.66816061799582,162.38478487609163,157.85613751727615
2025-04-29 04:00:00,160.32000732421875,160.74000549316406,157.52000427246094,160.16000366210938,159.40884399414062,26809000.0,159.56809722983294,159.98612558310694,156.7812263541152
2025-04-30 04:00:00,157.97999572753906,159.27000427246094,155.39999389648438,158.8000030517578,158.05520629882812,34981100.0,157.2390449367046,158.52300314058715,154.67114371616248
2025-05-01 04:00:00,160.4499969482422,161.9499969482422,158.91000366210938,161.3000030517578,160.5435028076172,30203200.0,159.69748324974734,161.19044821971175,158.1647125629629
2025-05-02 04:00:00,163.41000366210938,164.97000122070312,161.8699951171875,164.02999877929688,163.2606658935547,25715000.0,162.64357867514303,164.19625953903196,161.11079307252896
2025-05-05 04:00:00,163.0,165.38999938964844,162.72000122070312,164.2100067138672,163.43984985351562,21341800.0,162.23551815903613,164.61430827792813,161.95683259435438
2025-05-06 04:00:00,162.1699981689453,164.8000030517578,161.19000244140625,163.22999572753906,162.4644317626953,21277200.0,161.40940569190968,164.02707560554774,160.43400623609975
2025-05-07 04:00:00,164.0800018310547,165.0,147.83999633789062,151.3800048828125,150.67001342773438,127490100.0,163.3104457768094,164.22612903746054,147.14660797263102
2025-05-08 04:00:00,155.0,155.92999267578125,152.89999389648438,154.27999877929688,153.55642700195312,57498700.0,154.27305142354376,155.19868244221678,152.18289432936683
2025-05-09 04:00:00,154.1699981689453,155.0500030517578,152.1999969482422,152.75,152.03358459472656,32435300.0,153.4469228058081,154.3228003625665,151.48616112175256
2025-05-12 04:00:00,157.49000549316406,159.10000610351562,156.25,158.4600067138672,157.716796875,44138800.0,156.75134515840134,158.3537945366218,155.5171555445994
2025-05-13 04:00:00,158.7899932861328,160.57000732421875,156.16000366210938,159.52999877929688,158.78179931640625,42382100.0,158.04526446648646,159.81693019668407,155.42760955592857
2025-05-14 04:00:00,159.9600067138672,167.0,159.61000061035156,165.3699951171875,164.5944061279297,48755900.0,159.20979069166216,166.21676625125212,158.86142612462882
2025-05-15 04:00:00,165.83999633789062,166.2100067138672,162.3699951171875,163.9600067138672,163.19100952148438,33146700.0,165.06218171025907,165.43045668169412,161.60845531931332
2025-05-16 04:00:00,167.72999572753906,169.35000610351562,165.6199951171875,166.19000244140625,165.4105682373047,42846900.0,166.9433389262676,168.55575142343383,164.84323425804385
2025-05-19 04:00:00,164.50999450683594,166.63999938964844,164.22000122070312,166.5399932861328,165.7589111328125,30426100.0,163.73843316462222,165.85844820194703,163.44979996369122
2025-05-20 04:00:00,166.42999267578125,168.5,162.89999389648438,163.97999572753906,163.2108917236328,46607700.0,165.6493976210667,167.70969613346296,162.13595535028108
2025-05-21 04:00:00,163.69000244140625,173.13999938964844,163.55999755859375,168.55999755859375,167.76942443847656,73416000.0,162.92227037071072,172.32794533461094,162.7928752314158
2025-05-22 04:00:00,171.85000610351562,176.77000427246094,170.7100067138672,170.8699951171875,170.06858825683594,74864400.0,171.0440028391721,175.94092545127197,169.90935022401754
2025-05-23 04:00:00,169.05999755859375,169.9600067138672,167.88999938964844,168.47000122070312,167.6798553466797,35211400.0,168.26708452621156,169.1628725233235,167.10257379846712
2025-05-27 04:00:00,170.16000366210938,173.1699981689453,170.0,172.89999389648438,172.08908081054688,37995700.0,169.36194132235366,172.35781874405163,169.20268808863054
2025-05-28 04:00:00,173.16000366210938,175.27000427246094,171.91000366210938,172.36000061035156,171.55162048339844,34784000.0,172.34787146642654,174.44797603039132,171.10373405145273
2025-05-29 04:00:00,174.0,174.4199981689453,170.6300048828125,171.86000061035156,171.053955078125,29317300.0,173.1839175950813,173.60194591853366,169.82972818892713
2025-05-30 04:00:00,171.35000610351562,172.2100067138672,167.44000244140625,171.74000549316406,170.93450927734375,52639900.0,170.54633906565317,171.40230609492238,166.65467413099773
2025-06-02 04:00:00,167.83999633789062,169.8699951171875,167.38999938964844,169.02999877929688,168.23721313476562,38612300.0,167.05279205086583,169.0732697161459,166.60490568135657
2025-06-03 04:00:00,167.49000549316406,168.47999572753906,165.27999877929688,166.17999267578125,165.40057373046875,45084900.0,166.70444231356663,167.68978928654823,164.50480099371782
2025-06-04 04:00:00,166.74000549316406,168.22000122070312,166.36000061035156,168.0500030517578,167.2618408203125,26900800.0,165.9579872104258,167.43104169003885,165.57976456796413
2025-06-05 04:00:00,170.33999633789062,170.92999267578125,167.58999633789062,168.2100067138672,167.42108154296875,36379100.0,169.54108125937032,170.12831044344654,166.80397909025658
2025-06-06 04:00:00,170.8300018310547,174.5,170.8300018310547,173.67999267578125,172.8654022216797,35731800.0,170.02877834744078,173.68156356382352,170.02877834744078
2025-06-09 04:00:00,174.5399932861328,176.47000122070312,174.3699951171875,176.08999633789062,175.47628784179688,28935900.0,173.93168685751374,175.85496833236684,173.76228116584014
2025-06-10 04:00:00,176.1999969482422,181.11000061035156,174.91000366210938,178.60000610351562,177.97756958007812,61766100.0,175.5859246650274,180.47881653819462,174.30042711746592
2025-06-11 04:00:00,179.77000427246094,180.3699951171875,176.75,177.35000610351562,176.73190307617188,31646800.0,179.14346702948194,179.74136677669094,176.133988123354
2025-06-12 04:00:00,176.17999267578125,176.72000122070312,174.75,175.6999969482422,175.087646484375,20941900.0,175.56596932852466,176.10409583310096,174.14096047000893
2025-06-13 04:00:00,172.44000244140625,177.1300048828125,172.38999938964844,174.6699981689453,174.06124877929688,27663100.0,171.8390248989685,176.51268202547473,171.78919611484426
2025-06-16 04:00:00,174.72999572753906,176.94000244140625,174.64999389648438,176.77000427246094,176.1539306640625,27389200.0,174.12103189678987,176.32333636040028,174.04130888575864
2025-06-17 04:00:00,175.6999969482422,177.36000061035156,174.5800018310547,175.9499969482422,175.33677673339844,24973000.0,175.0876480323832,176.74186625647056,173.9715563176299
2025-06-18 04:00:00,176.00999450683594,176.55999755859375,173.1999969482422,173.32000732421875,172.71595764160156,28707500.0,175.39656976170295,175.94465595934807,172.596365522182
2025-06-20 04:00:00,173.9499969482422,174.33999633789062,165.4600067138672,166.63999938964844,166.05923461914062,75659900.0,173.3437557670882,173.7323959518227,164.88335439041927
2025-06-23 04:00:00,166.27000427246094,167.33999633789062,162.0,165.19000244140625,164.6143035888672,57671000.0,165.6905415370858,166.75680460442126,161.43541853179397
2025-06-24 04:00:00,166.9199981689453,168.22000122070312,166.1300048828125,166.77000427246094,166.18878173828125,40524300.0,166.3382528798913,167.63372519441324,165.55101285806253
2025-06-25 04:00:00,167.6300048828125,172.36000061035156,167.5500030517578,170.67999267578125,170.08514404296875,35479000.0,167.04578597314622,171.75929686583365,166.96606296199934
2025-06-26 04:00:00,172.42999267578125,173.69000244140625,169.94000244140625,173.5399932861328,172.93516540527344,31796700.0,171.82903340932134,173.0846517431964,169.3477213792513
2025-06-27 04:00:00,173.5399932861328,178.67999267578125,171.72999572753906,178.52999877929688,177.90780639648438,108140200.0,172.9351915011429,178.0572775513539,171.13150193953322
2025-06-30 04:00:00,180.77999877929688,181.22999572753906,174.5800018310547,176.22999572753906,175.6157989501953,63378900.0,180.14994433141436,180.59837295030215,173.9715556124037
2025-07-01 04:00:00,175.74000549316406,176.08999633789062,173.52999877929688,175.83999633789062,175.2271728515625,35904500.0,175.12753048692775,175.47630157156493,172.9252259116377
2025-07-02 04:00:00,175.5399932861328,178.86000061035156,175.07000732421875,178.63999938964844,178.01739501953125,29128900.0,174.92819320035304,178.23662948182692,174.4598452552033
2025-07-03 04:00:00,178.5,179.6699981689453,177.0500030517578,179.52999877929688,178.904296875,21689700.0,177.8778878701253,179.0438083356934,176.43294448317042
2025-07-07 04:00:00,179.05999755859375,179.3000030517578,175.67999267578125,176.7899932861328,176.17384338378906,34175600.0,178.43593621915562,178.67510524325024,175.0677113564662
2025-07-08 04:00:00,177.85000610351562,177.9499969482422,172.80999755859375,174.36000061035156,173.7523193359375,40442500.0,177.2301614259221,177.3298037815242,172.20771837081963
2025-07-09 04:00:00,175.25,179.44000244140625,172.77000427246094,176.6199951171875,176.0044403076172,43025600.0,174.63921988812407,178.81461936142807,172.16786742488128
2025-07-10 04:00:00,175.6300048828125,178.42999267578125,174.3800048828125,177.6199951171875,177.00096130371094,29252400.0,175.0179065004666,177.80813589252995,173.77226294843484
2025-07-11 04:00:00,176.7899932861328,181.42999267578125,176.47999572753906,180.19000244140625,179.56202697753906,34282900.0,176.17386710523087,180.7976957543855,175.86494991101927
2025-07-14 04:00:00,181.00999450683594,183.6699981689453,179.67999267578125,181.55999755859375,180.92721557617188,32536600.0,180.37912942255304,183.0298623068854,179.05376298038684
2025-07-15 04:00:00,182.80999755859375,184.22000122070312,181.60000610351562,182.0,181.36569213867188,33448300.0,182.17286668727073,183.5779561932956,180.9670923041272
2025-07-16 04:00:00,183.24000549316406,184.3300018310547,182.02999877929688,182.97000122070312,182.3323211669922,33104200.0,182.60138443088442,183.68758195520638,181.39559478616047
2025-07-17 04:00:00,182.13999938964844,184.05999755859375,180.47999572753906,183.5800018310547,182.940185546875,31992600.0,181.5052018275631,183.418508384776,179.8509836397114
2025-07-18 04:00:00,185.39999389648438,186.4199981689453,183.7100067138672,185.05999755859375,184.41502380371094,34014500.0,184.75383518149354,185.7702845204503,183.069737966418
2025-07-21 04:00:00,186.25,190.2899932861328,186.14999389648438,190.10000610351562,189.43746948242188,45803100.0,185.6008814217948,189.62679452163042,185.50122385959315
2025-07-22 04:00:00,191.5,191.64999389648438,187.4600067138672,191.33999633789062,190.6731414794922,44660200.0,190.8325874995953,190.98205863993607,186.80667432845317
2025-07-23 04:00:00,191.5,192.52999877929688,189.17999267578125,190.22999572753906,189.56703186035156,58681900.0,190.83261008559217,191.85901925237124,188.52068813729787
2025-07-24 04:00:00,197.02999877929688,197.9499969482422,191.0,192.1699981689453,191.50025939941406,74881700.0,196.3433222418533,197.26011409114668,190.33433883436888
2025-07-25 04:00:00,191.97999572753906,194.3300018310547,191.25999450683594,193.17999267578125,192.50672912597656,39785900.0,191.31091436137532,193.65273031316045,190.59342246149265
2025-07-28 04:00:00,193.64999389648438,194.0500030517578,190.83999633789062,192.5800018310547,191.90882873535156,38139500.0,192.97509170180885,193.37370675914636,190.17488744855515
2025-07-29 04:00:00,192.42999267578125,195.9199981689453,192.0800018310547,195.75,195.06777954101562,41389200.0,191.7593429801203,195.23718523880464,191.41057191018163
2025-07-30 04:00:00,195.60000610351562,197.60000610351562,194.69000244140625,196.52999877929688,195.8450469970703,32445400.0,194.91829555746008,196.91132510219643,194.01146346525894
2025-07-31 04:00:00,195.7100067138672,195.99000549316406,191.08999633789062,191.89999389648438,191.23117065429688,51329200.0,195.02790454929124,195.30692745731486,190.42399615568507
2025-08-01 04:00:00,189.02999877929688,190.8300018310547,187.82000732421875,189.1300048828125,188.47084045410156,34832200.0,188.37118289637132,190.16491249625656,187.165408558121
2025-08-04 04:00:00,190.2899932861328,195.27000427246094,190.1199951171875,195.0399932861328,194.36026000976562,31547400.0,189.62681422005014,194.58946938551787,189.45740851119675
2025-08-05 04:00:00,194.7100067138672,197.86000061035156,193.88999938964844,194.6699981689453,193.99154663085938,31602300.0,194.03141574053652,197.1704314779613,193.21426625386638
2025-08-06 04:00:00,194.5,196.6300048828125,193.6699981689453,196.08999633789062,195.40658569335938,21562900.0,193.82213079278006,195.94471220658852,192.99502167474958
2025-08-07 04:00:00,197.05999755859375,197.5399932861328,194.3300018310547,196.52000427246094,195.83511352539062,26321800.0,196.37322488399897,196.8515477811631,193.65274344901374
2025-08-08 04:00:00,197.22000122070312,202.61000061035156,197.1699981689453,201.4199981689453,200.71800231933594,39161800.0,196.53264334375206,201.90385732363322,196.48281456433622
2025-08-11 04:00:00,200.94000244140625,201.47999572753906,199.07000732421875,201.0,200.29946899414062,25832400.0,200.2396805407711,200.77779182670545,198.3762027845806
2025-08-12 04:00:00,201.3699951171875,204.5,200.58999633789062,203.33999633789062,202.63131713867188,30397900.0,200.66818175308578,203.7872779637538,199.8909014203329
2025-08-13 04:00:00,204.1300048828125,204.52999877929688,197.50999450683594,201.9600067138672,201.25613403320312,28342900.0,203.41856930663727,203.81716914109546,196.82163104540848
2025-08-14 04:00:00,201.5,204.44000244140625,201.22999572753906,202.94000244140625,202.2327117919922,25230400.0,200.79772807656252,203.72748396129663,200.52866482851726
2025-08-15 04:00:00,203.85000610351562,206.44000244140625,201.27999877929688,203.89999389648438,203.1893768310547,34931400.0,203.13956325181724,205.72053312746067,200.57851272562465
2025-08-18 04:00:00,204.1999969482422,205.27000427246094,202.49000549316406,203.5,202.79075622558594,18526600.0,203.4883135252893,204.5545916306713,201.7842817792717
2025-08-19 04:00:00,203.02999877929688,203.44000244140625,199.9600067138672,201.57000732421875,200.8675079345703,24240200.0,202.32241111724275,202.73098585981091,199.26311839930437
2025-08-20 04:00:00,200.72999572753906,201.27999877929688,196.60000610351562,199.32000732421875,198.62533569335938,28955500.0,200.03040999419306,200.57849617106174,195.9148142419443
2025-08-21 04:00:00,199.75,202.47999572753906,199.42999267578125,199.75,199.0538330078125,19774600.0,199.0538330078125,201.77431417758274,198.73494097038414
2025-08-22 04:00:00,202.72999572753906,208.5399932861328,201.3000030517578,206.08999633789062,205.37173461914062,42827000.0,202.02344423178036,207.81319287530533,200.59843534470966
2025-08-25 04:00:00,206.42999267578125,210.52000427246094,205.27999877929688,208.49000549316406,207.76336669921875,29928900.0,205.71053353164982,209.78629043498435,204.56454764589003
2025-08-26 04:00:00,207.50999450683594,207.85000610351562,205.6999969482422,207.13999938964844,206.41807556152344,28464100.0,206.7867811726176,207.12560776169755,204.98309181316571
2025-08-27 04:00:00,205.6999969482422,208.91000366210938,205.64999389648438,207.47999572753906,206.7568817138672,23022900.0,204.9830866269172,208.18190575216585,204.93325784693593
2025-08-28 04:00:00,207.25,212.22000122070312,206.89999389648438,211.63999938964844,210.9023895263672,32339300.0,206.5276902069273,211.4803699291827,206.17890394821848
2025-08-29 04:00:00,210.50999450683594,214.64999389648438,210.1999969482422,212.91000366210938,212.16796875,39728400.0,209.77632411753885,213.90189476250458,209.46740696384475
2025-09-02 04:00:00,208.44000244140625,211.67999267578125,206.1999969482422,211.35000610351562,210.61341857910156,47523000.0,207.7135567307211,210.94225509702446,205.48135800383685
2025-09-03 04:00:00,226.2100067138672,231.30999755859375,224.7899932861328,230.66000366210938,229.85609436035156,103336100.0,225.42160679337482,230.50382286131364,224.00654247682164
2025-09-04 04:00:00,229.64999389648438,232.3699951171875,226.11000061035156,232.3000030517578,231.4904022216797,51684200.0,228.84962875122605,231.5601503541196,225.32197287992437
2025-09-05 04:00:00,232.1999969482422,235.75999450683594,231.89999389648438,235.0,234.1809844970703,46588900.0,231.3907399385365,234.9383302920627,231.09178244912047
2025-09-08 04:00:00,235.47000122070312,238.1300048828125,233.6699981689453,234.0399932861328,233.43292236328125,32474700.0,234.85922103336074,237.51232497352402,233.06388696786647
2025-09-09 04:00:00,234.1699981689453,240.47000122070312,233.22999572753906,239.6300048828125,239.0084228515625,38061000.0,233.56257898038902,239.8462403027557,232.62501483391662
2025-09-10 04:00:00,238.89999389648438,241.66000366210938,237.85000610351562,239.1699981689453,238.54962158203125,35141100.0,238.280317666347,241.03316831731985,237.23305340830441
2025-09-11 04:00:00,239.8800048828125,242.25,236.25,240.3699951171875,239.7465057373047,30599300.0,239.25778647565335,241.62163412512044,235.63719736660352
2025-09-12 04:00:00,240.3699951171875,242.0800018310547,238.0,240.8000030517578,240.17539978027344,26771600.0,239.746507229255,241.45207841249842,237.38265956507763
2025-09-15 04:00:00,244.66000366210938,252.41000366210938,244.66000366210938,251.61000061035156,250.95733642578125,58383800.0,244.02536743382055,251.75526430827645,244.02536743382055
2025-09-16 04:00:00,252.0800018310547,253.0399932861328,249.47000122070312,251.16000366210938,250.50851440429688,34109700.0,251.42612617048883,252.38362748338088,248.82289569604956
2025-09-17 04:00:00,251.22000122070312,251.60000610351562,246.27999877929688,249.52999877929688,248.8827362060547,34108000.0,250.56835490468708,250.94737408261642,245.6411664684413
2025-09-18 04:00:00,251.67999267578125,253.99000549316406,249.8000030517578,252.02999877929688,251.3762664794922,31239500.0,251.0271682452624,253.33118919660149,249.15205506430715
2025-09-19 04:00:00,253.25,256.0,251.80999755859375,254.72000122070312,254.05929565429688,55571400.0,252.59310739678662,255.3359743083016,251.15684010622883
2025-09-22 04:00:00,254.42999267578125,255.77999877929688,250.3000030517578,252.52999877929688,251.87496948242188,32290500.0,253.7700350469374,255.11653941381564,249.65075806779814
2025-09-23 04:00:00,253.0399932861328,254.36000061035156,250.47999572753906,251.66000366210938,251.00721740722656,26628000.0,252.38362744671002,253.7002107757565,249.8302703204236
2025-09-24 04:00:00,251.66000366210938,252.35000610351562,246.44000244140625,247.13999938964844,246.4989471435547,28201000.0,251.00722705371746,251.69543970951247,245.80076590550527
2025-09-25 04:00:00,244.39999389648438,246.49000549316406,240.74000549316406,245.7899932861328,245.15243530273438,31020400.0,243.76604145127706,245.85063173864694,240.1155467413105
2025-09-26 04:00:00,247.07000732421875,249.4199981689453,245.97000122070312,246.5399932861328,245.90048217773438,18503200.0,246.42912138871642,248.77301648715127,245.33196864020064
2025-09-29 04:00:00,247.85000610351562,251.14999389648438,242.77000427246094,244.0500030517578,243.41696166992188,32505800.0,247.2071078925349,250.49853584610034,242.14028307987255
2025-09-30 04:00:00,242.80999755859375,243.2899932861328,239.25,243.10000610351562,242.4694366455078,34724300.0,242.18018034462705,242.6589310263489,238.6294169517045
2025-10-01 04:00:00,240.75,246.3000030517578,238.61000061035156,244.89999389648438,244.26475524902344,31658200.0,240.1255258955177,245.6611329631193,237.99107738521485
2025-10-02 04:00:00,245.14999389648438,246.80999755859375,242.3000030517578,245.69000244140625,245.05270385742188,25483300.0,244.51409604788847,246.16979380429245,241.67149783253905
2025-10-03 04:00:00,244.49000549316406,246.3000030517578,241.66000366210938,245.35000610351562,244.71359252929688,30249600.0,243.85582267520638,245.66112527970623,241.0331615881319
2025-10-06 04:00:00,244.77999877929688,251.32000732421875,244.5800018310547,250.42999267578125,249.7803955078125,28894700.0,244.14505728413704,250.66810152305118,243.94557911341744
2025-10-07 04:00:00,248.27000427246094,250.44000244140625,245.52000427246094,245.75999450683594,245.1225128173828,23181300.0,247.62601181924765,249.7903811872092,244.88314509840285
2025-10-08 04:00:00,244.9600067138672,246.00999450683594,243.82000732421875,244.6199951171875,243.9854736328125,21307100.0,244.3246032710778,245.37186749350337,243.18756093367097
2025-10-09 04:00:00,244.47000122070312,244.75999450683594,239.14999389648438,241.52999877929688,240.9034881591797,27892100.0,243.83586445575082,244.12510552114733,238.52965682972516
2025-10-10 04:00:00,241.42999267578125,244.08999633789062,235.83999633789062,236.57000732421875,235.9563446044922,33180300.0,240.80372315157257,243.45682676282496,235.22822726703515
2025-10-13 04:00:00,240.2100067138672,244.5,239.7100067138672,244.14999389648438,243.51669311523438,24995000.0,239.5869258671789,243.8657913377574,239.08822281740842
2025-10-14 04:00:00,241.22999572753906,247.1199951171875,240.50999450683594,245.4499969482422,244.81332397460938,22111600.0,240.60426901896764,246.47899033376285,239.88613541009548
2025-10-15 04:00:00,247.25,252.11000061035156,245.99000549316406,251.02999877929688,250.3788604736328,27007700.0,246.6086665065597,251.45606092411225,245.35194025727193
2025-10-16 04:00:00,251.77000427246094,256.9599914550781,250.10000610351562,251.4600067138672,250.8077392578125,27997200.0,251.1169327071502,256.29345747170413,249.45126638195018
2025-10-17 04:00:00,250.75999450683594,254.22000122070312,247.80999755859375,253.3000030517578,252.64295959472656,29671600.0,250.10953966399788,253.56057134926166,247.16719481275433
2025-10-20 04:00:00,254.69000244140625,257.3299865722656,254.22999572753906,256.54998779296875,255.88453674316406,22350200.0,254.0293759063695,256.6625123260812,253.5705623788801
2025-10-21 04:00:00,254.74000549316406,254.8800048828125,244.14999389648438,250.4600067138672,249.81033325195312,47312100.0,254.07923005269296,254.2188662949897,243.51668810909678
2025-10-22 04:00:00,254.3699951171875,256.3599853515625,249.2899932861328,251.69000244140625,251.03713989257812,35029400.0,253.710180894347,255.69500926260113,248.64335615777878
2025-10-23 04:00:00,252.97999572753906,255.0399932861328,251.85000610351562,253.0800018310547,252.4235382080078,19901400.0,252.3237915100895,254.3784456458486,251.19673296350098
2025-10-24 04:00:00,256.5799865722656,261.67999267578125,255.32000732421875,259.9200134277344,259.2458190917969,28655100.0,255.9144557753844,261.0012332121926,254.65774472843228
2025-10-27 04:00:00,264.82000732421875,270.1400146484375,264.2799987792969,269.2699890136719,268.5715026855469,35235200.0,264.13306424820985,269.43927147389144,263.5944564854066
2025-10-28 04:00:00,269.69000244140625,270.7300109863281,266.5,267.4700012207031,266.7762145996094,29738600.0,268.99045739081123,270.0277682724026,265.80872945123696
2025-10-29 04:00:00,267.75,275.3399963378906,267.6700134277344,274.57000732421875,273.8578186035156,43580300.0,267.0555012387311,274.6258103943446,266.97572213826885
2025-10-30 04:00:00,291.5899963378906,291.5899963378906,280.05999755859375,281.4800109863281,280.7499084472656,74876000.0,290.8336705300809,290.8336705300809,279.3335782487789
2025-10-31 04:00:00,283.2099914550781,286.0,277.0299987792969,281.19000244140625,280.4606018066406,39267900.0,282.47535101357687,285.25812233816373,276.3113891018392
2025-11-03 05:00:00,282.17999267578125,285.5299987792969,279.79998779296875,283.7200012207031,282.98406982421875,29786000.0,281.4480558536455,284.7893724933962,279.0742243823285
2025-11-04 05:00:00,276.75,281.2699890136719,276.260009765625,277.5400085449219,276.8200988769531,30078400.0,276.03213953132416,280.5404041676455,275.5434202802167
2025-11-05 05:00:00,278.8699951171875,286.4200134277344,277.3399963378906,284.30999755859375,283.572509765625,31010300.0,278.1466184544242,285.677052345188,276.62058842555
2025-11-06 05:00:00,285.3299865722656,288.3500061035156,281.1400146484375,284.75,284.0113830566406,37173600.0,284.58986519375543,287.60205105478576,280.41076169575746
2025-11-07 05:00:00,283.2099914550781,283.7799987792969,275.19000244140625,278.8299865722656,278.106689453125,34479600.0,282.47533241266484,283.0438611130793,274.4761475995039
2025-11-10 05:00:00,284.4200134277344,290.79998779296875,282.8599853515625,290.1000061035156,289.3475036621094,29557300.0,283.6822445549795,290.0456696400176,282.12626310035637
2025-11-11 05:00:00,287.75,291.9200134277344,287.32000732421875,291.30999755859375,290.5543518066406,19842100.0,287.0035887304013,291.1627853205446,286.5747114373448
2025-11-12 05:00:00,291.67999267578125,292.010009765625,283.69000244140625,286.7099914550781,285.9662780761719,24829900.0,290.9233873275988,291.2525483673142,282.9541227840324
2025-11-13 05:00:00,282.3399963378906,282.8399963378906,277.239990234375,278.57000732421875,277.8474426269531,29494000.0,281.60765291032834,282.1063559927165,276.5208753822851
2025-11-14 05:00:00,271.4100036621094,278.55999755859375,270.70001220703125,276.4100036621094,275.6929931640625,31647200.0,270.70596321739896,277.83740995344476,269.997813487729
2025-11-17 05:00:00,285.7799987792969,293.95001220703125,283.57000732421875,285.0199890136719,284.2806396484375,52670200.0,285.038677928695,293.1874981262189,282.8344192497114
2025-11-18 05:00:00,287.9200134277344,288.79998779296875,278.20001220703125,284.2799987792969,283.5426025390625,49158700.0,287.1731753233953,288.05086711584505,277.4783868942568
2025-11-19 05:00:00,287.1600036621094,303.80999755859375,286.6300048828125,292.80999755859375,292.05047607421875,68198900.0,286.41513772838755,303.0219431129204,285.88651371587775
2025-11-20 05:00:00,304.5400085449219,306.4200134277344,288.6700134277344,289.45001220703125,288.6991882324219,62025200.0,303.7500416076266,305.625169818548,287.92121274474346
2025-11-21 05:00:00,296.4200134277344,303.9200134277344,293.8500061035156,299.6600036621094,298.8826904296875,74137700.0,295.6511046778972,303.1316497984607,293.0877639113642
2025-11-24 05:00:00,311.1300048828125,319.4800109863281,309.6000061035156,318.5799865722656,317.75360107421875,85165100.0,310.3229443803346,318.651290855991,308.79691436510495
2025-11-25 05:00:00,326.2099914550781,328.8299865722656,317.6499938964844,323.44000244140625,322.60101318359375,88632100.0,325.3638169665917,327.9770159307299,316.82602366827604
2025-11-26 05:00:00,320.67999267578125,324.5,316.7900085449219,319.95001220703125,319.1201171875,51373400.0,319.8482042131112,323.658303098724,315.9683100285969
2025-11-28 05:00:00,323.3699951171875,326.8500061035156,316.7900085449219,320.17999267578125,319.3494873046875,26018600.0,322.5312152935296,326.0021995827445,315.9682963529555
2025-12-01 05:00:00,317.70001220703125,319.8500061035156,313.8900146484375,314.8900146484375,314.0732421875,41183000.0,316.87595107857686,319.02036824755595,313.07583602161014
2025-12-02 05:00:00,316.739990234375,318.3800048828125,313.9100036621094,315.80999755859375,314.9908142089844,35854700.0,315.91839456558273,317.554155160306,313.09574872951146
2025-12-03 05:00:00,315.8900146484375,321.5799865722656,314.1000061035156,319.6300048828125,318.8009033203125,41838300.0,315.07061440214585,320.74582687116515,313.2852490348319
2025-12-04 05:00:00,322.2300109863281,322.3599853515625,314.70001220703125,317.6199951171875,316.796142578125,31240900.0,321.3942008459266,321.5238380796439,313.8837336096964
2025-12-05 05:00:00,319.489990234375,323.1600036621094,319.1700134277344,321.2699890136719,320.4366455078125,28851700.0,318.6612638744486,322.32175763971526,318.3421170569229
2025-12-08 05:00:00,320.04998779296875,320.44000244140625,311.2200012207031,313.7200012207031,313.11090087890625,33909400.0,319.4285975207571,319.81785493964355,310.6157547321785
2025-12-09 05:00:00,312.3699951171875,317.989990234375,311.8999938964844,317.0799865722656,316.4643859863281,30194000.0,311.7635388280278,317.3726229056239,311.2944500995635
2025-12-10 05:00:00,315.8299865722656,321.30999755859375,314.67999267578125,320.2099914550781,319.58831787109375,33428900.0,315.2168165746965,320.6861883612462,314.069055340672
2025-12-11 05:00:00,320.0799865722656,321.1199951171875,308.6000061035156,312.42999267578125,311.82342529296875,42353700.0,319.45856710455377,320.49655652430846,308.0008744502611
2025-12-12 05:00:00,313.70001220703125,314.8699951171875,305.55999755859375,309.2900085449219,308.68951416015625,35940200.0,313.0909556884665,314.25866704717134,304.96674508462553
2025-12-15 05:00:00,311.32000732421875,311.4200134277344,304.8800048828125,308.2200012207031,307.6216125488281,29151900.0,310.7156001962807,310.8154121445851,304.28810059210934
2025-12-16 05:00:00,304.95001220703125,310.7699890136719,302.5899963378906,306.57000732421875,305.97479248046875,30585000.0,304.3579426322819,310.16661977978157,302.00250880457793
2025-12-17 05:00:00,308.010009765625,308.0899963378906,296.1199951171875,296.7200012207031,296.1439208984375,43930400.0,307.4120099511304,307.4918412298865,295.54507970361715
2025-12-18 05:00:00,301.7200012207031,303.9599914550781,299.2300109863281,302.4599914550781,301.8727722167969,33518000.0,301.1342186567393,303.3698600006946,298.6490626821344
2025-12-19 05:00:00,301.7300109863281,307.25,300.9700012207031,307.1600036621094,306.56365966796875,59943200.0,301.1442091965169,306.65348128006514,300.3856749721532
2025-12-22 05:00:00,309.8800048828125,310.1300048828125,305.29998779296875,309.7799987792969,309.1785888671875,26429900.0,309.27840081787804,309.5279154654388,304.70727541789904
2025-12-23 05:00:00,309.6300048828125,314.94000244140625,309.32000732421875,314.3500061035156,313.73968505859375,25478700.0,309.02884787804055,314.328535898872,308.7194521900694
2025-12-24 05:00:00,314.7699890136719,315.0799865722656,311.9200134277344,314.0899963378906,313.48016357421875,10097400.0,314.15883598568854,314.4682316573388,311.3143938726672
2025-12-26 05:00:00,314.4800109863281,315.0899963378906,312.2799987792969,313.510009765625,312.9013671875,10899000.0,313.86948526563873,314.4782864028367,311.6737441219225
2025-12-29 05:00:00,311.3699951171875,314.0199890136719,310.6199951171875,313.55999755859375,312.9512634277344,19621800.0,310.7655125785055,313.410361871903,310.0169686016006
2025-12-30 05:00:00,312.5,316.95001220703125,312.4599914550781,313.8500061035156,313.24066162109375,17380900.0,311.8932765746258,316.3346490163796,311.85334570689247
2025-12-31 05:00:00,312.8500061035156,314.5799865722656,311.44000244140625,313.0,312.3923034667969,16377700.0,312.2426007868329,313.9692224596297,310.83533467851674
2026-01-02 05:00:00,316.8999938964844,322.5,310.3299865722656,315.1499938964844,314.5381164550781,32009400.0,316.28471875384633,321.87385220157,309.7274673850438
2026-01-05 05:00:00,317.6600036621094,319.0199890136719,314.6300048828125,316.5400085449219,315.9254455566406,30195600.0,317.0432662013207,318.4006111389099,314.01915017003046
2026-01-06 05:00:00,316.3999938964844,320.94000244140625,311.7799987792969,314.3399963378906,313.7297058105469,31212100.0,315.7857038876524,320.3168980142969,311.17467848252585
2026-01-07 05:00:00,314.3599853515625,326.1499938964844,314.19000244140625,321.9800109863281,321.35491943359375,35104400.0,313.74968730616825,325.5168067446344,313.5800344006012
2026-01-08 05:00:00,328.9700012207031,330.32000732421875,321.5,325.44000244140625,324.80816650390625,31896100.0,328.3313118537803,329.67869694461876,320.8758135066914
2026-01-09 05:00:00,327.0899963378906,330.8299865722656,325.79998779296875,328.57000732421875,327.9320983886719,26214200.0,326.45496079982934,330.1876899539591,325.16745676828174
2026-01-12 05:00:00,325.79998779296875,334.0400085449219,325.0,331.8599853515625,331.2156982421875,33923900.0,325.1674658209474,333.39148904567276,324.36903115835116
2026-01-13 05:00:00,334.95001220703125,340.489990234375,333.6199951171875,335.9700012207031,335.31768798828125,33517600.0,334.2996793666924,339.82890107364614,332.97224461379506
2026-01-14 05:00:00,335.05999755859375,336.5199890136719,330.4800109863281,335.8399963378906,335.1879577636719,28525600.0,334.40947336413166,335.8666302231012,329.83837890700147
2026-01-15 05:00:00,337.6499938964844,337.69000244140625,330.739990234375,332.7799987792969,332.1339111328125,28442400.0,336.99445122357054,337.03438209247,330.097863235539
2026-01-16 05:00:00,334.4100036621094,334.6499938964844,327.70001220703125,330.0,329.35931396484375,40341600.0,333.7607557246461,334.00028002450074,327.0637915356931
2026-01-20 05:00:00,320.8699951171875,327.7300109863281,320.42999267578125,322.0,321.3748474121094,35361000.0,320.2470363972373,327.0937337673917,319.80788820634325
2026-01-21 05:00:00,320.9200134277344,332.4800109863281,319.3500061035156,328.3800048828125,327.7424621582031,35386600.0,320.2969541162656,331.83450818795274,318.729994927537
2026-01-22 05:00:00,334.45001220703125,335.1499938964844,328.75,330.5400085449219,329.89825439453125,26253600.0,333.8006666576773,334.49928930997066,328.11172120927307
2026-01-23 05:00:00,332.489990234375,333.69000244140625,327.45001220703125,327.92999267578125,327.2933044433594,27280000.0,331.8444485977197,333.0421309365838,326.8142558744754
2026-01-26 05:00:00,327.80999755859375,335.8399963378906,327.0,333.260009765625,332.61297607421875,26042100.0,327.1735452193246,335.1879535299186,326.3651202937951
2026-01-27 05:00:00,335.3699951171875,337.9100036621094,333.4800109863281,334.54998779296875,333.90045166015625,21636200.0,334.71886692218493,337.2539439848537,332.8325522369338
2026-01-28 05:00:00,336.05999755859375,337.5400085449219,331.94000244140625,336.010009765625,335.3576354980469,27434400.0,335.40752623810386,336.8846637353836,331.2955302242731
2026-01-29 05:00:00,340.29998779296875,342.2900085449219,326.5400085449219,338.25,337.5932922363281,39785600.0,339.6393000059441,341.62545715973704,325.9060355700189
2026-01-30 05:00:00,340.0,340.0,332.2900085449219,338.0,337.3437805175781,31024000.0,339.33989756206086,339.33989756206086,331.64487488391205
2026-02-02 05:00:00,336.2200012207031,344.8299865722656,335.6300048828125,343.69000244140625,343.022705078125,32006100.0,335.5672073695487,344.16047585276425,334.97835654941485
2026-02-03 05:00:00,347.3399963378906,349.0,337.4700012207031,339.7099914550781,339.0504455566406,36506700.0,346.66563680855586,348.322417578686,336.81480425638233
2026-02-04 05:00:00,342.9599914550781,343.30999755859375,328.5199890136719,333.0400085449219,332.3934326171875,70618400.0,342.2941565134455,342.6434831024425,327.8821884154679
2026-02-05 05:00:00,312.2200012207031,332.69000244140625,306.4599914550781,331.25,330.6069030761719,88205800.0,311.6138496060838,332.0441098613053,305.8650224655501
2026-02-06 05:00:00,327.17999267578125,330.3800048828125,319.9200134277344,322.8599853515625,322.233154296875,56380500.0,326.54477434837446,329.7385737476322,319.2988903139048
2026-02-09 05:00:00,320.92999267578125,327.70001220703125,317.260009765625,324.32000732421875,323.6903381347656,39640100.0,320.30690521957837,327.0637807183464,316.6440476026885
2026-02-10 05:00:00,320.9700012207031,321.6700134277344,314.6099853515625,318.5799865722656,317.9614562988281,39170000.0,320.3468306795893,321.0454837970353,313.9991629255859
2026-02-11 05:00:00,318.9700012207031,321.05999755859375,309.6600036621094,310.9599914550781,310.3562316894531,45406400.0,318.3506892240785,320.4366276261131,309.05876795214033
2026-02-12 05:00:00,312.0899963378906,316.239990234375,307.20001220703125,309.0,308.40008544921875,47761300.0,311.4840826487114,315.62601945223736,306.60359228041904
2026-02-13 05:00:00,307.7300109863281,308.6300048828125,303.7099914550781,305.7200012207031,305.1264343261719,38499700.0,307.1325415821482,308.03078810659247,303.1203270701956
2026-02-17 05:00:00,300.0400085449219,304.44000244140625,296.25,302.0199890136719,301.43359375,39247600.0,299.45745756709624,303.84890853372514,295.674807618098
2026-02-18 05:00:00,302.0899963378906,305.3800048828125,301.25,303.3299865722656,302.7410888671875,28482100.0,301.5035060024616,304.7871271852118,300.66514046909924
2026-02-19 05:00:00,301.82000732421875,305.4700012207031,300.0400085449219,302.8500061035156,302.26202392578125,25834400.0,301.23402488534225,304.87693233204385,299.4574819671566
2026-02-20 05:00:00,304.32000732421875,316.5,303.8999938964844,314.9800109863281,314.3684997558594,53210800.0,303.72919173070744,315.88553781924986,303.3099937290923
2026-02-23 05:00:00,319.04998779296875,319.5199890136719,309.8699951171875,311.489990234375,310.8852233886719,31423000.0,318.43054299285177,318.8996316925602,309.2683735389658
2026-02-24 05:00:00,310.5199890136719,312.2699890136719,305.92999267578125,310.8999938964844,310.29638671875,25615600.0,309.91711960911005,311.6637220131571,305.33603467292323
2026-02-25 05:00:00,312.05999755859375,313.6400146484375,309.44000244140625,312.8999938964844,312.2925109863281,29963600.0,311.4541454679639,313.031095017384,308.8392369672335
2026-02-26 05:00:00,312.6400146484375,313.1400146484375,302.3500061035156,307.3800048828125,306.783203125,36431200.0,312.0330001798944,312.53202939170336,301.762970472535
2026-02-27 05:00:00,304.1400146484375,312.3699951171875,303.79998779296875,311.760009765625,311.15472412109375,44640600.0,303.5495233120643,311.7635251790807,303.21015662264614
2026-03-02 05:00:00,303.2300109863281,308.489990234375,301.29998779296875,306.5199890136719,305.9248962402344,34790200.0,302.6413055358027,307.89107280501906,300.7150293830805
2026-03-03 05:00:00,298.5899963378906,303.94000244140625,296.7099914550781,303.5799865722656,302.9905700683594,35497000.0,298.01026816236094,303.34988694776314,296.1339134078651
2026-03-04 05:00:00,302.8900146484375,305.4700012207031,300.75,303.1300048828125,302.54150390625,29536200.0,302.30197959238774,304.8769573413998,300.1661195993462
2026-03-05 05:00:00,303.0400085449219,303.29998779296875,297.989990234375,300.8800048828125,300.2958679199219,35752300.0,302.4516780897468,302.7111526067185,297.41146402777275
2026-03-06 05:00:00,296.0899963378906,300.5299987792969,295.17999267578125,298.5199890136719,297.9404296875,25576900.0,295.5151547022239,299.94653713519574,294.60691775969326
2026-03-09 04:00:00,294.3599853515625,306.79998779296875,294.0799865722656,306.3599853515625,305.98040771484375,29312100.0,293.99527562141907,306.4198649966507,293.71562375842984
2026-03-10 04:00:00,306.1700134277344,309.510009765625,305.57000732421875,307.0400085449219,306.65960693359375,23239700.0,305.79068968096857,309.1265479913924,305.1914269440574
2026-03-11 04:00:00,306.75,311.4200134277344,305.9200134277344,308.70001220703125,308.31756591796875,24125700.0,306.3699695674413,311.0341973481569,305.54101125974313
2026-03-12 04:00:00,306.82000732421875,308.94000244140625,301.0299987792969,303.54998779296875,303.17388916015625,24928300.0,306.43985713507476,308.5572255769297,300.65702241451555
2026-03-13 04:00:00,307.010009765625,307.69000244140625,300.44000244140625,302.2799987792969,301.9054870605469,23693100.0,306.6296377698095,307.3087879643589,300.0677703977713
2026-03-16 04:00:00,304.3500061035156,306.489990234375,303.0199890136719,305.55999755859375,305.1814270019531,23519700.0,303.97293465389924,306.11026747244654,302.64456537566065
2026-03-17 04:00:00,305.8599853515625,311.4200134277344,305.5,310.9200134277344,310.5347900390625,21955200.0,305.48103123176395,311.03417054952814,305.1214918945171
2026-03-18 04:00:00,309.2699890136719,312.4700012207031,306.92999267578125,307.69000244140625,307.30877685546875,20009800.0,308.88680583632095,312.08285325242963,306.5497087361953
2026-03-19 04:00:00,304.010009765625,308.05999755859375,302.3500061035156,307.1300048828125,306.7494812011719,25075800.0,303.63335165234247,307.67832164750223,301.9754046785898
2026-03-20 04:00:00,305.4599914550781,306.0,298.2699890136719,301.0,300.6270751953125,44364100.0,305.0815409313132,305.62088043111504,297.9004465638477
2026-03-23 04:00:00,302.1099853515625,305.9800109863281,300.92999267578125,302.05999755859375,301.685791015625,29326900.0,301.7357168812967,305.60094814101865,300.5571860375472
2026-03-24 04:00:00,299.20001220703125,299.9200134277344,290.3299865722656,290.44000244140625,290.0801696777344,36864300.0,298.82932646685043,299.5484356615691,289.97029010977093
2026-03-25 04:00:00,293.44000244140625,296.0,289.239990234375,290.92999267578125,290.5695495605469,29460700.0,293.07644958925243,295.6332754793409,288.8816409209488
2026-03-26 04:00:00,287.9100036621094,287.95001220703125,278.5,280.9200134277344,280.57196044921875,39080600.0,287.55329025783345,287.5932492331535,278.15494535852446
2026-03-27 04:00:00,277.2799987792969,279.3699951171875,273.95001220703125,274.3399963378906,274.0001220703125,35890600.0,276.9364822022131,279.02388928595167,273.6106210828978
2026-03-30 04:00:00,276.4200134277344,277.0899963378906,272.1099853515625,273.5,273.1611633300781,35141200.0,276.07755917965534,276.74671205405957,271.772870758184
2026-03-31 04:00:00,278.0400085449219,288.0799865722656,277.0899963378906,287.55999755859375,287.2037353515625,43875400.0,277.6955407888773,287.72308014338427,276.74670556560056
2026-04-01 04:00:00,290.8399963378906,300.5199890136719,290.4100036621094,297.3900146484375,297.0215759277344,37684500.0,290.47967248402244,300.14767254424095,290.05021252939383
2026-04-02 04:00:00,290.69000244140625,298.0799865722656,289.45001220703125,295.7699890136719,295.403564453125,21666500.0,290.3298713924274,297.71070019384774,289.0914173614996
2026-04-06 04:00:00,295.8699951171875,300.6199951171875,295.17999267578125,299.989990234375,299.6183166503906,16945500.0,295.50342601468935,300.2475409865838,294.8142784540748
2026-04-07 04:00:00,302.7300109863281,305.6300048828125,297.7200012207031,305.4599914550781,305.08154296875,23205400.0,302.3549447988444,305.2513457589993,297.3511421656273
2026-04-08 04:00:00,320.45001220703125,322.0799865722656,315.0199890136719,317.32000732421875,316.9268798828125,33547100.0,320.0530070056894,321.68096199730417,314.6297110626625
2026-04-09 04:00:00,315.9100036621094,319.5400085449219,311.05999755859375,318.489990234375,318.09539794921875,23739200.0,315.51860784412145,319.1441153425082,310.6746106421415
2026-04-10 04:00:00,320.0199890136719,321.8299865722656,316.32000732421875,317.239990234375,316.8469543457031,19152600.0,319.62350892085055,321.4312640320202,315.9281112234418
2026-04-13 04:00:00,317.1400146484375,321.6300048828125,315.4700012207031,321.30999755859375,320.91192626953125,18866400.0,316.74710955552524,321.2315371363443,315.0791651091577
2026-04-14 04:00:00,324.7900085449219,333.2900085449219,323.75,332.9100036621094,332.49755859375,27721400.0,324.38762340838895,332.8770926852431,323.3489033390031
2026-04-15 04:00:00,332.8900146484375,337.4800109863281,330.8999938964844,337.1199951171875,336.70233154296875,24918800.0,332.4775916674409,337.0619013824557,330.49003638532656
2026-04-16 04:00:00,338.75,339.8800048828125,334.5199890136719,336.0199890136719,335.6036682128906,20541500.0,338.33029678032364,339.458901613874,334.105526677332
2026-04-17 04:00:00,337.6499938964844,342.32000732421875,336.239990234375,341.67999267578125,341.2566833496094,25581900.0,337.2316773591919,341.89590508018404,335.8234205588037
2026-04-20 04:00:00,340.760009765625,341.3999938964844,336.6099853515625,337.4200134277344,337.0019836425781,18784200.0,340.3378420577138,340.97703331198585,336.1929591105031
2026-04-21 04:00:00,337.69000244140625,339.3399963378906,331.3500061035156,332.2900085449219,331.8783264160156,23123800.0,337.2716301294484,338.9195798085849,330.9394885663705
2026-04-22 04:00:00,337.0199890136719,339.82000732421875,335.1700134277344,339.32000732421875,338.8996276855469,20293000.0,336.60245884112476,339.3990082413208,334.7547751685775
2026-04-23 04:00:00,341.17999267578125,341.9599914550781,336.17999267578125,338.8900146484375,338.47015380859375,18650300.0,340.7572947145818,341.53632713037314,335.7634893621326
2026-04-24 04:00:00,338.7300109863281,345.2699890136719,335.3900146484375,344.3999938964844,343.9732971191406,26426100.0,338.3103390739037,344.8422143498026,334.97448084779876
2026-04-27 04:00:00,345.9800109863281,353.17999267578125,342.7300109863281,350.3399963378906,349.90594482421875,28576900.0,345.55136124882,352.74242256668157,342.3053878156813
2026-04-28 04:00:00,348.54998779296875,352.4200134277344,346.1199951171875,349.7799987792969,349.3466491699219,27824100.0,348.11816206941427,351.9833930501032,345.69117996136276
2026-04-29 04:00:00,347.57000732421875,355.7900085449219,344.2099914550781,349.94000244140625,349.5064697265625,35376300.0,347.1394107424554,355.3492283904879,343.78355752060145
2026-04-30 04:00:00,374.07000732421875,385.8399963378906,365.82000732421875,384.79998779296875,384.3232421875,72040000.0,373.6065555628184,385.3619622201579,365.3667768501622
2026-05-01 04:00:00,381.6300048828125,386.760009765625,379.04998779296875,385.69000244140625,385.2121887207031,30105200.0,381.1572209075714,386.2808704617397,378.5804000830116
2026-05-04 04:00:00,385.6300048828125,387.3800048828125,379.7900085449219,383.25,382.7751770019531,26298600.0,385.15223320621686,386.90006506467324,379.31947226185457
2026-05-05 04:00:00,386.2300109863281,392.82000732421875,384.0199890136719,388.42999267578125,387.9487609863281,23878600.0,385.7515048868787,392.33333678038815,383.5442209432822
2026-05-06 04:00:00,394.25,399.8500061035156,392.760009765625,398.0400085449219,397.546875,31308500.0,393.7615619135972,399.3546301445318,392.2734176347804
2026-05-07 04:00:00,399.9200134277344,400.1000061035156,392.67999267578125,397.989990234375,397.4969177246094,24433500.0,399.42454979908837,399.6043194807176,392.1934987581594
2026-05-08 04:00:00,397.0,402.0,396.3599853515625,400.79998779296875,400.3034362792969,21461800.0,396.5081562950806,401.5019617899809,395.86893456144384
2026-05-11 04:00:00,393.6499938964844,397.44000244140625,388.4700012207031,388.6400146484375,388.15850830078125,30753700.0,393.16228042470647,396.94759333072534,387.9887055115338
2026-05-12 04:00:00,387.3399963378906,388.5199890136719,382.7699890136719,387.3500061035156,386.8701171875,26017500.0,386.8601198229993,388.0386506028281,382.2957742925754
2026-05-13 04:00:00,385.6000061035156,403.70001220703125,385.0,402.6199951171875,402.1211853027344,28144600.0,385.1222825184223,403.1998643489371,384.5230197682841
2026-05-14 04:00:00,397.2799987792969,402.92999267578125,395.8399963378906,401.07000732421875,400.5731201171875,21136700.0,396.7878070287349,402.43080112559403,395.349588612008
2026-05-15 04:00:00,396.32000732421875,399.5400085449219,393.17999267578125,396.7799987792969,396.2884216308594,20309700.0,395.82900006662373,399.0450119758119,392.69287563304505
2026-05-18 04:00:00,395.69000244140625,408.6099853515625,394.5299987792969,396.94000244140625,396.4482421875,26837200.0,395.1997907850553,408.10376741205215,394.04122422601415
2026-05-19 04:00:00,396.9599914550781,397.1499938964844,386.1099853515625,387.6600036621094,387.1797180175781,39545700.0,396.4681837278221,396.65795076850566,385.63162007935824
2026-05-20 04:00:00,387.70001220703125,393.8599853515625,382.8999938964844,388.9100036621094,388.4281921386719,31744400.0,387.2196997137571,393.37204141137994,382.42562803382646
2026-05-21 04:00:00,385.70001220703125,392.5,383.0199890136719,387.6600036621094,387.1797180175781,24852800.0,385.22215486500835,392.01371791338363,382.5454520468608
2026-05-22 04:00:00,387.3500061035156,388.739990234375,381.7699890136719,382.9700012207031,382.49554443359375,20442100.0,386.87012298265273,388.258385079403,381.29701890681014
2026-05-26 04:00:00,384.510009765625,389.260009765625,382.6000061035156,388.8800048828125,388.398193359375,27747400.0,384.0336125447445,388.7777274266938,382.12597532411496
2026-05-27 04:00:00,386.6700134277344,393.8800048828125,385.8999938964844,388.8299865722656,388.3482360839844,23087300.0,386.1909390913781,393.39199754996946,385.421873594791
2026-05-28 04:00:00,388.0,391.8699951171875,385.1600036621094,390.1300048828125,389.64666748046875,24357500.0,387.5193014898567,391.38450201712897,384.68282366229704
2026-05-29 04:00:00,385.239990234375,385.239990234375,378.4599914550781,380.3399963378906,379.8687744140625,44415800.0,384.7626974671623,384.7626974671623,377.9910987617443
2026-06-01 04:00:00,376.5199890136719,378.55999755859375,373.5199890136719,376.3699951171875,375.9037170410156,28672100.0,376.05352511273605,378.09100632744554,373.05724175924524
2026-06-02 04:00:00,366.5899963378906,373.5400085449219,358.44000244140625,361.8500061035156,361.4017028808594,50412300.0,366.13582064636165,373.07722234401785,357.99592394061045
2026-06-03 04:00:00,362.0299987792969,366.45001220703125,358.0799865722656,358.989990234375,358.54522705078125,55441600.0,361.5814692403301,365.9960065843375,357.6363508187865
2026-06-04 04:00:00,358.8999938964844,373.25,358.2099914550781,372.19000244140625,371.7289123535156,44055500.0,358.4553682250688,372.7875967270043,357.76622059782807
2026-06-05 04:00:00,366.3399963378906,372.0799865722656,364.1199951171875,368.5299987792969,368.07342529296875,37471200.0,365.88613605551615,371.6190149899659,363.6688852043904
2026-06-08 04:00:00,365.17999267578125,366.20001220703125,360.5299987792969,363.30999755859375,363.0766296386719,27942500.0,364.9454235864071,365.9647879200631,360.2984165590168
2026-06-09 04:00:00,367.0899963378906,372.0799865722656,357.29998779296875,364.260009765625,364.0260314941406,29535100.0,366.85420025674074,371.84098522768176,357.0704802123837
2026-06-10 04:00:00,363.19000244140625,368.55999755859375,355.20001220703125,356.3800048828125,356.1510925292969,32357100.0,362.95671584537644,368.3232616719084,354.97185779418805
2026-06-11 04:00:00,355.92999267578125,358.79998779296875,346.3599853515625,357.7699890136719,357.5401611328125,35538200.0,355.70134679025995,358.5694982511428,346.13748714351743
2026-06-12 04:00:00,362.6199951171875,366.57000732421875,354.94000244140625,359.67999267578125,359.4489440917969,24704600.0,362.3870579560934,366.33453278338226,354.7119986974298
2026-06-15 04:00:00,367.92999267578125,372.989990234375,366.54998779296875,369.3500061035156,369.1127624511719,27727500.0,367.69366113705985,372.7504085202595,366.3145426692825
2026-06-16 04:00:00,369.6000061035156,376.0,367.05999755859375,373.25,373.01025390625,24876100.0,369.3626044753487,375.7584875251172,366.8242274297617
2026-06-17 04:00:00,369.1300048828125,372.3299865722656,362.0199890136719,363.7900085449219,363.55633544921875,24543600.0,368.8929017493238,372.0908279957741,361.78745285393074
2026-06-18 04:00:00,365.75,369.4800109863281,358.6700134277344,368.0299987792969,367.7935791015625,44470100.0,365.51504497617543,369.2426598317581,358.4396065335441
2026-06-22 04:00:00,357.95001220703125,358.9200134277344,341.7200012207031,349.67999267578125,349.45538330078125,52814800.0,357.72009076397745,358.68946892539066,341.50050477393233
2026-06-23 04:00:00,340.69000244140625,349.2900085449219,340.20001220703125,346.1300048828125,345.90765380859375,34007700.0,340.47114598010614,349.0656275102868,339.98147051143604
2026-06-24 04:00:00,349.0400085449219,353.4800109863281,341.92999267578125,345.2900085449219,345.0682067871094,44997300.0,348.8157979233392,353.25294826847323,341.7103492701006
2026-06-25 04:00:00,336.7300109863281,345.57000732421875,335.8399963378906,343.7099914550781,343.48919677734375,44491400.0,336.51370015420923,345.34801779729577,335.6242572392167
2026-06-26 04:00:00,342.54998779296875,346.3599853515625,330.20001220703125,337.3900146484375,337.17327880859375,114706300.0,342.32993723999033,346.1374872957393,329.98789515004995
2026-06-29 04:00:00,341.8299865722656,354.3500061035156,340.6700134277344,353.6499938964844,353.4228210449219,34213900.0,341.6104064955248,354.122383587675,340.4511784786947
2026-06-30 04:00:00,353.8699951171875,358.6199951171875,350.3999938964844,357.3699951171875,357.14044189453125,35237200.0,353.64269008629407,358.3896389689017,350.1749177879227
2026-07-01 04:00:00,358.3699951171875,362.9700012207031,356.42999267578125,361.2099914550781,360.97796630859375,26736400.0,358.1397942573561,362.7368455226467,356.20103798676814
2026-07-02 04:00:00,359.4800109863281,364.2099914550781,353.4200134277344,359.9100036621094,359.6788024902344,25974800.0,359.2490860357571,363.97602803095486,353.19298133516355
2026-07-06 04:00:00,361.54998779296875,367.92999267578125,357.3800048828125,366.4599914550781,366.2245788574219,26915800.0,361.31772936423556,367.693635754559,357.15042523629825
2026-07-07 04:00:00,369.07000732421875,373.1600036621094,365.5,367.0299987792969,366.7942199707031,24045600.0,368.8329180211536,372.9202869594668,365.26520405735874
2026-07-08 04:00:00,364.760009765625,367.8399963378906,358.0199890136719,361.9200134277344,361.6875305175781,22094800.0,364.525702555654,367.6037106679975,357.79001132287857
2026-07-09 04:00:00,354.30999755859375,359.6499938964844,351.0799865722656,358.8900146484375,358.65948486328125,24729100.0,354.08240970637695,359.41897594546776,350.8544734886641
2026-07-10 04:00:00,357.5299987792969,357.82000732421875,352.75,357.17999267578125,356.9505615234375,18146100.0,357.30034280387986,357.5901650645865,352.52341441108456
2026-07-13 04:00:00,356.19000244140625,358.1300048828125,351.75,352.510009765625,352.2835693359375,15901700.0,355.96119810970276,357.8999543595846,351.52404777471276
2026-07-14 04:00:00,351.20001220703125,360.1600036621094,351.0899963378906,359.510009765625,359.2790832519531,18259400.0,350.97442351070157,359.92865963343,350.86447830880365
2026-07-15 04:00:00,357.9700012207031,373.6499938964844,357.760009765625,370.9200134277344,370.6817626953125,28284600.0,357.74006858863044,373.40998963278184,357.5302120160503
2026-07-16 04:00:00,373.05999755859375,375.2699890136719,352.29998779296875,354.4599914550781,354.2322998046875,41158500.0,372.8203579699616,375.02892981037553,352.07368364698067
2026-07-17 04:00:00,346.0,348.5199890136719,341.3599853515625,346.7699890136719,346.5472412109375,29959300.0,345.77774679993126,348.2961170979314,341.1407126662452
2026-07-20 04:00:00,350.8800048828125,359.67999267578125,350.5199890136719,351.989990234375,351.7638854980469,24736600.0,350.6546131580819,359.4489481797366,350.2948285491913
2026-07-21 04:00:00,351.32000732421875,351.32000732421875,347.0,347.1499938964844,346.927001953125,23369800.0,351.09433677099497,351.09433677099497,346.77710440528256
2026-07-22 04:00:00,348.1600036621094,349.94000244140625,341.7300109863281,342.0899963378906,341.8702392578125,39334100.0,347.93634723653764,349.7152025525983,341.51048515922605
2026-07-23 04:00:00,321.1300048828125,324.489990234375,314.8999938964844,317.69000244140625,317.4859313964844,69419700.0,320.92372412122546,324.2815511558238,314.69771503877246
2026-07-24 04:00:00,318.4200134277344,324.17999267578125,317.32000732421875,319.739990234375,319.53460693359375,31806600.0,318.2154780071113,323.97175736278774,317.11617848672984
2026-07-27 04:00:00,325.0400085449219,330.4200134277344,324.45001220703125,326.55999755859375,326.3502197265625,28471600.0,324.83120713377,330.2077559724587,324.2415898017393
2026-07-28 04:00:00,327.8999938964844,335.8800048828125,324.44000244140625,333.7099914550781,333.4956359863281,29511900.0,327.68937042492354,335.66425552638333,324.2316014627561
2026-07-29 04:00:00,334.6700134277344,342.5,331.6199951171875,336.7099914550781,336.49371337890625,27501600.0,334.455045685483,342.2800028423013,331.40698648547414
2026-07-30 04:00:00,334.20001220703125,336.510009765625,330.3399963378906,333.6600036621094,333.4456787109375,30168000.0,333.98534038388266,336.29385412629074,330.12780397797883
2026-07-31 04:00:00,340.8299865722656,358.5799865722656,340.0,356.1300048828125,355.9012451171875,46498000.0,340.611054758666,358.3496530632621,339.78160132747564
2026-08-03 04:00:00,365.45001220703125,376.69000244140625,363.3500061035156,373.510009765625,373.27008056640625,38669700.0,365.2152604560987,376.4480305309448,363.1166033198653
2026-08-04 04:00:00,368.2200012207031,380.5199890136719,367.5,377.6499938964844,377.40740966796875,35705700.0,367.9834743668337,380.2755612380555,367.263935640354
2026-08-05 04:00:00,383.3399963378906,384.4800109863281,356.7699890136719,362.42999267578125,362.1971740722656,46926300.0,383.0937455186354,384.2330278418686,356.54080629618977
2026-08-06 04:00:00,360.7699890136719,364.1300048828125,356.8800048828125,357.75,357.52020263671875,25235900.0,360.5382517887205,363.8961093831237,356.65076635274994
2026-08-07 04:00:00,356.7200012207031,358.8999938964844,353.7799987792969,354.29998779296875,354.0723876953125,19859900.0,356.49084652154687,358.6694387836589,353.5527327193329
2026-08-10 04:00:00,355.17999267578125,357.6099853515625,352.7099914550781,357.5199890136719,357.29034423828125,18991400.0,354.951850943437,357.38028276908574,352.4834362714388
2026-08-11 04:00:00,355.8900146484375,356.80999755859375,343.3900146484375,343.79998779296875,343.5791320800781,29081800.0,355.6613923515014,356.5807842683805,343.1694223006263
2026-08-12 04:00:00,346.30999755859375,346.4800109863281,340.8800048828125,343.5400085449219,343.3193359375,25012000.0,346.0875456512855,346.25744987105145,340.66104092628797
2026-08-13 04:00:00,345.7699890136719,347.92999267578125,343.760009765625,346.3599853515625,346.13751220703125,17866100.0,345.5478948342235,347.7065110877775,343.5392066313974
2026-08-14 04:00:00,346.79998779296875,350.45001220703125,344.5,345.8999938964844,345.67779541015625,17808600.0,346.5772111705174,350.22489088982945,344.27870083870846
2026-08-17 04:00:00,346.2699890136719,347.25,341.92999267578125,344.0,343.7790222167969,18291300.0,346.04755304110785,347.0269344906474,341.7103446182459
2026-08-18 04:00:00,342.4100036621094,344.8699951171875,340.19000244140625,344.20001220703125,343.9789123535156,19248800.0,342.19005363605754,344.6484648943574,339.97147845233087
2026-08-19 04:00:00,342.4599914550781,346.7300109863281,340.6600036621094,344.7200012207031,344.4985656738281,19733800.0,342.2400076559886,346.5072842825429,340.44117610948047
2026-08-20 04:00:00,343.05999755859375,343.8999938964844,338.57000732421875,340.6700134277344,340.451171875,18570400.0,342.83962071417653,343.6790774504127,338.3525147854226
2026-08-21 04:00:00,342.5799865722656,346.20001220703125,340.3999938964844,344.82000732421875,344.5985107421875,20849800.0,342.359928876986,345.97762917305914,340.1813365286692
2026-08-24 04:00:00,343.6199951171875,351.6000061035156,342.489990234375,348.05999755859375,347.83642578125,26338200.0,343.39927531721605,351.3741604480826,342.2699962782288
2026-08-25 04:00:00,349.6400146484375,350.1600036621094,345.6000061035156,346.9599914550781,346.73712158203125,20649700.0,349.41542326154587,349.9350782600912,345.37800981753963
2026-08-26 04:00:00,346.6199951171875,346.8800048828125,340.17999267578125,342.0,341.7803039550781,20420300.0,346.3973312516375,346.65717399060424,339.96146577825954
2026-08-27 04:00:00,339.6700134277344,341.69000244140625,338.5199890136719,340.6499938964844,340.4311828613281,23391400.0,339.45183186724313,341.4705233735174,338.3025461528343
2026-08-28 04:00:00,340.7099914550781,349.1400146484375,340.2699890136719,346.5899963378906,346.36737060546875,25347200.0,340.49114263603377,348.91575095848634,340.0514228221321
2026-08-31 04:00:00,343.8299865722656,344.5899963378906,337.1600036621094,339.3500061035156,339.13201904296875,33493600.0,343.60912172254496,344.3686432833908,336.94342338566804
2026-09-01 04:00:00,336.0,337.20001220703125,333.04998779296875,335.0199890136719,334.8047790527344,23342700.0,335.7841605001305,336.9834018439635,332.8360433203593
2026-09-02 04:00:00,334.05999755859375,340.0,332.82000732421875,337.1199951171875,336.9034423828125,22582300.0,333.84541044728496,339.78159726283246,332.6062167342666
2026-09-03 04:00:00,340.55999755859375,344.67999267578125,340.05999755859375,342.4800109863281,342.260009765625,20726900.0,340.34122971001256,344.4585782378343,339.841550898423
2026-09-04 04:00:00,342.4700012207031,343.5299987792969,337.0899963378906,338.4599914550781,338.4599914550781,23189300.0,342.4700012207031,343.5299987792969,337.0899963378906
2026-09-08 04:00:00,335.4200134277344,339.67999267578125,333.2200012207031,338.3599853515625,338.3599853515625,22915800.0,335.4200134277344,339.67999267578125,333.2200012207031
2026-09-09 04:00:00,331.6499938964844,331.8500061035156,327.8999938964844,330.6499938964844,330.6499938964844,33151600.0,331.6499938964844,331.8500061035156,327.8999938964844
2026-09-10 04:00:00,328.2300109863281,333.2300109863281,327.739990234375,332.6000061035156,332.6000061035156,23557600.0,328.2300109863281,333.2300109863281,327.739990234375
2026-09-11 04:00:00,335.0299987792969,342.9800109863281,335.0299987792969,338.5,338.5,24677500.0,335.0299987792969,342.9800109863281,335.0299987792969
