timestamp,open,high,low,close,adjusted_close,volume,adj_open,adj_high,adj_low
2020-12-31 18:30:00,720.0,721.5,710.2999877929688,712.5250244140625,663.90576171875,8810938.0,670.8706811112891,672.2683283636043,661.8325508389017
2021-01-03 18:30:00,719.0,719.0,699.5,708.0,659.6895141601562,15740192.0,669.9389275157519,669.9389275157519,651.7695129308323
2021-01-04 18:30:00,709.5999755859375,715.375,704.5,713.3499755859375,664.6743774414062,14386824.0,661.1802595459679,666.5612238531063,656.4282819563354
2021-01-05 18:30:00,717.5,720.0,706.5499877929688,710.2750244140625,661.8091430664062,22134050.0,668.5411197470582,670.8705313141212,658.3382857092427
2021-01-06 18:30:00,716.25,716.2999877929688,706.2750244140625,708.125,659.805908203125,19894842.0,667.3764967350231,667.4230735980611,658.0821661778708
2021-01-07 18:30:00,716.0,721.0,711.5499877929688,715.8250122070312,666.9805297851562,13768764.0,667.1435772462953,671.8024011097472,662.9972126337416
2021-01-10 18:30:00,725.0,732.4500122070312,718.1500244140625,725.7249755859375,676.2048950195312,17331392.0,675.5293883793129,682.4710465719119,669.1468231131314
2021-01-11 18:30:00,726.2249755859375,743.8499755859375,724.5499877929688,740.5,689.9718017578125,20388156.0,676.6708371189097,693.0931909419772,675.1101425268274
2021-01-12 18:30:00,746.4500122070312,748.4500122070312,731.0499877929688,735.3250122070312,685.14990234375,16934650.0,695.5157848270568,697.3793142622579,681.1665854278453
2021-01-13 18:30:00,735.5750122070312,744.0,728.0,734.375,684.2647705078125,12297166.0,685.3828996345541,693.2330066489362,678.3247699468085
2021-01-14 18:30:00,734.5499877929688,735.8250122070312,722.5,733.3250122070312,683.2864379882812,14165236.0,684.4278271278918,685.615850004148,673.2000725854961
2021-01-17 18:30:00,734.9500122070312,751.4249877929688,733.5,741.5499877929688,690.9501342773438,42825632.0,684.8005097174363,700.1513111208578,683.4494394650668
2021-01-18 18:30:00,745.9000244140625,755.8250122070312,733.5,751.9249877929688,700.6171875,17360254.0,695.0033390897886,704.2510927173035,683.4494336192288
2021-01-19 18:30:00,750.5,750.5,743.0,746.0,695.0964965820312,13346052.0,699.2894379153008,699.2894379153008,692.3012023598515
2021-01-20 18:30:00,746.0,747.1749877929688,734.0750122070312,737.4000244140625,687.0834350585938,26333054.0,695.0965901594512,696.1914025031128,683.9853055045107
2021-01-21 18:30:00,733.9500122070312,733.9500122070312,720.0750122070312,721.7750244140625,672.5244750976562,15392364.0,683.8686987100398,683.8686987100398,670.9404637665335
2021-01-24 18:30:00,732.5499877929688,740.5,727.5750122070312,731.4249877929688,681.5159912109375,20344718.0,682.5642265090312,689.9717673229738,677.9287198278455
2021-01-26 18:30:00,734.0,735.9500122070312,703.0750122070312,704.7999877929688,656.7078857421875,23556276.0,683.9154320138233,685.7323849307226,655.100614048632
2021-01-27 18:30:00,694.9500122070312,700.6500244140625,671.0,685.7249755859375,638.9343872070312,42704446.0,647.5299515080465,652.8410221795793,625.2141734367799
2021-01-28 18:30:00,695.6749877929688,704.375,682.25,695.25,647.8094482421875,28704502.0,648.2054368904044,656.3118016621228,635.6965063836496
2021-01-31 18:30:00,705.125,741.25,700.5,738.375,687.9918212890625,26370544.0,657.010642270459,690.6706450387913,652.7012301513299
2021-02-01 18:30:00,750.5,789.25,748.7000122070312,780.2750244140625,727.0327758789062,42420206.0,699.2894572101152,735.3953419095049,697.6122920046123
2021-02-02 18:30:00,789.5,790.8499755859375,771.0,787.4000244140625,733.671630859375,20237254.0,735.6283142034556,736.886173943163,718.3906652955849
2021-02-03 18:30:00,783.0,794.0,771.7249755859375,789.5499877929688,735.6748657226562,24484684.0,729.5718178288212,739.8212303398263,719.0661472568776
2021-02-04 18:30:00,774.0,809.125,774.0,798.7999877929688,744.2936401367188,27054716.0,721.1858866666988,753.9141221565797,721.1858866666988
2021-02-07 18:30:00,810.0,815.8250122070312,797.8499755859375,802.625,747.8577270507812,17447580.0,754.7294924916777,760.157033858061,743.4085273561383
2021-02-08 18:30:00,805.0,814.0,793.3499755859375,805.9249877929688,750.9325561523438,18421366.0,750.0706850622241,758.4565684977024,739.2156020892459
2021-02-09 18:30:00,804.1749877929688,807.4249877929688,783.5,790.875,736.9094848632812,19788006.0,749.3019453067199,752.3301809012268,730.0377194757463
2021-02-10 18:30:00,791.0,798.9000244140625,782.0999755859375,786.1749877929688,732.5300903320312,13648618.0,737.0258663141597,744.3868300786064,728.7331378641071
2021-02-11 18:30:00,786.9500122070312,796.25,786.5,790.9749755859375,737.0026245117188,9910106.0,733.2523053924318,741.9177064770458,732.8329998671228
2021-02-14 18:30:00,800.0499877929688,812.5,798.3499755859375,808.2999877929688,753.1454467773438,10355244.0,745.4583874803633,757.0588701571608,743.8743760087222
2021-02-15 18:30:00,810.5999755859375,820.5,804.2249755859375,813.3250122070312,757.8275756835938,13897358.0,755.2884826208972,764.5129763820796,749.3484823473618
2021-02-16 18:30:00,810.0,810.9000244140625,791.5,793.25,739.1224365234375,12794426.0,754.7294971118617,755.5681081901504,737.4918481037513
2021-02-17 18:30:00,802.9749755859375,802.9749755859375,774.0,777.1500244140625,724.1209716796875,14720560.0,748.1837499704787,748.1837499704787,721.1858900765627
2021-02-18 18:30:00,772.5,782.0999755859375,766.5,769.5499877929688,717.0396118164062,17139508.0,719.7883294323337,728.7332490305126,714.1977404658691
2021-02-21 18:30:00,772.5250244140625,786.9500122070312,769.7249755859375,774.0,721.1859741210938,29451838.0,719.8116437532008,733.2523399717498,717.202656748423
2021-02-22 18:30:00,776.875,778.8499755859375,761.3250122070312,764.5750122070312,712.404052734375,18239906.0,723.8647479080247,725.7049605608184,709.375817264446
2021-02-23 18:30:00,763.25,806.9749755859375,758.125,803.2249755859375,748.4166870117188,14314332.0,711.1694154492563,751.9108046768805,706.3941213068686
2021-02-24 18:30:00,804.875,818.125,801.0,803.2000122070312,748.3934936523438,20109570.0,749.9541883076643,762.3000718238334,746.3435997321809
2021-02-25 18:30:00,793.5250244140625,794.4500122070312,760.5,767.2000122070312,714.8499755859375,27912846.0,739.3786956512046,740.2405667287595,708.6071399675651
2021-02-28 18:30:00,782.0,786.2750244140625,770.3499755859375,779.4500122070312,726.2640991210938,13536018.0,728.6400880340791,732.6234053811512,717.7850051508801
2021-03-01 18:30:00,787.8499755859375,793.75,775.5,784.0999755859375,730.5966796875,16110038.0,734.0907973180748,739.5882318050076,722.5835260028767
2021-03-02 18:30:00,792.0,798.0,782.5,793.4249877929688,739.2854614257812,11222410.0,737.9577079843609,743.5482966812122,729.1059425476798
2021-03-03 18:30:00,774.2750244140625,785.5,769.5499877929688,776.0250244140625,723.0728759765625,16291438.0,721.442287408991,731.9013256156762,717.0396641542983
2021-03-04 18:30:00,765.5,772.7999877929688,760.5499877929688,765.0,712.7999877929688,17445822.0,713.2658701379315,720.0677410003066,708.6536235487198
2021-03-07 18:30:00,771.0,777.5,756.25,759.75,707.9082641601562,15117050.0,718.3906175287667,724.4470883639638,704.6470875565886
2021-03-08 18:30:00,772.5,782.8499755859375,769.125,781.25,727.9412841796875,15066696.0,719.788341796875,729.4320851815223,716.6436354492188
2021-03-09 18:30:00,786.0,787.5,776.0750122070312,777.875,724.7965698242188,11055016.0,732.3671590960449,733.7648063462282,723.1194044980812
2021-03-11 18:30:00,800.0,800.0,767.5250244140625,775.9749755859375,723.026123046875,15631204.0,745.4117937253521,745.4117937253521,715.1527564719762
2021-03-14 18:30:00,774.2000122070312,774.2000122070312,757.6500244140625,764.3250122070312,712.171142578125,12230386.0,721.372319983862,721.372319983862,705.9516239083291
2021-03-15 18:30:00,765.4500122070312,770.2000122070312,755.0,756.0750122070312,704.4840698242188,13722366.0,713.219364666622,717.645247386773,703.482411308208
2021-03-16 18:30:00,762.125,769.5,745.0999755859375,747.6749877929688,696.6572265625,21064428.0,710.1212391245092,716.9930044366868,694.2579208590815
2021-03-17 18:30:00,755.875,761.0250244140625,740.5750122070312,745.5,694.6305541992188,18065540.0,704.2976125490737,709.0962232974033,690.0416246216812
2021-03-18 18:30:00,742.5,755.5999755859375,737.0250244140625,748.75,697.6588745117188,21235020.0,691.8353446743922,704.0414404652653,686.7339552850576
2021-03-21 18:30:00,747.4500122070312,747.4500122070312,730.2000122070312,734.5750122070312,684.451171875,14015632.0,696.4476442453492,696.4476442453492,680.374700681192
2021-03-22 18:30:00,735.0,753.7249755859375,734.5499877929688,750.0750122070312,698.8934936523438,19761428.0,684.8471279199046,702.2944010496999,684.4278223858715
2021-03-23 18:30:00,745.4500122070312,753.2249755859375,735.5,739.4000244140625,688.9469604492188,16368900.0,694.584126479912,701.8285641464461,685.3130547459084
2021-03-24 18:30:00,745.0999755859375,747.7750244140625,725.125,731.6749877929688,681.7489624023438,23964356.0,694.257892802887,696.7504090066333,675.645914661059
2021-03-25 18:30:00,747.0,749.5,737.0,745.6500244140625,694.7704467773438,12021258.0,696.0283065108258,698.357718513874,686.7106584986326
2021-03-29 18:30:00,753.3250122070312,781.2750244140625,750.7750244140625,776.8499755859375,723.8414306640625,25607644.0,701.9216988192317,727.9645352211458,699.5457100566057
2021-03-30 18:30:00,774.0,774.0,744.0,746.8250122070312,695.8651733398438,30774506.0,721.1858673203236,721.1858673203236,693.2329267265126
2021-03-31 18:30:00,749.7000122070312,749.7000122070312,732.5,743.375,692.650634765625,35763762.0,698.5440583003154,698.5440583003154,682.5176929084517
2021-04-04 18:30:00,740.0,742.5,715.5,724.7999877929688,675.343017578125,16006586.0,689.5058518551766,691.8352635168494,666.6776175707822
2021-04-05 18:30:00,730.0,731.3250122070312,716.3250122070312,720.125,670.987060546875,15075734.0,680.1882370410952,681.4228366536412,667.4463660295091
2021-04-06 18:30:00,719.6500244140625,728.3499755859375,710.7750244140625,723.5999755859375,674.2249755859375,25088180.0,670.5445501820166,678.6508583140842,662.2751377162687
2021-04-07 18:30:00,726.5,730.4500122070312,715.25,716.4000244140625,667.5162963867188,17613592.0,676.9270977085577,680.6075798822934,666.4447441652386
2021-04-08 18:30:00,713.0,716.4000244140625,707.5499877929688,710.875,662.3683471679688,28157816.0,664.3483475023903,667.5163707856304,659.2702176235557
2021-04-11 18:30:00,696.5,699.5,676.5,683.5250244140625,636.8846435546875,22549128.0,648.9742707168596,651.7695654938166,630.3389722038127
2021-04-12 18:30:00,684.0,703.2249755859375,680.5,700.1749877929688,652.3984375,18600682.0,637.3271525402541,655.2403088967475,634.0659755901213
2021-04-14 18:30:00,702.5,718.3499755859375,695.5,715.0499877929688,666.2583618164062,34444984.0,654.5647257762638,669.3331740651886,648.0423726368563
2021-04-15 18:30:00,717.4749755859375,722.5,711.75,714.3250122070312,665.5828857421875,15606526.0,668.517910667658,673.2000514205108,663.1835800671953
2021-04-18 18:30:00,695.0,708.8499755859375,686.1500244140625,706.2000122070312,658.0122680664062,24069242.0,647.5764916470772,660.481410495047,639.3303964800215
2021-04-19 18:30:00,712.5,713.2000122070312,691.9749755859375,695.7000122070312,648.2288208007812,23186270.0,663.8824589859461,664.5347057583308,644.7579625947119
2021-04-21 18:30:00,690.0,713.4000244140625,685.5250244140625,711.25,662.7176513671875,38485312.0,642.9176512384666,664.72096824602,638.7480269006979
2021-04-22 18:30:00,704.5,717.2999877929688,700.0999755859375,707.0750122070312,658.8275756835938,22713528.0,656.4282700647758,668.3548475577336,652.3284823935682
2021-04-25 18:30:00,706.5,714.5,701.375,702.4000244140625,654.4716186523438,30170952.0,658.2918315864222,665.7459499907978,653.5165369836191
2021-04-26 18:30:00,703.625,721.0,702.4000244140625,719.3499755859375,670.2649536132812,20592906.0,655.6129755923002,671.8023882068552,654.4715865158399
2021-04-27 18:30:00,718.125,739.5,715.5,738.4000244140625,688.01513671875,24103940.0,669.1235830445929,689.04005522921,666.6777004956049
2021-04-28 18:30:00,743.0999755859375,751.8250122070312,730.5,736.25,686.01171875,24078552.0,692.3942838095647,700.523964446024,680.6540720500849
2021-04-29 18:30:00,722.5,726.9000244140625,703.75,706.1500244140625,657.9657592773438,35232902.0,673.200091541927,677.2998795534614,655.7295009309773
2021-05-02 18:30:00,696.5,710.9500122070312,688.6500244140625,707.2249755859375,658.9673461914062,22473700.0,648.9741913343149,662.4382042371565,641.6598603108004
2021-05-03 18:30:00,704.9749755859375,711.5,691.6500244140625,694.1749877929688,646.8077392578125,21486328.0,656.8707864882977,662.9505738100507,644.4550675488944
2021-05-04 18:30:00,700.5,704.7999877929688,690.8499755859375,701.2999877929688,653.4466552734375,14421612.0,652.701254793366,656.7078321353601,643.7097015544721
2021-05-05 18:30:00,703.7999877929688,705.4000244140625,697.5,700.4500122070312,652.6546630859375,11477044.0,655.776052406065,657.2669102027188,649.9059455621662
2021-05-06 18:30:00,706.4749755859375,712.4749755859375,705.125,707.375,659.1071166992188,12048334.0,658.2685056421251,663.8590943683245,657.010645926894
2021-05-09 18:30:00,713.5,715.0,706.4000244140625,709.9249877929688,661.4830932617188,11060050.0,664.8141636900286,666.2118108456489,658.1986565682562
2021-05-10 18:30:00,698.0,712.0999755859375,697.5250244140625,701.7750244140625,653.8892822265625,14519034.0,650.3718472671749,663.5097085397368,649.9292817238612
2021-05-11 18:30:00,699.875,704.2999877929688,694.4249877929688,699.75,652.00244140625,13774926.0,652.1189120102882,656.2419600191607,647.0407823001372
2021-05-13 18:30:00,697.1749877929688,699.4500122070312,691.1749877929688,693.4249877929688,646.1090087890625,10604142.0,649.6031268632764,651.7229145764641,644.0125379445341
2021-05-16 18:30:00,697.5750122070312,721.2999877929688,690.6500244140625,720.125,670.987060546875,15120692.0,649.9757777493439,672.0818727050178,643.5233185186172
2021-05-17 18:30:00,729.4749755859375,741.375,727.5,738.3499755859375,687.968505859375,22165280.0,679.6990933972745,690.7871170805363,677.8588806961257
2021-05-18 18:30:00,735.0999755859375,739.4249877929688,726.2750244140625,729.0999755859375,679.3497314453125,10130916.0,684.9403205622524,688.9702149247959,676.7175412324174
2021-05-19 18:30:00,729.1749877929688,732.9500122070312,714.25,716.4000244140625,667.5162963867188,10684184.0,679.4195570658875,682.9369917808087,665.5129794058325
2021-05-20 18:30:00,721.5,750.9500122070312,721.5,748.6500244140625,697.565673828125,19341646.0,672.2682391694295,699.7087212899272,672.2682391694295
2021-05-23 18:30:00,751.625,760.2249755859375,749.25,754.9749755859375,703.4590454101562,22146102.0,700.3376563521917,708.3508101809515,698.1247151463558
2021-05-24 18:30:00,755.25,756.875,735.25,739.4749755859375,689.0167846679688,19236974.0,703.7153978174179,705.2295156875977,685.0801009536664
2021-05-25 18:30:00,740.0,743.5,735.0,738.5250244140625,688.131591796875,12283990.0,689.5059220690523,692.767098727487,684.8470982712885
2021-05-26 18:30:00,736.5499877929688,744.5,731.2249755859375,741.3250122070312,690.7406005859375,20439496.0,686.2914006031087,693.6989426610809,681.329741318119
2021-05-27 18:30:00,745.4500122070312,756.5,739.375,751.7249755859375,700.430908203125,17750020.0,694.5841178992605,704.8801081042284,688.923635068822
2021-05-30 18:30:00,750.0,759.75,743.75,757.9249877929688,706.2078857421875,15661054.0,698.823660437646,707.9083680233355,693.000129933999
2021-05-31 18:30:00,760.1500244140625,763.5,753.625,755.8499755859375,704.2743530273438,11030162.0,708.2809868888664,711.4023760066137,702.2011992377004
2021-06-01 18:30:00,755.0,755.0999755859375,746.5,752.0,700.68701171875,10624016.0,703.482305648479,703.5754593646432,695.5623061809134
2021-06-02 18:30:00,754.0,762.4749755859375,743.875,760.2750244140625,708.3975219726562,10287260.0,702.5506749732225,710.4473590823497,693.1165561614135
2021-06-03 18:30:00,758.0,760.3250122070312,749.5999755859375,750.4749755859375,699.2661743164062,9424476.0,706.2777272726534,708.4440918339504,698.450880106164
2021-06-06 18:30:00,755.0,757.0,748.0,749.9249877929688,698.753662109375,8091668.0,703.4823795446339,705.3459090268713,696.9600263568028
2021-06-07 18:30:00,748.2750244140625,750.6500244140625,740.75,741.5250244140625,690.9268188476562,9872540.0,697.2162303626714,699.4291714512879,690.2046784811048
2021-06-08 18:30:00,741.9500122070312,751.0,736.0250244140625,740.1500244140625,689.6456909179688,10223442.0,691.3228560658164,699.7553155380998,685.8021613885485
2021-06-09 18:30:00,741.0499877929688,744.5,736.8250122070312,740.5250244140625,689.9951171875,11483540.0,690.484259561094,693.6988593363984,686.5475762237011
2021-06-10 18:30:00,745.5,748.2750244140625,740.5250244140625,743.1749877929688,692.4642333984375,7205974.0,694.6305977433478,697.2162675857256,689.9950910162944
2021-06-13 18:30:00,739.125,743.0,731.2750244140625,739.7249755859375,689.249755859375,8881964.0,688.6907196773109,692.3013086017143,681.3763880882988
2021-06-14 18:30:00,743.0,748.0,737.4000244140625,745.125,694.2811889648438,7569602.0,692.3011889292118,696.9600125424635,687.083329230532
2021-06-15 18:30:00,744.0,747.0,739.0499877929688,742.2999877929688,691.6489868164062,7702098.0,693.2329983210603,696.0282926691292,688.6207512726651
2021-06-16 18:30:00,733.0,739.375,730.0,733.0499877929688,683.0301513671875,9283802.0,682.9835745028993,688.923574895063,680.1882802007045
2021-06-17 18:30:00,734.75,745.0,727.5,739.9000244140625,689.4127197265625,11938060.0,684.614108805082,694.1646969170276,677.8588147746814
2021-06-20 18:30:00,730.6749877929688,745.9000244140625,729.5,744.3499755859375,693.5591430664062,7260472.0,680.8172701219368,695.0034240796476,679.7224577977161
2021-06-21 18:30:00,748.5,754.0,740.0,741.9000244140625,691.2762451171875,14366824.0,697.425869312867,702.5505750994012,689.5058694609507
2021-06-22 18:30:00,745.0,748.9000244140625,739.2999877929688,742.75,692.0682983398438,7844868.0,694.1647691190624,697.7986745512052,688.8536984376266
2021-06-23 18:30:00,745.0,756.7249755859375,744.0,753.125,701.7353515625,14785024.0,694.1647627074689,705.089682030104,693.2329979253112
2021-06-24 18:30:00,755.5499877929688,761.0,753.5,757.5499877929688,705.8583984375,10383176.0,703.9948688755924,709.0729983058726,702.0847624487187
2021-06-27 18:30:00,760.0,761.5,752.5,754.1749877929688,702.7136840820312,9356786.0,708.1412252416824,709.5388723967646,701.152989466271
2021-06-28 18:30:00,753.5,754.0999755859375,746.0750122070312,751.0250244140625,702.8073120117188,10971692.0,705.1233878844295,705.6848435152247,698.1751031497531
2021-06-29 18:30:00,749.0,754.5,747.0499877929688,748.9500122070312,700.8655395507812,9679022.0,700.912318001838,706.0592041820919,699.0875014782571
2021-06-30 18:30:00,751.0,751.0,741.5,743.375,695.6484375,16911442.0,702.783893139398,702.783893139398,693.8938172608038
2021-07-01 18:30:00,742.5,744.625,738.5,740.2000122070312,692.6773071289062,14827036.0,694.8296299127342,696.8181995606326,691.0864399872784
2021-07-04 18:30:00,744.9749755859375,752.25,742.2750244140625,747.7249755859375,699.7191772460938,7373882.0,697.1457340681139,703.9536838673887,694.6191264593356
2021-07-05 18:30:00,748.5,770.0,748.0,767.3499755859375,718.0841674804688,17669032.0,700.4444079752712,720.5640536285356,699.9765092391489
2021-07-06 18:30:00,767.0,772.6749877929688,763.8499755859375,769.75,720.330078125,9629190.0,717.756635169698,723.0672742086946,714.8088503924621
2021-07-07 18:30:00,762.5,768.8499755859375,756.7249755859375,760.2249755859375,711.4166259765625,8420922.0,713.5455881188799,719.4878793503663,708.1413347524103
2021-07-08 18:30:00,756.2750244140625,758.0,748.75,751.0,702.7838134765625,10695842.0,707.7201673699005,709.3343949603653,700.6782694281974
2021-07-11 18:30:00,751.0,751.0,742.0,743.5,695.7654418945312,14458978.0,702.7839231510329,702.7839231510329,694.361745643231
2021-07-12 18:30:00,748.0499877929688,753.0499877929688,742.0499877929688,750.9249877929688,702.713623046875,18178142.0,700.023205629554,704.7021924422862,694.4084214542754
2021-07-13 18:30:00,748.75,753.6749877929688,745.5499877929688,749.5750122070312,701.4503784179688,9788494.0,700.6783341056623,705.2871250803108,697.683770870483
2021-07-14 18:30:00,752.5,763.375,749.8250122070312,760.3499755859375,711.5336303710938,10438802.0,704.1876425939753,714.3644407510643,701.684395620024
2021-07-15 18:30:00,763.9749755859375,764.9749755859375,759.4000244140625,761.1749877929688,712.3056030273438,5170628.0,714.9258244288939,715.8616218663434,710.6445968457965
2021-07-18 18:30:00,743.5,744.4249877929688,733.0,735.5,688.2791137695312,25111600.0,695.7654943407838,696.6310956710246,685.9396198410147
2021-07-19 18:30:00,721.0,727.0,718.0750122070312,721.5750122070312,675.248046875,24174250.0,674.7099519255372,680.3247365462768,671.9727558462353
2021-07-21 18:30:00,728.0499877929688,734.25,722.5,724.3499755859375,677.8448486328125,13207114.0,681.3073105627461,687.1092660782373,676.113646226117
2021-07-22 18:30:00,725.75,728.7249755859375,717.6500244140625,721.375,675.0609130859375,13126684.0,679.1550270970288,681.9390017779525,671.5750902888267
2021-07-25 18:30:00,715.0,722.0,714.0499877929688,717.2750244140625,671.22412109375,13167166.0,669.0951591045279,675.645741081775,668.2061401271644
2021-07-26 18:30:00,718.0499877929688,724.9500122070312,718.0499877929688,719.875,673.6572265625,22401430.0,671.9493846985216,678.4064103071216,671.9493846985216
2021-07-27 18:30:00,717.5250244140625,719.3499755859375,702.0,708.6500244140625,663.15283203125,20670342.0,671.4580337267465,673.1658182413217,656.9297566466004
2021-07-28 18:30:00,714.125,714.9749755859375,706.6500244140625,709.125,663.5973510742188,13702230.0,668.2763382138219,669.0717431809376,661.281275286732
2021-07-29 18:30:00,709.5,715.875,703.9749755859375,713.2249755859375,667.4341430664062,11655488.0,663.9483202569891,669.9140292656406,658.7780162695392
2021-08-01 18:30:00,717.5,717.5,708.125,711.3250122070312,665.6561279296875,13258786.0,671.4346657200673,671.4346657200673,662.6615646871396
2021-08-02 18:30:00,705.0,719.9500122070312,705.0,717.3499755859375,671.2942504882812,12033120.0,659.7371752995092,673.7273580288141,659.7371752995092
2021-08-03 18:30:00,720.5,737.25,720.0,732.6500244140625,685.6119995117188,22053948.0,674.2420380634766,689.9166447776518,673.7741393555907
2021-08-04 18:30:00,733.5499877929688,753.5250244140625,728.7000122070312,742.4249877929688,694.7593994140625,18822408.0,686.4541971765548,705.1467852148428,681.915602462393
2021-08-05 18:30:00,741.7750244140625,750.0,737.0,746.3250122070312,698.4091186523438,13339270.0,694.151251218732,701.8481632288552,689.6827950662217
2021-08-08 18:30:00,746.0,753.6749877929688,738.0,751.9500122070312,703.6728515625,10998048.0,698.1048457262282,705.2870791969536,690.6184666835877
2021-08-09 18:30:00,744.5,759.875,744.5,753.8250122070312,705.4276123046875,14838346.0,696.7012885698742,711.0891761612265,696.7012885698742
2021-08-10 18:30:00,757.4500122070312,759.4249877929688,745.5250244140625,747.4749755859375,699.4851684570312,12585786.0,708.8197821888172,710.6679592857763,697.660409142684
2021-08-11 18:30:00,748.5,753.7999877929688,744.6500244140625,750.7000122070312,702.5031127929688,8597674.0,700.4443471096191,705.4040618582296,696.8415500011622
2021-08-12 18:30:00,750.5999755859375,765.5,750.5,763.0999755859375,714.1071166992188,16658428.0,702.4096468468757,716.3530537574894,702.3160899346777
2021-08-15 18:30:00,763.0750122070312,767.5,760.7249755859375,765.2999877929688,716.165771484375,6252778.0,714.0836450209575,718.2245372816506,711.8844867606579
2021-08-16 18:30:00,758.5999755859375,762.0,752.6500244140625,757.3250122070312,708.7027587890625,8282666.0,709.8958661728431,713.0776000960025,704.3279174821225
2021-08-17 18:30:00,778.3499755859375,782.6749877929688,754.1749877929688,756.5,707.9307861328125,22985932.0,728.377938007942,732.4252734894459,705.7550455915143
2021-08-19 18:30:00,743.0250244140625,759.9000244140625,743.0250244140625,757.375,708.74951171875,13150406.0,695.3208427110468,711.1124228533197,695.3208427110468
2021-08-22 18:30:00,764.9249877929688,766.5750122070312,754.3250122070312,762.2999877929688,713.3583984375,10843054.0,715.8148667910151,717.3589554598426,705.8954364767717
2021-08-23 18:30:00,765.0,782.25,763.7249755859375,779.4249877929688,729.3838500976562,18381314.0,715.8849845251787,732.0274890781974,714.691820037688
2021-08-24 18:30:00,776.0499877929688,782.4000244140625,774.0,778.7000122070312,728.7055053710938,7727974.0,726.2256192151633,732.1679674526881,724.3072458142872
2021-08-25 18:30:00,775.0,785.5,771.7249755859375,777.4000244140625,727.4888916015625,11119002.0,725.2429550875793,735.0688273823142,722.1781958823681
2021-08-26 18:30:00,776.0,779.3250122070312,772.625,774.2249755859375,724.5177612304688,6382138.0,726.1788245585184,729.2903625174678,723.0205081501615
2021-08-29 18:30:00,777.7999877929688,785.0,775.7999877929688,784.125,733.7822265625,9049166.0,727.8632958559031,734.6010493882512,725.9917008256144
2021-08-30 18:30:00,781.75,791.6749877929688,781.0999755859375,790.7000122070312,739.93505859375,12062576.0,731.5596599538288,740.8474382651433,730.9513687618706
2021-08-31 18:30:00,787.5,799.0,787.25,789.5499877929688,738.85888671875,12422558.0,736.9405133137502,747.702184301824,736.7065639444443
2021-09-01 18:30:00,787.0499877929688,796.0,785.625,794.5,743.4910888671875,9618524.0,736.5193863022039,744.8947850702093,735.1858863326421
2021-09-02 18:30:00,793.0499877929688,799.0,784.1500244140625,788.0250244140625,737.431884765625,10735334.0,742.1342331690153,747.7022399965548,733.8056692712737
2021-09-05 18:30:00,789.9749755859375,790.4749755859375,780.9749755859375,782.8499755859375,732.5890502929688,7876896.0,739.2566074828768,739.7245062330459,730.834429979835
2021-09-06 18:30:00,781.25,791.0,777.5999755859375,784.625,734.2500610351562,7245496.0,731.0917446980607,740.2157696718924,727.6760612202143
2021-09-07 18:30:00,785.9749755859375,790.25,782.7999877929688,788.2000122070312,737.5955810546875,6724080.0,735.5133974033473,739.5139544547029,732.5422518441904
2021-09-08 18:30:00,787.0,789.7249755859375,780.5,784.2999877929688,733.9459838867188,8250948.0,736.472648615316,739.0226740119963,730.3899647322161
2021-09-12 18:30:00,781.0,792.0,776.8250122070312,777.7750244140625,727.83984375,8959164.0,730.8577675105819,741.1515388839704,726.9508247989902
2021-09-13 18:30:00,780.0,782.25,773.2999877929688,774.2750244140625,724.5646362304688,9758506.0,729.9220541014536,732.0275984882848,723.6521993929138
2021-09-14 18:30:00,767.5,777.4000244140625,767.5,773.4000244140625,723.7457275390625,14822998.0,718.2245000665279,727.4889171159565,718.2245000665279
2021-09-15 18:30:00,768.875,782.1500244140625,768.1500244140625,779.9749755859375,729.8985595703125,10260550.0,719.5112312007644,731.9339646234694,718.8328009274061
2021-09-16 18:30:00,784.5,794.5,779.5999755859375,791.0750122070312,740.2859497070312,20498102.0,734.133070294954,743.4910444223593,729.5476401259087
2021-09-19 18:30:00,782.0,790.8499755859375,779.0,779.9249877929688,729.851806640625,8781610.0,731.7935977510607,740.0753822447209,728.9862054323227
2021-09-20 18:30:00,781.0,784.3250122070312,764.4749755859375,775.9749755859375,726.1553955078125,14774996.0,730.857800489461,733.9693384001288,715.3937249500291
2021-09-21 18:30:00,774.5,775.0750122070312,765.0,766.8499755859375,717.6162719726562,10582202.0,724.7751455141527,725.3132404864232,715.8850694878332
2021-09-22 18:30:00,771.0,786.0,771.0,785.0,734.6010131835938,13664304.0,721.4998486172622,735.5368106526174,721.4998486172622
2021-09-23 18:30:00,789.5,803.9749755859375,787.5,800.7750244140625,749.3631591796875,20806702.0,738.8120210233342,752.3576650599522,736.9404262898995
2021-09-26 18:30:00,807.8499755859375,817.75,804.0,812.5499877929688,760.3822021484375,16415462.0,755.9839427357285,765.248360283423,752.3811454208159
2021-09-27 18:30:00,816.0,816.0,791.0,807.5250244140625,755.6798095703125,12773790.0,763.6106695972712,763.6106695972712,740.2157348669626
2021-09-28 18:30:00,798.5,803.2999877929688,792.5750122070312,796.9249877929688,745.7603149414062,16263036.0,747.2342072368468,751.7260232333723,741.689619188798
2021-09-29 18:30:00,793.0,803.1749877929688,791.5499877929688,797.4749755859375,746.2750244140625,15975348.0,742.0873538076034,751.6090811295566,740.7304361257566
2021-09-30 18:30:00,791.5,794.5,782.625,791.3499755859375,740.543212890625,11128596.0,740.6836053402736,743.4909974009443,732.3784038274563
2021-10-03 18:30:00,794.5,800.6749877929688,791.7999877929688,792.875,741.9703979492188,7051028.0,743.4910687947713,749.2696065845623,740.9644042742369
2021-10-04 18:30:00,796.0,798.75,788.125,797.7249755859375,746.5089721679688,10257178.0,744.8947444690965,747.4681873677021,737.5253398049078
2021-10-05 18:30:00,798.0,813.4249877929688,793.5,807.4500122070312,755.6096801757812,18600830.0,746.7663826422353,761.2010472242603,742.5552940183129
2021-10-06 18:30:00,813.2999877929688,813.8499755859375,803.5,805.25,753.5509033203125,11265724.0,761.084061436561,761.5987386153337,751.9132577682348
2021-10-07 18:30:00,806.0,811.0,800.0750122070312,801.3250122070312,749.8778686523438,7245562.0,754.2527101071383,758.9316971425425,748.7081218934927
2021-10-10 18:30:00,799.9500122070312,822.5,799.5,816.9000244140625,764.4529418945312,13080848.0,748.5911640642425,769.6933846455007,748.170043798271
2021-10-11 18:30:00,812.5,820.7750244140625,812.5,814.7999877929688,762.4877319335938,8176946.0,760.3354092752614,768.079155828651,760.3354092752614
2021-10-12 18:30:00,818.5,824.0,815.0,819.7000122070312,767.0732421875,6225644.0,765.9502737348906,771.0971601191812,762.6749823994329
2021-10-13 18:30:00,819.0,845.0,819.0,843.7000122070312,789.5322875976562,14757288.0,766.4180801076105,790.7488128094394,766.4180801076105
2021-10-17 18:30:00,852.5,862.5,833.5250244140625,835.1500244140625,781.53125,28856456.0,797.7673126363635,807.125286978139,780.0105791694615
2021-10-18 18:30:00,837.7249755859375,846.2249755859375,835.5,844.3499755859375,790.140625,8987540.0,783.9409663371423,791.8952453762804,781.8588396705757
2021-10-19 18:30:00,844.5499877929688,849.375,832.2249755859375,836.9249877929688,783.1922607421875,10908568.0,790.327716219395,794.8429502889365,778.7940013526002
2021-10-20 18:30:00,835.9000244140625,840.9749755859375,830.4249877929688,838.1500244140625,784.3386840820312,9738190.0,782.2331397429754,786.9822662811649,777.109614248012
2021-10-21 18:30:00,840.0499877929688,854.0,835.375,840.375,786.4207763671875,12175554.0,786.1166307748242,799.1710165314034,781.7417891509615
2021-10-24 18:30:00,845.0,845.0,806.9000244140625,828.5,775.3081665039062,16426766.0,790.7488240142435,790.7488240142435,755.0949649733542
2021-10-25 18:30:00,825.0,836.9249877929688,823.1749877929688,826.375,773.319580078125,12090656.0,772.0328586470465,783.1922312714548,770.3250169606707
2021-10-26 18:30:00,826.375,832.5250244140625,818.6500244140625,821.4000244140625,768.6640625,13249642.0,773.3196320532794,779.0748093238908,766.090619464881
2021-10-27 18:30:00,825.0,825.0,793.5750122070312,796.7999877929688,745.6434326171875,17797750.0,772.0329334003637,772.0329334003637,742.6255085423319
2021-10-28 18:30:00,795.0,801.0,780.0,791.4249877929688,740.6134643554688,12406874.0,743.9589515672715,749.5737361074018,729.9219902169456
2021-10-31 18:30:00,792.5,805.5,791.7750244140625,802.6500244140625,751.1178588867188,8122320.0,741.6194917607675,753.7848588180418,740.9410614445757
2021-11-01 18:30:00,803.0,811.0,800.0250244140625,803.375,751.7962646484375,13237722.0,751.44534061017,758.9317200932103,748.6613660865314
2021-11-02 18:30:00,802.5499877929688,804.9500122070312,787.7750244140625,790.7249755859375,739.9584350585938,10207338.0,751.0242516160887,753.2701884011461,737.197878202498
2021-11-03 18:30:00,797.5,798.9249877929688,795.0499877929688,796.9749755859375,745.8071899414062,1096808.0,746.2985064756734,747.6320064902674,744.0057911766709
2021-11-07 18:30:00,796.0499877929688,802.3499755859375,785.2249755859375,800.125,748.7549438476562,18943580.0,744.9415577689133,750.8370703527786,734.8115388253409
2021-11-08 18:30:00,797.2999877929688,797.2999877929688,784.5250244140625,786.125,735.6537475585938,12695476.0,746.1112723146045,746.1112723146045,734.1564945316613
2021-11-09 18:30:00,784.0,784.5,775.0,777.625,727.6995849609375,13714126.0,733.6652944663238,734.1331932510599,725.2431163410726
2021-11-10 18:30:00,775.0250244140625,777.4500122070312,767.7999877929688,774.1500244140625,724.4476318359375,7999404.0,725.2664546194623,727.5357520533504,718.5052836512886
2021-11-11 18:30:00,775.0,779.5250244140625,772.5250244140625,776.5,726.646728515625,14914092.0,725.2430323240301,729.4775386819591,722.9269564545162
2021-11-14 18:30:00,781.0499877929688,785.9249877929688,777.2000122070312,778.625,728.6353149414062,9533594.0,730.904612413564,735.4666251415645,727.3018149519153
2021-11-15 18:30:00,777.5,778.5999755859375,770.7999877929688,774.0,724.3073120117188,8245406.0,727.582603474304,728.6119579444965,721.312748394045
2021-11-16 18:30:00,768.4500122070312,772.0,764.25,765.4000244140625,716.25927734375,7598878.0,719.1134476897353,722.4355166864243,715.1830876005179
2021-11-17 18:30:00,763.0250244140625,771.75,762.625,769.7000122070312,720.2833251953125,9152874.0,714.0368884967193,722.2016985884679,713.6625466615229
2021-11-21 18:30:00,773.0,776.3499755859375,749.5250244140625,757.6749877929688,709.0303344726562,15261272.0,723.3714420794946,726.5063407477103,701.4036193856
2021-11-22 18:30:00,751.0,763.9000244140625,748.1749877929688,757.7750244140625,709.1239624023438,11235214.0,702.7839115916332,714.8557220008774,700.1402722718575
2021-11-23 18:30:00,762.0,768.1749877929688,757.0250244140625,759.0250244140625,710.293701171875,30802286.0,713.0776758128465,718.8562137965511,708.422106222235
2021-11-24 18:30:00,757.4000244140625,766.6500244140625,753.5,762.9749755859375,713.9900512695312,10251652.0,708.7730260715878,717.4291526623336,705.1233930948175
2021-11-25 18:30:00,750.0,753.3499755859375,742.5,744.9500122070312,697.122314453125,18624936.0,701.8480801025066,704.9829786803473,694.8295993014816
2021-11-28 18:30:00,747.4000244140625,753.8250122070312,731.0,750.625,702.4329223632812,12990996.0,699.4149985992442,705.4274854622762,684.0678984147324
2021-11-29 18:30:00,747.5,764.5,743.2750244140625,746.7750244140625,698.830078125,25221542.0,699.5085083466814,715.4170630515558,695.5547874504671
2021-11-30 18:30:00,747.5,753.5250244140625,744.5499877929688,752.3250122070312,704.0237426757812,8677634.0,699.5085091034117,705.1467109030004,696.7478955371545
2021-12-01 18:30:00,752.25,764.4000244140625,750.0,762.875,713.896484375,11203110.0,703.9536364032033,715.3235983422754,701.8480921268228
2021-12-02 18:30:00,762.9000244140625,767.9749755859375,753.5250244140625,756.7750244140625,708.188232421875,8124694.0,713.9199925667641,718.6691195650027,705.1468903041788
2021-12-05 18:30:00,756.5,759.4000244140625,748.6749877929688,751.9000244140625,703.6260986328125,7029532.0,707.9307438918171,710.6445792398034,700.6081177018816
2021-12-06 18:30:00,756.9749755859375,766.0,754.9500122070312,762.8499755859375,713.873046875,12427534.0,708.3752369718545,716.8208316271332,706.4802814453766
2021-12-07 18:30:00,768.0,777.5250244140625,767.0,776.9000244140625,727.02099609375,15295534.0,718.6923766942971,727.6058694471797,717.7565793288097
2021-12-08 18:30:00,772.5999755859375,777.3499755859375,761.0,763.4249877929688,714.4111328125,11747744.0,722.9970627041388,727.4421004421224,712.1418354958904
2021-12-09 18:30:00,762.4500122070312,764.0,754.2249755859375,761.2750244140625,712.399169921875,7779384.0,713.4987204148438,714.9491949236455,705.8017527309845
2021-12-12 18:30:00,763.0,768.8250122070312,753.5999755859375,755.5750122070312,707.065185546875,10322142.0,714.0134703454731,719.464502037147,705.2169512717943
2021-12-13 18:30:00,751.25,758.0,748.5250244140625,751.2249755859375,702.9945068359375,9191100.0,703.0179246218131,709.3345582207446,700.4678990896057
2021-12-14 18:30:00,751.5,761.6749877929688,747.8250122070312,750.0,701.84814453125,10115148.0,703.2518408203125,712.7735692244768,699.812796335419
2021-12-15 18:30:00,756.4000244140625,758.5,747.0,750.0499877929688,701.8948974609375,13210432.0,707.8372458051468,709.8023976917555,699.0407265336075
2021-12-16 18:30:00,748.5,753.0,733.8499755859375,736.5250244140625,689.23828125,14994768.0,700.4444335425557,704.6555223213686,686.7349772271347
2021-12-19 18:30:00,726.0,729.0,707.0499877929688,712.8250122070312,667.059814453125,21156668.0,679.3889341698829,682.1963264598411,661.6555614483385
2021-12-20 18:30:00,719.75,725.375,715.0,720.9000244140625,674.6163940429688,9118750.0,673.5402041456153,678.8040647198691,669.0951663273568
2021-12-21 18:30:00,726.1500244140625,728.0,717.8499755859375,722.5999755859375,676.2072143554688,8577484.0,679.5293409953787,681.2605434308314,671.7621764690725
2021-12-22 18:30:00,726.625,728.9000244140625,718.4249877929688,722.0499877929688,675.6925048828125,9779166.0,679.9737894341596,682.1027513772324,672.3002392895576
2021-12-23 18:30:00,722.75,726.0,714.0,719.4500122070312,673.2594604492188,5561024.0,676.3475804899253,679.3889220832733,668.1593531232193
2021-12-26 18:30:00,714.4500122070312,727.0,711.0750122070312,725.4000244140625,678.8275756835938,4705098.0,668.5805809358214,680.324828939178,665.4222641577338
2021-12-27 18:30:00,730.3499755859375,733.4500122070312,726.7000122070312,730.4000244140625,683.5064697265625,5450678.0,683.4596341615539,686.3606404814903,680.0440077919508
2021-12-28 18:30:00,728.0250244140625,730.5,723.7000122070312,726.9249877929688,680.2545776367188,7668702.0,681.2839891435909,683.6000650800983,677.2366535841128
2021-12-29 18:30:00,729.25,733.4249877929688,722.5,730.75,683.833984375,7215918.0,682.4302882045415,686.3372311223421,676.1136554374787
2021-12-30 18:30:00,730.75,742.4000244140625,730.75,739.7000122070312,692.2093505859375,6325736.0,683.8339524038007,694.7360149979426,683.8339524038007
2022-01-02 18:30:00,742.5,761.5,740.25,759.8250122070312,711.042236328125,9069184.0,694.8295357376066,712.6096854736531,692.7239916899169
2022-01-03 18:30:00,760.0,766.4500122070312,753.9000244140625,764.2750244140625,715.2066650390625,8857352.0,711.2061078358669,717.242013200678,705.4977658695926
2022-01-04 18:30:00,768.4000244140625,786.0,764.0499877929688,782.4249877929688,732.1912841796875,14332638.0,719.066759647386,735.5367713761124,714.9960066045779
2022-01-05 18:30:00,771.5,777.375,765.0250244140625,769.875,720.4470825195312,9628930.0,721.967753419475,727.4655635961949,715.9084876032401
2022-01-06 18:30:00,772.0,783.375,767.9500122070312,775.2750244140625,725.5003662109375,11179384.0,722.4356068198455,733.0803024514203,718.6456386996041
2022-01-09 18:30:00,779.0,786.0,772.75,779.5750122070312,729.5242919921875,8856496.0,728.9861970473102,735.536779049019,723.137463117213
2022-01-10 18:30:00,780.7750244140625,784.3499755859375,773.9000244140625,782.9500122070312,732.6826171875,8389198.0,730.6472691784858,733.992699333782,724.2136617774655
2022-01-11 18:30:00,784.0,788.3250122070312,776.0,778.3250122070312,728.3545532226562,21085530.0,733.6651922663265,737.7125276138084,726.1788127534048
2022-01-12 18:30:00,777.5,777.5,760.2000122070312,764.0,714.94921875,41963896.0,727.5824837410013,727.5824837410013,711.393200027693
2022-01-13 18:30:00,765.0,774.3499755859375,759.5,772.5750122070312,722.9738159179688,11208968.0,715.8851379327753,724.6348223275555,710.7382513201867
2022-01-16 18:30:00,765.0,778.0,759.5750122070312,760.75,711.907958984375,22989372.0,715.8850984200419,728.0504661056112,710.8084083284119
2022-01-17 18:30:00,766.5,775.4500122070312,761.5,764.625,715.5340576171875,12341152.0,717.2886776701968,725.6640754798688,712.609690862172
2022-01-18 18:30:00,767.0,769.875,756.6749877929688,759.2249755859375,710.4808349609375,14317626.0,717.7566833789662,720.4471011947609,708.0945627563246
2022-01-19 18:30:00,764.2249755859375,764.25,750.0499877929688,754.5,706.0592041015625,15197846.0,715.1598118180823,715.183229601881,701.8948938601593
2022-01-20 18:30:00,750.0,764.9000244140625,742.7999877929688,760.7999877929688,711.9547119140625,11537694.0,701.8481105455162,715.791515854972,695.1103572609701
2022-01-23 18:30:00,754.9749755859375,760.625,733.7750244140625,743.3250122070312,695.6016235351562,11868508.0,706.5036291281489,711.790907358927,686.6647696631117
2022-01-24 18:30:00,729.3250122070312,747.5,722.0,744.0250244140625,696.2567138671875,13594248.0,682.5004800615633,699.5085871279545,675.6457523831212
2022-01-26 18:30:00,725.0,742.5,717.5,737.4749755859375,690.127197265625,28617838.0,678.4531469966787,694.8296022690124,671.4346661656787
2022-01-27 18:30:00,738.75,743.3499755859375,730.0,731.625,684.65283203125,24925208.0,691.3203890833227,695.6250346492707,683.1321611246369
2022-01-30 18:30:00,736.375,745.7750244140625,733.4000244140625,742.8499755859375,695.1570434570312,12842546.0,689.0977784200682,697.8942964181327,686.3138041309852
2022-01-31 18:30:00,754.25,758.5,736.7249755859375,748.5,700.4443969726562,14739484.0,705.8252323535418,709.8023715481092,689.4253590634428
2022-02-01 18:30:00,755.9749755859375,767.5,752.7999877929688,765.5999755859375,716.446533203125,13969290.0,707.439482390718,718.2245712750496,704.4683367927917
2022-02-02 18:30:00,764.375,769.9749755859375,754.5,757.6749877929688,709.0303344726562,10564762.0,715.3001889256323,720.5406318948554,706.0591889378767
2022-02-03 18:30:00,764.2000122070312,766.4249877929688,757.0499877929688,762.0,713.0776977539062,11579958.0,715.1364636851665,717.218590284089,708.4454886877073
2022-02-06 18:30:00,756.0499877929688,759.5,730.0,734.0750122070312,686.945556640625,12268042.0,707.5096837189468,710.7381964956596,683.1321704303245
2022-02-07 18:30:00,738.2000122070312,739.2249755859375,722.2750244140625,730.9249877929688,683.9977416992188,13981130.0,690.8056910143061,691.7648491334083,675.9031280031979
2022-02-08 18:30:00,737.0,749.8499755859375,733.5,748.7999877929688,700.72509765625,11308342.0,689.6826995080589,701.7076735253208,686.4074085334615
2022-02-09 18:30:00,757.0,767.75,750.8250122070312,762.5499877929688,713.59228515625,14314530.0,708.398621088093,718.4584429859755,702.6200836537802
2022-02-10 18:30:00,750.125,762.5,749.75,759.4249877929688,710.6680297851562,10711104.0,701.9651241551181,713.5456186212665,701.6142000803864
2022-02-13 18:30:00,745.0,749.7249755859375,734.6500244140625,736.8499755859375,689.5423583984375,14656620.0,697.1691307967247,701.5907510950923,687.4836496114692
2022-02-14 18:30:00,738.0,762.4500122070312,736.5250244140625,758.9000244140625,710.1766967773438,13135066.0,690.6185075252026,713.4987662506672,689.238229154205
2022-02-15 18:30:00,767.1749877929688,767.375,753.5,757.875,709.217529296875,10032264.0,717.9204346111028,718.1076055341441,705.1234152402379
2022-02-16 18:30:00,756.5499877929688,761.0,751.0,753.25,704.889404296875,7351208.0,707.9775243494109,712.1418342780244,702.7838601087993
2022-02-17 18:30:00,749.1500244140625,758.5,745.2249755859375,756.1749877929688,707.6265869140625,7796128.0,701.0526444546318,709.8023272905024,697.3795939695534
2022-02-20 18:30:00,752.0,765.3499755859375,747.7750244140625,761.0499877929688,712.1886596679688,7468066.0,703.7197039099151,716.2125774026551,699.765982409433
2022-02-21 18:30:00,744.9000244140625,761.0499877929688,743.9749755859375,755.3499755859375,706.8545532226562,9536196.0,697.0755159478297,712.1886099012698,696.209857647376
2022-02-22 18:30:00,762.5499877929688,762.8499755859375,747.8250122070312,750.4500122070312,702.2692260742188,9029562.0,713.592352667638,713.873080486644,699.8127577039627
2022-02-23 18:30:00,724.9500122070312,737.4749755859375,703.5750122070312,709.7000122070312,664.1354370117188,23630766.0,678.4063475939694,690.1271759497945,658.4036778434378
2022-02-24 18:30:00,719.9749755859375,732.9500122070312,716.4249877929688,728.0499877929688,681.307373046875,18318654.0,673.7507966491863,685.8928037417243,670.4287268763292
2022-02-27 18:30:00,713.0,719.2750244140625,707.0250244140625,713.125,667.340576171875,24880832.0,667.2236014871822,673.0957535053741,661.6322344054892
2022-03-01 18:30:00,693.25,699.2000122070312,677.2000122070312,687.125,643.0098876953125,38505560.0,648.7416476547578,654.3096544672429,633.7221084904602
2022-03-02 18:30:00,690.5,696.0,681.4500122070312,685.5,641.4891357421875,17527922.0,646.1681228737863,651.3150087185448,637.699167588901
2022-03-03 18:30:00,680.0,693.0,668.4500122070312,683.25,639.3836059570312,21219364.0,636.3422642528815,648.5076310694807,625.5338151583654
2022-03-06 18:30:00,659.25,666.1749877929688,648.5250244140625,662.4000244140625,619.872314453125,27054458.0,616.9245293502244,623.4049159030243,606.8881235623637
2022-03-07 18:30:00,651.0999755859375,667.0,646.0,663.9000244140625,621.2759399414062,39212492.0,609.2976870802052,624.1768891432812,604.5251430083352
2022-03-08 18:30:00,665.0,687.3499755859375,659.4249877929688,685.5750122070312,641.559326171875,23134694.0,622.3052828761213,643.2203323186494,617.0882008482499
2022-03-09 18:30:00,713.5,713.5,690.125,696.3499755859375,651.6425170898438,22273206.0,667.6914658500247,667.6914658500247,645.8172009386801
2022-03-10 18:30:00,694.0,704.4749755859375,686.3499755859375,698.4000244140625,653.5609130859375,15150780.0,649.4433817670237,659.2458364766177,642.2845089628895
2022-03-13 18:30:00,707.5,725.0,707.5,721.2750244140625,674.9673461914062,25018126.0,662.0767131349869,678.4531689369124,662.0767131349869
2022-03-14 18:30:00,721.75,724.75,705.875,712.0,666.287841796875,18867928.0,675.4118677203575,678.2192603121982,660.5560819218667
2022-03-15 18:30:00,723.5,727.5,718.0999755859375,724.0750122070312,677.5875854492188,13364108.0,677.0494904640341,680.7926804596888,671.9961611232817
2022-03-16 18:30:00,736.0,744.9000244140625,735.2750244140625,740.0250244140625,692.5134887695312,14823954.0,688.746881415176,697.0755010615136,688.0684511517023
2022-03-20 18:30:00,743.5,746.8250122070312,736.4000244140625,743.25,695.531494140625,12257876.0,695.765443516387,698.8769816373319,689.1213040913631
2022-03-21 18:30:00,740.6500244140625,749.0,728.5999755859375,747.0750122070312,699.11083984375,10461814.0,693.098353094048,700.9122383788925,681.8219489596073
2022-03-22 18:30:00,753.5,759.4000244140625,736.7999877929688,739.625,692.13916015625,31188256.0,705.1233492347262,710.6445768066046,689.4955210466934
2022-03-23 18:30:00,733.0,734.8250122070312,717.2750244140625,721.3250122070312,675.0140991210938,20160044.0,685.93952279829,687.6473645478017,671.22413091639
2022-03-24 18:30:00,725.5,726.0,709.5,715.4500122070312,669.5162963867188,16366462.0,678.9210493269327,679.3889480514861,663.948290141225
2022-03-27 18:30:00,715.4500122070312,719.0,700.7999877929688,716.4000244140625,670.4052734375,15754886.0,669.5162544931684,672.8383238063171,655.8067998749772
2022-03-28 18:30:00,720.5,730.125,715.0,725.9000244140625,679.29541015625,12377448.0,674.2420809430911,683.2491316427125,669.0951948290217
2022-03-29 18:30:00,736.0,741.375,727.0250244140625,738.4749755859375,691.06298828125,20109742.0,688.7469124751822,693.7768236906089,680.3481533388308
2022-03-30 18:30:00,735.5,742.3499755859375,732.9500122070312,735.1749877929688,687.974853515625,14295714.0,688.2789990989702,694.6891885485168,685.8927271127579
2022-03-31 18:30:00,738.2000122070312,755.0,735.1500244140625,753.0,704.655517578125,14568556.0,690.8057259998988,706.5271125783324,687.9515550478917
2022-04-03 18:30:00,790.0,861.0499877929688,781.2750244140625,828.4000244140625,775.2146606445312,97450970.0,739.2800143171792,805.7684143080922,731.1152040942818
2022-04-04 18:30:00,833.3499755859375,833.3499755859375,801.0,804.125,752.4981079101562,30922582.0,779.8467649375319,779.8467649375319,749.573740943305
2022-04-05 18:30:00,793.8499755859375,794.9000244140625,773.6749877929688,775.4249877929688,725.640625,27027860.0,742.8826791872928,743.8653120659286,724.0029796909878
2022-04-06 18:30:00,770.6500244140625,770.6749877929688,756.8499755859375,758.375,709.6853637695312,40781732.0,721.1722998718208,721.1956605372436,708.2582498667109
2022-04-07 18:30:00,756.0499877929688,762.875,748.6500244140625,757.3250122070312,708.7027587890625,41256322.0,707.509594288743,713.8964227995248,700.5847279803062
2022-04-10 18:30:00,753.0,755.0,746.625,748.0750122070312,700.0467529296875,20799066.0,704.6555443696186,706.5271394409854,698.6898350796367
2022-04-11 18:30:00,742.0,753.4249877929688,740.0750122070312,746.75,698.8068237304688,27435402.0,694.3617853471816,705.0532609826203,692.5603864783172
2022-04-12 18:30:00,745.0,751.1500244140625,731.3250122070312,732.4749755859375,685.4482421875,28892520.0,697.1691285715119,702.9243059694253,684.3721093462098
2022-04-17 18:30:00,709.4249877929688,715.8250122070312,695.0250244140625,697.7249755859375,652.9293212890625,45620376.0,663.8781640232578,669.8672911766866,650.402713602867
2022-04-18 18:30:00,690.4500122070312,694.7750244140625,663.5,671.0999755859375,628.013671875,74096022.0,646.1213875528598,650.1687231151512,620.901633806875
2022-04-19 18:30:00,677.2249755859375,679.9500122070312,667.6749877929688,677.1500244140625,633.6752319335938,49325736.0,633.7453710453256,636.29545322895,624.8085173031893
2022-04-20 18:30:00,682.5,689.9000244140625,676.6500244140625,687.1749877929688,643.056640625,52446270.0,638.6817987018899,645.6067231021995,633.2074061310639
2022-04-21 18:30:00,680.0,687.6749877929688,674.5750122070312,677.7999877929688,634.2835083007812,20659148.0,636.3422741404268,643.524508237747,631.2655843325418
2022-04-24 18:30:00,675.0,685.3250122070312,661.125,682.875,639.0326538085938,20935488.0,631.6632492341948,641.3253688772705,618.6790602221586
2022-04-25 18:30:00,686.0,690.9749755859375,678.5750122070312,686.0250244140625,641.98046875,17016842.0,641.9570509671229,646.6126204361926,635.0087663212903
2022-04-26 18:30:00,680.0,689.5,678.0499877929688,686.2750244140625,642.2144165039062,18054334.0,636.3422646708045,645.2323404272349,634.5174482238076
2022-04-27 18:30:00,686.0,689.5,681.0499877929688,685.6749877929688,641.6528930664062,20773722.0,641.9570386552584,645.2323296688057,637.3248299413617
2022-04-28 18:30:00,690.1749877929688,702.375,685.7750244140625,692.2999877929688,647.8526000976562,28401476.0,645.8640304031856,657.2807713665148,641.7465556586802
2022-05-01 18:30:00,681.0250244140625,703.2249755859375,681.0250244140625,701.8499755859375,656.7894897460938,19494316.0,637.3015513975251,658.0762113815073,637.3015513975251
2022-05-03 18:30:00,700.0,701.7999877929688,675.0,678.0,634.470703125,29055916.0,655.0582480641592,656.7426721358721,631.6633106332964
2022-05-04 18:30:00,687.5,687.5,673.25,676.4749755859375,633.0435791015625,17862912.0,643.3607691923194,643.3607691923194,630.0256550672423
2022-05-05 18:30:00,665.0,667.5,656.5,658.7999877929688,616.5033569335938,26731268.0,622.3053126249852,624.6448062814701,614.3510341929365
2022-05-08 18:30:00,650.0,663.25,647.75,659.9249877929688,617.5560913085938,32762434.0,608.2683134837084,620.6676291047224,606.1627693216494
2022-05-09 18:30:00,657.5250244140625,676.5,657.5250244140625,670.5250244140625,627.4755859375,20113812.0,615.3102195153957,633.0669526579659,615.3102195153957
2022-05-10 18:30:00,676.5,677.5,664.3250122070312,674.2999877929688,631.0082397460938,17102924.0,633.0670056593522,634.0028031547836,621.6736825757839
2022-05-11 18:30:00,660.5499877929688,663.4000244140625,646.5,651.5250244140625,616.7843627929688,22382290.0,625.3280964613642,628.0261632360961,612.0272830721492
2022-05-12 18:30:00,655.0250244140625,659.0,643.5,645.6749877929688,611.246337890625,16768238.0,620.0978123194584,623.8608344529532,609.187324689644
2022-05-15 18:30:00,649.5,656.0,642.6500244140625,652.5499877929688,617.754638671875,9804356.0,614.8672826957121,621.0206889120664,608.382562333807
2022-05-16 18:30:00,656.2999877929688,658.5,649.0999755859375,657.0,621.9674682617188,16641444.0,621.3047820818717,623.3874853125446,614.4886886817793
2022-05-17 18:30:00,662.0250244140625,666.6500244140625,655.0,656.9500122070312,621.920166015625,15732384.0,626.7245687489848,631.1029547972003,620.0741322337622
2022-05-18 18:30:00,643.0999755859375,648.2000122070312,639.1500244140625,643.5250244140625,609.2109985351562,20537506.0,608.8086141504247,613.6367067414336,605.0692821799639
2022-05-19 18:30:00,651.5,662.0999755859375,646.1749877929688,660.4749755859375,625.2570190429688,13919350.0,616.7606085985483,626.7953705225891,611.7195375784358
2022-05-22 18:30:00,657.0,664.9749755859375,649.5499877929688,652.0,617.2340698242188,19486320.0,621.9674599302327,629.5171940370686,614.9146971161438
2022-05-23 18:30:00,650.0,662.5,648.4500122070312,659.4749755859375,624.3104858398438,12870796.0,615.3407344006453,627.1742100621962,613.8733949747416
2022-05-24 18:30:00,665.0,667.9749755859375,661.5999755859375,664.4000244140625,628.972900390625,12887112.0,629.5408840910824,632.3572280918651,626.3221557067814
2022-05-25 18:30:00,671.0750122070312,685.5,670.0,683.3499755859375,646.912353515625,26992428.0,635.2919163568214,648.9477342187919,634.2742260052379
2022-05-26 18:30:00,685.9000244140625,697.3499755859375,685.375,696.0250244140625,658.9115600585938,24031718.0,649.326445570491,660.1658621498103,648.8294165218157
2022-05-29 18:30:00,705.125,710.25,699.2249755859375,700.7750244140625,663.4082641601562,12624674.0,667.5262901343535,672.3780146327596,661.9408671117387
2022-05-30 18:30:00,697.9500122070312,702.4000244140625,690.0,694.4749755859375,657.4441528320312,13485388.0,660.7338934097787,664.9466218858126,653.2077920753914
2022-05-31 18:30:00,690.0,700.2249755859375,689.5750122070312,697.4249877929688,660.2369384765625,12091896.0,653.2078653942101,662.8876255046422,652.8055387723787
2022-06-01 18:30:00,693.625,694.0,689.2999877929688,692.5499877929688,655.621826171875,11475020.0,656.6395165606611,656.9945208046117,652.5451227243029
2022-06-02 18:30:00,699.1500244140625,700.375,688.1500244140625,690.1500244140625,653.349853515625,6957244.0,661.8699556291225,663.0296130823147,651.4564974904033
2022-06-05 18:30:00,688.1500244140625,693.5,680.3250122070312,689.2249755859375,652.47412109375,6173266.0,651.4564884687982,656.5211926538722,644.0487215665758
2022-06-06 18:30:00,681.0,687.1500244140625,677.0499877929688,681.2999877929688,644.9716796875,10253966.0,644.6876878569063,650.5097803969437,640.9482983756177
2022-06-07 18:30:00,686.6500244140625,690.5,678.5,683.7000122070312,647.2437133789062,5986588.0,650.036424833201,653.6811117575384,642.3209765785515
2022-06-08 18:30:00,681.125,691.0250244140625,678.5750122070312,688.8499755859375,652.1190795898438,7311816.0,644.806015573734,654.1781503456399,642.3919983690421
2022-06-09 18:30:00,680.0499877929688,683.9749755859375,671.7999877929688,675.5499877929688,639.5282592773438,9155430.0,643.7883099305161,647.5040092218784,635.9782170663667
2022-06-12 18:30:00,661.7999877929688,665.0,654.1500244140625,663.2999877929688,627.9314575195312,10892572.0,626.5114406288128,629.5408215518057,619.2693891545304
2022-06-13 18:30:00,655.625,663.0,652.5,656.0,621.020751953125,11870356.0,620.6657477122982,627.6474977818931,617.707379038741
2022-06-14 18:30:00,650.8250122070312,657.9000244140625,649.2000122070312,653.7249755859375,618.8670043945312,11810470.0,616.1216730760376,622.8194309622124,614.5833214454613
2022-06-15 18:30:00,655.0,660.2750244140625,639.0,640.6500244140625,606.4892578125,12169192.0,620.0740634178733,625.0678127660508,604.9272160672077
2022-06-16 18:30:00,637.5,649.5,635.7999877929688,644.875,610.4888916015625,14723922.0,603.5071423081932,614.8672767516416,601.8977783725784
2022-06-19 18:30:00,652.3499755859375,662.5,647.0750122070312,661.0750122070312,625.8251953125,15936840.0,617.5653947653956,627.1741999600592,612.5717027850421
2022-06-20 18:30:00,668.4500122070312,677.0,662.0250244140625,668.2750244140625,632.6412353515625,13220684.0,632.8068924380476,640.9009774209887,626.7244981154012
2022-06-21 18:30:00,666.125,668.4749755859375,661.5999755859375,665.125,629.6592407226562,8159698.0,630.6059187767403,632.8305890915806,626.3221774697528
2022-06-22 18:30:00,665.25,674.0,659.25,667.5750122070312,631.9785766601562,15372244.0,629.7775387566263,638.0609712468488,624.097470763331
2022-06-23 18:30:00,669.2750244140625,680.8250122070312,669.2750244140625,676.9000244140625,640.8063354492188,8013432.0,633.5879159905552,644.5220348931247,633.5879159905552
2022-06-26 18:30:00,685.0,688.0,676.0,678.125,641.966064453125,9804164.0,648.4744761664746,651.3145103686636,639.9543735599078
2022-06-27 18:30:00,672.0,675.5,669.2000122070312,672.9500122070312,637.0670166015625,9770574.0,636.1676608819845,639.4810341157448,633.5169738511049
2022-06-28 18:30:00,665.625,675.375,665.625,671.9749755859375,636.1438598632812,9994046.0,630.1324782999224,639.362587841217,630.1324782999224
2022-06-29 18:30:00,668.0,677.0,668.0,674.0,638.0609741210938,12475822.0,632.3809061022116,640.9010081305348,632.3809061022116
2022-06-30 18:30:00,671.9749755859375,680.0,665.0250244140625,676.875,640.7826538085938,11472452.0,636.1439086225995,643.7410224780701,629.5645429261943
2022-07-03 18:30:00,676.8499755859375,680.0999755859375,671.125,677.8250122070312,641.6820068359375,8487480.0,640.7589611464242,643.8356645501927,635.3392528781949
2022-07-04 18:30:00,682.0,689.6749877929688,674.1500244140625,676.2999877929688,640.23828125,14325718.0,645.6343570808499,652.9000987367396,638.202958341074
2022-07-05 18:30:00,674.0,686.7000122070312,673.5499877929688,685.625,649.0661010742188,15049078.0,638.0609693695875,650.0837914761512,637.6349527152158
2022-07-06 18:30:00,690.0,699.0,687.2249755859375,697.9000244140625,660.6865844726562,17743142.0,653.2078053283803,661.7279071370114,650.5807508251304
2022-07-07 18:30:00,705.0,705.0,697.375,698.5499877929688,661.3018798828125,12474030.0,667.4079643038475,667.4079643038475,660.1895448317669
2022-07-10 18:30:00,697.0,704.9500122070312,696.625,703.0750122070312,665.5856323242188,7462880.0,659.8345520397675,667.3606535366644,659.4795477972783
2022-07-11 18:30:00,702.625,702.625,694.7000122070312,695.9000244140625,658.793212890625,9876974.0,665.1595990343833,665.1595990343833,657.6571877869562
2022-07-12 18:30:00,695.0,697.0999755859375,677.125,678.9249877929688,642.7232666015625,15945610.0,657.9411250426687,659.9291254737102,641.0192579777223
2022-07-13 18:30:00,681.0,686.3250122070312,674.625,675.5250244140625,639.5047607421875,10372410.0,644.6878003419288,649.7288728919212,638.6527273211068
2022-07-14 18:30:00,676.5,682.4500122070312,673.4000244140625,681.0250244140625,644.71142578125,13595646.0,640.4276846012615,646.0604304121975,637.4930058328619
2022-07-17 18:30:00,674.0,683.0499877929688,671.0250244140625,673.7750244140625,637.8479614257812,20332220.0,638.0609408531288,646.6283647787831,635.2445970528642
2022-07-18 18:30:00,668.5,679.2750244140625,668.5,674.0250244140625,638.0846557617188,15792538.0,632.8542367511087,643.0547152126437,632.8542367511087
2022-07-19 18:30:00,679.9500122070312,685.5499877929688,677.625,682.5250244140625,646.1314086914062,20347862.0,643.6937013470418,648.9950749004665,641.492663496681
2022-07-20 18:30:00,680.2750244140625,684.75,679.0499877929688,680.375,644.0960693359375,12640278.0,644.0014246445072,648.237785747247,642.8417093809554
2022-07-21 18:30:00,683.0,698.5,681.2000122070312,696.25,659.1245727539062,12729592.0,646.5810889636165,661.2545983032007,644.877080080309
2022-07-24 18:30:00,697.5,702.2999877929688,691.6500244140625,698.2999877929688,661.065185546875,10143126.0,660.3078547606243,664.8518972587639,654.7698119942409
2022-07-25 18:30:00,698.0,701.0,693.1500244140625,696.875,659.71630859375,8527964.0,660.7813214686099,663.6213558015695,656.1899557425837
2022-07-26 18:30:00,694.4500122070312,703.0,692.125,702.2000122070312,664.7572631835938,9212778.0,657.4205091247603,665.5145939819267,655.219471350983
2022-07-27 18:30:00,707.5250244140625,712.0,705.5,708.4249877929688,670.650390625,17420406.0,669.7984150425293,674.0347762331419,667.8813688658449
2022-07-28 18:30:00,719.0,719.2999877929688,707.6500244140625,717.0999755859375,678.86279296875,20019736.0,680.6615043400415,680.9454961932345,669.9167317996424
2022-07-31 18:30:00,719.5,724.2249755859375,715.0250244140625,723.0750122070312,684.5192260742188,13193036.0,681.1348405708483,685.6078711371147,676.898479511382
2022-08-01 18:30:00,721.0,722.2999877929688,711.5250244140625,715.125,676.9931640625,15036510.0,682.5548977997728,683.7855677514658,673.5851460761737
2022-08-02 18:30:00,712.4749755859375,717.875,708.5,716.7999877929688,678.5787353515625,10975498.0,674.4843417078575,679.5964256924633,670.7213200112976
2022-08-03 18:30:00,720.0,723.3499755859375,706.4749755859375,715.9500122070312,677.7740478515625,12012206.0,681.6080817553095,684.7794295790012,668.8042401628611
2022-08-04 18:30:00,716.5,718.4749755859375,710.5750122070312,713.5250244140625,675.4784545898438,9268982.0,678.2947985756512,680.1644645453026,672.6857428860559
2022-08-07 18:30:00,714.0,732.25,713.5499877929688,731.0250244140625,692.0452880859375,15357736.0,675.9280724889151,693.2049454902074,675.5020558450844
2022-08-09 18:30:00,730.6749877929688,735.75,724.5250244140625,733.1500244140625,694.0570068359375,17353102.0,691.7139440904666,696.5183465521361,685.8919089915445
2022-08-10 18:30:00,743.25,745.5,737.2750244140625,742.8499755859375,703.2396850585938,18301766.0,703.6183793470861,705.7484047134244,697.9620017642866
2022-08-11 18:30:00,742.5,744.6500244140625,737.9749755859375,742.5750122070312,702.9794311523438,8850370.0,702.9084187458374,704.9437995689399,698.6246776607533
2022-08-15 18:30:00,747.4000244140625,754.25,744.0250244140625,751.0750122070312,711.026123046875,12563756.0,707.5470932825897,714.0318138560021,704.3520553352726
2022-08-16 18:30:00,750.0,756.375,742.875,754.9500122070312,714.6945190429688,12384350.0,710.0084517055847,716.0435235450822,703.2633714143817
2022-08-17 18:30:00,750.0,756.9500122070312,749.8250122070312,755.8499755859375,715.5465087890625,8342138.0,710.0084658675503,716.5878892073837,709.8428087816419
2022-08-18 18:30:00,755.0,756.0,745.0,746.5250244140625,706.7188110351562,8063702.0,714.7418839044774,715.6885618964038,705.2751039852128
2022-08-21 18:30:00,742.4000244140625,744.1749877929688,733.8499755859375,735.1749877929688,695.9739379882812,8234066.0,702.8137207240729,704.4940393871315,694.7195781706567
2022-08-22 18:30:00,726.6500244140625,737.9749755859375,725.2000122070312,732.9000244140625,693.8203735351562,14966884.0,687.9036356580337,698.6247184668651,686.5309409144127
2022-08-23 18:30:00,730.9500122070312,737.75,729.5999755859375,736.4249877929688,697.1573486328125,13455520.0,691.9743095906954,698.4117085642,690.696259596575
2022-08-24 18:30:00,739.9500122070312,743.4000244140625,728.5,732.4249877929688,693.37060546875,11823040.0,700.4943803550603,703.7604309305221,689.6549059666497
2022-08-25 18:30:00,736.0250244140625,740.9000244140625,730.5999755859375,732.5499877929688,693.4889526367188,7706176.0,696.778693332773,701.3937485514476,691.642918993121
2022-08-28 18:30:00,718.5,723.0,714.2999877929688,719.7000122070312,681.3241577148438,8653178.0,680.1881325761254,684.4481835108402,676.2120734809305
2022-08-29 18:30:00,723.2249755859375,744.9749755859375,721.5499877929688,743.0499877929688,703.4290161132812,10135400.0,684.661114814141,705.2513595511165,683.075440856041
2022-08-31 18:30:00,732.375,744.7249755859375,729.5,736.0750122070312,696.8260498046875,22403136.0,693.3233295007825,705.01478018178,690.601630135956
2022-09-01 18:30:00,736.0750122070312,745.25,732.5999755859375,742.75,703.1450805664062,12038086.0,696.8260165078848,705.5117755531663,693.5362758079048
2022-09-04 18:30:00,743.0499877929688,749.5,742.0499877929688,747.5250244140625,707.6654663085938,12131932.0,703.4290477623429,709.5351321703702,702.482369800808
2022-09-05 18:30:00,749.4500122070312,753.3250122070312,743.2249755859375,744.6749877929688,704.9673461914062,12238696.0,709.487756228485,713.1561330522964,703.5946516947567
2022-09-06 18:30:00,735.6500244140625,745.0,735.6500244140625,741.1500244140625,701.6304321289062,9776206.0,696.4237030597683,705.2751193650466,696.4237030597683
2022-09-07 18:30:00,745.0499877929688,750.0,741.0750122070312,748.7999877929688,708.8724365234375,11164690.0,705.3223942153467,710.0084616181538,701.5593724810251
2022-09-08 18:30:00,748.0999755859375,754.5,747.0250244140625,749.2999877929688,709.3457641601562,15128888.0,708.2097390835974,714.2685009714878,707.1921065293857
2022-09-11 18:30:00,750.0,752.0,745.0,746.7750244140625,706.9554443359375,11080492.0,710.0084575913257,711.9018134782359,705.2750678740501
2022-09-12 18:30:00,749.4500122070312,757.9500122070312,749.2750244140625,756.5499877929688,716.2091674804688,13001966.0,709.4877773732925,717.534539678244,709.3221202937293
2022-09-13 18:30:00,747.0250244140625,769.4500122070312,746.1749877929688,764.3250122070312,723.5696411132812,20219760.0,707.1921240116534,728.4213656433966,706.3874130797399
2022-09-14 18:30:00,765.0,770.4749755859375,756.0,760.3499755859375,719.806640625,13539372.0,724.2087167212493,729.3917559933695,715.6886141715876
2022-09-15 18:30:00,751.5499877929688,757.3499755859375,741.5,746.375,706.5768432617188,20560046.0,711.4758907092803,716.9666119495581,701.9617876785321
2022-09-18 18:30:00,744.5,757.0,740.0,751.2999877929688,711.2392578125,12076038.0,704.8018581724272,716.6353346360341,700.5418066455287
2022-09-19 18:30:00,757.0,762.0,754.9500122070312,760.3499755859375,719.806640625,10781668.0,716.6352922326611,721.3686825380287,714.694613763589
2022-09-20 18:30:00,754.0,760.75,752.5,759.1749877929688,718.6943359375,9072304.0,713.7952883198161,720.1853655030505,712.3752711679862
2022-09-21 18:30:00,751.0,755.0750122070312,741.375,743.0,703.3817138671875,12048144.0,710.955137435071,714.812861621089,701.8433622049612
2022-09-22 18:30:00,736.1749877929688,737.5,718.5,723.0750122070312,684.5192260742188,15806252.0,696.9206851182904,698.1750450604594,680.1881625436476
2022-09-25 18:30:00,712.6749877929688,718.2249755859375,709.0,713.3250122070312,675.2891235351562,8923486.0,674.6737596977232,679.9278112565614,671.1947294615087
2022-09-26 18:30:00,716.2000122070312,720.0,703.5,706.9249877929688,669.2302856445312,12639700.0,678.0107465776804,681.6081111638067,665.9879252829694
2022-09-27 18:30:00,703.0,705.2999877929688,692.9500122070312,694.7750244140625,657.7282104492188,11816132.0,665.5146136488581,667.6919614261478,656.0005115959231
2022-09-28 18:30:00,698.1500244140625,701.0999755859375,689.4000244140625,691.1749877929688,654.3201293945312,14410388.0,660.9232428535685,663.7158966193714,652.6398106789119
2022-09-29 18:30:00,689.4000244140625,715.7249755859375,682.5,710.6749877929688,672.7803344726562,15781756.0,652.6397959370244,677.561046520772,646.1076950288735
2022-10-02 18:30:00,704.9749755859375,708.9249877929688,700.5499877929688,706.5999755859375,668.9226684570312,11541112.0,667.3843166684661,671.1237064183372,663.1952779695787
2022-10-03 18:30:00,714.75,729.0,713.0750122070312,726.5,687.7615966796875,11538526.0,676.638129699665,690.1282917818199,675.0524555373647
2022-10-05 18:30:00,729.9749755859375,731.2999877929688,717.0999755859375,718.5,680.1881713867188,12549198.0,691.0512787778197,692.3056387362966,678.8627990191503
2022-10-06 18:30:00,715.125,717.4749755859375,710.1749877929688,715.4000244140625,677.2533569335938,13297994.0,676.992997412618,679.2176672476403,672.306930499467
2022-10-09 18:30:00,704.0,713.0,699.0999755859375,707.5,669.774658203125,13109302.0,666.4612853356891,674.9813869948101,661.8225402090238
2022-10-10 18:30:00,700.5499877929688,708.5,699.7249755859375,700.3250122070312,662.9822998046875,14521620.0,663.1952792481815,670.7213811074919,662.4142583209682
2022-10-11 18:30:00,701.5999755859375,707.4249877929688,698.6500244140625,704.9000244140625,667.3132934570312,9225050.0,664.1892100752841,669.7036205529012,661.3965564168059
2022-10-12 18:30:00,701.0250244140625,703.125,692.0,696.7999877929688,659.645263671875,14714234.0,663.6450131620727,665.6330139849169,655.1012205192
2022-10-13 18:30:00,708.5,723.5,707.625,719.5,681.1348266601562,12849920.0,670.7213685736215,684.9215386916234,669.8930253167381
2022-10-16 18:30:00,717.5,728.7999877929688,713.5,723.2750244140625,684.70849609375,18410500.0,679.2414079903542,689.9388569363749,675.454696308178
2022-10-17 18:30:00,729.0250244140625,731.4500122070312,720.0,721.9249877929688,683.4304809570312,10561108.0,690.1519292027847,692.4476117206183,681.6081374235195
2022-10-18 18:30:00,732.0,738.7000122070312,726.7000122070312,729.3250122070312,690.4359741210938,12967040.0,692.968326325787,699.3110807594875,687.9509442623435
2022-10-19 18:30:00,722.0,726.4500122070312,721.25,724.4000244140625,685.7736206054688,7898078.0,683.501570113333,687.7142991029858,682.7915615571211
2022-10-20 18:30:00,726.0,728.8250122070312,717.0,719.2999877929688,680.9454345703125,10492606.0,687.2881883606218,689.9625651125049,678.768086852019
2022-10-23 18:30:00,727.1500244140625,731.5,727.1500244140625,730.5250244140625,691.5719604492188,2167794.0,688.3769222390107,692.4949483754677,688.3769222390107
2022-10-24 18:30:00,730.5499877929688,733.9000244140625,722.5,725.4500122070312,686.767578125,13773394.0,691.5956128933714,694.7670189147169,683.9748664222344
2022-10-26 18:30:00,732.25,733.6749877929688,725.625,727.2000122070312,688.4241333007812,15937276.0,693.2048448123265,694.5538491713356,686.933104154243
2022-10-27 18:30:00,725.0,733.5,723.7000122070312,729.3499755859375,690.4595947265625,10474278.0,686.3415684282495,694.3883316443048,685.110898551334
2022-10-30 18:30:00,736.0,749.0,733.625,748.3499755859375,708.4464721679688,12830528.0,696.7550217495098,709.061835992368,694.5066614551414
2022-10-31 18:30:00,751.75,764.5,749.4500122070312,756.625,716.2802734375,19073756.0,711.6652179833346,723.7353630173054,709.487870043139
2022-11-01 18:30:00,758.5,764.125,755.7999877929688,757.0999755859375,716.7298583984375,12720406.0,718.0552306509842,723.3802941610854,715.4991886100082
2022-11-02 18:30:00,748.8499755859375,760.125,748.5,753.7750244140625,713.5822143554688,10332352.0,708.9197790999174,719.5935963898347,708.5884649206265
2022-11-03 18:30:00,751.5999755859375,758.0499877929688,744.7999877929688,748.5750122070312,708.6595458984375,10818060.0,711.5232123840913,717.6292974752805,705.0858130815516
2022-11-06 18:30:00,755.0,756.0,746.0499877929688,754.4000244140625,714.1738891601562,9835834.0,714.7418728342593,715.6885508115232,706.2690933816195
2022-11-08 18:30:00,757.5250244140625,758.9749755859375,752.0,754.1749877929688,713.9608764648438,9269790.0,717.1322824659693,718.5049193556288,711.9018633497144
2022-11-09 18:30:00,748.5499877929688,763.5,747.5250244140625,762.375,721.7236328125,12774182.0,708.6357980412447,722.7886455515248,707.6654877696277
2022-11-10 18:30:00,772.5,818.5,769.0,805.5750122070312,762.6201782226562,56722338.0,731.3087903049284,774.8559804072283,727.9954171449708
2022-11-13 18:30:00,806.0,814.0,799.0,807.5250244140625,764.4661254882812,19195390.0,763.0224185196467,770.5958420285266,756.3956729493768
2022-11-14 18:30:00,811.5750122070312,811.5750122070312,802.625,809.5,766.3358154296875,11030202.0,768.3001837702703,768.3001837702703,759.8274043968535
2022-11-15 18:30:00,809.3250122070312,821.0,806.0,816.4500122070312,772.9152221679688,13578150.0,766.1701417887546,777.2225952750589,763.0224260556607
2022-11-16 18:30:00,809.0499877929688,815.7750244140625,806.9500122070312,809.0750122070312,765.9334716796875,12100930.0,765.9097816187531,772.2762254819945,763.9217810419066
2022-11-17 18:30:00,810.5,811.5,802.625,806.9500122070312,763.9218139648438,10459232.0,767.2825092660813,768.2291872540715,759.8274201106582
2022-11-20 18:30:00,803.8250122070312,806.0,795.0999755859375,798.6749877929688,756.0880126953125,8344816.0,760.9634273308967,763.0224403501558,752.7036274118254
2022-11-21 18:30:00,800.0,802.1749877929688,795.5,797.5,754.9757080078125,8546314.0,757.3424030172414,759.4014161193165,753.0823520002695
2022-11-22 18:30:00,802.5,802.5,797.0,799.5750122070312,756.9401245117188,10185738.0,759.7091462925441,759.7091462925441,754.5024169410065
2022-11-23 18:30:00,802.9749755859375,816.0,799.5750122070312,812.5750122070312,769.246826171875,17197960.0,760.1586834269335,772.489186507646,756.9400131515326
2022-11-24 18:30:00,814.8499755859375,815.8499755859375,807.0499877929688,808.8250122070312,765.6968383789062,8410496.0,771.400538611901,772.3472166038309,764.0164618309748
2022-11-27 18:30:00,801.4500122070312,803.7249755859375,797.0250244140625,800.125,757.4607543945312,16105980.0,758.7151143331906,760.8687721706614,754.526075630677
2022-11-28 18:30:00,798.625,806.1749877929688,796.4249877929688,798.9249877929688,756.3246459960938,12638236.0,756.040654176102,763.1880609189634,753.9579511951042
2022-11-29 18:30:00,798.5499877929688,806.4500122070312,798.5499877929688,804.2249755859375,761.342041015625,15184806.0,755.969655277555,763.4484340945068,755.969655277555
2022-11-30 18:30:00,811.0,818.5,807.5,809.75,766.5724487304688,20446366.0,767.755796135116,774.8558805629993,764.4424234021038
2022-12-01 18:30:00,805.0,809.2999877929688,802.5750122070312,803.5499877929688,760.703125,7811078.0,762.0758197096427,766.1465237122118,759.7801370262731
2022-12-04 18:30:00,804.9749755859375,807.2999877929688,798.0999755859375,806.4749755859375,763.47216796875,11592622.0,762.0521508738351,764.253188927082,755.5437391888083
2022-12-05 18:30:00,800.5,806.8499755859375,800.0,805.5750122070312,762.6201782226562,12353092.0,757.8157755845892,763.8271580625411,757.3424365617382
2022-12-06 18:30:00,807.0750122070312,809.2999877929688,802.2249755859375,805.2249755859375,762.2887573242188,11674720.0,764.0401462647712,766.1464816690436,759.4487233693498
2022-12-07 18:30:00,805.0,813.0,802.5,809.75,766.5724487304688,14803634.0,762.0757285928094,769.6491519825515,759.7090337835149
2022-12-08 18:30:00,813.0,817.4249877929688,810.0,815.5250244140625,772.03955078125,11963384.0,769.6491658684815,773.8382042003839,766.8091320460886
2022-12-11 18:30:00,812.5,826.7999877929688,810.7000122070312,821.875,778.051025390625,14434808.0,769.1759186371198,782.7134032490045,767.4719096965754
2022-12-12 18:30:00,825.0,828.5,822.5,824.1500244140625,780.2046508789062,17031702.0,781.0093040192777,784.322676824208,778.6426091586131
2022-12-13 18:30:00,826.5,832.75,825.0,831.125,786.8077392578125,14227640.0,782.4293535828931,788.3460909814328,781.0093366072435
2022-12-14 18:30:00,828.5250244140625,834.7000122070312,813.5250244140625,815.9000244140625,772.3945922851562,18182648.0,784.3464018645261,790.1921268749417,770.146232067255
2022-12-15 18:30:00,810.0250244140625,822.5499877929688,804.5,819.8250122070312,776.1102905273438,14647958.0,766.8328578314446,778.6899649239426,761.6024388526127
2022-12-18 18:30:00,822.0,823.3250122070312,813.0999755859375,822.375,778.5243530273438,9604542.0,778.1693487623974,779.4237087213362,769.7438910954138
2022-12-19 18:30:00,810.0999755859375,818.2000122070312,810.0999755859375,816.7000122070312,773.1519775390625,7174698.0,766.903867720086,774.5719946187421,766.903867720086
2022-12-20 18:30:00,820.5,822.4000244140625,803.2750244140625,808.7999877929688,765.6732177734375,9269198.0,776.7493628398976,778.548074299987,760.4428560619455
2022-12-21 18:30:00,811.0999755859375,813.75,804.5,806.0250244140625,763.046142578125,9747096.0,767.850487106121,770.3592068674686,761.6024355451656
2022-12-22 18:30:00,793.5,802.0750122070312,792.7249755859375,798.8250122070312,756.2300415039062,10693152.0,751.1889697537788,759.3067449086949,750.455271214228
2022-12-25 18:30:00,799.75,819.5,795.0,814.7249755859375,771.2821655273438,9907322.0,757.105686415071,775.8025758263841,752.6089661769071
2022-12-26 18:30:00,816.5,817.9749755859375,806.75,815.5499877929688,772.0632934570312,7926772.0,772.9626491855131,774.358976235593,763.7325379429427
2022-12-27 18:30:00,811.5499877929688,816.5,811.5499877929688,814.9000244140625,771.4478759765625,8691870.0,768.2764702109968,772.9625375674409,768.2764702109968
2022-12-28 18:30:00,810.0499877929688,821.75,805.5,820.6500244140625,776.8912963867188,11012896.0,766.8564752725806,777.9326190377025,762.5491020807658
2022-12-29 18:30:00,822.5,822.5,810.0,814.0750122070312,770.6669311523438,7122640.0,778.6426820230166,778.6426820230166,766.8092066123324
2023-01-01 18:30:00,813.5,819.875,809.2750244140625,814.3499755859375,770.92724609375,4381378.0,770.122592864354,776.1576654267515,766.1229012195713
2023-01-02 18:30:00,811.0999755859375,821.5,811.0999755859375,819.6749877929688,775.9682006835938,8378030.0,767.8504260872918,777.6958994173672,767.8504260872918
2023-01-03 18:30:00,817.5,822.875,803.5,805.0250244140625,762.0995483398438,10351600.0,773.9093343356435,778.99772904152,760.655841148244
2023-01-04 18:30:00,807.5,809.0250244140625,794.7000122070312,799.8499755859375,757.2003173828125,10941436.0,764.4424266422033,765.8861335942461,752.3249607233827
2023-01-05 18:30:00,801.0,804.5499877929688,789.0999755859375,797.2000122070312,754.691650390625,9092462.0,758.2890149353148,761.6497099996876,747.0235245599769
2023-01-08 18:30:00,798.0,805.7750244140625,795.0,798.75,756.1589965820312,10729340.0,755.4489881345364,762.8094321524873,752.6089543445569
2023-01-09 18:30:00,800.0,800.0,782.5,784.1500244140625,742.3375854492188,16371766.0,757.3424088115413,757.3424088115413,740.7755436187888
2023-01-10 18:30:00,783.9749755859375,799.0,780.0,795.4500122070312,753.0349731445312,15195798.0,742.1718091980973,756.3956682495882,738.4087875277582
2023-01-11 18:30:00,793.9000244140625,801.9500122070312,792.0750122070312,799.7000122070312,757.0584716796875,9250070.0,751.5677503750978,759.1884973584146,749.8400513240015
2023-01-12 18:30:00,799.375,804.9500122070312,793.0,800.3250122070312,757.6500854492188,9244546.0,756.750729788885,762.0284712196939,750.7156575106625
2023-01-15 18:30:00,807.5,810.6500244140625,790.1500244140625,792.6500244140625,750.3843383789062,14748094.0,764.4424835397972,767.4245423463568,748.017643383427
2023-01-16 18:30:00,794.9000244140625,805.5,788.75,804.4500122070312,761.5551147460938,10786354.0,752.5143515673539,762.5491150718101,746.6922588614403
2023-01-17 18:30:00,802.5,820.7999877929688,799.8499755859375,818.6500244140625,774.9979858398438,19090642.0,759.7091126719464,777.0333089188046,757.200392801334
2023-01-18 18:30:00,818.5,825.0,816.5,822.0499877929688,778.2166137695312,11172162.0,774.8559185317824,781.0093253374716,772.9625625915704
2023-01-19 18:30:00,822.0499877929688,834.5,821.7000122070312,830.4749755859375,786.1923217773438,18843404.0,778.2165718647993,790.0027235140965,777.8852577053577
2023-01-22 18:30:00,833.125,841.2999877929688,830.7000122070312,836.5499877929688,791.9434814453125,15444400.0,788.701120801895,796.4402020140254,786.4054381729433
2023-01-23 18:30:00,837.5250244140625,851.2000122070312,837.5,847.75,802.5462036132812,24983940.0,792.8664450305238,805.8122539809278,792.8427549703604
2023-01-24 18:30:00,845.7000122070312,846.4749755859375,822.6500244140625,824.3250122070312,780.370361328125,14704142.0,800.6056037705797,801.3392445591735,778.7846872191718
2023-01-26 18:30:00,816.0,818.5,794.9749755859375,807.9000244140625,764.8211669921875,35179948.0,772.4892355564111,774.8559305182873,752.5853078147762
2023-01-29 18:30:00,797.5,812.6500244140625,791.0,807.0750122070312,764.0401611328125,18512822.0,754.9757076943356,769.3179025577755,748.8223006723755
2023-01-30 18:30:00,809.8499755859375,811.3499755859375,797.5,801.75,758.9990234375,18596244.0,766.667091488132,768.0871083701478,754.9756422717883
2023-01-31 18:30:00,812.0,832.5,803.0,813.7750244140625,770.3828735351562,17302790.0,768.7024970580272,788.1093950748863,760.18239548965
2023-02-01 18:30:00,804.0499877929688,812.25,794.375,801.6749877929688,758.9281005859375,17497106.0,761.1764609144216,768.9392323415261,752.0173625008308
2023-02-02 18:30:00,805.5,830.25,803.5,829.4000244140625,785.1747436523438,14411100.0,762.5491167048964,785.9793968271139,760.6557607354243
2023-02-05 18:30:00,830.0,834.7000122070312,823.0999755859375,825.875,781.8377075195312,11167672.0,785.7427543408033,790.1921525781385,779.2106529093284
2023-02-06 18:30:00,829.7000122070312,832.4500122070312,816.2999877929688,827.0999755859375,782.9973754882812,10264588.0,785.4587730346269,788.0621376170855,772.7732643205723
2023-02-07 18:30:00,827.125,834.0999755859375,825.0,827.0,782.9026489257812,8444826.0,783.0209836671545,789.6240391235308,781.0092930638084
2023-02-08 18:30:00,830.0,830.8250122070312,817.7750244140625,825.2750244140625,781.2697143554688,11777336.0,785.7427448206556,786.5237657315753,774.1696293119086
2023-02-09 18:30:00,824.4000244140625,829.25,821.0999755859375,828.5499877929688,784.3701171875,8172116.0,780.4414377960402,785.032803404326,777.317353885381
2023-02-12 18:30:00,827.5,830.875,822.2750244140625,829.1749877929688,784.961669921875,5736944.0,783.3759959273335,786.5710339771882,778.4296267994425
2023-02-13 18:30:00,832.5,838.75,828.9749755859375,836.8499755859375,792.2274169921875,10908592.0,788.1093910341734,794.0261282040997,784.7723281580804
2023-02-14 18:30:00,839.0,839.0,828.375,835.1500244140625,790.6181640625,11438712.0,794.262851292887,794.262851292887,784.204397425203
2023-02-15 18:30:00,836.5999755859375,840.9500122070312,830.5,832.125,787.7544555664062,8062500.0,791.9908166376073,796.1089007357218,786.216103767944
2023-02-16 18:30:00,830.5,834.0750122070312,821.4749755859375,827.9500122070312,783.802001953125,8956270.0,786.2160191131189,789.6004042614547,777.6722277016523
2023-02-19 18:30:00,830.0,834.7249755859375,817.4000244140625,820.1749877929688,776.4415893554688,8086706.0,785.7427119293137,790.2157422072587,773.8145926677021
2023-02-20 18:30:00,820.0,831.1749877929688,817.0,823.25,779.3526611328125,12389296.0,776.2759576421577,786.8550727038969,773.4359236507838
2023-02-21 18:30:00,819.5,820.9749755859375,804.5250244140625,807.0999755859375,764.063720703125,10359102.0,775.8025499401597,777.1988767500069,761.6260713009138
2023-02-22 18:30:00,806.5,809.4249877929688,796.0499877929688,801.625,758.8806762695312,27882010.0,763.4957310605046,766.2647523789618,753.6029353883428
2023-02-23 18:30:00,808.9500122070312,808.9500122070312,792.5999755859375,794.4749755859375,752.112060546875,17061740.0,765.8152607157074,765.8152607157074,750.3370391089935
2023-02-26 18:30:00,792.9500122070312,799.5,788.6500244140625,796.4500122070312,753.981689453125,14312972.0,750.6683165199346,756.8690457387776,746.5976127581428
2023-02-27 18:30:00,796.0,802.6500244140625,794.3499755859375,799.7999877929688,757.1530151367188,18993992.0,753.5556504719998,759.8510819707354,751.9936087375356
2023-02-28 18:30:00,806.0,806.5,797.875,799.0250244140625,756.41943359375,14137256.0,763.0224897194503,763.4958287329239,755.3307307505042
2023-03-01 18:30:00,797.0,802.9749755859375,791.0,792.2249755859375,749.9818725585938,17391814.0,754.5022826213072,760.1586599339753,748.8222152490013
2023-03-02 18:30:00,798.0,810.0,794.0,807.9500122070312,764.8684692382812,14986234.0,755.4490119813835,766.8091474999005,751.6623001418777
2023-03-05 18:30:00,810.0,819.7249755859375,809.0250244140625,813.6500244140625,770.2645874023438,27004710.0,766.8091895470669,776.0156100994345,765.8862015978312
2023-03-07 18:30:00,810.0,819.75,810.0,815.2750244140625,771.8029174804688,20099774.0,766.8091679963849,776.039278351897,766.8091679963849
2023-03-08 18:30:00,814.9749755859375,822.9749755859375,813.5,815.3499755859375,771.8739013671875,20700166.0,771.5188971092862,779.0923212778464,770.1225701404643
2023-03-09 18:30:00,805.2249755859375,806.875,792.5,794.3250122070312,751.9700317382812,27387000.0,762.2887875145955,763.8508293638935,750.2423327911828
2023-03-12 18:30:00,793.9500122070312,801.9000244140625,782.4749755859375,784.2750244140625,742.4559326171875,26443550.0,751.6150309707979,759.1411328403547,740.751865944351
2023-03-13 18:30:00,785.125,791.7999877929688,779.6500244140625,782.1749877929688,740.4677734375,33185612.0,743.2604847931999,749.5795482072941,738.077446413025
2023-03-14 18:30:00,789.0,791.4500122070312,768.2999877929688,770.9500122070312,729.8414306640625,37264754.0,746.9289573593102,749.248330063132,727.3327108002192
2023-03-15 18:30:00,769.5,779.5499877929688,766.0250244140625,775.9500122070312,734.5747680664062,21753342.0,728.4686837227395,737.982785579755,725.1790009533352
2023-03-16 18:30:00,778.75,789.5999755859375,770.0,786.3250122070312,744.3965454101562,22950876.0,737.2254484326775,747.4968810064513,728.9420164278159
2023-03-19 18:30:00,783.9749755859375,784.0499877929688,772.7000122070312,780.875,739.2371826171875,26503114.0,742.1718613024195,742.2428737084866,731.4981015299404
2023-03-20 18:30:00,785.9749755859375,791.25,778.0999755859375,789.7249755859375,747.6152954101562,33050494.0,744.0652527440902,749.0590025399467,736.6101631453514
2023-03-21 18:30:00,792.0,793.0250244140625,782.6500244140625,787.9000244140625,745.8876953125,14177324.0,749.7690523957248,750.7394205568537,740.917635306089
2023-03-22 18:30:00,783.875,795.1749877929688,779.2750244140625,781.5750122070312,739.8998413085938,28364178.0,742.0771890697815,752.7746385074203,737.722493547406
2023-03-23 18:30:00,780.0,786.9500122070312,777.4749755859375,780.3250122070312,738.716552734375,31477748.0,738.4088708154069,744.9882947461084,736.018485653395
2023-03-26 18:30:00,781.0999755859375,789.7249755859375,779.4500122070312,783.7249755859375,741.9351196289062,31872006.0,739.4500901227714,747.6151870715003,737.8881062444385
2023-03-27 18:30:00,782.8499755859375,791.4500122070312,782.0499877929688,790.0999755859375,747.97021484375,39276302.0,741.1067998011212,749.2482647269658,740.3494690077168
2023-03-28 18:30:00,792.0,801.0,790.9500122070312,793.9000244140625,751.5676879882812,39763612.0,749.7689766744074,758.2890786820711,748.7749763296413
2023-03-30 18:30:00,797.7999877929688,806.4749755859375,796.2000122070312,804.7750244140625,761.8627319335938,34711228.0,755.2596188966895,763.4720381429922,753.7449573652673
2023-04-02 18:30:00,803.7750244140625,807.8499755859375,801.375,805.2750244140625,762.3361206054688,40025398.0,760.916103659407,764.7737701383646,758.6440534334533
2023-04-04 18:30:00,809.2999877929688,828.0,808.0,826.875,782.7843017578125,43365392.0,766.1464258287228,783.8493144132652,764.9157560941043
2023-04-05 18:30:00,824.2750244140625,834.5999755859375,823.5499877929688,833.1749877929688,788.7484130859375,44637344.0,780.3230137466818,790.0974176490104,779.6366375439686
2023-04-09 18:30:00,831.625,835.5,827.0,829.2249755859375,785.009033203125,31813286.0,787.2810834915474,790.9494607030667,782.902697787476
2023-04-10 18:30:00,829.5,834.7000122070312,825.5499877929688,831.6500244140625,787.3047485351562,42361542.0,785.26936780893,790.1921047569881,781.5299783108553
2023-04-11 18:30:00,834.0,844.0999755859375,833.9000244140625,842.4500122070312,797.5289306640625,26955504.0,789.5294896267043,799.0909147701184,789.4348449344496
2023-04-12 18:30:00,844.1500244140625,848.5250244140625,839.0750122070312,846.2249755859375,801.1024780273438,35330086.0,799.1381676210906,803.279883408837,794.333765751178
2023-04-16 18:30:00,860.0,860.0,826.6500244140625,833.3250122070312,788.8904418945312,32405148.0,814.1430655398879,814.1430655398879,782.571377912893
2023-04-17 18:30:00,835.0,838.625,828.2000122070312,829.7999877929688,785.5534057617188,29637226.0,790.4761429987975,793.9078508052294,784.0387440490672
2023-04-18 18:30:00,832.5,835.1500244140625,828.5750122070312,832.8499755859375,788.4407958984375,24741168.0,788.1094816910648,790.6182016519483,784.3937818770584
2023-04-19 18:30:00,835.8499755859375,838.7249755859375,833.2000122070312,835.9500122070312,791.3754272460938,32922716.0,791.2807247846998,794.002423833816,788.7720629382435
2023-04-20 18:30:00,834.5,838.4749755859375,831.625,837.2999877929688,792.6533813476562,20128618.0,790.0026948264741,793.7657163061147,787.2809959078089
2023-04-23 18:30:00,843.5,845.7249755859375,837.0499877929688,844.0750122070312,799.0671997070312,35675852.0,798.5228483313539,800.6291836512714,792.4167640167948
2023-04-24 18:30:00,843.8499755859375,843.8499755859375,830.9500122070312,832.0750122070312,787.70703125,50353068.0,798.8541289397548,798.8541289397548,786.6420186043182
2023-04-25 18:30:00,830.0,837.5,827.5,835.9000244140625,791.3280639648438,27392750.0,785.7426413538107,792.8427254624295,783.3759466509377
2023-04-26 18:30:00,835.25,842.625,832.9249877929688,840.5,795.682861328125,47790392.0,790.7128018135829,797.6945520840111,788.5117639010149
2023-04-27 18:30:00,842.3499755859375,845.5,835.0,843.7999877929688,798.806884765625,27916272.0,797.4341901096315,800.4162489215953,790.4761299225689
2023-05-01 18:30:00,844.3499755859375,849.5,841.0,843.625,798.6411743164062,32221184.0,799.3274927082318,804.202907194295,796.1561447326687
2023-05-02 18:30:00,842.4749755859375,848.0,839.8250122070312,846.5750122070312,801.4338989257812,29407270.0,797.5524846534473,802.7829034515152,795.0438227485433
2023-05-03 18:30:00,843.5499877929688,867.2249755859375,843.5499877929688,863.9000244140625,817.8351440429688,56854638.0,798.5702121515963,820.9828021558743,798.5702121515963
2023-05-04 18:30:00,819.5,830.4749755859375,811.0499877929688,812.8250122070312,769.4835815429688,62770416.0,775.8026458391606,786.1924141095578,767.8032049269116
2023-05-07 18:30:00,817.5,825.1749877929688,815.0,822.2249755859375,778.3822631835938,37244524.0,773.9092329312004,781.174974723999,771.5425380292702
2023-05-08 18:30:00,824.9500122070312,828.0,819.9749755859375,822.25,778.406005859375,43688938.0,780.9620480823568,783.8494045017483,776.2522902407883
2023-05-09 18:30:00,822.25,827.3250122070312,816.5499877929688,826.0499877929688,782.0032958984375,46340550.0,778.4059313050248,783.2103333766557,773.009855524588
2023-05-10 18:30:00,832.5750122070312,844.0,824.625,826.5999755859375,782.5239868164062,35734618.0,788.1804223550088,798.9962066051175,780.6543209380866
2023-05-11 18:30:00,823.5,836.4000244140625,822.125,833.9000244140625,789.434814453125,22478760.0,779.5893400518114,791.8015094745331,778.287657790037
2023-05-14 18:30:00,836.0,840.375,832.5499877929688,837.9000244140625,793.2215576171875,18512260.0,791.4228462180713,795.5645626680762,788.1567954042247
2023-05-15 18:30:00,835.9000244140625,835.9000244140625,822.0,823.6500244140625,788.6732177734375,32722086.0,800.4030139627808,800.4030139627808,787.0932626645074
2023-05-16 18:30:00,825.0,825.0,812.6749877929688,819.2249755859375,784.4360961914062,30466868.0,789.9658807338478,789.9658807338478,778.1642575542323
2023-05-17 18:30:00,824.0,826.9749755859375,820.0,822.5,787.572021484375,49646942.0,789.0083230433131,791.8569644245696,785.1781855528116
2023-05-18 18:30:00,824.0,825.0,815.7750244140625,823.4500122070312,788.4816284179688,30460332.0,789.0082605925772,789.9657948894129,781.1325643784062
2023-05-21 18:30:00,822.5,826.4500122070312,816.3499755859375,820.5250244140625,785.680908203125,28334032.0,787.5720151966582,791.354287626984,781.6831554747228
2023-05-22 18:30:00,824.5,824.7999877929688,816.7249755859375,818.5999755859375,783.837646484375,22470074.0,789.4871228939105,789.7743715289307,782.0422694614203
2023-05-23 18:30:00,813.7750244140625,817.375,806.7999877929688,807.9000244140625,773.5919799804688,33588112.0,779.2174939612134,782.6645940444527,772.5386571904612
2023-05-24 18:30:00,807.8499755859375,810.0250244140625,798.6749877929688,804.7999877929688,770.6236572265625,29776930.0,773.5441253964981,775.6268094273125,764.7587591498904
2023-05-25 18:30:00,809.5,809.5,801.125,807.9000244140625,773.5919799804688,26635066.0,775.1240114745184,775.1240114745184,767.1046617572866
2023-05-28 18:30:00,814.25,820.5,812.4249877929688,817.75,783.0237426757812,21816292.0,779.6723723310973,785.6569622323185,777.9248603912886
2023-05-29 18:30:00,816.7999877929688,821.3250122070312,814.2750244140625,818.375,783.6221923828125,37125928.0,782.1140640569184,786.4469304713781,779.696324831423
2023-05-30 18:30:00,814.9500122070312,817.4749755859375,802.3250122070312,805.4249877929688,771.2222290039062,43334270.0,780.3427686832863,782.760508280079,768.2538953695158
2023-05-31 18:30:00,809.9500122070312,809.9500122070312,800.0,802.0,767.9425659179688,50366938.0,775.5549758597977,775.5549758597977,766.0274971750312
2023-06-01 18:30:00,806.2249755859375,807.4000244140625,800.5,803.25,769.1394653320312,17859710.0,771.9881066411427,773.1132562550899,766.5062458740007
2023-06-04 18:30:00,807.25,808.25,801.2249755859375,802.2000122070312,768.1341552734375,18697242.0,772.9696926063541,773.9272270660708,767.2005241092544
2023-06-05 18:30:00,803.8250122070312,804.9249877929688,796.125,799.7000122070312,765.740234375,32182852.0,769.6900635841799,770.7433279959911,762.3170373717256
2023-06-06 18:30:00,801.7249755859375,806.2750244140625,798.0,803.8499755859375,769.7139282226562,24949026.0,767.6791678231415,772.035995668472,764.1123759118827
2023-06-07 18:30:00,801.625,813.0,801.625,804.3499755859375,770.1926879882812,37395522.0,767.5834304077028,778.4753830300483,767.5834304077028
2023-06-08 18:30:00,807.9500122070312,809.25,803.5,805.2999877929688,771.1024780273438,18212578.0,773.6399676877086,774.8847507794242,769.3789277124094
2023-06-11 18:30:00,806.2750244140625,807.9000244140625,799.7249755859375,800.4000244140625,766.4105224609375,13408292.0,772.0360368064102,773.592030136009,765.7641400155738
2023-06-12 18:30:00,795.0499877929688,804.5,795.0499877929688,801.75,767.7031860351562,27926108.0,761.2876940266594,770.3364055694209,761.2876940266594
2023-06-13 18:30:00,805.2249755859375,806.0,800.0999755859375,800.875,766.8653564453125,20113968.0,771.0306076745784,771.772720205927,766.1232439139638
2023-06-14 18:30:00,802.0,802.9749755859375,789.5,791.0250244140625,757.4336547851562,35377476.0,767.9425712071014,768.8761438484094,755.9733914813049
2023-06-15 18:30:00,793.5750122070312,804.5999755859375,792.0,801.375,767.3441162109375,15779272.0,759.8753597118556,770.4321412189463,758.3672313699111
2023-06-18 18:30:00,805.5,807.125,799.1749877929688,802.0750122070312,768.0144653320312,24829146.0,771.2940091758765,772.8500026766968,765.2375920147995
2023-06-19 18:30:00,802.0750122070312,805.5,795.3250122070312,803.75,769.6182250976562,20005626.0,768.0143667682194,771.2939101911815,761.5510099789078
2023-06-20 18:30:00,808.0,818.625,805.5,817.7999877929688,783.0715942382812,24308946.0,773.6877691232111,783.8615717803077,771.2939332038942
2023-06-21 18:30:00,820.0,828.7750244140625,819.5250244140625,821.7999877929688,786.9017944335938,56596140.0,785.1782441229523,793.5806322468177,784.7234386393332
2023-06-22 18:30:00,818.7750244140625,829.9500122070312,817.0250244140625,821.75,786.8539428710938,21339218.0,784.0053012285746,794.7057371354,782.3296159227949
2023-06-25 18:30:00,822.5,825.375,814.3499755859375,817.7750244140625,783.0476684570312,16130314.0,787.571994837304,790.3249060654587,779.7680665871447
2023-06-26 18:30:00,821.4749755859375,836.4500122070312,819.2750244140625,829.2999877929688,794.083251953125,33831864.0,786.5905337191974,800.9296461673263,784.4840048316838
2023-06-27 18:30:00,835.0,839.9500122070312,830.25,838.0750122070312,802.4857177734375,59562950.0,799.5412875706766,804.281094916186,794.992998809047
2023-06-29 18:30:00,852.0,854.4000244140625,841.625,850.7000122070312,814.5745239257812,40699016.0,815.8193069543128,818.1174128864183,805.8848875767882
2023-07-02 18:30:00,856.25,878.75,855.0,859.9000244140625,823.3839111328125,44104116.0,819.8888869527296,841.4334124492976,818.691968869587
2023-07-03 18:30:00,861.7249755859375,873.5,856.9000244140625,864.0999755859375,827.4054565429688,38795188.0,825.1313123295552,836.406303333363,820.5112555769142
2023-07-04 18:30:00,858.125,860.0,834.2750244140625,836.6500244140625,801.1211547851562,37165754.0,821.6841820227852,823.4795589682101,798.8470106542848
2023-07-05 18:30:00,836.5,843.9249877929688,830.2000122070312,837.5,801.93505859375,52156544.0,800.977524195429,808.0872054143094,794.9450691746598
2023-07-06 18:30:00,832.5,837.5,828.1500244140625,830.2000122070312,794.945068359375,19926336.0,797.1473857846021,801.9350577712964,792.9821345334826
2023-07-09 18:30:00,830.5,838.375,824.8499755859375,828.2249755859375,793.0538940429688,38398442.0,795.2323081500037,802.772891445225,789.8222154878739
2023-07-10 18:30:00,831.5,838.0,822.75,824.2000122070312,789.1998291015625,50670426.0,796.1898182223189,802.4137915457645,787.8113925946035
2023-07-11 18:30:00,827.6749877929688,833.1500244140625,813.5750122070312,816.4749755859375,781.8028564453125,70958358.0,792.5272531476065,797.7697889233564,779.0260418202364
2023-07-12 18:30:00,828.3499755859375,828.7249755859375,819.0250244140625,820.5499877929688,785.704833984375,41913546.0,793.1735905563402,793.5326659534852,784.2446291019418
2023-07-13 18:30:00,826.7999877929688,826.7999877929688,817.5,822.25,787.3326416015625,24727214.0,791.6894113288874,791.6894113288874,782.7843533101579
2023-07-16 18:30:00,825.0,841.0,816.5,839.4500122070312,803.80224609375,49252928.0,789.9658626293475,805.2864126924621,781.8268204083179
2023-07-17 18:30:00,849.0,852.0,835.0,838.75,803.1319580078125,81076818.0,812.9466853634967,815.8192884919896,799.5412040971963
2023-07-18 18:30:00,840.5499877929688,844.375,837.5,842.5499877929688,806.7706298828125,32935134.0,804.8555610048314,808.5181419226229,801.9350926545632
2023-07-19 18:30:00,840.5750122070312,846.0,840.0,844.375,808.5181274414062,56210948.0,804.8795083270657,810.0741208768967,804.3289143458549
2023-07-20 18:30:00,840.0,844.9000244140625,836.625,837.875,802.2941284179688,42154248.0,804.3288890002611,809.0208308967337,801.0972104283851
2023-07-23 18:30:00,839.25,842.3250122070312,835.0499877929688,839.2000122070312,803.5628662109375,32179444.0,803.6107312414538,806.555161158962,799.5890751426567
2023-07-24 18:30:00,842.3250122070312,849.5,839.2000122070312,848.2999877929688,812.2764282226562,55992596.0,806.555183500857,813.4254812031791,803.5628884699448
2023-07-25 18:30:00,849.7999877929688,849.7999877929688,844.0,845.3499755859375,809.45166015625,24794358.0,813.7126998116902,813.7126998116902,808.1590121278992
2023-07-26 18:30:00,849.9500122070312,851.5,833.7249755859375,836.5750122070312,801.04931640625,59741302.0,813.85633843129,815.3405049960073,798.3203084228094
2023-07-27 18:30:00,830.75,834.4500122070312,820.5499877929688,821.75,786.8539428710938,41015684.0,795.4717530151033,799.0146422074048,785.704889829906
2023-07-30 18:30:00,825.0250244140625,828.4000244140625,819.3499755859375,825.5999755859375,790.5404052734375,34565006.0,789.98986972854,793.2215484430462,784.5558150613891
2023-07-31 18:30:00,827.2249755859375,833.7249755859375,825.0,831.125,795.830810546875,35394188.0,792.0964028577838,798.3203767107598,789.9659121084937
2023-08-01 18:30:00,821.0,825.75,816.5750122070312,820.25,785.4176025390625,28116322.0,786.1357533490648,790.6840418124119,781.8986752587043
2023-08-02 18:30:00,820.0,825.6749877929688,811.5,814.3250122070312,779.7442016601562,57673946.0,785.1781976196645,790.6121935791729,777.0391553272656
2023-08-03 18:30:00,817.5750122070312,828.25,814.625,826.0999755859375,791.0191650390625,37388304.0,782.8562191326811,793.0778874299197,780.0314808905504
2023-08-06 18:30:00,831.5499877929688,831.5499877929688,823.7750244140625,825.625,790.5643310546875,28300918.0,796.2377106290166,796.2377106290166,788.7929158097952
2023-08-07 18:30:00,825.8499755859375,827.7999877929688,821.0250244140625,824.9500122070312,789.9180297851562,43773828.0,790.779775695363,792.6469794990385,786.1597188833139
2023-08-08 18:30:00,826.5,827.25,815.5499877929688,825.25,790.2052001953125,33361236.0,791.4021180992739,792.1202688416507,780.9171055719207
2023-08-09 18:30:00,823.5250244140625,827.125,815.5,817.9249877929688,783.1912841796875,50781118.0,788.5535116922156,792.0006120305654,780.8692750321005
2023-08-10 18:30:00,819.2000122070312,819.2000122070312,808.0999755859375,809.4000244140625,775.0283813476562,28225822.0,784.4122069559019,784.4122069559019,773.7835398495799
2023-08-13 18:30:00,805.5,807.5,800.125,805.4500122070312,771.24609375,31304410.0,771.2939587813216,773.2090275802822,766.1472113841155
2023-08-15 18:30:00,791.5499877929688,804.8250122070312,790.6500244140625,803.0999755859375,768.995849609375,34137542.0,757.9363390305685,770.6476315074848,757.0745931406195
2023-08-16 18:30:00,798.7999877929688,804.9500122070312,797.0,798.6500244140625,764.7348022460938,52884040.0,764.8783973270507,770.7672567276965,763.1548472527722
2023-08-17 18:30:00,793.7750244140625,798.1500244140625,792.75,795.375,761.598876953125,25633366.0,760.0668453838622,764.2560581283789,759.085349306415
2023-08-20 18:30:00,800.25,800.25,793.5,794.75,761.0004272460938,21837270.0,766.2668661889733,766.2668661889733,759.8035093045302
2023-08-21 18:30:00,798.1749877929688,799.0,790.0,791.3499755859375,757.7448120117188,32273570.0,764.2799958764373,765.069973432526,756.4521639695814
2023-08-22 18:30:00,790.0,795.2750244140625,786.625,793.2999877929688,759.612060546875,36498588.0,756.4522085794365,761.503226134282,753.2205298402522
2023-08-23 18:30:00,796.6500244140625,798.0999755859375,788.0750122070312,789.6500244140625,756.1170654296875,43145792.0,762.8198062571005,764.2081843881693,754.6089370548672
2023-08-24 18:30:00,787.2750244140625,788.75,779.2000122070312,780.75,747.594970703125,30069756.0,753.8429059393314,755.2552457791736,746.1108040957927
2023-08-27 18:30:00,780.75,791.3250122070312,780.75,788.875,755.3749389648438,28867238.0,747.5949720764402,757.7209098998453,747.5949720764402
2023-08-28 18:30:00,794.8499755859375,796.3250122070312,790.7249755859375,795.1500244140625,761.3834838867188,35538932.0,761.0961768187698,762.5085750919843,757.1463475103358
2023-08-29 18:30:00,801.9749755859375,801.9749755859375,786.8499755859375,789.3499755859375,755.8297729492188,28084204.0,767.9186450321,767.9186450321,753.4359368932027
2023-08-30 18:30:00,789.5,791.5750122070312,781.5499877929688,785.7249755859375,752.358642578125,100075772.0,755.973358072876,757.9602535082042,748.3609484150296
2023-08-31 18:30:00,785.5,789.5,779.6749877929688,787.3499755859375,753.9147338867188,43226776.0,752.1433185125949,755.9734563535246,746.5656685930877
2023-09-03 18:30:00,795.0,795.7249755859375,787.4500122070312,792.2750244140625,758.6305541992188,25073638.0,761.2398119383075,761.9340009681175,754.010439249432
2023-09-04 18:30:00,794.2000122070312,794.2000122070312,785.2999877929688,787.4500122070312,754.010498046875,38712082.0,760.4738554447009,760.4738554447009,751.9517756465584
2023-09-05 18:30:00,788.4000244140625,800.0,787.4500122070312,797.75,763.873046875,56320910.0,754.9201238552107,766.0274992165465,754.010454511239
2023-09-06 18:30:00,797.75,807.0,793.5750122070312,805.4249877929688,771.2222290039062,34208342.0,763.8731632523076,772.7303575614067,759.875468320368
2023-09-07 18:30:00,804.1500244140625,816.4500122070312,803.7999877929688,811.7000122070312,777.230712890625,34502210.0,770.0013395921213,781.7790014587035,769.6661674737783
2023-09-10 18:30:00,814.4500122070312,818.25,812.0,815.9000244140625,781.2523803710938,31573022.0,779.8639437312936,783.5025629490954,777.5179726424265
2023-09-11 18:30:00,820.0,821.4500122070312,812.5250244140625,818.4500122070312,783.694091796875,39033340.0,785.1782585237241,786.5666951817179,778.0207118004635
2023-09-12 18:30:00,815.6500244140625,825.7999877929688,814.2999877929688,821.9500122070312,787.0454711914062,46420094.0,781.0130157046019,790.731955532435,779.7203091010442
2023-09-13 18:30:00,822.125,825.0,817.5499877929688,821.4500122070312,786.566650390625,23538848.0,787.2129744267565,789.965885847133,782.8322428256791
2023-09-14 18:30:00,825.0,835.0,825.0,830.875,795.5913696289062,173411202.0,789.9658552054733,799.5411989049336,789.9658552054733
2023-09-17 18:30:00,826.875,827.5,813.0499877929688,814.5250244140625,779.9356689453125,37056288.0,791.7611944741388,792.3596534268783,778.5232707508934
2023-09-19 18:30:00,799.5,799.5,780.2000122070312,781.8499755859375,748.6482543945312,115474648.0,765.548760092835,765.548760092835,747.0683576854377
2023-09-20 18:30:00,776.5,784.4749755859375,768.5250244140625,776.6749877929688,743.6929931640625,72841442.0,743.5254363384076,751.161749541656,735.8891231351594
2023-09-21 18:30:00,779.5,782.2000122070312,761.875,764.8250122070312,732.3462524414062,61704250.0,746.3980579436757,748.9834124885792,729.5215142987016
2023-09-24 18:30:00,762.5,770.3499755859375,762.5,765.5,732.9925537109375,40208754.0,730.1199506265053,737.636571986799,730.1199506265053
2023-09-25 18:30:00,762.5,770.0,762.5,768.8250122070312,736.1763916015625,27575308.0,730.1199748754191,737.3014828250133,730.1199748754191
2023-09-26 18:30:00,761.5,766.25,757.5,763.4249877929688,731.005615234375,39338538.0,729.1623733855774,733.7106613351264,725.3322361649047
2023-09-27 18:30:00,767.0,768.7999877929688,759.1749877929688,761.8499755859375,729.49755859375,55354188.0,734.4288841265327,736.1524343562999,726.9361657647512
2023-09-28 18:30:00,761.8499755859375,767.7249755859375,761.1500244140625,763.1500244140625,730.7423706054688,32053782.0,729.4975291821899,735.1230435502242,728.8273018844358
2023-10-02 18:30:00,763.5,763.5,753.0,754.0250244140625,722.0048828125,38971694.0,731.0774976675469,731.0774976675469,721.0233866976592
2023-10-03 18:30:00,747.5,767.5,744.625,764.7750244140625,732.2984008789062,54649430.0,715.7569705893197,734.9076587656226,713.0040591639762
2023-10-04 18:30:00,767.5250244140625,775.7750244140625,766.2999877929688,767.875,735.2667236328125,48512674.0,734.9316099718342,742.8312687313597,733.7585952718871
2023-10-05 18:30:00,772.0,772.5,764.9249877929688,767.0250244140625,734.452880859375,17759356.0,739.2165913446855,739.6953585670591,732.4420234594476
2023-10-08 18:30:00,764.0,765.0,756.0,758.125,725.9307861328125,16454972.0,731.55630088108,732.513835306317,723.8960254791839
2023-10-09 18:30:00,760.2750244140625,764.5,757.5999755859375,762.4249877929688,730.0481567382812,33266292.0,727.989492834349,732.035052316478,725.4280415474352
2023-10-10 18:30:00,765.0499877929688,771.0750122070312,764.25,769.7999877929688,737.1099243164062,31333360.0,732.561636194785,738.3308039789869,731.7956204103215
2023-10-11 18:30:00,768.0499877929688,776.0,765.7999877929688,774.9249877929688,742.017333984375,22025336.0,735.4342849776942,743.046695154072,733.2798325755078
2023-10-12 18:30:00,770.0,774.4000244140625,764.9749755859375,767.875,735.2667236328125,39745300.0,737.3014842223872,741.5146589381054,732.4898505097352
2023-10-15 18:30:00,765.75,767.2249755859375,760.25,764.7999877929688,732.3223266601562,17856084.0,733.2319960651158,734.6443359841811,727.965556654919
2023-10-16 18:30:00,777.875,777.875,767.5,770.5999755859375,737.8759765625,32902558.0,744.8420626176685,744.8420626176685,734.9076433348039
2023-10-17 18:30:00,770.5999755859375,770.5999755859375,759.0499877929688,759.875,727.6064453125,31216200.0,737.8759782779842,737.8759782779842,726.8164677513256
2023-10-18 18:30:00,752.7000122070312,763.125,751.5999755859375,757.4749755859375,725.308349609375,30252364.0,720.7361578942352,730.7184423716426,719.682834983418
2023-10-19 18:30:00,752.5,763.5,752.5,761.4000244140625,729.0667114257812,21094010.0,720.5446319365362,731.0775102771368,720.5446319365362
2023-10-22 18:30:00,761.75,764.375,750.0499877929688,753.0250244140625,721.0473022460938,22376136.0,729.4017657824131,731.9152933638753,718.1986025878159
2023-10-24 18:30:00,760.5,761.4000244140625,745.7249755859375,748.25,716.4751586914062,28311996.0,728.2049558099759,729.0667602000749,714.0573608059868
2023-10-25 18:30:00,745.625,746.0,730.125,731.7000122070312,700.6278686523438,55561798.0,713.9615222749121,714.3205976423598,699.1197404204128
2023-10-26 18:30:00,734.75,739.0,733.4500122070312,734.5750122070312,703.3807983398438,31940532.0,703.5483551604171,707.6178760987387,702.3035722091115
2023-10-29 18:30:00,731.625,744.9749755859375,730.9500122070312,742.5499877929688,711.0171508789062,23310982.0,700.5560993380782,713.3391600901615,699.9097753123232
2023-10-30 18:30:00,752.0,752.0,737.0,738.25,706.8998413085938,32634824.0,720.0659406218252,720.0659406218252,705.7029231892091
2023-10-31 18:30:00,731.125,738.7249755859375,731.125,737.25,705.9421997070312,33877466.0,700.0773018118728,707.354539496317,700.0773018118728
2023-11-01 18:30:00,742.5,745.25,733.5750122070312,738.375,707.0194702148438,45225154.0,710.9692996573848,713.6025192857455,702.4233167339939
2023-11-02 18:30:00,744.0,745.7000122070312,740.8250122070312,741.875,710.3707885742188,18095340.0,712.4055490469672,714.0333691138175,709.3653892057476
2023-11-05 18:30:00,749.0,749.0,741.5,747.25,715.5175170898438,25593730.0,717.1932021415764,717.1932021415764,710.0116947770078
2023-11-06 18:30:00,747.0,747.0,738.5999755859375,743.625,712.0464477539062,41952848.0,715.2781260341811,715.2781260341811,707.234814492639
2023-11-07 18:30:00,741.9749755859375,746.7249755859375,740.5,745.7750244140625,714.105224609375,31399546.0,710.4665472159254,715.014835514477,709.054207384732
2023-11-08 18:30:00,743.0,746.2999877929688,741.75,742.8250122070312,711.280517578125,22116740.0,711.4480744130556,714.607926311971,710.2511563874616
2023-11-09 18:30:00,740.0499877929688,748.0,740.0250244140625,745.75,714.081298828125,14015186.0,708.6233409063911,716.2357512885518,708.5994376116778
2023-11-12 18:30:00,746.0499877929688,747.9749755859375,742.9500122070312,744.4000244140625,712.78857421875,20605914.0,714.3684707875195,716.2117126727126,711.4001377601898
2023-11-14 18:30:00,752.0499877929688,755.4749755859375,750.2750244140625,752.2000122070312,720.2573852539062,41245460.0,720.1137317170233,723.3932753387419,718.4141432279705
2023-11-15 18:30:00,754.8499755859375,759.5,751.875,754.1749877929688,722.1484985351562,29713838.0,722.7948225701767,727.2473809327844,719.9461810912933
2023-11-16 18:30:00,745.0,753.75,744.5,752.5499877929688,720.5924682617188,23701874.0,713.3630955591337,721.7415211781168,712.8843283809061
2023-11-19 18:30:00,756.5,756.5,750.7750244140625,752.5999755859375,720.6403198242188,19331452.0,724.3747271219125,724.3747271219125,718.8928664109501
2023-11-20 18:30:00,759.5,761.0,756.0499877929688,758.9749755859375,726.74462890625,24959972.0,727.2473578304415,728.6836593929769,723.9438525479579
2023-11-21 18:30:00,760.0,760.0,751.7750244140625,756.2750244140625,724.1593627929688,29123650.0,727.7261551101178,727.7261551101178,719.8504579271851
2023-11-22 18:30:00,754.25,761.9249877929688,754.25,760.6500244140625,728.3485717773438,13046220.0,722.220328180805,729.5693930831869,722.220328180805
2023-11-23 18:30:00,760.5999755859375,766.5750122070312,759.9249877929688,766.0499877929688,733.5191650390625,16469192.0,728.3005912289228,734.0218939418301,727.6542672419772
2023-11-27 18:30:00,767.5999755859375,768.625,762.9000244140625,764.3250122070312,731.8674926757812,28489338.0,735.0033827728541,735.9848789111071,730.5030178431152
2023-11-28 18:30:00,766.9500122070312,781.5,766.5,779.5750122070312,746.4698486328125,34042488.0,734.3809775281464,748.3130905581396,733.950075384279
2023-11-29 18:30:00,784.5750122070312,786.2249755859375,771.0750122070312,779.4000244140625,746.30224609375,69491440.0,751.2574743365304,752.837370842918,738.3307614719267
2023-11-30 18:30:00,778.9500122070312,782.875,776.0499877929688,777.7000122070312,744.6744384765625,22153536.0,745.8713563542594,749.6296668015766,743.0944835007002
2023-12-03 18:30:00,794.0,806.0,786.8250122070312,804.7000122070312,770.5279541015625,50662456.0,760.2823241901957,771.7727371502491,753.4120264631497
2023-12-04 18:30:00,818.25,819.5,808.25,811.8499755859375,777.374267578125,52230820.0,783.5025110233172,784.6994290053266,773.9271671672425
2023-12-05 18:30:00,819.2249755859375,819.2249755859375,808.3250122070312,813.9000244140625,779.3372192382812,38613060.0,784.4360428215049,784.4360428215049,773.9989536278642
2023-12-06 18:30:00,812.5,817.0,808.0999755859375,815.2249755859375,780.60595703125,20450386.0,777.996699171334,782.3056039667443,773.7835244385168
2023-12-07 18:30:00,815.2249755859375,827.5,815.2249755859375,826.5999755859375,791.4979248046875,33728038.0,780.605970823838,792.3597291563016,780.605970823838
2023-12-10 18:30:00,825.0250244140625,831.8499755859375,823.5,825.5,790.4447021484375,23187620.0,789.9898966541259,796.5250226338114,788.5296332153098
2023-12-11 18:30:00,827.0999755859375,828.125,815.9249877929688,817.2999877929688,782.5928344726562,36581476.0,791.9766596766761,792.9581557902037,781.2762247045517
2023-12-12 18:30:00,816.2249755859375,818.0,807.5499877929688,815.4500122070312,780.8214111328125,29346914.0,781.563465201162,783.2631120796166,773.2568662574292
2023-12-13 18:30:00,823.0,829.4749755859375,822.5,825.0750122070312,790.0377197265625,35172366.0,788.0508241253218,794.2508360897075,787.5720569174692
2023-12-14 18:30:00,825.0,834.0,823.2999877929688,828.2750244140625,793.1018676757812,138837130.0,789.9659189837218,798.5837290089988,788.3380987347389
2023-12-17 18:30:00,830.3499755859375,832.3499755859375,825.4749755859375,827.8499755859375,792.6948852539062,18014754.0,795.0887214217845,797.0037903560872,790.4207408944219
2023-12-18 18:30:00,825.0,829.3250122070312,822.0250244140625,826.4500122070312,791.354248046875,24008446.0,789.9658115984446,794.1071592085059,787.1171703824074
2023-12-19 18:30:00,829.0,834.4749755859375,822.2249755859375,828.5,793.3172607421875,34232520.0,793.796027948429,799.0385054794685,787.3087089265515
2023-12-20 18:30:00,828.5,844.875,825.125,843.3499755859375,807.5365600585938,36589240.0,793.31719852569,808.9968233004131,790.0855201370065
2023-12-21 18:30:00,841.7999877929688,842.9500122070312,833.5499877929688,835.4249877929688,799.9481201171875,48578850.0,806.052401579033,807.1535894553359,798.1527432166448
2023-12-25 18:30:00,836.625,842.9749755859375,834.2750244140625,841.2249755859375,805.5018310546875,18045856.0,801.0971963079616,807.1775162105685,798.8470139045111
2023-12-26 18:30:00,840.75,853.25,839.2999877929688,851.6500244140625,815.4841918945312,27009078.0,805.0470435987298,817.0162235511344,803.6586070355986
2023-12-27 18:30:00,854.6500244140625,860.7000122070312,851.0,852.625,816.417724609375,44076470.0,818.3567550440999,824.1498261689791,814.8617312916912
2023-12-28 18:30:00,848.5,857.4500122070312,848.0,854.625,818.332763671875,25011426.0,812.4678659945425,821.0378097994592,811.9890988372093
2023-12-31 18:30:00,853.0,854.5750122070312,846.0,849.0499877929688,812.9945678710938,14239686.0,816.7768404269046,818.2849687904367,810.0740996496615
2024-01-01 18:30:00,849.4000244140625,851.4000244140625,844.3499755859375,849.5499877929688,813.4732666015625,29242092.0,813.329671520093,815.2447401524048,808.4940764689007
2024-01-02 18:30:00,851.0,852.3499755859375,834.4749755859375,836.4500122070312,800.9295654296875,28389762.0,814.8616776060998,816.154325515247,799.0384001483739
2024-01-03 18:30:00,839.0,847.4749755859375,835.3499755859375,845.4249877929688,809.5234985351562,26734056.0,803.3713517790169,811.4864323425077,799.8763278844378
2024-01-04 18:30:00,843.5750122070312,852.4500122070312,834.0499877929688,841.0999755859375,805.3821411132812,31889470.0,807.7520737623003,816.2501913581319,798.6315354441177
2024-01-07 18:30:00,839.25,841.1749877929688,830.0,831.7249755859375,796.4052734375,17998470.0,803.6107431564817,805.4539851831421,794.7535499790049
2024-01-08 18:30:00,833.5750122070312,838.9000244140625,823.375,825.25,790.2052001953125,25326888.0,798.1766851243468,803.2755670838737,788.4098233393704
2024-01-09 18:30:00,821.5,829.9749755859375,820.7000122070312,827.9749755859375,792.8145141601562,16115824.0,786.6145023545687,794.7295829425168,785.8484865302768
2024-01-10 18:30:00,830.0,831.4500122070312,821.5,824.5,789.4871215820312,18314010.0,794.7535608406137,796.1419974247106,786.6145183500772
2024-01-11 18:30:00,826.0,828.0,816.7999877929688,820.5999755859375,785.752685546875,19773552.0,790.9233945544381,792.8384633063858,782.1140666068262
2024-01-14 18:30:00,823.8499755859375,840.4500122070312,821.7999877929688,836.4000244140625,800.8817138671875,28320356.0,788.8646116180252,804.7597161030749,786.9016779868482
2024-01-15 18:30:00,836.5,841.8250122070312,829.0499877929688,839.5750122070312,803.921875,25322500.0,800.977445326437,806.0763271840818,793.8438030727146
2024-01-16 18:30:00,785.0,798.4000244140625,764.2000122070312,768.75,736.1045532226562,170145236.0,751.6644868680132,764.4954709128732,731.7477834906084
2024-01-17 18:30:00,747.0,757.5,740.0250244140625,743.0750122070312,711.5198974609375,161070930.0,715.2782083529884,725.3323197153799,708.5994291824192
2024-01-18 18:30:00,752.9749755859375,755.125,734.2000122070312,735.3250122070312,704.0989990234375,109600538.0,720.999446229209,723.0581685801238,703.0217728163159
2024-01-22 18:30:00,732.5,737.3499755859375,712.5,713.6749877929688,683.3683471679688,115469402.0,701.3939438294391,706.0379622645205,682.243255943311
2024-01-23 18:30:00,690.125,729.2249755859375,690.125,727.9500122070312,697.0371704101562,86004404.0,660.8184204446432,698.2579916906107,660.8184204446432
2024-01-24 18:30:00,726.25,728.6749877929688,709.7000122070312,717.4500122070312,686.9830932617188,98941852.0,695.4093846155678,697.7313939357863,679.5622013776972
2024-01-28 18:30:00,724.0250244140625,731.4000244140625,722.9000244140625,727.3250122070312,696.438720703125,65645498.0,693.2788688648152,700.3406850803747,692.2016426624417
2024-01-29 18:30:00,727.2750244140625,731.5999755859375,720.4500122070312,722.1500244140625,691.4834594726562,41728768.0,696.3908230536141,700.5321123941566,689.8556393766623
2024-01-30 18:30:00,719.75,737.4749755859375,718.4000244140625,731.2750244140625,700.2210083007812,65761040.0,689.1854007024332,706.1576749666016,687.8927526091608
2024-01-31 18:30:00,732.5250244140625,736.7999877929688,728.0250244140625,733.1749877929688,702.040283203125,32690740.0,701.4179208991782,705.5113454583611,697.1090160306093
2024-02-01 18:30:00,737.5,740.4249877929688,721.0250244140625,723.0750122070312,692.3692016601562,44867754.0,706.1816237651476,708.9824002114282,690.4062678183428
2024-02-04 18:30:00,723.0,725.9500122070312,717.0250244140625,722.4249877929688,691.746826171875,38605046.0,692.2974201794814,695.1221585479817,686.5761751120126
2024-02-05 18:30:00,722.7750244140625,724.8499755859375,716.2999877929688,722.0499877929688,691.3876953125,41075740.0,692.0819428119112,694.0687799185687,685.8818725644124
2024-02-06 18:30:00,726.5,726.9000244140625,713.3250122070312,714.9749755859375,684.6130981445312,54837086.0,695.6487048996299,696.0317420167268,683.0332015338389
2024-02-07 18:30:00,714.9249877929688,719.4749755859375,700.25,701.5250244140625,671.7343139648438,69106124.0,684.5652392978377,688.9220089386799,670.5134342809237
2024-02-08 18:30:00,696.0750122070312,707.0999755859375,693.5,701.7999877929688,671.9976196289062,56642124.0,666.515758652701,677.0725401801844,664.0500959229506
2024-02-11 18:30:00,699.8250122070312,706.8250122070312,691.6749877929688,695.0,665.4863891601562,34447812.0,670.1065041980137,676.8092448082598,662.3025756816373
2024-02-12 18:30:00,695.9749755859375,702.1749877929688,692.1749877929688,697.2249755859375,667.616943359375,57580994.0,666.4200252792418,672.3567506453555,662.7814060042901
2024-02-13 18:30:00,688.0,695.75,681.7750244140625,692.0250244140625,662.6377563476562,91320810.0,658.7836570696176,666.2045485555035,652.8230288985812
2024-02-14 18:30:00,692.5,707.75,692.1749877929688,707.0250244140625,677.0007934570312,41584944.0,663.0925826953933,677.6949825309235,662.7813723217212
2024-02-15 18:30:00,711.9500122070312,713.8499755859375,704.2249755859375,709.9500122070312,679.8015747070312,32175742.0,681.7166435513678,683.5359238875297,674.31965507416
2024-02-18 18:30:00,714.5,714.5,707.5999755859375,708.5499877929688,678.4609985351562,34451756.0,684.1583399970523,684.1583399970523,677.5513291516161
2024-02-19 18:30:00,707.5,728.625,705.9000244140625,727.1500244140625,696.2711181640625,56133508.0,677.4555450204665,697.6834579371554,675.9235134549672
2024-02-20 18:30:00,732.0,732.0,717.5,719.5750122070312,689.017822265625,45893136.0,700.9151754054046,700.9151754054046,687.0309267122648
2024-02-21 18:30:00,708.875,714.4000244140625,706.0999755859375,709.7750244140625,679.6339721679688,50560882.0,678.7721678686664,684.0625685726841,676.1149866485335
2024-02-22 18:30:00,711.2750244140625,716.9500122070312,709.0,710.2999877929688,680.13671875,29833452.0,681.0703499192647,686.5043463190802,678.8919356342462
2024-02-25 18:30:00,706.7750244140625,717.4249877929688,706.7750244140625,711.1500244140625,680.9506225585938,23506870.0,676.7614094932516,686.9591159463556,676.7614094932516
2024-02-26 18:30:00,706.7750244140625,713.3499755859375,706.5250244140625,710.0750122070312,679.9212646484375,32087150.0,676.7614127525852,683.0571548064959,676.5220291476985
2024-02-27 18:30:00,710.0750122070312,712.0999755859375,702.0,704.7000122070312,674.7744750976562,25321986.0,679.9212222820232,681.8601942948292,672.1891206373224
2024-02-28 18:30:00,701.0499877929688,705.2000122070312,698.6500244140625,701.7000122070312,671.9019165039062,53295700.0,671.2794957514693,675.2532869853846,668.9814482015562
2024-02-29 18:30:00,700.0,716.375,700.0,715.375,684.9961547851562,34738898.0,670.2740637422462,685.9536891619308,670.2740637422462
2024-03-03 18:30:00,715.4749755859375,718.5,712.1500244140625,716.3499755859375,685.9297485351562,35616474.0,685.0919059296933,687.9884708858845,681.9081507835436
2024-03-04 18:30:00,711.0,721.5,710.8250122070312,720.4249877929688,689.8316650390625,37991672.0,680.806915575396,690.8610261429652,680.6393587545882
2024-03-05 18:30:00,716.7750244140625,726.4249877929688,716.7750244140625,721.2999877929688,690.6694946289062,42409530.0,686.3366868886952,695.5768580281541,686.3366868886952
2024-03-06 18:30:00,722.75,725.5250244140625,720.7000122070312,723.0499877929688,692.34521484375,49348046.0,692.0579662212759,694.7151474764962,690.0950324505662
2024-03-10 18:30:00,715.0,722.9749755859375,711.5,713.9000244140625,683.5838623046875,50531094.0,684.6371268147891,692.2734406211868,681.2857562639475
2024-03-11 18:30:00,717.0,732.0,714.625,729.7750244140625,698.7847290039062,65418454.0,686.5522029862251,700.9152197851,684.2780586597365
2024-03-12 18:30:00,732.75,735.7999877929688,725.0499877929688,730.2000122070312,699.191650390625,63067454.0,701.6333514911945,704.553819805337,694.260324713518
2024-03-13 18:30:00,731.0499877929688,733.0,722.1500244140625,727.7249755859375,696.8217163085938,52432158.0,700.0055299615263,701.8727337796063,691.4835086418929
2024-03-14 18:30:00,725.0,729.6500244140625,721.125,726.3250122070312,695.481201171875,143613804.0,694.2124563732988,698.665014815619,690.5020104857863
2024-03-17 18:30:00,723.5,728.0,717.9000244140625,723.0250244140625,692.3213500976562,21437856.0,692.7761555716247,697.0850604784281,687.413986176019
2024-03-18 18:30:00,717.75,726.2000122070312,717.75,724.6749877929688,693.9012451171875,36183594.0,687.2703309378574,695.361508487081,687.2703309378574
2024-03-19 18:30:00,724.5250244140625,725.8250122070312,712.3250122070312,715.5250244140625,685.1397705078125,43606094.0,693.7575794231888,695.0023623556473,682.0756489825828
2024-03-20 18:30:00,721.2999877929688,725.625,719.1500244140625,722.875,692.1776733398438,28922860.0,690.6695449843953,694.8108929167894,688.6108811083764
2024-03-21 18:30:00,720.5,725.375,718.875,721.4249877929688,690.7891845703125,45980326.0,689.9034770136652,694.5714568199686,688.3474837448974
2024-03-25 18:30:00,713.5999755859375,718.9749755859375,711.0750122070312,712.7000122070312,682.4347534179688,56844290.0,683.2964992802526,688.4432464905726,680.8787600753138
2024-03-26 18:30:00,711.7750244140625,723.9749755859375,710.625,720.3499755859375,689.7598876953125,62168668.0,681.5490768981103,693.2309499256703,680.4478889511747
2024-03-27 18:30:00,720.3499755859375,730.25,720.3499755859375,723.9500122070312,693.20703125,55592142.0,689.7598723903825,699.2394862002545,689.7598723903825
2024-03-31 18:30:00,729.0,736.9000244140625,727.7999877929688,735.25,704.0271606445312,25199570.0,698.0425707036562,705.6071157662267,696.8935177463561
2024-04-01 18:30:00,732.5750122070312,747.4249877929688,731.625,740.0750122070312,708.647216796875,41225446.0,701.4657094654401,715.6850706043787,700.5560401814738
2024-04-02 18:30:00,736.0499877929688,747.8250122070312,735.7000122070312,741.1500244140625,709.6766357421875,45584386.0,704.793175292623,716.0681660997278,704.4580616337976
2024-04-03 18:30:00,752.0,765.0,752.0,763.7999877929688,731.3648071289062,88935066.0,720.065912216293,732.5138601668406,720.065912216293
2024-04-04 18:30:00,769.5,777.25,765.0750122070312,774.7750244140625,741.8737182617188,59055902.0,736.8227010597361,744.2435924609226,732.5856231419043
2024-04-07 18:30:00,777.4749755859375,778.625,770.7750244140625,773.2999877929688,740.4613647460938,20482940.0,744.4590593119542,745.5602472863112,738.0436253706997
2024-04-08 18:30:00,777.4249877929688,777.4249877929688,770.1500244140625,774.2750244140625,741.3949584960938,21884494.0,744.4111567395224,744.4111567395224,737.4451291623751
2024-04-09 18:30:00,774.9500122070312,774.9500122070312,766.4749755859375,768.1749877929688,735.5540161132812,27807400.0,742.041335404094,742.041335404094,733.9261958559255
2024-04-11 18:30:00,760.5,764.9249877929688,756.7249755859375,759.4749755859375,727.223388671875,41084208.0,728.2048847735614,732.4419626511461,724.5901691674342
2024-04-14 18:30:00,748.7750244140625,755.0,746.0250244140625,747.3499755859375,715.61328125,23415248.0,716.9778144689066,722.9384424882777,714.3445949763995
2024-04-15 18:30:00,743.5,756.4500122070312,741.125,754.625,722.5794067382812,20744886.0,711.9268363888184,724.3269187314523,709.6526921569106
2024-04-17 18:30:00,754.9000244140625,759.4249877929688,745.5250244140625,747.3499755859375,715.61328125,34234884.0,722.8427124294902,727.1755203466597,713.8658277959437
2024-04-18 18:30:00,743.2750244140625,767.4749755859375,740.125,765.6500244140625,733.13623046875,34576434.0,711.7113984519393,734.8836839791993,708.6951417404246
2024-04-21 18:30:00,778.7000122070312,778.7000122070312,754.1500244140625,756.0999755859375,723.99169921875,42298438.0,745.6320106114753,745.6320106114753,722.12455398941
2024-04-22 18:30:00,763.1500244140625,763.25,751.625,753.7999877929688,721.7893676757812,26827060.0,730.7423487447305,730.8380788006147,719.7067421926132
2024-04-23 18:30:00,757.5,760.875,754.5250244140625,755.8499755859375,723.7523803710938,22441580.0,725.3323355684494,728.5640142912791,722.4836939974829
2024-04-24 18:30:00,753.125,759.8499755859375,753.125,755.375,723.2975463867188,35445204.0,721.1430939897369,727.5824894434112,721.1430939897369
2024-04-25 18:30:00,759.9000244140625,764.0,752.7750244140625,754.9000244140625,722.8427124023438,24854694.0,727.630384206722,731.5562517090086,720.807951885483
2024-04-28 18:30:00,757.5,767.2249755859375,753.2750244140625,764.75,732.2744750976562,36093350.0,725.332350292873,734.6443494985349,721.286790594288
2024-04-29 18:30:00,764.5999755859375,769.75,757.4500122070312,760.0499877929688,727.7739868164062,52307382.0,732.1307565147657,737.0620819015442,725.2844208297038
2024-05-01 18:30:00,761.0,768.5,760.1749877929688,766.125,733.5910034179688,33475006.0,728.6836398774014,735.8651474977438,727.893662350512
2024-05-02 18:30:00,766.625,770.2999877929688,753.5999755859375,759.7999877929688,727.5346069335938,31865242.0,734.0697907360874,737.5887178779653,721.5978821158841
2024-05-05 18:30:00,761.0,767.25,758.5750122070312,761.3250122070312,728.994873046875,28793396.0,728.6836626849343,734.6682525558684,726.361653503664
2024-05-06 18:30:00,760.9749755859375,762.0250244140625,752.0750122070312,753.0750122070312,721.09521484375,28480602.0,728.6597013791286,729.6651592326485,720.1376804638342
2024-05-07 18:30:00,747.9749755859375,748.4749755859375,740.1749877929688,741.3250122070312,709.8441772460938,41687862.0,716.2117457291306,716.6905129132654,708.7429893452799
2024-05-08 18:30:00,737.4749755859375,743.375,722.6500244140625,723.75,693.0155029296875,46281278.0,706.1576388307392,711.8071150125822,691.9622384959757
2024-05-09 18:30:00,719.5,725.9749755859375,713.4000244140625,718.9500122070312,697.8200073242188,27276608.0,698.3538309269745,704.6385064038308,692.4331341667237
2024-05-12 18:30:00,716.0,729.9000244140625,715.1500244140625,727.625,706.2400512695312,27047202.0,694.956710818051,708.4482125597933,694.1317160729689
2024-05-13 18:30:00,726.125,732.75,725.1500244140625,730.4749755859375,709.0062866210938,25665142.0,704.7841569928967,711.2144479759614,703.8378359787137
2024-05-14 18:30:00,729.8499755859375,729.8499755859375,717.9000244140625,719.25,698.1112060546875,38931996.0,708.39964782104,708.39964782104,696.8009063196256
2024-05-15 18:30:00,723.0250244140625,731.2750244140625,717.75,730.125,708.6665649414062,34945236.0,701.7752582341244,709.782790041372,696.655267230535
2024-05-16 18:30:00,723.0999755859375,734.0,723.0999755859375,732.0499877929688,710.5350341796875,20920190.0,701.8480628860959,712.4277355160416,701.8480628860959
2024-05-20 18:30:00,725.0499877929688,734.8499755859375,725.0499877929688,729.4000244140625,707.962890625,43769978.0,703.7407019802051,713.2526672307866,703.7407019802051
2024-05-21 18:30:00,728.9249877929688,732.7999877929688,724.0750122070312,729.5999755859375,708.156982421875,39996278.0,707.5018325662894,711.2629460513618,702.7943980944078
2024-05-22 18:30:00,729.3250122070312,747.8250122070312,728.5250244140625,746.2999877929688,724.3662109375,40861920.0,707.8901303438163,725.8464148427264,707.1136542137513
2024-05-23 18:30:00,743.75,759.9500122070312,743.0,758.5999755859375,736.3047485351562,31060206.0,721.891213218191,737.6151076266391,721.1632556922566
2024-05-26 18:30:00,761.6749877929688,772.5,759.5250244140625,763.8499755859375,741.4004516601562,29385440.0,739.2893866819511,749.7962521608212,737.2026106511589
2024-05-27 18:30:00,765.0499877929688,768.0250244140625,762.4000244140625,765.25,742.7592163085938,27908904.0,742.5650824828549,745.4526824425712,739.9930018261246
2024-05-28 18:30:00,759.0,761.9249877929688,750.625,754.1500244140625,731.9855346679688,35147706.0,736.6929693394153,739.5319916615282,728.5641108173895
2024-05-29 18:30:00,749.5999755859375,761.7999877929688,748.8250122070312,757.4249877929688,735.1642456054688,33755350.0,727.569210732381,739.4106642295702,726.8170235494816
2024-05-30 18:30:00,759.5,768.0,757.0,765.7750244140625,743.268798828125,74079588.0,737.1781981815107,745.4283820979595,734.7516735002022
2024-06-02 18:30:00,799.5,799.5,775.0,786.0999755859375,762.9964599609375,72637256.0,776.0026570209221,776.0026570209221,752.2227131847588
2024-06-03 18:30:00,778.5,779.5,727.0,741.5750122070312,719.7800903320312,89531240.0,755.6198511271432,756.5904610836327,705.6334383679294
2024-06-04 18:30:00,747.0250244140625,779.7999877929688,741.1749877929688,775.9000244140625,753.0962524414062,81631650.0,725.06989130594,756.8815955434779,719.3917877908412
2024-06-05 18:30:00,782.4500122070312,782.7249755859375,773.2999877929688,779.8499755859375,756.9301147460938,46422870.0,759.4537360573207,759.7206182378197,750.5726316827747
2024-06-06 18:30:00,780.5250244140625,792.1749877929688,776.0250244140625,786.6749877929688,763.5545043945312,36712216.0,757.5852892641512,768.8928586568827,753.2175448676818
2024-06-09 18:30:00,787.0,790.3250122070312,778.7999877929688,780.6500244140625,757.7067260742188,22454058.0,763.8700759254958,767.0973660487972,755.9110620154896
2024-06-10 18:30:00,778.0,785.5,776.0999755859375,782.4000244140625,759.4052734375,29545326.0,755.1345658211561,762.4141406844706,753.2903831592504
2024-06-11 18:30:00,787.5,794.1500244140625,783.2000122070312,787.0750122070312,763.9428100585938,39280436.0,764.3553074238586,770.8098870497467,760.1816966411113
2024-06-12 18:30:00,790.875,792.8499755859375,787.0,790.375,767.1458740234375,24120192.0,767.6311790204475,769.5481100621035,763.8700652936205
2024-06-13 18:30:00,792.0,799.5,788.8499755859375,798.4500122070312,774.9835205078125,25540554.0,768.7230745298527,776.0026490992642,765.6656295141681
2024-06-17 18:30:00,798.4500122070312,805.25,794.7249755859375,803.9000244140625,780.2733154296875,32415714.0,774.9834796730435,781.5836150866086,771.3679222826127
2024-06-18 18:30:00,806.7000122070312,834.9500122070312,802.0,828.9249877929688,804.5628662109375,90131196.0,782.9910830915752,810.4108150397882,778.4292043351105
2024-06-19 18:30:00,834.9000244140625,840.7249755859375,826.0,834.6749877929688,810.143798828125,41408742.0,810.3622215983705,816.0159768197282,801.7237698729426
2024-06-20 18:30:00,836.4249877929688,836.4249877929688,821.5750122070312,832.875,808.3967895507812,51630776.0,811.8424431419929,811.8424431419929,797.4289085916951
2024-06-23 18:30:00,823.5,837.5499877929688,822.875,836.2000122070312,811.6240234375,28544994.0,799.2972656586157,812.9343231272944,798.6906344612428
2024-06-24 18:30:00,835.5499877929688,858.4749755859375,835.5499877929688,855.6749877929688,830.5266723632812,74521548.0,810.9931467609703,833.2443684249017,810.9931467609703
2024-06-25 18:30:00,853.9749755859375,855.4500122070312,845.5499877929688,850.75,825.7463989257812,47596666.0,828.8765922572081,830.3082774504516,820.699215435536
2024-06-26 18:30:00,848.0499877929688,856.5,843.2999877929688,848.0750122070312,823.1500244140625,55074650.0,823.1257354693937,831.3274011881083,818.5153383232833
2024-06-27 18:30:00,848.7999877929688,853.2999877929688,839.5,841.9000244140625,817.1565551757812,26476046.0,823.8537284054296,828.2214732583296,814.8270675577021
2024-06-30 18:30:00,840.0,853.6500244140625,840.0,852.5999755859375,827.5419921875,21187024.0,815.3123309202279,828.5611799942127,815.3123309202279
2024-07-01 18:30:00,857.5,867.4500122070312,851.375,865.2999877929688,839.8687744140625,45921690.0,832.2980286836319,841.9556094944659,826.353042764463
2024-07-02 18:30:00,895.5,897.0,882.3250122070312,884.3250122070312,858.3346557617188,123217802.0,869.1812101031826,870.6371250279785,856.3934358619908
2024-07-03 18:30:00,879.875,879.875,862.4249877929688,863.5750122070312,838.1945190429688,45848658.0,854.0154497500956,854.0154497500956,837.0782938778042
2024-07-04 18:30:00,842.5,842.5,821.0999755859375,824.0499877929688,799.8311157226562,82242548.0,817.7388811097651,817.7388811097651,796.9678045280713
2024-07-07 18:30:00,822.6500244140625,827.4749755859375,813.5750122070312,817.6749877929688,793.6434936523438,39087800.0,798.4723137874327,803.1554594894733,789.6640164804963
2024-07-08 18:30:00,812.5,823.3499755859375,810.1749877929688,818.25,794.2015380859375,48550878.0,788.6205312494033,799.1516248009418,786.363851419409
2024-07-09 18:30:00,814.9749755859375,820.0,810.375,813.0499877929688,789.1543579101562,45507182.0,791.0227700970487,795.9001084827571,786.5579883069686
2024-07-10 18:30:00,811.9749755859375,812.9249877929688,800.5,810.9500122070312,787.1162109375,44177074.0,788.111050667459,789.0331420386741,776.9733243368038
2024-07-11 18:30:00,811.0,819.2000122070312,805.5750122070312,811.3499755859375,787.5043334960938,56049960.0,787.1646437212287,795.1236568993513,781.8990967628511
2024-07-14 18:30:00,811.75,814.9000244140625,807.5999755859375,811.0499877929688,787.2131958007812,33375694.0,787.8926346206944,790.9500796896383,783.8645795922547
2024-07-15 18:30:00,810.375,813.5,808.4000244140625,809.875,786.0726928710938,28950324.0,786.5579978211608,789.5911537590798,784.6410669649267
2024-07-17 18:30:00,804.0,811.9749755859375,799.5750122070312,807.4000244140625,783.6705322265625,33717064.0,780.3704345530638,788.1110255525017,776.0754971813087
2024-07-18 18:30:00,808.0,811.5,801.75,803.6500244140625,780.0307006835938,26002152.0,784.2528302190582,787.649965003423,778.1865181041212
2024-07-21 18:30:00,808.5,825.5,806.3250122070312,821.2750244140625,797.1376953125,53744822.0,784.7381297391379,801.2384985771903,782.6270649860646
2024-07-22 18:30:00,823.7750244140625,823.9000244140625,802.5,809.2000122070312,785.4176025390625,52002152.0,799.5642547535156,799.6855810002239,778.9145038672318
2024-07-23 18:30:00,804.0750122070312,810.5,794.0250244140625,802.0250244140625,778.4534912109375,61728206.0,780.4432298173384,786.6793870769927,770.6886113878456
2024-07-24 18:30:00,796.5,812.5,796.5,808.2999877929688,784.5440063476562,25535732.0,773.0908208499962,788.6205799631161,773.0908208499962
2024-07-25 18:30:00,802.5,810.875,798.2249755859375,809.0750122070312,785.2962646484375,43810540.0,778.9144923179402,787.0433507268658,774.7651110455088
2024-07-28 18:30:00,807.5,815.9249877929688,799.1500244140625,802.5250244140625,778.9387817382812,51001148.0,783.7675425920842,791.9449196556922,775.6629731237323
2024-07-29 18:30:00,801.0,817.375,799.5,807.7750244140625,784.0345458984375,54595834.0,777.4586392048833,793.3523785519244,776.0027241501925
2024-07-30 18:30:00,807.0,813.9500122070312,804.5999755859375,807.875,784.1315307617188,37820484.0,783.2822470366172,790.0279981871195,780.9527594083772
2024-07-31 18:30:00,811.4500122070312,825.0250244140625,808.9749755859375,819.4000244140625,795.3178100585938,26215174.0,787.6014491725216,800.7774909815698,785.1991540216145
2024-08-01 18:30:00,815.5,835.25,815.5,829.5750122070312,805.1937866210938,44119238.0,791.5324392939043,810.7019864135299,791.5324392939043
2024-08-04 18:30:00,820.0499877929688,823.0,800.5,807.875,784.1315307617188,41333634.0,795.9486953170099,798.8120065813332,776.9732822215763
2024-08-05 18:30:00,815.0,816.4749755859375,796.6500244140625,800.5999755859375,777.0703125,45116050.0,791.0471196604719,792.4787456590307,773.2364505401089
2024-08-06 18:30:00,808.5,815.0,801.0999755859375,811.75,787.8926391601562,42346264.0,784.7381567736204,791.0471215466921,777.5556193354371
2024-08-07 18:30:00,812.0,826.6500244140625,809.625,821.3499755859375,797.21044921875,33976950.0,788.1352699911228,802.3547292854007,785.8300713873926
2024-08-08 18:30:00,826.0,831.2750244140625,822.9000244140625,825.0999755859375,800.8502807617188,26644618.0,801.7238534511162,806.8438448558267,798.7149861722273
2024-08-11 18:30:00,826.0,837.9749755859375,823.6749877929688,830.0499877929688,805.6547241210938,39316196.0,801.7237659305952,813.3467956202861,799.4670860971137
2024-08-12 18:30:00,814.0,816.2000122070312,800.5750122070312,801.5999755859375,778.0409545898438,54055042.0,790.0765423217451,792.2118961762867,777.0461148817201
2024-08-13 18:30:00,803.25,806.8499755859375,801.5999755859375,803.9000244140625,780.2733154296875,32334428.0,779.6423953037173,783.1365672163911,778.0408652863015
2024-08-15 18:30:00,814.25,817.0750122070312,805.5,816.0499877929688,792.0662231445312,27849246.0,790.3191371152319,793.061122021343,781.8263002104013
2024-08-18 18:30:00,818.8250122070312,818.8250122070312,811.8499755859375,815.7750244140625,791.79931640625,19502164.0,794.7596647587319,794.7596647587319,787.9896251482922
2024-08-19 18:30:00,813.7249755859375,823.0,813.7249755859375,818.8499755859375,794.783935546875,31134494.0,789.8095595425733,798.8119905444514,789.8095595425733
2024-08-20 18:30:00,814.0499877929688,817.2750244140625,808.9000244140625,812.9000244140625,789.0088500976562,47630904.0,790.1250159925943,793.2552686183906,785.1264103072706
2024-08-21 18:30:00,816.0,819.1500244140625,814.0,815.6500244140625,791.6780395507812,21300638.0,792.0177293410987,795.0751744192786,790.0765094162431
2024-08-22 18:30:00,817.0,817.0,811.5,812.5250244140625,788.6448364257812,20333422.0,792.988292052303,792.988292052303,787.6499375770427
2024-08-25 18:30:00,816.0999755859375,823.9749755859375,816.0999755859375,819.9749755859375,795.8759155273438,22364266.0,792.1148017562012,799.7583555491682,792.1148017562012
2024-08-26 18:30:00,821.7000122070312,823.7000122070312,816.0999755859375,818.875,794.8082275390625,35773244.0,797.550212512406,799.4914324239653,792.1147612152419
2024-08-27 18:30:00,818.875,819.875,815.0999755859375,818.5499877929688,794.4927978515625,26921188.0,794.808257947526,795.7788679404401,791.1441815277424
2024-08-28 18:30:00,821.0,822.2000122070312,815.5750122070312,819.2750244140625,795.1964721679688,49052604.0,796.8707505966252,798.035494358065,791.6052035874162
2024-08-29 18:30:00,828.0,831.0,810.5750122070312,818.4500122070312,794.395751953125,445342100.0,803.6650654368904,806.5768953841255,786.7521983416328
2024-09-01 18:30:00,823.4000244140625,823.4000244140625,811.5999755859375,813.4749755859375,789.5668334960938,34049680.0,799.2001837658697,799.2001837658697,787.7469400055302
2024-09-02 18:30:00,817.0,819.9749755859375,812.2999877929688,818.6749877929688,794.6140747070312,37282860.0,792.9883149182248,795.8758557711201,788.4264363868309
2024-09-03 18:30:00,819.5,822.4000244140625,816.0,820.9000244140625,796.7737426757812,24682744.0,795.4148650304477,798.2296576209254,792.0177301584446
2024-09-04 18:30:00,823.0,824.9500122070312,821.0,822.7249755859375,798.5450439453125,22876318.0,798.8119853769339,800.7046866194709,796.8707654853739
2024-09-05 18:30:00,819.1500244140625,823.875,817.0499877929688,818.4749755859375,794.419921875,26029602.0,795.0751309568867,799.6612390821284,793.0368146024134
2024-09-08 18:30:00,819.0,824.25,815.0499877929688,823.25,799.0546264648438,23792914.0,794.9295342541234,800.0252363967779,791.0956131747174
2024-09-09 18:30:00,827.0,827.0,819.0,825.1749877929688,800.923095703125,26606646.0,802.694470803164,802.694470803164,794.9295907953946
2024-09-10 18:30:00,825.2000122070312,826.25,819.5999755859375,821.9500122070312,797.7928466796875,22226684.0,800.9473289635273,801.9664575454252,795.5118777911906
2024-09-11 18:30:00,827.0,835.0,823.5250244140625,833.2999877929688,808.8092651367188,32424046.0,802.6944342572692,810.4593139115112,799.32158835399
2024-09-12 18:30:00,837.0,837.0,828.5250244140625,832.9749755859375,808.4938354492188,23860532.0,812.4005643686717,812.4005643686717,804.1746683722245
2024-09-15 18:30:00,833.5,838.9000244140625,832.0250244140625,835.4749755859375,810.9202880859375,15172820.0,809.0033572167779,814.2446744093743,807.5717313009576
2024-09-16 18:30:00,839.0,839.0,832.0750122070312,834.4000244140625,809.876953125,20127122.0,814.3417351276187,814.3417351276187,807.6202731787942
2024-09-17 18:30:00,835.9249877929688,849.4500122070312,835.5499877929688,847.4000244140625,822.4949340820312,40917342.0,811.3571488361771,824.4846727250206,810.9931700877765
2024-09-18 18:30:00,849.5999755859375,859.5,849.5750122070312,854.25,829.1435546875,30651776.0,824.6301946967953,834.2392569551141,824.6059649927001
2024-09-19 18:30:00,858.25,872.4749755859375,853.7750244140625,870.5999755859375,845.0130004882812,60623386.0,833.0259912779876,846.8328941482245,828.6825354394553
2024-09-22 18:30:00,874.5,883.1749877929688,870.125,879.9000244140625,854.0396728515625,26965350.0,848.7983557064159,857.2183847223622,844.551937403139
2024-09-23 18:30:00,882.5,890.8250122070312,877.125,884.0250244140625,858.04345703125,33039036.0,856.5632532087773,864.6435926298055,851.3462248960326
2024-09-24 18:30:00,880.0750122070312,894.0,880.0750122070312,889.5499877929688,863.4060668945312,31965312.0,854.2095613390953,867.7252930088929,854.2095613390953
2024-09-25 18:30:00,886.5250244140625,894.0,884.0250244140625,891.7249755859375,865.51708984375,31899644.0,860.4699657541129,867.7252510639614,858.0434410028155
2024-09-26 18:30:00,888.5,889.0999755859375,875.0,876.3250122070312,850.56982421875,35613502.0,862.3869891777302,862.9693314840181,849.2837541142532
2024-09-29 18:30:00,874.4000244140625,875.7249755859375,862.2000122070312,866.0250244140625,840.572509765625,26383534.0,848.7013681367213,849.987378933711,836.8599148404105
2024-09-30 18:30:00,862.0,871.0,860.0499877929688,863.0999755859375,837.7333984375,24572284.0,836.6657512217993,845.4012405036974,834.7730500291224
2024-10-02 18:30:00,857.8250122070312,863.0750122070312,836.6749877929688,841.0,816.282958984375,48473398.0,832.613483062025,837.7091852435565,812.0850591484665
2024-10-03 18:30:00,837.25,845.3250122070312,826.5,828.8250122070312,804.4658203125,48683232.0,812.6431974622866,820.4808848190723,802.2091402837622
2024-10-06 18:30:00,826.0999755859375,829.5,806.5,808.9000244140625,785.1264038085938,94458296.0,801.8208473760044,805.1209448670484,782.7969162571121
2024-10-07 18:30:00,815.0,828.4000244140625,811.0,825.5250244140625,801.2627563476562,29734406.0,791.0470635179641,804.0532597925816,787.1646239424159
2024-10-08 18:30:00,824.75,828.375,814.3499755859375,816.5750122070312,792.5758666992188,41125642.0,800.510591541895,804.0290527657074,790.4162239204929
2024-10-09 18:30:00,819.5,832.7249755859375,816.25,831.2000122070312,806.7709350585938,21754766.0,795.4147877416559,808.2510795642027,792.2603056670246
2024-10-10 18:30:00,832.2249755859375,832.2249755859375,821.625,825.5,801.2385864257812,23672594.0,807.7659152352597,807.7659152352597,797.4774725282647
2024-10-13 18:30:00,828.0250244140625,846.0250244140625,827.0,844.0499877929688,819.2433471679688,18527508.0,803.689357680797,821.1603374358971,802.6944587482099
2024-10-14 18:30:00,847.0,849.0,837.75,842.0499877929688,817.3021240234375,19651130.0,822.1066552857113,824.0478752509669,813.1285129464045
2024-10-15 18:30:00,840.0499877929688,853.9749755859375,840.0499877929688,849.9000244140625,824.9214477539062,20470682.0,815.3609038822862,828.8766360391955,815.3609038822862
2024-10-16 18:30:00,847.4749755859375,848.8250122070312,832.5999755859375,836.5750122070312,811.988037109375,14695732.0,822.5676501021808,823.8780090897097,808.1298269832027
2024-10-17 18:30:00,831.5499877929688,845.5,827.0499877929688,840.9249877929688,816.210205078125,24809724.0,807.1107362982874,820.6507576909523,802.7429912839654
2024-10-20 18:30:00,857.5,874.0750122070312,855.5250244140625,864.3499755859375,838.9466552734375,46548354.0,832.2980010606213,848.3858722296796,830.3810701774502
2024-10-21 18:30:00,865.0250244140625,870.0,855.3499755859375,857.2750244140625,832.0796508789062,38875280.0,839.6018778313584,844.4306385333365,830.2111793718472
2024-10-22 18:30:00,852.5250244140625,873.25,852.5250244140625,867.9000244140625,842.3924560546875,38036090.0,827.4693270680456,847.5851959404977,827.4693270680456
2024-10-23 18:30:00,869.0499877929688,884.3250122070312,869.0499877929688,874.8250122070312,849.1138305664062,30832258.0,843.5085346118838,858.3346247570413,843.5085346118838
2024-10-24 18:30:00,877.5,878.9249877929688,864.3499755859375,871.7000122070312,846.0806884765625,26130478.0,851.7102142266036,853.0933215296461,838.9466699408074
2024-10-27 18:30:00,871.0,875.5,864.4500122070312,867.0999755859375,841.6158447265625,22012142.0,845.4012471416386,849.7689918168825,839.043763962605
2024-10-28 18:30:00,863.0750122070312,882.0,862.5499877929688,875.9249877929688,850.1815185546875,35794926.0,837.7092042477628,856.0779859182065,837.1996103215174
2024-10-29 18:30:00,871.0,877.375,862.0999755859375,867.2999877929688,841.8099975585938,32715724.0,845.4012662208864,851.5889046504595,836.7628139716957
2024-10-30 18:30:00,864.0,869.4500122070312,859.7000122070312,867.8499755859375,842.3438110351562,22895912.0,838.6069864702176,843.8968224808245,834.4333755848933
2024-10-31 18:30:00,866.5,872.0499877929688,863.0499877929688,868.6500244140625,843.120361328125,1759692.0,841.0335262277963,846.4203996311912,837.6849100339031
2024-11-03 18:30:00,872.5,872.5,855.4500122070312,857.0499877929688,831.8612060546875,28089248.0,846.8571409139798,846.8571409139798,830.3082539054162
2024-11-04 18:30:00,851.5,881.3499755859375,848.9500122070312,878.9249877929688,853.0933227539062,44232406.0,826.4743572133567,855.447039991069,823.999313734677
2024-11-05 18:30:00,885.75,885.75,872.6749877929688,877.625,851.8316040039062,27787910.0,859.7178102794018,859.7178102794018,847.0270726401069
2024-11-06 18:30:00,872.1500244140625,880.4749755859375,869.0,873.2750244140625,847.6094360351562,18895456.0,846.5174998307751,854.5977803501312,843.4600547619757
2024-11-07 18:30:00,876.0,880.9000244140625,872.9249877929688,877.2249755859375,851.4432983398438,19902986.0,850.2543248355499,855.0103373353861,847.2696873607207
2024-11-10 18:30:00,877.2750244140625,891.4000244140625,875.5999755859375,883.1500244140625,857.1942138671875,24565362.0,851.4918803256005,865.2017460745226,849.8660612419557
2024-11-11 18:30:00,886.0,887.5,854.3250122070312,859.0999755859375,833.8509521484375,31395406.0,859.9603824917264,861.4162973605047,829.2163253609564
2024-11-12 18:30:00,858.375,864.7000122070312,836.5,840.6749877929688,815.9674682617188,35728500.0,833.1472753910937,839.2863948751228,811.9151837654287
2024-11-13 18:30:00,836.5499877929688,852.4249877929688,836.0499877929688,846.375,821.5,27146470.0,811.9637453515568,827.3721783747438,811.4784403744485
2024-11-17 18:30:00,850.0,859.4500122070312,847.5,852.5499877929688,827.4934692382812,27081968.0,825.0184258091194,834.190701332557,822.5919010273279
2024-11-18 18:30:00,857.0,876.875,851.3499755859375,871.125,845.5225830078125,50981272.0,831.8127176211167,851.1035901563789,826.3287477699067
2024-11-20 18:30:00,874.7000122070312,879.5,867.0999755859375,870.5999755859375,845.0130004882812,35716512.0,848.9925368361551,853.6514527573436,841.6158656563873
2024-11-21 18:30:00,871.7750244140625,877.1500244140625,864.7750244140625,872.7999877929688,847.1483764648438,24773612.0,846.1535367827626,851.370565411524,839.3592669406547
2024-11-24 18:30:00,892.5250244140625,901.7750244140625,882.4500122070312,892.7999877929688,866.560546875,427737274.0,866.293664684976,875.2718066744363,856.5147576427843
2024-11-25 18:30:00,905.0,905.0,884.9000244140625,892.7750244140625,866.5363159179688,30935566.0,878.4019987795361,878.4019987795361,858.8927626136716
2024-11-26 18:30:00,894.9500122070312,908.6749877929688,892.5750122070312,906.1500244140625,879.5181884765625,32714976.0,868.6473457001546,881.9689429401197,866.3421471774458
2024-11-27 18:30:00,909.5,918.0499877929688,894.0,896.5750122070312,870.224609375,35722392.0,882.7697308653094,891.0684339141281,867.725276958314
2024-11-28 18:30:00,900.6500244140625,902.2999877929688,891.4500122070312,898.0250244140625,871.6320190429688,27669536.0,874.1798701470966,875.7813410106078,865.2502468100779
2024-12-01 18:30:00,901.75,904.0750122070312,887.5,902.3499755859375,875.8298950195312,15110876.0,875.2475527258944,877.5042327860683,861.4163604593637
2024-12-02 18:30:00,911.3499755859375,918.7000122070312,908.0499877929688,913.1500244140625,886.3124389648438,43410242.0,884.5652937811867,891.6993119709169,881.3622930133588
2024-12-03 18:30:00,919.0,932.5,915.5750122070312,930.0499877929688,902.7157592773438,44669084.0,891.9905313310416,905.0937654692016,888.6662041479593
2024-12-04 18:30:00,930.0,939.9749755859375,917.5999755859375,932.875,905.457763671875,39682714.0,902.6672600453907,912.349070670313,890.6316728815866
2024-12-05 18:30:00,928.5,932.0999755859375,922.0,927.9249877929688,900.6531982421875,17783156.0,901.2113107944992,904.7054828102569,894.9023463139778
2024-12-08 18:30:00,926.8250122070312,940.0,924.5,935.0,907.520263671875,26947912.0,899.5855395249345,912.3733132102273,897.3288596413352
2024-12-09 18:30:00,938.8499755859375,938.8499755859375,929.2750244140625,934.0499877929688,906.5982055664062,13325480.0,911.2571214453396,911.2571214453396,901.9635786325839
2024-12-10 18:30:00,930.8499755859375,935.9500122070312,928.375,931.5499877929688,904.1716918945312,14045426.0,903.492253077643,908.4423993938311,901.0900171351183
2024-12-11 18:30:00,925.5,934.3250122070312,924.3499755859375,929.625,902.3032836914062,17293790.0,898.299517608064,906.8651623497835,897.183292457994
2024-12-12 18:30:00,931.25,937.5,914.625,935.875,908.3695678710938,19009002.0,903.8804969466607,909.9468090067054,887.7441068669418
2024-12-15 18:30:00,932.5499877929688,934.9749755859375,927.625,932.5999755859375,905.1907958984375,13107082.0,905.1422772502634,907.4959944793276,900.3620351992098
2024-12-16 18:30:00,928.1749877929688,931.1749877929688,913.25,916.625,889.6853637695312,21079532.0,900.8958970749953,903.8077269850552,886.4095551207139
2024-12-17 18:30:00,914.9249877929688,918.0,903.5750122070312,905.3499755859375,878.74169921875,23422312.0,888.0353013877913,891.0199388482123,877.0189020931173
2024-12-18 18:30:00,899.7999877929688,900.5499877929688,889.5,896.75,870.3944702148438,25380770.0,873.3548187057529,874.0827761662058,863.3575480971324
2024-12-19 18:30:00,891.0999755859375,898.7750244140625,883.5250244140625,885.75,859.7177734375,25692348.0,864.9105130352275,872.3599918831414,857.5581899695972
2024-12-22 18:30:00,891.0,903.0,890.6500244140625,900.5,874.0342407226562,11044592.0,864.8134464007626,876.4607655442072,864.4737566222769
2024-12-23 18:30:00,901.0250244140625,904.3499755859375,894.7750244140625,899.0499877929688,872.6268920898438,14485834.0,874.5438823482602,877.7711131439431,868.4775699633949
2024-12-25 18:30:00,899.2750244140625,906.0,890.375,895.375,869.0598754882812,10481678.0,872.8452779528201,879.3726061062491,864.2068257857081
2024-12-26 18:30:00,897.4000244140625,902.9749755859375,894.5499877929688,899.125,872.69970703125,7259330.0,871.0254284954694,876.4365317952429,868.2591544798911
2024-12-29 18:30:00,896.0999755859375,907.5,885.5,888.9500122070312,862.82373046875,22222218.0,869.7635560951499,880.8285332674382,859.4751142791366
2024-12-30 18:30:00,885.1500244140625,890.9000244140625,882.7999877929688,886.4249877929688,860.3729248046875,14117236.0,859.1354326463724,864.7164399349241,856.8544636879918
2024-12-31 18:30:00,886.7249755859375,897.0,880.5499877929688,891.375,865.1773681640625,7313806.0,860.6640085965884,870.637048653108,854.6705045302124
2025-01-01 18:30:00,888.5499877929688,901.7249755859375,886.5,896.875,870.5158081054688,18558576.0,862.4354683380634,875.2232427161829,860.4457297678027
2025-01-02 18:30:00,895.5,897.625,873.1500244140625,874.5999755859375,848.8953857421875,24426194.0,869.1811561312279,871.2437021466147,847.4880487953375
2025-01-05 18:30:00,870.0499877929688,878.5999755859375,852.9000244140625,855.25,830.1141967773438,18816348.0,844.4792128300473,852.777916424571,827.8332869896011
2025-01-06 18:30:00,857.5,860.5,850.0,856.7000122070312,831.521484375,13527906.0,832.2979604198381,835.2097900189746,825.018386421997
2025-01-07 18:30:00,854.125,855.8250122070312,841.6749877929688,847.1500244140625,822.2522583007812,19738190.0,829.022239132803,830.6722879270967,816.9381331798057
2025-01-08 18:30:00,842.0750122070312,844.5,829.0499877929688,833.9000244140625,809.3916625976562,40420222.0,817.3263871062876,819.6801043914131,804.6841687860751
2025-01-09 18:30:00,835.5,837.4500122070312,827.0,828.375,804.0289916992188,17453280.0,810.9445873725031,812.8372885629307,802.6944030605147
2025-01-12 18:30:00,820.0,823.375,812.1500244140625,815.4249877929688,791.4596557617188,21669066.0,795.9002084068898,799.1760171914914,788.2809435229427
2025-01-13 18:30:00,819.9500122070312,828.0999755859375,818.5,823.2999877929688,799.1031494140625,26661432.0,795.8516298211142,803.7620652641559,794.4442335639691
2025-01-14 18:30:00,828.25,831.3499755859375,818.1500244140625,821.5250244140625,797.3803100585938,14022892.0,803.9076378434971,806.9165047926833,794.1045016943054
2025-01-15 18:30:00,826.4249877929688,830.2750244140625,821.4249877929688,826.0250244140625,801.7481079101562,21212454.0,802.1363163454865,805.873200199019,797.2832665938832
2025-01-16 18:30:00,821.75,825.25,814.25,818.375,794.3229370117188,23112076.0,797.5987456720695,800.9958805790999,790.31917087129
2025-01-19 18:30:00,813.0,830.4749755859375,813.0,825.625,801.3598022460938,17557618.0,789.1058522041777,806.0672365854673,789.1058522041777
2025-01-20 18:30:00,829.125,830.5250244140625,816.5250244140625,821.2000122070312,797.0648803710938,31158144.0,804.756952160241,806.115829748555,792.5272908307279
2025-01-21 18:30:00,821.2000122070312,835.9500122070312,812.7249755859375,833.0250244140625,808.5423583984375,30619306.0,797.0648841596673,811.3813805875693,788.8389294808721
2025-01-22 18:30:00,843.5,843.5,825.625,832.4500122070312,807.9843139648438,34909158.0,818.70954271768,818.70954271768,801.3598888041311
2025-01-23 18:30:00,830.0,835.1500244140625,822.25,824.9000244140625,800.6561889648438,24236200.0,805.6062761215885,810.6049411699597,798.0840488445496
2025-01-26 18:30:00,820.5499877929688,821.7999877929688,813.0,814.9000244140625,790.9500732421875,22804166.0,796.433983923838,797.6472463633178,789.1058906376462
2025-01-27 18:30:00,823.5,842.1500244140625,823.5,835.2000122070312,810.6533813476562,30179312.0,799.2972339352833,817.3991318429769,799.2972339352833
2025-01-28 18:30:00,837.5,840.5750122070312,834.4249877929688,838.6500244140625,814.0020141601562,12619890.0,812.8857890816031,815.8704263644069,809.9011517987993
2025-01-29 18:30:00,840.5,848.9500122070312,836.2750244140625,845.75,820.8933715820312,25744846.0,815.7976693049923,823.9993352943973,811.696865930955
2025-01-30 18:30:00,843.625,852.3499755859375,841.9749755859375,849.375,824.4118041992188,15821686.0,818.830797136207,827.2993450265934,817.2292670650723
2025-01-31 18:30:00,848.75,856.5,838.0250244140625,845.4749755859375,820.6264038085938,5587528.0,823.8051750140157,831.3274019434516,813.3954072501344
2025-02-02 18:30:00,835.0,843.4000244140625,831.7249755859375,839.0,814.3417358398438,20276540.0,810.4592960980566,818.6124432523412,807.2805248629369
2025-02-03 18:30:00,844.3499755859375,862.9000244140625,840.0250244140625,860.4500122070312,835.161376953125,28616502.0,819.5345205841194,837.5393832746403,815.3366797744094
2025-02-04 18:30:00,866.5,872.0999755859375,859.4500122070312,868.9000244140625,843.363037109375,23675506.0,841.0335494558958,846.4689416589049,834.1907609306318
2025-02-05 18:30:00,867.75,874.5,862.0,871.9249877929688,846.299072265625,26760716.0,842.2467875560731,848.7984047453597,836.6657803207547
2025-02-06 18:30:00,875.0,883.5,862.5,866.375,840.9121704101562,23509600.0,849.2836809798144,857.5338653093327,837.1510569658171
2025-02-09 18:30:00,858.6500244140625,861.7249755859375,854.25,857.875,832.6619873046875,17195950.0,833.4142336911924,836.3988118099606,829.1435263354559
2025-02-10 18:30:00,851.5,855.5,844.3499755859375,850.7000122070312,825.6979370117188,22724704.0,826.4744131617251,830.3568531530897,819.5345279806279
2025-02-11 18:30:00,846.5,856.0,840.5999755859375,853.4000244140625,828.3185424804688,22809570.0,821.6213102303759,830.8421046157138,815.8946879155817
2025-02-12 18:30:00,849.5,857.125,846.7750244140625,848.8499755859375,823.9022216796875,12602434.0,824.5331418355402,831.9340426083429,821.8882534526111
2025-02-13 18:30:00,850.9500122070312,850.9500122070312,840.0,847.4249877929688,822.5191040039062,19959892.0,825.9405276867242,825.9405276867242,815.3123371576534
2025-02-16 18:30:00,842.5999755859375,860.0,840.625,858.6749877929688,833.4384765625,12938946.0,817.8359099627821,834.7245465784594,815.918979031997
2025-02-17 18:30:00,856.5250244140625,865.7750244140625,853.0750122070312,861.5250244140625,836.2047119140625,16350910.0,831.3516624481879,840.329803960056,828.003046468469
2025-02-18 18:30:00,858.5,868.9500122070312,856.2249755859375,863.5999755859375,838.21875,11884112.0,833.268662828246,843.4115489066289,831.0605014404679
2025-02-19 18:30:00,855.5,857.3499755859375,842.6500244140625,843.5499877929688,818.7579956054688,26390510.0,830.3567961314325,832.152400807599,817.8844822121968
2025-02-20 18:30:00,840.4500122070312,847.4749755859375,838.625,846.25,821.378662109375,15680940.0,815.7491363030065,822.5676355898997,813.9777613134116
2025-02-23 18:30:00,840.5499877929688,842.0999755859375,830.5499877929688,838.5499877929688,813.9049682617188,20693646.0,815.8461881773111,817.3506217636291,806.1400885993494
2025-02-24 18:30:00,835.5499877929688,844.0,835.5499877929688,841.1749877929688,816.4528198242188,24138708.0,810.9931388087847,819.1948048046805,810.9931388087847
2025-02-26 18:30:00,841.2750244140625,855.375,841.2750244140625,850.3499755859375,825.358154296875,35786800.0,816.5499163188684,830.235493033587,816.5499163188684
2025-02-27 18:30:00,842.5,868.625,842.5,866.2000122070312,840.7423706054688,54516728.0,817.738902393146,843.0960879421323,817.738902393146
2025-03-02 18:30:00,869.9000244140625,871.5250244140625,847.0499877929688,850.7750244140625,825.770751953125,21205364.0,844.3336683269105,845.9109095874281,822.1551941342151
2025-03-03 18:30:00,849.0,857.1500244140625,846.625,855.0,829.8715209960938,19920958.0,824.04786119963,831.9583561196923,821.7426625301964
2025-03-04 18:30:00,850.9749755859375,855.4000244140625,844.125,845.0,820.1654052734375,21583872.0,825.9647760106438,830.2597724194886,819.316121569752
2025-03-05 18:30:00,843.5,849.9500122070312,836.125,845.5999755859375,820.7477416992188,32966088.0,818.7094845214233,824.9699304836942,811.5512362127743
2025-03-06 18:30:00,841.0,850.5750122070312,838.7999877929688,844.625,819.8013916015625,13372914.0,816.2829306934012,825.5765323887408,814.1475770525966
2025-03-09 18:30:00,844.5,849.9500122070312,841.5250244140625,843.75,818.9521484375,15604050.0,819.6801059027778,824.969941998729,816.7925649870414
2025-03-10 18:30:00,841.2000122070312,847.0,835.0250244140625,842.75,817.9815673828125,19898430.0,816.4771337496867,822.1066598317914,810.4836289220838
2025-03-11 18:30:00,845.7750244140625,859.25,845.7750244140625,855.5750122070312,830.4296264648438,18784106.0,820.9176607269924,833.9966062113717,820.9176607269924
2025-03-12 18:30:00,858.0250244140625,860.4000244140625,850.0250244140625,853.2999877929688,828.221435546875,15736264.0,832.8076029783965,835.1128015457978,825.0427235934661
2025-03-16 18:30:00,852.5,862.0,852.5,855.2000122070312,830.065673828125,18950652.0,827.4450150114936,836.6658099001849,827.4450150114936
2025-03-17 18:30:00,855.2000122070312,855.2000122070312,855.2000122070312,855.2000122070312,830.065673828125,0.0,830.065673828125,830.065673828125,830.065673828125
2025-03-18 18:30:00,867.5,875.5,866.0999755859375,872.0499877929688,846.42041015625,15221406.0,842.004146653194,849.7690263917825,840.6452690024086
2025-03-19 18:30:00,877.0,887.0,874.6500244140625,884.375,858.3831176757812,17833978.0,851.2248697686616,860.930968625773,848.9439602337709
2025-03-20 18:30:00,877.7750244140625,887.0499877929688,877.7750244140625,885.1749877929688,859.15966796875,33508264.0,851.9771897387066,860.9795616616999,851.9771897387066
2025-03-23 18:30:00,889.5,902.2000122070312,886.8250122070312,900.0,873.5489501953125,17393736.0,863.3575457763671,875.6843039218336,860.7611760226637
2025-03-24 18:30:00,902.4500122070312,921.8499755859375,900.75,910.7249755859375,883.958740234375,39101416.0,875.9269782864857,894.7567761384419,874.2769294910811
2025-03-25 18:30:00,912.5,913.75,901.0,903.2750244140625,876.7277221679688,24478442.0,885.681575218163,886.8948376499686,874.5195608455505
2025-03-26 18:30:00,900.0,920.5,899.0499877929688,912.6749877929688,885.8514404296875,41658100.0,873.548970937254,893.4464752752693,872.6268796196651
2025-03-27 18:30:00,914.5,918.0,902.9249877929688,914.0999755859375,887.2344970703125,28773648.0,887.6227647317345,891.0198994245295,876.3879431494396
2025-03-31 18:30:00,901.0,904.9500122070312,882.6749877929688,883.9249877929688,857.9464111328125,28511006.0,874.5195883202217,878.3535095734435,856.7331486628899
2025-04-01 18:30:00,885.3499755859375,899.5999755859375,885.3499755859375,898.4500122070312,872.0444946289062,11573564.0,859.3294691298255,873.16066049231,859.3294691298255
2025-04-02 18:30:00,890.5499877929688,902.0,888.5,897.4249877929688,871.0496215820312,11250038.0,864.3766781830471,875.490173946712,862.3869396359797
2025-04-03 18:30:00,906.5,920.9749755859375,905.5499877929688,908.6500244140625,881.94482421875,33540454.0,879.857988965376,893.9075454015215,878.9358975919937
2025-04-06 18:30:00,881.4000244140625,889.9249877929688,869.0999755859375,878.8499755859375,853.0205078125,37995450.0,855.4956105111871,863.7700245665659,843.5570610557007
2025-04-07 18:30:00,882.5,891.0,875.1500244140625,884.5750122070312,858.5773315429688,35563872.0,856.5633039940931,864.8134887917699,849.4293443655757
2025-04-08 18:30:00,882.5,887.5,876.75,882.5,856.5632934570312,22454608.0,856.5632934570312,861.4163432783175,850.982286162552
2025-04-10 18:30:00,887.375,909.7000122070312,887.375,903.375,876.8247680664062,32775766.0,861.2950087869681,882.9638878798253,861.2950087869681
2025-04-14 18:30:00,932.5,938.4000244140625,927.5,932.4500122070312,905.0452880859375,49298344.0,905.0938067366918,910.8204293176711,900.2407568346184
2025-04-15 18:30:00,941.9000244140625,941.9000244140625,930.25,939.0,911.4027709960938,19136820.0,914.2175636339349,914.2175636339349,902.9099336731801
2025-04-16 18:30:00,941.0,959.8499755859375,938.3499755859375,953.3499755859375,925.3309936523438,35703084.0,913.3439841876462,931.6399584740437,910.7718440638052
2025-04-20 18:30:00,962.0,975.3499755859375,955.0,963.5499877929688,935.231201171875,34247298.0,933.7267676045618,946.6843866809207,926.9324979858176
2025-04-21 18:30:00,967.5,985.2999877929688,967.5,980.8499755859375,952.0227661132812,45961750.0,939.0651467003056,956.3419923313835,939.0651467003056
2025-04-22 18:30:00,989.4500122070312,989.4500122070312,960.25,961.9500122070312,933.67822265625,30570642.0,960.3699954066212,960.3699954066212,932.0281739470523
2025-04-23 18:30:00,955.0,961.9500122070312,952.5499877929688,958.4000244140625,930.2326049804688,25931754.0,926.9325074354753,933.6782584739785,924.5545011964061
2025-04-24 18:30:00,962.4000244140625,966.5,945.9000244140625,955.5999755859375,927.5148315429688,18500878.0,934.1150265036636,938.094503546439,918.099962552793
2025-04-27 18:30:00,955.5999755859375,964.8499755859375,954.2000122070312,960.0999755859375,931.882568359375,13920492.0,927.5148236825167,936.4929655182809,926.156005327847
2025-04-28 18:30:00,959.4000244140625,964.4000244140625,950.0999755859375,954.4000244140625,926.3501586914062,18918308.0,931.2032084346736,936.0562581779409,922.1764885191324
2025-04-29 18:30:00,956.5,968.4500122070312,955.1500244140625,962.5,934.2120361328125,31936870.0,928.3883766867898,939.9871769317172,927.0780770079656
2025-05-01 18:30:00,964.9000244140625,970.9500122070312,960.0,960.9500122070312,932.7077026367188,17840404.0,936.5416240313868,942.4138027541906,931.7856112772921
2025-05-04 18:30:00,969.5,976.0,966.1500244140625,968.4000244140625,939.9386596679688,15068024.0,941.0063068714467,947.3152712805899,937.754787372496
2025-05-05 18:30:00,965.0,970.0499877929688,962.1500244140625,965.8499755859375,937.4635620117188,17490156.0,936.638567281111,941.5401354999643,933.8723527219415
2025-05-06 18:30:00,967.0,974.3499755859375,961.2000122070312,972.7999877929688,944.2093505859375,21420778.0,938.5798247058746,945.7137841650697,932.9502988258117
2025-05-07 18:30:00,977.4000244140625,977.4000244140625,959.5499877929688,964.25,935.91064453125,34803430.0,948.6741890736062,948.6741890736062,931.348765916796
2025-05-08 18:30:00,955.0499877929688,959.5,943.4000244140625,944.8499755859375,917.0807495117188,17188796.0,926.9809824392288,931.3002083857921,915.6734125356725
2025-05-11 18:30:00,958.7999877929688,979.9500122070312,956.1500244140625,978.5999755859375,949.8389282226562,18618972.0,930.62086195116,951.1492872756219,928.0487809799312
2025-05-12 18:30:00,975.0,980.8499755859375,960.0,961.2999877929688,933.0473022460938,24242102.0,946.3446699698328,952.0227142931207,931.7855212010662
2025-05-13 18:30:00,961.0499877929688,965.0999755859375,951.5,955.2999877929688,927.2236938476562,15445308.0,932.8047011833116,936.7356597192896,923.5353878045329
2025-05-14 18:30:00,956.75,972.4000244140625,948.5,966.9000244140625,938.4827880859375,32241458.0,928.6310733577037,943.8211428321799,920.6235412383402
2025-05-15 18:30:00,966.9000244140625,971.9000244140625,964.2000122070312,967.3499755859375,938.9195556640625,15868010.0,938.4828285590543,943.3358785376587,935.8621697223413
2025-05-18 18:30:00,968.5,972.5,965.5,969.3499755859375,940.8607177734375,10202964.0,940.0357230243618,943.9181627683963,937.1238932163359
2025-05-19 18:30:00,964.0499877929688,967.2999877929688,956.5,957.4500122070312,929.3104858398438,23879090.0,935.7164876572758,938.8709699179398,928.3883945615378
2025-05-20 18:30:00,963.5,973.4500122070312,960.5499877929688,963.4000244140625,935.0856323242188,15132040.0,935.1826696209016,944.8402502940019,932.3193584728106
2025-05-21 18:30:00,957.5999755859375,962.0999755859375,952.5999755859375,959.9500122070312,931.737060546875,21306670.0,929.4560915529987,933.8238364554871,924.603041661345
2025-05-22 18:30:00,960.0499877929688,968.5,957.25,966.7999877929688,938.3856811523438,9566072.0,931.8340640363383,940.0357299039,929.1163680438908
2025-05-25 18:30:00,967.5,974.9500122070312,963.4500122070312,970.0999755859375,941.588623046875,10802860.0,939.0650610496285,946.2961165204464,935.1341028748952
2025-05-26 18:30:00,965.7999877929688,974.0,958.1500244140625,963.1500244140625,934.8429565429688,26162148.0,937.415037254252,945.3740503477449,929.989907003196
2025-05-27 18:30:00,960.0999755859375,967.25,958.8499755859375,961.75,933.4840698242188,18157594.0,931.8825397952628,938.8224242656362,930.6692774222134
2025-05-28 18:30:00,964.0,970.4000244140625,953.6500244140625,963.75,935.42529296875,28917794.0,935.6679454442282,941.8798725130029,925.6221566559584
2025-05-29 18:30:00,965.9500122070312,974.4000244140625,962.7000122070312,972.4500122070312,943.86962890625,28748078.0,937.560664423884,945.7623300992254,934.406182182701
2025-06-01 18:30:00,965.0499877929688,968.0,954.0,966.0499877929688,937.6576538085938,14668822.0,936.6870439378242,939.5503549048592,925.9618167140865
2025-06-02 18:30:00,969.0,976.0,960.0,962.2999877929688,934.0179443359375,24377584.0,940.5210428582492,947.3153125176999,931.7855532960983
2025-06-03 18:30:00,960.5,971.6500244140625,960.4500122070312,970.5999755859375,942.073974609375,12961542.0,932.2708380103269,943.0931624292062,932.2223193620798
2025-06-04 18:30:00,974.0,979.4500122070312,970.0999755859375,974.7999877929688,946.1505126953125,22255418.0,945.3740366284826,950.6638723983343,941.5886343458625
2025-06-05 18:30:00,972.0,998.1500244140625,971.3499755859375,989.3499755859375,960.2728881835938,30127008.0,943.432829986841,968.8143027617217,942.8019098505041
2025-06-08 18:30:00,997.5,997.5,987.9500122070312,989.4500122070312,960.3700561523438,13202588.0,968.1834546397668,968.1834546397668,958.9141411829606
2025-06-09 18:30:00,991.4000244140625,991.4000244140625,980.5499877929688,982.6500244140625,953.7698974609375,15533126.0,962.2627345803987,962.2627345803987,951.7315810074685
2025-06-10 18:30:00,983.7999877929688,983.7999877929688,973.5,975.2000122070312,946.538818359375,11096394.0,954.8860400853163,954.8860400853163,944.8887696252715
2025-06-11 18:30:00,975.0,980.5,967.6500244140625,971.7000122070312,943.1416625976562,16349130.0,946.3446634564742,951.68301796828,939.2107043054103
2025-06-12 18:30:00,960.0,966.5,956.5,958.7999877929688,930.6207885742188,12117762.0,931.7855323379068,938.0944968797781,928.3883975845915
2025-06-15 18:30:00,962.0,969.4500122070312,960.0499877929688,967.7000122070312,939.2592163085938,16513746.0,933.7267280054107,940.957783641244,931.8340268436207
2025-06-16 18:30:00,968.5,970.7999877929688,959.5499877929688,964.7999877929688,936.4444580078125,16978736.0,940.0357266330969,942.268117646221,931.3487558242051
2025-06-17 18:30:00,958.5,968.1500244140625,958.5,966.9500122070312,938.5313110351562,18433816.0,930.329645039179,939.6960548333931,930.329645039179
2025-06-18 18:30:00,966.9500122070312,973.4000244140625,962.7999877929688,967.6500244140625,939.2107543945312,16876220.0,938.5313155721643,944.7917616817875,934.5032605291775
2025-06-19 18:30:00,965.7999877929688,984.9500122070312,965.7999877929688,982.3499755859375,953.4786376953125,32900408.0,937.4150552584099,956.0022590492599,937.4150552584099
2025-06-22 18:30:00,974.2000122070312,978.9500122070312,970.9000244140625,974.2000122070312,945.5682373046875,11739518.0,945.5682373046875,950.1786346265085,942.3652362767411
2025-06-23 18:30:00,982.5,989.5,977.7999877929688,980.4500122070312,951.634521484375,22625322.0,953.6242600004867,960.4185295373859,949.0623814631601
2025-06-24 18:30:00,983.0,991.0,981.9500122070312,990.0999755859375,961.0009155273438,18405932.0,954.1096083800328,961.8744882040819,953.0904797513926
2025-06-25 18:30:00,990.7000122070312,1013.5499877929688,990.0,1010.9000244140625,981.1895751953125,50084830.0,961.5832432953354,983.7616558949239,960.9038045145849
2025-06-26 18:30:00,1006.5,1009.9000244140625,996.7000122070312,1007.4500122070312,988.5982666015625,28213384.0,987.6660313444861,991.0024333509556,978.0494242399598
2025-06-29 18:30:00,1005.75,1006.9000244140625,997.75,1000.75,982.023681640625,13649020.0,986.9301202198938,988.0586250503452,979.0798184930638
2025-06-30 18:30:00,1002.5,1008.0,1002.0,1006.0499877929688,987.2244873046875,14389386.0,983.740927917604,989.138010315157,983.250284063281
2025-07-01 18:30:00,1009.9500122070312,1009.9500122070312,988.9500122070312,993.0,974.418701171875,18878250.0,991.0515399227539,991.0515399227539,970.4444979040134
2025-07-02 18:30:00,997.4500122070312,1004.0,992.1500244140625,993.5499877929688,974.9583740234375,16860506.0,978.7854199779471,985.2128423794024,973.584607191008
2025-07-03 18:30:00,993.5499877929688,1001.75,990.0,994.6500244140625,976.037841796875,7863944.0,974.9583893832662,983.0049605598704,971.4748300017685
2025-07-06 18:30:00,994.5,999.2000122070312,991.9000244140625,993.7000122070312,975.1055908203125,11349426.0,975.8906089947405,980.5026731224453,973.3392849545877
2025-07-07 18:30:00,988.5,1002.5,988.5,1000.7000122070312,981.974609375,15224316.0,970.0028875050783,983.740915249207,970.0028875050783
2025-07-08 18:30:00,1003.5,1006.9000244140625,999.0499877929688,1005.5999755859375,986.7828369140625,13861428.0,984.7221568062151,988.058558773539,980.3554147849677
2025-07-09 18:30:00,1008.0,1008.5,1000.0,1003.0999755859375,984.3296508789062,17030310.0,989.1379844829171,989.6286283244265,981.2876830187669
2025-07-10 18:30:00,999.0,1002.4000244140625,990.4500122070312,991.8499755859375,973.2902221679688,12516922.0,980.306453474884,983.642855752239,971.9164552660966
2025-07-13 18:30:00,991.5,994.3499755859375,985.2999877929688,991.5,972.94677734375,13088850.0,972.94677734375,975.7434233970494,966.8627814826074
2025-07-14 18:30:00,986.5,1001.7999877929688,986.5,997.75,979.079833984375,14498168.0,968.0403470063502,983.0540373178538,968.0403470063502
2025-07-15 18:30:00,1009.0,1011.3499755859375,996.2999877929688,998.1500244140625,979.4722900390625,17994612.0,990.1192370651518,992.4252390812768,977.6568719540081
2025-07-16 18:30:00,1002.0,1002.4000244140625,991.3499755859375,993.4500122070312,974.8602294921875,22529158.0,983.2502269350301,983.6427659529008,972.7994894879338
2025-07-17 18:30:00,993.4500122070312,998.5,976.5,978.7000122070312,960.38623046875,16129446.0,974.8602232374529,979.8157138677898,958.2273856704023
2025-07-20 18:30:00,989.0999755859375,1001.0,988.25,1000.25,981.5330200195312,22309078.0,970.5916382285527,982.2689857931025,969.7575676423911
2025-07-21 18:30:00,1006.5499877929688,1009.0,1001.5,1003.5499877929688,984.771240234375,14836814.0,987.7151032772119,990.1192700741381,982.7596124670459
2025-07-22 18:30:00,1005.5,1014.9000244140625,1001.5,1012.1500244140625,993.2103881835938,13634916.0,986.6848008986999,995.9089294093236,982.7596500249109
2025-07-23 18:30:00,1018.8499755859375,1018.8499755859375,1004.2000122070312,1007.0999755859375,988.2548217773438,19107176.0,999.7849522880986,999.7849522880986,985.4091233743482
2025-07-24 18:30:00,1007.5,1007.5,999.5,1002.2999877929688,985.9922485351562,9306598.0,991.1076548914018,991.1076548914018,983.237817433207
2025-07-27 18:30:00,1001.5,1010.7000122070312,1000.25,1004.25,987.9105224609375,12059580.0,985.205265864704,994.2555908496133,983.9756037755068
2025-07-28 18:30:00,999.9500122070312,1013.25,998.1500244140625,1010.7999877929688,994.3539428710938,19895696.0,983.6804999207345,996.7640925817828,981.9097985152405
2025-07-29 18:30:00,1014.0,1016.2999877929688,1008.5,1012.9000244140625,996.4197998046875,15154036.0,997.5018784172968,999.764444634085,992.091365270063
2025-07-30 18:30:00,1007.2999877929688,1015.7000122070312,1004.0,1009.0999755859375,992.6815795898438,22183032.0,990.9108782036614,999.1742313953042,987.664582321978
2025-07-31 18:30:00,1007.0,1014.1500244140625,1004.6500244140625,1006.0999755859375,989.7304077148438,11317258.0,990.6157884442932,997.6494796779898,988.3040477115343
2025-08-03 18:30:00,1005.0499877929688,1009.25,994.0499877929688,996.0,979.7947387695312,13933946.0,988.6974801605747,992.8291567300697,977.8764539291843
2025-08-04 18:30:00,993.25,997.2000122070312,982.75,988.7999877929688,972.7118530273438,23978058.0,977.0894619202779,980.975205994727,966.7603007320947
2025-08-05 18:30:00,985.5499877929688,994.0,985.0,992.6500244140625,976.499267578125,14080204.0,969.5147509914575,977.8272785976125,968.9737116887809
2025-08-06 18:30:00,990.0499877929688,1000.7999877929688,988.4000244140625,997.7000122070312,981.4671020507812,13081186.0,973.9415460716062,984.5166400056098,972.3184281442016
2025-08-07 18:30:00,993.5499877929688,996.4000244140625,985.0,986.9500122070312,970.8920288085938,13895264.0,977.3846207407715,980.1882863803764,968.9737439061473
2025-08-10 18:30:00,987.9500122070312,998.7999877929688,986.5499877929688,997.7999877929688,981.5654296875,9105854.0,971.8757166821836,982.5491593344192,970.4984711596596
2025-08-11 18:30:00,995.9500122070312,998.0,983.75,984.9500122070312,968.924560546875,12937802.0,979.7455870293594,981.7622208654035,967.7440729221851
2025-08-12 18:30:00,997.0,997.0,984.5499877929688,990.1500244140625,974.0399169921875,13577396.0,980.7784409396806,980.7784409396806,968.5309950398891
2025-08-13 18:30:00,989.0,998.0,985.5999755859375,995.5499877929688,979.35205078125,17511716.0,972.908633518138,981.7622004561191,969.5639286580633
2025-08-17 18:30:00,1005.0,1013.2999877929688,997.7999877929688,1001.7999877929688,985.5003662109375,19284796.0,988.6483131467888,996.8132573563983,981.5654475516468
2025-08-18 18:30:00,999.1500244140625,1003.0499877929688,993.3499755859375,995.5499877929688,979.35205078125,12352438.0,982.8935135816985,986.7300232295675,977.1878335213248
2025-08-19 18:30:00,993.5,996.0,989.5,994.0999755859375,977.9256591796875,9950228.0,977.3354453835109,979.7947696044055,973.4005266300795
2025-08-20 18:30:00,998.75,998.75,991.5999755859375,995.5999755859375,979.4012451171875,12439850.0,982.5000176251586,982.5000176251586,975.4663263982883
2025-08-21 18:30:00,994.9500122070312,998.0,978.5499877929688,982.2999877929688,966.317626953125,19833502.0,978.7618310909676,981.7621945267439,962.6286407512459
2025-08-24 18:30:00,980.0999755859375,988.7000122070312,978.5,982.0499877929688,966.0717163085938,17518044.0,964.1534314319724,972.6135426708398,962.5794879672083
2025-08-25 18:30:00,979.5,985.7000122070312,968.0,973.4000244140625,957.5625,16917731.0,963.5632270654481,969.6623631247153,952.2503356808104
2025-08-27 18:30:00,967.0,972.2000122070312,955.0,957.7999877929688,942.2162475585938,25438255.0,951.2665723546679,956.3819785474136,939.4618165446824
2025-08-28 18:30:00,954.0,963.2999877929688,950.0999755859375,951.5999755859375,936.1171264648438,14823813.0,938.4781016808785,947.6267755693488,934.6415319653455
2025-08-31 18:30:00,949.5999755859375,957.4500122070312,946.3499755859375,950.5999755859375,935.1333618164062,20178344.0,934.1496321868741,941.8719458039564,930.9525108908947
2025-09-01 18:30:00,951.0,954.7999877929688,944.0,944.5,929.1326904296875,14196320.0,935.5269334024698,939.2650942089082,928.6408255856272
2025-09-02 18:30:00,945.0,956.2999877929688,940.0,954.4500122070312,938.9207763671875,16083481.0,929.6245191670979,940.740652202688,924.7058709175366
2025-09-03 18:30:00,960.2000122070312,965.7000122070312,956.25,961.25,945.610107421875,17597657.0,944.5772033181551,949.9877162864987,940.6914592688354
2025-09-04 18:30:00,967.5,967.5,954.0499877929688,963.4000244140625,947.7251586914062,11602111.0,951.7584261964354,951.7584261964354,938.5272505370174
2025-09-07 18:30:00,969.0,973.1500244140625,960.4500122070312,966.0,950.2828369140625,11711307.0,953.2340258485783,957.3165278914954,944.823149393627
2025-09-08 18:30:00,974.0,974.4000244140625,962.7000122070312,965.1500244140625,949.4467163085938,13985539.0,958.1526998830964,958.5462157684692,947.0365666053971
2025-09-09 18:30:00,973.9000244140625,973.9000244140625,961.7000122070312,965.9000244140625,950.1845092773438,18091100.0,958.0543466125587,958.0543466125587,946.0528326679372
2025-09-10 18:30:00,960.2999877929688,969.25,959.9000244140625,967.7999877929688,952.0535278320312,15113633.0,944.6755555766032,953.4799478098324,944.2820997482355
2025-09-11 18:30:00,969.9000244140625,970.75,962.25,967.2999877929688,951.5617065429688,14363519.0,954.1194397337725,954.9555859441327,946.5938836721522
2025-09-14 18:30:00,969.5999755859375,972.3499755859375,965.0,967.0499877929688,951.3157348632812,14486377.0,953.824233432933,956.5294899386951,949.2991011128589
2025-09-15 18:30:00,961.2000122070312,969.3499755859375,961.2000122070312,966.8499755859375,951.1190185546875,18661794.0,945.560981879392,953.5783427584718,945.560981879392
2025-09-16 18:30:00,965.1500244140625,974.4000244140625,964.3499755859375,966.5,950.7747192382812,17361476.0,949.4467082101403,958.5462075924,948.6596764461077
2025-09-17 18:30:00,973.2999877929688,979.6500244140625,969.25,976.9000244140625,961.0055541992188,17791598.0,957.4640913046234,963.7108108355188,953.4799980850369
2025-09-18 18:30:00,974.9000244140625,976.7000122070312,962.0999755859375,966.9000244140625,951.168212890625,31243267.0,959.0380500102757,960.8087513537787,946.4462625851606
2025-09-21 18:30:00,964.0,971.2000122070312,961.9500122070312,964.2000122070312,948.5121459960938,10854415.0,948.315388056543,955.3982535857159,946.298754270858
2025-09-22 18:30:00,967.0,968.2000122070312,955.5,957.2000122070312,941.6260375976562,21022298.0,951.2665762064279,952.447063800625,939.9536851760515
2025-09-23 18:30:00,952.2000122070312,956.4500122070312,943.0,951.0499877929688,935.5761108398438,15117220.0,936.7074240016012,940.8882751893465,927.6570988338277
2025-09-24 18:30:00,952.5,958.0,947.4000244140625,949.8499755859375,934.3955688476562,31413279.0,937.0024763946197,942.4129893816753,931.9854792780051
2025-09-25 18:30:00,945.0999755859375,951.4500122070312,941.2999877929688,945.0499877929688,929.6737060546875,14874656.0,929.7228805294212,935.9695999150294,925.9847198182591
2025-09-28 18:30:00,946.0499877929688,956.7999877929688,939.0999755859375,950.2999877929688,934.8382568359375,32398179.0,930.6574059019287,941.232499440892,923.8204729543667
2025-09-29 18:30:00,958.0499877929688,960.0,946.2999877929688,951.0,935.5269165039062,28296687.0,942.4621986714628,944.3804835370663,930.9033750448373
2025-09-30 18:30:00,952.7000122070312,969.5999755859375,946.0,965.25,949.5450439453125,25350832.0,937.1992488555558,953.8242439027433,930.6082481971154
2025-10-02 18:30:00,952.0,966.75,952.0,965.1500244140625,949.4467163085938,26658296.0,936.5106471136629,951.0206597658967,936.5106471136629
2025-10-05 18:30:00,971.9000244140625,977.4000244140625,962.0,973.4500122070312,957.6116333007812,18542683.0,956.0868643620497,961.4973774003239,946.3479168763192
2025-10-06 18:30:00,974.0,989.8499755859375,971.0,982.5,966.514404296875,25535736.0,958.1527020714059,973.7447933808842,955.201513050652
2025-10-07 18:30:00,976.0,985.9000244140625,974.5499877929688,978.7000122070312,962.7762451171875,15939710.0,960.1201629857547,969.8591107869768,958.6937429483099
2025-10-08 18:30:00,974.5,979.0,970.1500244140625,977.0999755859375,961.2022094726562,15370950.0,958.6445364195181,963.0713198098597,954.3653364923583
2025-10-09 18:30:00,979.0,986.2000122070312,978.0999755859375,980.9000244140625,964.9404296875,13757080.0,963.0713193511867,970.1541847807785,962.1859386567031
2025-10-12 18:30:00,974.2999877929688,981.0,972.0,977.0,961.1038818359375,18634254.0,958.4477997344204,965.0388004923793,956.1852335153851
2025-10-13 18:30:00,970.0,980.4500122070312,967.0,977.1500244140625,961.25146484375,22934382.0,954.2177737318785,964.4977607253469,951.2665847409552
2025-10-14 18:30:00,975.0,984.9000244140625,973.3499755859375,978.25,962.3335571289062,23310447.0,959.1364356766506,968.8753835018975,957.5132576917447
2025-10-15 18:30:00,982.6500244140625,996.5999755859375,981.5,994.3499755859375,978.1715698242188,22936566.0,966.6619807603523,980.384961573746,965.5306676270898
2025-10-16 18:30:00,993.9500122070312,1009.0,986.0,1002.5499877929688,986.2381591796875,25210511.0,977.7781081157631,992.5832274986775,969.9574453059425
2025-10-19 18:30:00,997.0,1020.0,997.0,1002.9500122070312,986.6316528320312,22195202.0,980.7784494751901,1003.4042311581684,980.7784494751901
2025-10-20 18:30:00,1006.0,1010.0,1004.0,1007.7000122070312,991.3043823242188,3471600.0,989.6320299074079,993.5669485153896,987.664570603417
2025-10-22 18:30:00,1016.0,1020.5,1006.0,1008.7999877929688,992.386474609375,43526526.0,999.4693402098319,1003.8961237048558,989.6320435542233
2025-10-23 18:30:00,1011.0,1011.9500122070312,991.2999877929688,994.75,978.5650634765625,17707768.0,994.5506701933195,995.4852253636408,975.1711841959709
2025-10-26 18:30:00,996.5,1009.0499877929688,996.2000122070312,1002.9500122070312,986.6316528320312,15700796.0,980.286584655995,992.6323796093756,979.9914777728962
2025-10-27 18:30:00,997.6500244140625,1008.0,995.0,1003.5499877929688,987.2218627929688,33904289.0,981.4178939740924,991.5994716753507,978.8109864255694
2025-10-28 18:30:00,1004.9000244140625,1012.5,1000.0,1007.8499755859375,991.451904296875,17769445.0,988.5499498614066,996.0262711888014,983.729650556841
2025-10-29 18:30:00,1000.0,1009.5,997.0999755859375,998.1500244140625,981.9097900390625,19962917.0,983.7296659041476,993.0750977302371,980.8768258561881
2025-10-30 18:30:00,994.0,1004.4500122070312,981.1500244140625,987.2999877929688,971.2362670898438,23221330.0,977.8272677237645,988.1072545286754,965.1863657946757
2025-11-02 18:30:00,985.0,994.5499877929688,983.2999877929688,992.6500244140625,976.499267578125,16607180.0,968.9737116887809,978.3683179002891,967.3013592642496
2025-11-03 18:30:00,987.0,997.0,983.7000122070312,985.25,969.2196655273438,20024544.0,970.9411924643373,980.7784892471573,967.6948965344255
2025-11-05 18:30:00,981.0,991.0499877929688,974.0,984.6500244140625,968.6294555664062,22279516.0,965.0388182096445,974.9252895070431,958.1527104344483
2025-11-06 18:30:00,980.0,984.9000244140625,974.75,982.2999877929688,966.317626953125,15004568.0,964.0550607577244,968.8753600783504,958.8904800750938
2025-11-09 18:30:00,982.2999877929688,990.9500122070312,980.2000122070312,984.5,968.4818725585938,15988262.0,966.3176552483678,974.8269410200376,964.2518469316628
2025-11-10 18:30:00,983.5,993.5,978.0,991.7000122070312,975.564697265625,10200530.0,967.4981021987119,977.3353986115102,962.0875891716729
2025-11-11 18:30:00,998.7999877929688,999.0,987.7000122070312,989.5,973.4005126953125,13137263.0,982.549186657653,982.7459446009269,971.629811290036
2025-11-12 18:30:00,984.0,990.0999755859375,982.5999755859375,986.6500244140625,970.596923828125,14124839.0,967.990016129637,973.9907432290495,966.6127705451346
2025-11-13 18:30:00,976.0499877929688,991.6500244140625,976.0499877929688,989.5999755859375,973.4988403320312,21386965.0,960.169315545859,975.5155341538173,960.169315545859
2025-11-16 18:30:00,991.25,997.9500122070312,985.5999755859375,996.5499877929688,980.3357543945312,18396408.0,975.121999344663,981.7129998984626,969.5639028977658
2025-11-17 18:30:00,997.6500244140625,999.0,990.0,992.4500122070312,976.302490234375,20002640.0,981.4178963551165,982.7459073482096,973.8923406153428
2025-11-18 18:30:00,990.0,996.5499877929688,984.0,994.5999755859375,978.41748046875,19813847.0,973.8923481205824,980.3357652840727,967.9899702531849
2025-11-19 18:30:00,995.2999877929688,1011.5999755859375,992.4500122070312,1008.8499755859375,992.4356689453125,19850865.0,979.106143718625,995.1409255797437,976.3025381325072
2025-11-20 18:30:00,1003.0999755859375,1008.2999877929688,996.5499877929688,998.0499877929688,981.8114013671875,17499897.0,986.7792242744008,991.8946306513916,980.3358068377918
2025-11-23 18:30:00,1000.0,1011.4500122070312,993.5999755859375,999.1500244140625,982.8934936523438,32204053.0,983.7296398293618,994.9933562138265,977.4337461176169
2025-11-24 18:30:00,1004.0,1006.0999755859375,988.4000244140625,989.7999877929688,973.6956176757812,24989383.0,987.6645910314578,989.7303993265384,972.3184321597589
2025-11-25 18:30:00,981.2999877929688,1006.9500122070312,981.2999877929688,1003.9000244140625,987.5662231445312,19494356.0,965.3338969506472,990.566586579224,965.3338969506472
2025-11-26 18:30:00,1002.0999755859375,1016.7999877929688,1001.0,1009.5,993.0750732421875,25536848.0,985.7954498771661,1000.2562876177888,984.7133712881919
2025-11-27 18:30:00,1007.0,1012.0499877929688,1004.2000122070312,1007.5999755859375,991.2059936523438,15988807.0,990.615779865885,995.583602701878,987.8613487922537
2025-11-30 18:30:00,1017.5,1017.5,999.2999877929688,1002.0999755859375,985.7954711914062,16746566.0,1000.9449320171519,1000.9449320171519,983.0410401436599
2025-12-01 18:30:00,988.0,994.4000244140625,985.0,989.7999877929688,973.6956176757812,27316662.0,971.9249162739843,978.2208101938114,968.9737272569581
2025-12-02 18:30:00,986.0,1002.2999877929688,986.0,1000.5,984.2214965820312,15448777.0,969.957416921422,985.9921979107919,969.957416921422
2025-12-03 18:30:00,1000.0,1004.7000122070312,993.0,997.2000122070312,980.9752197265625,14528169.0,983.7296507402166,988.3531921071142,976.8435431850351
2025-12-04 18:30:00,992.0,1008.0,990.2000122070312,1003.2999877929688,986.9759521484375,12843366.0,975.8598190407668,991.5994935414243,974.0891176678615
2025-12-07 18:30:00,1000.0,1006.5,997.5,1003.0999755859375,986.7791748046875,12901022.0,983.7296369469886,990.1238795871441,981.2703128546212
2025-12-08 18:30:00,994.9000244140625,1002.7999877929688,994.0,997.0999755859375,980.8768310546875,15294322.0,978.7126738119038,986.4841021884776,977.82729309106
2025-12-09 18:30:00,997.5,998.5,985.2999877929688,989.7999877929688,973.6956176757812,15322830.0,981.2703481612342,982.2540778335763,969.2688341502419
2025-12-10 18:30:00,990.0,1002.7000122070312,988.5,1000.2999877929688,984.0247802734375,11844809.0,973.892376646044,986.3857555063869,972.4167821359742
2025-12-11 18:30:00,1003.0,1004.7000122070312,998.2000122070312,1001.5,985.2052612304688,11988618.0,986.6808557305643,988.3532081724247,981.9589653386773
2025-12-14 18:30:00,992.0,1001.7999877929688,992.0,996.0999755859375,979.89306640625,9790060.0,975.8597989154725,985.5003373398883,975.8597989154725
2025-12-15 18:30:00,990.0999755859375,998.7000122070312,990.0999755859375,994.2999877929688,978.1223754882812,20049088.0,973.9906989646398,982.4508099496376,973.9906989646398
2025-12-16 18:30:00,996.0,996.0,980.7999877929688,984.0,967.989990234375,19080922.0,979.7947462128429,979.7947462128429,964.8420432983647
2025-12-17 18:30:00,973.2999877929688,987.4000244140625,973.2999877929688,979.7000122070312,963.7599487304688,14912404.0,957.464054962666,971.334679033018,957.464054962666
2025-12-18 18:30:00,987.0,988.0,978.7000122070312,985.5,969.465576171875,25952384.0,970.9411706561548,971.9249003123414,962.7762265182249
2025-12-21 18:30:00,988.0,992.9000244140625,983.9000244140625,987.7000122070312,971.6298217773438,13540411.0,971.9249286743926,976.745228147207,967.8916609831689
2025-12-22 18:30:00,990.5,998.9000244140625,987.7000122070312,996.5999755859375,980.3849487304688,17927849.0,974.3842218605324,982.647574967353,971.6297908389565
2025-12-23 18:30:00,993.0,999.4000244140625,993.0,997.2000122070312,980.9752197265625,13699996.0,976.8435431850351,983.1394369666097,976.8435431850351
2025-12-25 18:30:00,996.0,997.2000122070312,987.7000122070312,992.0999755859375,975.9581909179688,9360853.0,979.7947606844748,980.9752483081762,971.6298163538564
2025-12-28 18:30:00,993.0999755859375,997.4000244140625,987.2000122070312,991.7000122070312,975.564697265625,13545749.0,976.9418827381613,981.1719682293385,971.1379138798658
2025-12-29 18:30:00,990.2000122070312,995.0,982.2000122070312,990.9000244140625,974.7777709960938,33155849.0,974.0891482066822,978.8110386964976,966.219310709625
2025-12-30 18:30:00,991.0,997.5999755859375,987.5999755859375,991.2000122070312,975.0728759765625,10963454.0,974.8761180311038,981.3687099365719,971.531413084593
2025-12-31 18:30:00,993.5,997.5499877929688,989.5,991.1500244140625,975.023681640625,7132074.0,977.3354223369146,981.3195154723957,973.4005036762727
2026-01-01 18:30:00,991.1500244140625,1003.2000122070312,988.7999877929688,1001.5999755859375,985.3035888671875,11751459.0,975.0236621058955,986.8775923251652,972.7118614138294
2026-01-04 18:30:00,1005.75,1006.4000244140625,976.2999877929688,977.5,961.5957641601562,27647379.0,989.3861276768052,990.0255759869466,960.4152765333309
2026-01-05 18:30:00,962.7000122070312,966.7000122070312,956.0,962.2000122070312,946.544677734375,31988783.0,947.0365425575541,950.9714611429873,940.445541918535
2026-01-06 18:30:00,956.0,956.4500122070312,946.0,949.0499877929688,933.608642578125,52884712.0,940.4455758755977,940.8882662408619,930.6082790568153
2026-01-07 18:30:00,944.7000122070312,953.0,941.4000244140625,946.7000122070312,931.296875,21928849.0,929.3294156929511,937.4943598087852,926.083119844739
2026-01-08 18:30:00,945.0,950.5999755859375,933.2999877929688,939.0,923.72216796875,38183839.0,929.6245460388378,935.1334082207486,918.1148967937476
2026-01-11 18:30:00,937.5,942.0,929.5999755859375,936.9500122070312,921.7055053710938,21071666.0,922.246544668881,926.6733280832916,914.4750564356341
2026-01-12 18:30:00,947.7000122070312,947.7000122070312,932.5999755859375,937.3499755859375,922.0989990234375,32042827.0,932.2806373194226,932.2806373194226,917.4262830054705
2026-01-13 18:30:00,930.0,940.0499877929688,920.2000122070312,925.4500122070312,910.3926391601562,36688248.0,914.8685971701506,924.7550683892156,905.2280583696796
2026-01-14 18:30:00,925.4500122070312,925.4500122070312,925.4500122070312,925.4500122070312,910.3926391601562,0.0,910.3926391601562,910.3926391601562,910.3926391601562
2026-01-15 18:30:00,922.0,935.9500122070312,919.2000122070312,931.0999755859375,915.95068359375,37780235.0,906.9987674975428,920.7218085803552,904.2443363942556
2026-01-18 18:30:00,935.9000244140625,936.1500244140625,919.5,927.9000244140625,912.8027954101562,38191942.0,920.6726328615482,920.9185652819042,904.5394420693568
2026-01-19 18:30:00,929.2999877929688,934.5,919.5999755859375,931.2000122070312,916.049072265625,36022727.0,914.1799618930222,919.2953681382725,904.637772173591
2026-01-20 18:30:00,925.0,932.1500244140625,915.5,920.3499755859375,905.3755493164062,32766854.0,909.9499161549952,916.9836070913005,900.6044845836736
2026-01-21 18:30:00,928.0,928.2999877929688,913.2000122070312,918.7000122070312,903.75244140625,44444755.0,912.9011151422527,913.1962220288154,898.3419283315923
2026-01-22 18:30:00,920.0,926.0999755859375,909.25,916.0999755859375,901.1947021484375,30985247.0,905.0312717738813,911.0319985807623,894.4561781091321
2026-01-26 18:30:00,906.0,931.2000122070312,905.0,926.4000244140625,911.3272094726562,44753093.0,891.2590997657288,916.0490999795524,890.2753700750383
2026-01-27 18:30:00,932.5,941.4500122070312,928.4000244140625,932.7000122070312,917.524658203125,35347138.0,917.3279002643548,926.1322926560076,913.2946327089841
2026-01-28 18:30:00,930.0999755859375,939.2999877929688,924.3499755859375,935.5,920.2791137695312,37175628.0,914.9669494914904,924.0172745375145,909.310503842987
2026-01-29 18:30:00,930.0,938.9000244140625,927.75,929.25,914.1307983398438,29691233.0,914.8685955943554,923.6238136980638,912.6552038308206
2026-02-01 18:30:00,915.0,929.7999877929688,909.2999877929688,928.0999755859375,912.9994506835938,28032106.0,900.1126164754811,914.6718030723491,894.5053455447564
2026-02-02 18:30:00,983.75,994.0,945.0,948.7000122070312,933.2643432617188,50336968.0,967.7440559401642,977.8272849855383,929.6245315003357
2026-02-03 18:30:00,952.5,957.2000122070312,947.9500122070312,953.0999755859375,937.5927124023438,24366770.0,937.0024986247718,941.62604002273,932.5265406922532
2026-02-04 18:30:00,956.0,956.0499877929688,946.7000122070312,949.7000122070312,934.248046875,28103169.0,940.4455315704454,940.4947060438036,931.2968579683982
2026-02-05 18:30:00,945.0,948.0999755859375,937.5999755859375,941.0999755859375,925.7879638671875,18120272.0,929.6245335781572,932.674071523322,922.3449100391202
2026-02-08 18:30:00,945.0,950.0,935.3499755859375,937.25,922.0006103515625,23947829.0,929.6245151050697,934.5431633331389,920.1315000080592
2026-02-09 18:30:00,930.0,940.9000244140625,929.9500122070312,932.4000244140625,917.2295532226562,31525385.0,914.868578036692,925.5912552799808,914.8194035624206
2026-02-10 18:30:00,931.25,936.0,925.2999877929688,927.0999755859375,912.0157470703125,24869804.0,916.098249190927,920.7709650928405,910.2450456843219
2026-02-11 18:30:00,927.0,928.5999755859375,918.5,920.5999755859375,905.6215209960938,33872203.0,911.9174149760892,913.4913584500406,903.5557126812706
2026-02-12 18:30:00,913.0,928.2000122070312,901.0,903.9000244140625,889.1932373046875,50188359.0,898.1451529282086,913.097855324917,886.3403973585059
2026-02-15 18:30:00,903.9000244140625,929.5,902.0999755859375,925.7999877929688,910.7368774414062,18806989.0,889.1932346170704,914.3766890728148,887.4224732532938
2026-02-16 18:30:00,923.0,928.0999755859375,918.5999755859375,925.7000122070312,910.6385498046875,22599629.0,907.9824677389611,912.9994649414832,903.6540332583628
2026-02-17 18:30:00,923.2000122070312,925.5,919.5499877929688,924.7000122070312,909.6548461914062,12738702.0,908.1792516728873,910.4418179261975,904.5886143276533
2026-02-18 18:30:00,929.0,929.2000122070312,912.4500122070312,915.5999755859375,900.702880859375,21209234.0,913.8848827326366,914.0816406792112,897.6041683586819
2026-02-19 18:30:00,911.0,917.8499755859375,908.4000244140625,911.8499755859375,897.0138549804688,22654907.0,896.1777087970013,902.9162328649714,893.6200357305538
2026-02-22 18:30:00,916.5,925.6500244140625,915.25,923.5999755859375,908.5726928710938,23270122.0,901.5882362795462,910.5893867142319,900.3585742006053
2026-02-23 18:30:00,927.9500122070312,927.9500122070312,909.1500244140625,910.5,895.6858520507812,31313985.0,912.8519465614362,912.8519465614362,894.3578410316289
2026-02-24 18:30:00,910.5499877929688,916.0,903.0999755859375,907.5999755859375,892.8330078125,27884303.0,895.7350222932594,901.0963609031212,888.4062243801156
2026-02-25 18:30:00,912.0,912.0,895.0,898.5999755859375,883.9794311523438,41165937.0,897.1614323550999,897.1614323550999,880.4380284625158
2026-02-26 18:30:00,898.5999755859375,898.9500122070312,885.0,887.75,873.3060302734375,34620755.0,883.9794733683615,884.3238147843207,870.6007736322075
2026-03-01 18:30:00,876.2000122070312,887.75,871.5499877929688,879.4000244140625,865.0918579101562,38378924.0,861.9439110956672,873.3059762779105,857.3695443137591
2026-03-03 18:30:00,848.0,879.2999877929688,848.0,868.6500244140625,854.5167846679688,39862322.0,834.202743374385,864.993469417403,834.202743374385
2026-03-04 18:30:00,873.8499755859375,881.4000244140625,863.5,877.75,863.4686889648438,31324582.0,859.6321193633155,867.0593261570968,849.4505416361635
2026-03-05 18:30:00,868.0499877929688,871.7000122070312,855.0999755859375,857.0499877929688,843.10546875,34439647.0,853.9264946975441,857.5171318697022,841.1871839599715
2026-03-08 18:30:00,825.0,842.4500122070312,821.5,840.7000122070312,827.0215454101562,35592613.0,811.5769775858611,828.7430723323081,808.1339237415574
2026-03-09 18:30:00,850.0499877929688,856.7999877929688,840.5999755859375,849.4500122070312,835.629150390625,52866024.0,836.2193641547399,842.8595391904452,826.923107096334
2026-03-10 18:30:00,845.0,848.8499755859375,827.5999755859375,833.9500122070312,820.38134765625,42261076.0,831.2515482012323,835.0388833093358,814.1346283989498
2026-03-11 18:30:00,820.0999755859375,836.4000244140625,820.0999755859375,832.75,819.2008666992188,46107561.0,806.7566625998296,822.7915039414563,806.7566625998296
2026-03-12 18:30:00,820.0,823.7999877929688,812.0,817.0,803.7071533203125,41700464.0,806.6583423777922,810.3965031755142,798.7885048911796
2026-03-15 18:30:00,817.0,844.5,815.6500244140625,840.5999755859375,826.9231567382812,52182605.0,803.7071599773169,830.7597265616207,802.3791489072894
2026-03-16 18:30:00,847.7000122070312,848.9000244140625,835.0999755859375,845.3499755859375,831.5958251953125,38826979.0,833.907625869114,835.0881134427475,821.5125964091002
2026-03-17 18:30:00,845.3499755859375,846.7999877929688,831.5999755859375,843.0499877929688,829.333251953125,23507063.0,831.5958180920426,833.0222380629118,818.0695356894909
2026-03-18 18:30:00,770.0,815.6500244140625,770.0,798.2000122070312,785.2130126953125,171637393.0,757.4718247668609,802.3791069663046,757.4718247668609
2026-03-19 18:30:00,785.0,793.75,778.2000122070312,780.4500122070312,767.7518310546875,103129469.0,772.2277890336613,780.8354236248008,765.5384393026802
2026-03-22 18:30:00,763.1500244140625,768.7000122070312,741.0499877929688,744.1500244140625,732.04248046875,72341738.0,750.7333447737776,756.1930326018271,728.9928823726722
2026-03-23 18:30:00,755.0,772.75,747.7000122070312,764.9000244140625,752.454833984375,61269986.0,742.7158864237038,760.1770877270425,735.5346719806084
2026-03-24 18:30:00,768.2000122070312,794.7999877929688,768.2000122070312,782.2999877929688,769.5717163085938,59230640.0,755.7011518436857,781.8683373030494,755.7011518436857
2026-03-26 18:30:00,773.2000122070312,774.9000244140625,754.5499877929688,756.2000122070312,743.8963623046875,65485199.0,760.6197661066401,762.2921184952538,742.2731843894259
2026-03-29 18:30:00,745.2000122070312,751.0,726.6500244140625,731.5499877929688,719.6473999023438,103500135.0,733.0753333889118,738.7809532430898,714.8271607333363
2026-03-31 18:30:00,743.0,755.9000244140625,739.0999755859375,742.25,730.17333984375,78862761.0,730.9111370884557,743.6012737142313,727.0745673991486
2026-04-01 18:30:00,730.0,755.0,726.6500244140625,750.9000244140625,738.6826171875,49310300.0,718.1226435138951,742.7158847301245,714.8271732077576
2026-04-05 18:30:00,759.0,772.75,745.0,771.0,758.45556640625,42976659.0,746.6508105088765,760.1770933079504,732.8785952952741
2026-04-06 18:30:00,766.0,774.0,761.0,772.0,759.4392700195312,51309793.0,753.5368922732654,761.4067292682865,748.6182441513773
2026-04-07 18:30:00,800.0,817.7999877929688,796.0,816.0999755859375,802.82177734375,70269512.0,786.9837533249241,804.4941298279846,783.0488345582994
2026-04-08 18:30:00,815.0,819.0,793.0999755859375,797.7000122070312,784.72119140625,48879392.0,801.7397031581198,805.674621946626,780.1959987742106
2026-04-09 18:30:00,804.0,812.25,801.0,810.2999877929688,797.1161499023438,38156026.0,790.9186649096054,799.0344347920734,787.9674758614352
2026-04-12 18:30:00,791.5,798.5,787.3499755859375,794.7000122070312,781.7699584960938,47549328.0,778.6220116333144,785.5081191272287,774.5395096022282
2026-04-14 18:30:00,804.9500122070312,814.7999877929688,804.0,809.9000244140625,796.72265625,39769515.0,791.8531825431569,801.5428954413671,790.9186273804953
2026-04-15 18:30:00,818.0,820.0499877929688,792.2000122070312,795.4500122070312,782.5077514648438,62861293.0,804.6908427624061,806.7074765090769,779.3106301457999
2026-04-16 18:30:00,790.0999755859375,803.9500122070312,788.2000122070312,799.9000244140625,786.8853759765625,37282544.0,777.2447773125524,790.8694690755784,775.3757269911107
2026-04-19 18:30:00,797.0999755859375,809.9500122070312,790.0,795.4500122070312,782.5077514648438,52148044.0,784.130869340026,796.7718311959621,777.146412936798
2026-04-20 18:30:00,795.2000122070312,814.9000244140625,795.2000122070312,811.75,798.5425415039062,49135752.0,782.2618278432276,801.6413139109341,782.2618278432276
2026-04-21 18:30:00,810.0,813.0499877929688,798.0,799.9000244140625,786.8853759765625,23876412.0,796.8210214869076,799.8213849297669,785.0162656130275
2026-04-22 18:30:00,792.0,796.6500244140625,782.5,784.3499755859375,771.5883178710938,37677616.0,779.1138736217773,783.6882404572269,769.7684420568696
2026-04-23 18:30:00,777.2999877929688,787.5999755859375,777.0,784.8499755859375,772.0802001953125,27720358.0,764.6530532653331,774.7854567622786,764.3579463755373
2026-04-26 18:30:00,787.5,793.0,785.0,789.7999877929688,776.9496459960938,18115375.0,774.6870798664892,780.0975928052393,772.227755803421
2026-04-27 18:30:00,785.0,794.5,778.2999877929688,782.5499877929688,769.817626953125,35366803.0,772.2277766082829,781.5732082997206,765.6367759332712
2026-04-28 18:30:00,785.5,790.0,777.3499755859375,779.0,766.3253784179688,25799963.0,772.7196209849993,777.1464043006358,764.7022005187322
2026-04-29 18:30:00,770.0,778.7999877929688,762.25,771.7000122070312,759.1441650390625,47998755.0,757.4718126650201,766.1286213727735,749.847908057028
2026-04-30 18:30:00,771.7000122070312,771.7000122070312,771.7000122070312,771.7000122070312,759.1441650390625,0.0,759.1441650390625,759.1441650390625,759.1441650390625
2026-05-03 18:30:00,772.5999755859375,786.5999755859375,772.5999755859375,779.4000244140625,766.7189331054688,29028060.0,760.0295232783589,773.8017387354295,760.0295232783589
2026-05-04 18:30:00,774.4000244140625,776.9000244140625,763.7000122070312,772.2999877929688,759.734375,38887657.0,761.8002432312857,764.2595672860843,751.2743242683289
2026-05-05 18:30:00,775.1500244140625,798.9500122070312,773.5,796.5499877929688,783.58984375,35530831.0,762.5380651832903,785.9508189360297,760.9148872376333
2026-05-06 18:30:00,794.0,801.5499877929688,788.5499877929688,796.0499877929688,783.0979614257812,46137553.0,781.0813276889071,788.5084744009563,775.7199891869062
2026-05-07 18:30:00,784.0,788.75,777.2000122070312,780.8499755859375,768.145263671875,38016841.0,771.2440360478325,775.9167518274592,764.5546865191014
2026-05-10 18:30:00,771.9500122070312,774.8499755859375,761.9000244140625,763.6500244140625,751.2251586914062,41123422.0,759.3901026416063,762.2428825536997,749.5036318326614
2026-05-11 18:30:00,756.5999755859375,759.7000122070312,747.7999877929688,750.4500122070312,738.2399291992188,43937132.0,744.2898305325124,747.3394284783378,735.6330216051203
2026-05-12 18:30:00,752.0,759.9500122070312,747.3499755859375,749.5999755859375,737.4037475585938,28960919.0,739.7647228184694,747.5853858194506,735.1903557682459
2026-05-13 18:30:00,751.0,778.2999877929688,747.0,769.5499877929688,757.0291748046875,50992358.0,738.7810009702333,765.6368096362314,734.846082190099
2026-05-14 18:30:00,773.0,781.9000244140625,765.4000244140625,767.5,755.0125122070312,24347873.0,760.4230253238243,769.1782432932904,752.9467039429112
2026-05-17 18:30:00,759.0,774.0999755859375,751.3499755859375,768.6500244140625,756.143798828125,29812079.0,746.6507839481793,761.5050772404568,739.1252283144738
2026-05-18 18:30:00,766.7000122070312,770.7999877929688,760.25,762.4500122070312,750.044677734375,40307830.0,754.2255287138954,758.2587962302428,747.8804605130283
2026-05-19 18:30:00,759.5999755859375,762.25,755.1500244140625,759.5,747.1427001953125,24013451.0,747.2410491475586,749.8479568451309,742.8635000569833
2026-05-20 18:30:00,767.0,768.25,755.1500244140625,759.1500244140625,746.7984008789062,34664725.0,754.5206547496631,755.7503168336749,742.8634822100684
2026-05-21 18:30:00,759.1500244140625,775.0,759.1500244140625,766.7999877929688,754.3239135742188,25604071.0,746.7984174780529,762.390509033052,746.7984174780529
2026-05-24 18:30:00,776.0,787.8499755859375,775.2000122070312,786.8499755859375,774.0476684570312,26043952.0,763.3742255318324,775.0313981291084,762.5872538025895
2026-05-25 18:30:00,784.0499877929688,790.8499755859375,776.75,778.9000244140625,766.22705078125,31528062.0,771.2932224692265,777.9825721015808,764.1120080103449
2026-05-26 18:30:00,769.5,773.9000244140625,756.9000244140625,758.6500244140625,746.3065185546875,63680153.0,756.9799611769273,761.3083956280444,744.584991677417
2026-05-27 18:30:00,758.6500244140625,758.6500244140625,758.6500244140625,758.6500244140625,746.3065185546875,0.0,746.3065185546875,746.3065185546875,746.3065185546875
2026-05-28 18:30:00,746.0499877929688,760.5,737.75,744.5499877929688,732.4359130859375,101299431.0,733.9115075895189,748.1264133157719,725.7465633447872
2026-05-31 18:30:00,749.0,752.3499755859375,739.2000122070312,742.7000122070312,730.6160278320312,47996441.0,736.8135126590627,740.1089829912345,727.1729740345589
2026-06-01 18:30:00,737.0,753.5999755859375,733.1500244140625,748.25,736.0757446289062,47314447.0,725.0087855549667,741.3386744827858,721.2214502442791
2026-06-02 18:30:00,744.4500122070312,756.9000244140625,742.5999755859375,753.6500244140625,741.3878784179688,36109480.0,732.3375535846441,744.5849997963322,730.5176176978582
2026-06-03 18:30:00,749.1500244140625,757.2999877929688,745.0,754.2000122070312,741.9288940429688,42673538.0,736.9610714527732,744.9784318589446,732.8785694984622
2026-06-04 18:30:00,753.9500122070312,758.7000122070312,744.6500244140625,747.0499877929688,734.8952026367188,22116568.0,741.6829610502508,746.355676758121,732.5342875674706
2026-06-07 18:30:00,738.0,741.5,734.5,738.6500244140625,726.6319580078125,21550700.0,725.9925096938186,729.4355636015806,722.5494557860566
2026-06-08 18:30:00,739.4500122070312,743.9500122070312,732.2999877929688,738.3499755859375,726.3367919921875,38539563.0,727.4189306755471,731.8457142768752,720.3852393810432
2026-06-09 18:30:00,736.5,755.9500122070312,736.4000244140625,746.8499755859375,734.698486328125,44458159.0,724.5169081730804,743.6504624272108,724.418559222074
2026-06-10 18:30:00,743.0,756.0,740.0999755859375,744.5999755859375,732.485107421875,32632007.0,730.9111639255492,743.699649970007,728.0583237911012
2026-06-11 18:30:00,754.7000122070312,774.4500122070312,753.0999755859375,772.4500122070312,759.8819580078125,36088159.0,742.4207572291352,761.8494172504803,740.8467538097462
2026-06-14 18:30:00,790.0,793.5,775.5999755859375,777.3499755859375,764.7022094726562,39990334.0,777.1464134002696,780.5894671305239,762.980682607529
2026-06-15 18:30:00,780.5,787.7000122070312,779.4500122070312,784.9000244140625,772.1294555664062,27820970.0,767.8010209255166,774.8838866823837,766.7681167622869
2026-06-16 18:30:00,787.6500244140625,794.2999877929688,783.0999755859375,787.0999755859375,774.2935791015625,32405604.0,774.8346784396643,781.376444549763,770.3586605239058
2026-06-17 18:30:00,786.5,802.9500122070312,786.2000122070312,799.0,786.0,41492071.0,773.7033792240301,789.8857441736253,773.4082723338255
2026-06-18 18:30:00,788.7000122070312,789.0499877929688,776.2000122070312,779.7999877929688,779.7999877929688,33798761.0,788.7000122070312,789.0499877929688,776.2000122070312
2026-06-21 18:30:00,789.9000244140625,789.9000244140625,783.0999755859375,786.4000244140625,786.4000244140625,25194765.0,789.9000244140625,789.9000244140625,783.0999755859375
2026-06-22 18:30:00,783.0499877929688,790.9000244140625,772.5499877929688,774.6500244140625,774.6500244140625,28289062.0,783.0499877929688,790.9000244140625,772.5499877929688
2026-06-23 18:30:00,773.0,794.9000244140625,772.6500244140625,793.2000122070312,793.2000122070312,34701292.0,773.0,794.9000244140625,772.6500244140625
2026-06-24 18:30:00,798.5,804.4500122070312,794.75,796.2999877929688,796.2999877929688,46707966.0,798.5,804.4500122070312,794.75
2026-06-25 18:30:00,796.2999877929688,796.2999877929688,796.2999877929688,796.2999877929688,796.2999877929688,0.0,796.2999877929688,796.2999877929688,796.2999877929688
2026-06-28 18:30:00,800.0,805.9000244140625,793.2999877929688,798.9000244140625,798.9000244140625,46695977.0,800.0,805.9000244140625,793.2999877929688
2026-06-29 18:30:00,806.0999755859375,806.0999755859375,792.75,797.9500122070312,797.9500122070312,45778356.0,806.0999755859375,806.0999755859375,792.75
2026-06-30 18:30:00,793.5,802.25,793.5,796.1500244140625,796.1500244140625,26094378.0,793.5,802.25,793.5
2026-07-01 18:30:00,795.0,805.4500122070312,794.0,795.9000244140625,795.9000244140625,34143823.0,795.0,805.4500122070312,794.0
2026-07-02 18:30:00,803.0,807.0,798.5499877929688,801.0499877929688,801.0499877929688,25871958.0,803.0,807.0,798.5499877929688
2026-07-05 18:30:00,805.0,831.5,805.0,829.8499755859375,829.8499755859375,63203327.0,805.0,831.5,805.0
2026-07-06 18:30:00,843.0,843.0,826.0999755859375,829.2999877929688,829.2999877929688,57611729.0,843.0,843.0,826.0999755859375
2026-07-07 18:30:00,825.9000244140625,834.3499755859375,806.9500122070312,810.2999877929688,810.2999877929688,38754632.0,825.9000244140625,834.3499755859375,806.9500122070312
2026-07-08 18:30:00,813.0,822.8499755859375,812.2999877929688,817.5499877929688,817.5499877929688,39891798.0,813.0,822.8499755859375,812.2999877929688
2026-07-09 18:30:00,824.0,827.7000122070312,820.2999877929688,824.9500122070312,824.9500122070312,23595785.0,824.0,827.7000122070312,820.2999877929688
2026-07-12 18:30:00,817.0,821.9500122070312,811.0,817.9500122070312,817.9500122070312,21741736.0,817.0,821.9500122070312,811.0
2026-07-13 18:30:00,811.4000244140625,818.4000244140625,807.0,809.4000244140625,809.4000244140625,25605395.0,811.4000244140625,818.4000244140625,807.0
2026-07-14 18:30:00,811.0,819.7000122070312,809.7000122070312,815.4500122070312,815.4500122070312,21488739.0,811.0,819.7000122070312,809.7000122070312
2026-07-15 18:30:00,814.5,818.0,806.5,808.2999877929688,808.2999877929688,18698186.0,814.5,818.0,806.5
2026-07-16 18:30:00,810.0,823.7000122070312,808.5,819.5999755859375,819.5999755859375,17415322.0,810.0,823.7000122070312,808.5
2026-07-19 18:30:00,790.0,790.0,774.5499877929688,777.5999755859375,777.5999755859375,56061789.0,790.0,790.0,774.5499877929688
2026-07-20 18:30:00,769.1500244140625,772.5,760.0999755859375,761.4500122070312,761.4500122070312,42246009.0,769.1500244140625,772.5,760.0999755859375
2026-07-21 18:30:00,760.25,761.3499755859375,750.3499755859375,753.1500244140625,753.1500244140625,23385446.0,760.25,761.3499755859375,750.3499755859375
2026-07-22 18:30:00,749.4000244140625,751.0,743.25,747.25,747.25,32532090.0,749.4000244140625,751.0,743.25
2026-07-23 18:30:00,738.5,748.25,737.25,742.7999877929688,742.7999877929688,23837859.0,738.5,748.25,737.25
2026-07-26 18:30:00,746.0999755859375,747.9500122070312,738.0999755859375,739.5499877929688,739.5499877929688,29678752.0,746.0999755859375,747.9500122070312,738.0999755859375
2026-07-27 18:30:00,732.0,740.25,732.0,735.4000244140625,735.4000244140625,33886037.0,732.0,740.25,732.0
2026-07-28 18:30:00,743.0,751.25,740.7999877929688,748.2000122070312,748.2000122070312,20460659.0,743.0,751.25,740.7999877929688
2026-07-29 18:30:00,752.7999877929688,757.9000244140625,745.5,753.9500122070312,753.9500122070312,35844392.0,752.7999877929688,757.9000244140625,745.5
2026-07-30 18:30:00,753.9500122070312,757.5499877929688,747.2000122070312,748.1500244140625,748.1500244140625,25522483.0,753.9500122070312,757.5499877929688,747.2000122070312
2026-08-02 18:30:00,753.0499877929688,756.8499755859375,750.0499877929688,753.0,753.0,14827841.0,753.0499877929688,756.8499755859375,750.0499877929688
2026-08-03 18:30:00,753.2000122070312,753.2000122070312,738.0,742.0,742.0,31559802.0,753.2000122070312,753.2000122070312,738.0
2026-08-04 18:30:00,733.7999877929688,741.9500122070312,732.5999755859375,735.0,735.0,60050538.0,733.7999877929688,741.9500122070312,732.5999755859375
2026-08-05 18:30:00,739.0,740.5,733.5499877929688,734.2999877929688,734.2999877929688,44772122.0,739.0,740.5,733.5499877929688
2026-08-06 18:30:00,733.0,736.0,728.2000122070312,731.0,731.0,19382042.0,733.0,736.0,728.2000122070312
2026-08-09 18:30:00,731.5,737.5499877929688,728.5,731.0,731.0,23660590.0,731.5,737.5499877929688,728.5
2026-08-10 18:30:00,730.5,730.8499755859375,726.5499877929688,729.0,729.0,29154365.0,730.5,730.8499755859375,726.5499877929688
2026-08-11 18:30:00,729.0,730.6500244140625,722.0,729.0,729.0,26993177.0,729.0,730.6500244140625,722.0
2026-08-12 18:30:00,726.9000244140625,729.0,724.5,725.0,725.0,22129893.0,726.9000244140625,729.0,724.5
2026-08-13 18:30:00,725.0,729.5999755859375,723.5,727.0,727.0,20364131.0,725.0,729.5999755859375,723.5
2026-08-16 18:30:00,727.0499877929688,732.0999755859375,724.5,729.0,729.0,14823722.0,727.0499877929688,732.0999755859375,724.5
2026-08-17 18:30:00,726.2999877929688,729.0,723.0,723.0,723.0,17916507.0,726.2999877929688,729.0,723.0
2026-08-18 18:30:00,724.0,725.4000244140625,715.0999755859375,720.0,720.0,21342651.0,724.0,725.4000244140625,715.0999755859375
2026-08-19 18:30:00,725.5,728.2999877929688,724.2999877929688,725.0499877929688,725.0499877929688,17603805.0,725.5,728.2999877929688,724.2999877929688
2026-08-20 18:30:00,728.2999877929688,732.7999877929688,726.5999755859375,726.9500122070312,726.9500122070312,26029811.0,728.2999877929688,732.7999877929688,726.5999755859375
2026-08-23 18:30:00,732.5,734.4000244140625,724.0999755859375,729.0,729.0,11408345.0,732.5,734.4000244140625,724.0999755859375
2026-08-24 18:30:00,726.5999755859375,728.7000122070312,722.0,727.5,727.5,17511874.0,726.5999755859375,728.7000122070312,722.0
2026-08-25 18:30:00,728.0,731.0,724.1500244140625,727.2000122070312,727.2000122070312,21156463.0,728.0,731.0,724.1500244140625
2026-08-26 18:30:00,728.1500244140625,728.1500244140625,710.0,711.0,711.0,46515020.0,728.1500244140625,728.1500244140625,710.0
2026-08-27 18:30:00,710.8499755859375,720.2999877929688,707.0,720.2999877929688,720.2999877929688,16494301.0,710.8499755859375,720.2999877929688,707.0
2026-08-30 18:30:00,723.0499877929688,739.75,704.1500244140625,709.0,709.0,78157067.0,723.0499877929688,739.75,704.1500244140625
2026-08-31 18:30:00,705.0499877929688,715.4500122070312,698.5,711.9000244140625,711.9000244140625,44417092.0,705.0499877929688,715.4500122070312,698.5
2026-09-01 18:30:00,702.2999877929688,705.6500244140625,700.0,700.7999877929688,700.7999877929688,36950338.0,702.2999877929688,705.6500244140625,700.0
2026-09-02 18:30:00,705.0,712.5999755859375,705.0,706.6500244140625,706.6500244140625,27770641.0,705.0,712.5999755859375,705.0
2026-09-03 18:30:00,708.3499755859375,716.5,708.3499755859375,712.0999755859375,712.0999755859375,14488024.0,708.3499755859375,716.5,708.3499755859375
2026-09-06 18:30:00,712.0999755859375,713.0,707.0499877929688,710.5,710.5,12180390.0,712.0999755859375,713.0,707.0499877929688
2026-09-07 18:30:00,707.0999755859375,708.9000244140625,703.0,703.0,703.0,19883515.0,707.0999755859375,708.9000244140625,703.0
2026-09-08 18:30:00,698.0,700.0,687.0999755859375,687.0999755859375,687.0999755859375,39173990.0,698.0,700.0,687.0999755859375
2026-09-09 18:30:00,687.0999755859375,694.5,686.2000122070312,693.7999877929688,693.7999877929688,27108053.0,687.0999755859375,694.5,686.2000122070312
2026-09-10 18:30:00,683.9000244140625,709.0,681.9000244140625,708.25,708.25,31411934.0,683.9000244140625,709.0,681.9000244140625
