timestamp,open,high,low,close,adjusted_close,volume,adj_open,adj_high,adj_low
2020-12-31 18:30:00,535.5499877929688,537.0,526.0999755859375,527.5,505.92620849609375,13592625.0,513.6469664155943,515.0376757581087,504.58344253664615
2021-01-03 18:30:00,532.2999877929688,535.0,524.2999877929688,531.7000122070312,509.9544982910156,16549750.0,510.52993602261097,513.11952289266,502.8571207270198
2021-01-04 18:30:00,526.6500244140625,539.9500122070312,523.0,537.25,515.2774047851562,23311516.0,505.1109498559652,517.8669911656631,501.61020512356765
2021-01-05 18:30:00,538.75,550.5999755859375,535.8499755859375,546.7000122070312,524.3410034179688,28178838.0,516.716131852681,528.0814655831948,513.9347130173905
2021-01-06 18:30:00,552.1500244140625,554.4000244140625,539.75,541.0999755859375,518.9699096679688,21138034.0,529.5680303497315,531.726009188094,517.6751457805202
2021-01-07 18:30:00,547.0,547.0999755859375,536.3499755859375,542.0499877929688,519.8811645507812,21937965.0,524.6287305847001,524.7246173575334,514.4142721038121
2021-01-10 18:30:00,545.1500244140625,546.0,535.0,544.7000122070312,522.4227905273438,19394393.0,522.8543980685591,523.6696112272414,513.1194908545314
2021-01-11 18:30:00,541.0,550.6500244140625,537.0999755859375,548.0,525.5878295898438,16388310.0,518.8741164381487,528.129472984273,515.1335956952024
2021-01-12 18:30:00,551.5,561.0,548.25,556.5,533.7401733398438,21920297.0,528.9446641454157,538.056131614829,525.8275831690374
2021-01-13 18:30:00,554.0499877929688,558.4500122070312,550.5999755859375,553.2999877929688,530.6710205078125,13330898.0,531.3903468663191,535.610418251796,528.0814339094029
2021-01-14 18:30:00,550.0,551.0,541.5,543.0,520.792236328125,15708956.0,527.5059483986532,528.4650501230145,519.3535837415832
2021-01-17 18:30:00,544.5,548.4000244140625,528.9000244140625,533.1500244140625,511.34515380859375,21580313.0,522.2309359448572,525.9714564222927,507.26897111297274
2021-01-18 18:30:00,539.0,547.75,533.9000244140625,546.4500122070312,524.1011962890625,20575358.0,516.9558760898676,525.3480169354823,512.0644802697094
2021-01-19 18:30:00,546.4500122070312,554.5999755859375,546.0,551.0,528.4651489257812,16097138.0,524.1012469718398,531.917892363443,523.6696394073984
2021-01-20 18:30:00,555.0,561.0,549.7000122070312,552.7000122070312,530.0955810546875,18189277.0,532.3015035055736,538.0561143542824,527.2182756303331
2021-01-21 18:30:00,553.0999755859375,553.5,530.5999755859375,533.7999877929688,511.9685363769531,24515997.0,530.4791896711071,530.8628538121075,508.8993988657369
2021-01-24 18:30:00,536.5499877929688,542.2999877929688,531.2000122070312,538.0499877929688,516.0447998046875,23415249.0,514.6061468592945,520.1209831499677,509.4749747696347
2021-01-26 18:30:00,537.7999877929688,539.2000122070312,519.0999755859375,522.3499755859375,500.98675537109375,28049286.0,515.8048885151833,517.1476543262752,497.86967481005865
2021-01-27 18:30:00,514.5999755859375,529.8499755859375,512.0,528.25,506.6455993652344,29836591.0,493.5538344800233,508.1801390523277,491.06019285376243
2021-01-28 18:30:00,533.3499755859375,544.9500122070312,529.4500122070312,537.0,515.0376586914062,33172808.0,511.5369137595902,522.6625295921092,507.79645192038333
2021-01-31 18:30:00,552.0,609.4500122070312,551.0,603.7999877929688,579.1057739257812,69354326.0,529.4243022022694,584.5247236229567,528.4652002055261
2021-02-01 18:30:00,613.0,624.0,598.7000122070312,617.3499755859375,592.1015014648438,42362384.0,587.9294318485382,598.479552159034,574.21428715268
2021-02-02 18:30:00,623.4000244140625,627.5,614.0,622.3499755859375,596.8970336914062,27155908.0,597.9041375000774,601.8364318062661,588.888556380952
2021-02-03 18:30:00,618.7999877929688,631.6500244140625,609.0,628.2999877929688,602.6036376953125,29982222.0,593.4921707697523,605.8166637871558,584.0929850174863
2021-02-04 18:30:00,628.2999877929688,635.2999877929688,611.0,614.1500244140625,589.0324096679688,32015570.0,602.6036653782369,609.3173781581226,586.0112155014483
2021-02-07 18:30:00,622.3499755859375,633.9500122070312,622.3499755859375,629.5999755859375,603.8504638671875,18230551.0,596.8969758862472,608.0225917791083,596.8969758862472
2021-02-08 18:30:00,631.3499755859375,643.2000122070312,628.5999755859375,633.3499755859375,607.4472045898438,27155615.0,605.5290006646668,616.8943940447033,602.8914702675485
2021-02-09 18:30:00,633.3499755859375,638.2000122070312,626.4000244140625,632.1500244140625,606.296142578125,23967387.0,607.4470177480885,612.0986959592178,600.781307989523
2021-02-10 18:30:00,626.75,633.5999755859375,624.0999755859375,630.6500244140625,604.8575439453125,16072702.0,601.1170236930406,607.6868472855236,598.5753806320192
2021-02-11 18:30:00,629.9000244140625,649.9000244140625,629.4000244140625,647.5999755859375,621.1143188476562,19049709.0,604.1382633655525,623.3202998776966,603.6587124527489
2021-02-14 18:30:00,655.0,676.7999877929688,652.0,673.9500122070312,646.38671875,27155194.0,628.2117265563467,649.1201356713515,625.3344209385314
2021-02-15 18:30:00,673.4000244140625,679.4000244140625,649.5499877929688,658.3499755859375,631.4248046875,24966739.0,645.8593372222334,651.6139494628629,622.9847184423652
2021-02-16 18:30:00,654.7999877929688,664.9500122070312,649.3499755859375,657.3499755859375,630.4655151367188,21684753.0,628.01981736963,637.754723596953,622.7927010978988
2021-02-17 18:30:00,650.0,652.4000244140625,637.5999755859375,644.6500244140625,618.2850341796875,27845347.0,623.4162056878533,625.7180735551965,611.5233192714663
2021-02-18 18:30:00,635.5,635.5,619.0,624.0499877929688,598.5275268554688,24055811.0,609.5092552791426,609.5092552791426,593.6840739855063
2021-02-21 18:30:00,622.0,629.2999877929688,607.2999877929688,609.8499755859375,584.9082641601562,27092321.0,596.5613755384175,603.5628076271427,582.4625660486134
2021-02-22 18:30:00,614.75,623.0499877929688,609.0499877929688,616.2999877929688,591.094482421875,23534585.0,589.6078862018652,597.5684201719565,584.140993727343
2021-02-23 18:30:00,615.0999755859375,645.0,615.0999755859375,641.0999755859375,614.880126953125,17762047.0,589.9434807051355,618.6206473058942,589.9434807051355
2021-02-24 18:30:00,642.7000122070312,648.4000244140625,626.2999877929688,628.0,602.3159790039062,38571809.0,616.4147883093957,621.8816807183324,600.6854941045485
2021-02-25 18:30:00,615.0,615.0,590.9000244140625,597.75,573.3031616210938,57349273.0,589.8476694219534,589.8476694219534,566.7333370113986
2021-02-28 18:30:00,607.5499877929688,611.8499755859375,600.2000122070312,608.3499755859375,583.4696655273438,21527318.0,582.7023956519076,586.8265224539489,575.6530195216125
2021-03-01 18:30:00,610.0,616.5,599.0,610.5,585.5316772460938,24051433.0,585.0521263228783,591.2862883246794,574.5020060121378
2021-03-02 18:30:00,618.0,633.75,613.8499755859375,632.0999755859375,606.2482299804688,21036174.0,592.7249178907655,607.8307713807001,588.7446219683223
2021-03-03 18:30:00,618.75,630.9000244140625,615.7999877929688,620.75,595.3624877929688,25057198.0,593.4442840465557,605.0973952215884,590.6149218128098
2021-03-04 18:30:00,613.2000122070312,614.7000122070312,601.5,609.4500122070312,584.524658203125,26645968.0,588.1212902883781,589.5599431224794,576.8997864746017
2021-03-07 18:30:00,611.5999755859375,616.0,601.1500244140625,608.0499877929688,583.181884765625,19632433.0,586.5866847221433,590.8067563977,576.5641169358287
2021-03-08 18:30:00,614.8499755859375,628.3499755859375,612.2999877929688,625.0999755859375,599.5344848632812,23056249.0,589.7036918543895,602.6515655734177,587.2579940819137
2021-03-09 18:30:00,628.75,630.5,621.7999877929688,625.5999755859375,600.0140380859375,15838994.0,603.035232047751,604.7136601289973,596.3694631030166
2021-03-11 18:30:00,631.4500122070312,638.0,608.3499755859375,612.8499755859375,587.7855224609375,21757862.0,605.6248512994015,611.9069564644086,583.4695643040568
2021-03-14 18:30:00,611.9000244140625,612.8499755859375,590.5999755859375,603.5,578.8179321289062,24347946.0,586.8744106064207,587.7855104787126,566.4454955824935
2021-03-15 18:30:00,606.8499755859375,607.0,593.6500244140625,594.9500122070312,570.61767578125,17925629.0,582.0309530412403,582.1748417389566,569.3708550437967
2021-03-16 18:30:00,597.5499877929688,603.6500244140625,587.0,589.5,565.3905029296875,20214082.0,573.1112606003312,578.9618166191433,562.9927484643368
2021-03-17 18:30:00,594.75,601.4000244140625,575.5,578.5999755859375,554.9363403320312,22776537.0,570.4258595556312,576.8039106568629,551.9631478339903
2021-03-18 18:30:00,575.2000122070312,588.9000244140625,570.0,586.6500244140625,562.6571655273438,29162618.0,551.67543682104,564.8151448501964,546.6880951226602
2021-03-21 18:30:00,586.8499755859375,586.8499755859375,569.5,573.4500122070312,549.9970092773438,21755401.0,562.8489399180978,562.8489399180978,546.2085449749106
2021-03-22 18:30:00,576.0,589.25,574.2999877929688,586.4000244140625,562.4173583984375,29486417.0,552.4426755629775,565.1507753046606,550.8121906807863
2021-03-23 18:30:00,580.0,580.5499877929688,565.0,567.5,544.2903442382812,24434219.0,556.2791183404461,556.8066126931541,541.8925894178483
2021-03-24 18:30:00,568.0999755859375,579.0,557.0999755859375,571.5499877929688,548.1746826171875,27170186.0,544.8657693339983,555.3200035240314,534.3156483689476
2021-03-25 18:30:00,584.5,584.5,574.2999877929688,578.5499877929688,554.8883666992188,20724410.0,560.5950344462785,560.5950344462785,550.8121838140233
2021-03-29 18:30:00,582.0,593.0999755859375,582.0,591.4500122070312,567.2608032226562,28011943.0,558.197278995104,568.8432861583041,558.197278995104
2021-03-30 18:30:00,586.0,589.6500244140625,579.0,582.0999755859375,558.293212890625,20119972.0,562.0337338523157,565.534479330281,555.3200203080047
2021-03-31 18:30:00,587.5499877929688,596.0999755859375,580.2000122070312,594.4000244140625,570.0902099609375,15631940.0,563.5203266245278,571.7206364089392,556.4709508625982
2021-04-04 18:30:00,592.0,592.0,563.5,571.25,547.8869018554688,23260127.0,567.788264154814,567.788264154814,540.453862924388
2021-04-05 18:30:00,574.7000122070312,578.5,564.4000244140625,565.9000244140625,542.7557983398438,23284697.0,551.195883503118,554.8404590805619,541.3171454640947
2021-04-06 18:30:00,566.5499877929688,580.0,559.4000244140625,577.6500244140625,554.0252075195312,23984399.0,543.3791418524974,556.2790734532954,536.5215987427681
2021-04-07 18:30:00,582.0,585.8499755859375,573.2999877929688,576.7000122070312,553.1140747070312,19262565.0,558.1973030441482,561.8898219253443,549.8531048475571
2021-04-08 18:30:00,573.9500122070312,579.0,565.0,566.2000122070312,543.0435180664062,23239564.0,550.4765579362037,555.3200109177684,541.8925840561989
2021-04-11 18:30:00,551.4000244140625,551.9500122070312,531.1500244140625,538.5499877929688,516.5242919921875,26601702.0,528.8487859448932,529.37628025704,509.42697339280977
2021-04-12 18:30:00,541.0,563.7999877929688,537.8499755859375,560.5999755859375,537.6724853515625,25445897.0,518.8741120995725,540.7416230458899,515.8529177909982
2021-04-14 18:30:00,565.9500122070312,576.75,554.1500244140625,575.2000122070312,551.6753540039062,37614884.0,542.8036625639912,553.1619500509174,531.4862732997768
2021-04-15 18:30:00,574.5999755859375,577.75,564.0999755859375,566.9500122070312,543.7627563476562,24045008.0,551.0998497126947,554.1210436823097,541.0292811992126
2021-04-18 18:30:00,550.0,562.2999877929688,534.4000244140625,559.75,536.8572387695312,28526176.0,527.5059961111964,539.3029366800793,512.5440312734322
2021-04-19 18:30:00,565.2000122070312,572.6500244140625,552.5999755859375,559.0999755859375,536.2338256835938,24425842.0,542.0843821439317,549.2297026977005,529.9996636032064
2021-04-21 18:30:00,552.0,580.5999755859375,546.9000244140625,579.2000122070312,555.51171875,34942633.0,529.4241406894043,556.854426012453,524.5327454138211
2021-04-22 18:30:00,569.9000244140625,580.5,567.0499877929688,569.9500122070312,546.64013671875,33749097.0,546.5921933317907,556.7586500023934,543.8587178079017
2021-04-25 18:30:00,602.0,605.5,588.0,591.0999755859375,566.9251098632812,62584522.0,577.3793439923375,580.7362006434557,563.9519173878646
2021-04-26 18:30:00,593.25,601.9500122070312,591.0999755859375,598.75,574.26220703125,24239685.0,568.9871470919232,577.3313445219167,566.9250547909786
2021-04-27 18:30:00,598.0,622.7999877929688,598.0,621.3499755859375,595.9379272460938,33292864.0,573.5429218567261,597.3286366741015,573.5429218567261
2021-04-28 18:30:00,622.5499877929688,628.4500122070312,609.0,621.4500122070312,596.0338134765625,34537860.0,597.0888020200321,602.7475259431832,584.0929845960017
2021-04-29 18:30:00,610.0999755859375,616.3499755859375,598.0999755859375,600.5,575.9406127929688,23653258.0,585.147966367927,591.142352429469,573.638745129766
2021-05-02 18:30:00,592.5499877929688,598.8499755859375,587.5,596.75,572.3440551757812,18010557.0,568.3158155136781,574.3581457373658,563.4723626573465
2021-05-03 18:30:00,596.6500244140625,608.0,589.0,591.5499877929688,567.356689453125,15115127.0,572.2481440269456,583.133926643283,564.9109914356804
2021-05-04 18:30:00,595.2999877929688,604.7999877929688,584.7000122070312,602.7999877929688,578.1466674804688,17253943.0,570.9534025602433,580.0648714591955,560.7869448885672
2021-05-05 18:30:00,602.7999877929688,610.8499755859375,599.25,608.2000122070312,583.3257446289062,16949763.0,578.1465713320879,585.8673293546784,574.7417715438693
2021-05-06 18:30:00,612.0,614.7999877929688,603.7000122070312,607.0999755859375,582.2706909179688,10941083.0,586.970313246791,589.655786632291,579.009779856622
2021-05-09 18:30:00,611.0,617.0,611.0,613.25,588.169189453125,12060808.0,586.0112103642224,591.7658212679627,586.0112103642224
2021-05-10 18:30:00,606.4000244140625,612.9000244140625,603.25,609.8499755859375,584.9082641601562,13818480.0,581.5994094710338,587.8335717555993,578.5782151021709
2021-05-11 18:30:00,603.2000122070312,606.6500244140625,593.2000122070312,594.75,570.4258422851562,14785569.0,578.5302648669397,581.8391780558255,568.9392460811447
2021-05-13 18:30:00,592.0,601.9500122070312,591.0999755859375,597.2999877929688,572.8715209960938,12675754.0,567.7882929192984,577.3313679962519,566.9250778421932
2021-05-16 18:30:00,603.25,624.5,601.2000122070312,623.5999755859375,598.0960083007812,20453101.0,578.5783052163137,598.9592235517412,576.6121577435081
2021-05-17 18:30:00,628.0,635.5,626.0,633.2000122070312,607.3033447265625,19242627.0,602.3160030571557,609.5092674248765,600.3977992257635
2021-05-18 18:30:00,627.0999755859375,634.0,623.3499755859375,625.4500122070312,599.8702392578125,13911576.0,601.4527221222361,608.070548032164,597.856090331825
2021-05-19 18:30:00,628.0499877929688,632.9000244140625,616.6500244140625,618.5999755859375,593.3003540039062,13900762.0,602.3638777818732,607.0155566661169,591.4301523126309
2021-05-20 18:30:00,622.2999877929688,643.9500122070312,622.2999877929688,642.4500122070312,616.1749267578125,23975898.0,596.849003212648,617.6135793729188,596.849003212648
2021-05-23 18:30:00,643.25,653.4500122070312,638.0,647.3499755859375,620.8746337890625,20323003.0,616.9423391471125,626.7251909004509,611.9070538295496
2021-05-24 18:30:00,650.0999755859375,652.0,642.5,650.2999877929688,623.7039184570312,14884778.0,623.512086380134,625.334403302262,616.2229357694837
2021-05-25 18:30:00,649.3499755859375,656.6500244140625,643.2999877929688,652.5,625.81396484375,14487031.0,622.7927705634143,629.7942609859152,616.9902160071322
2021-05-26 18:30:00,651.0999755859375,656.5,648.0999755859375,652.25,625.57421875,23349546.0,624.4712281415361,629.6504018541588,621.5939224209535
2021-05-27 18:30:00,658.0499877929688,660.0,639.25,643.0499877929688,616.7504272460938,14191446.0,631.1369548633991,633.0072151614349,613.1058519574958
2021-05-30 18:30:00,643.75,665.0,643.75,662.75,635.644775390625,21786138.0,617.4218395438927,637.8027546356328,617.4218395438927
2021-05-31 18:30:00,664.5499877929688,664.9000244140625,648.3499755859375,650.0999755859375,623.5120849609375,14123196.0,637.3711183054573,637.7068390739963,621.8336567350354
2021-06-01 18:30:00,648.5,649.3499755859375,641.0999755859375,648.3499755859375,621.8336791992188,16025108.0,621.9775678964951,622.7927810772396,614.8801905835679
2021-06-02 18:30:00,653.4500122070312,653.6500244140625,644.75,650.25,623.6558837890625,11805702.0,626.7250209534021,626.9168530022213,618.3808244106083
2021-06-03 18:30:00,653.0,654.9000244140625,639.4000244140625,642.7000122070312,616.414794921875,15111572.0,626.2935326572268,628.1158496593986,613.2497704003066
2021-06-06 18:30:00,645.2000122070312,650.0,644.25,648.2000122070312,621.6898193359375,7556341.0,618.8125138393555,623.4161909261006,617.9013553909851
2021-06-07 18:30:00,648.0,648.0,637.4000244140625,642.4000244140625,616.1270141601562,11912935.0,621.4979607759825,621.4979607759825,611.3315052035515
2021-06-08 18:30:00,644.4000244140625,645.5999755859375,628.7999877929688,636.0999755859375,610.0846557617188,15823094.0,618.0452478485959,619.1961232230994,603.0832240518123
2021-06-09 18:30:00,635.4500122070312,642.4000244140625,631.0,640.4000244140625,614.2089233398438,10712418.0,609.4613568934159,616.1271272746478,605.1933414306891
2021-06-10 18:30:00,644.0,644.5499877929688,631.5,635.7000122070312,609.7011108398438,9015059.0,617.6616451801863,618.1891395358292,605.6728710113161
2021-06-13 18:30:00,635.7000122070312,636.0999755859375,623.3499755859375,635.1500244140625,609.1735229492188,10170497.0,609.7010172238681,610.0846228150099,597.8560750403833
2021-06-14 18:30:00,636.3499755859375,646.2000122070312,636.0,645.2999877929688,618.9083862304688,11039987.0,610.3244133239423,619.7716012749639,609.9887511060434
2021-06-15 18:30:00,644.9000244140625,649.2000122070312,637.5999755859375,640.0999755859375,613.9210205078125,8601339.0,618.5247558420505,622.6488817516226,611.5232660791162
2021-06-16 18:30:00,633.0499877929688,637.5499877929688,626.7000122070312,633.0,607.1115112304688,9720060.0,607.1594546183555,611.4754132289987,601.0691808833553
2021-06-17 18:30:00,632.5999755859375,636.5999755859375,620.7000122070312,630.4000244140625,604.6177978515625,13820690.0,606.7277749794288,610.5641821776268,595.314498688147
2021-06-20 18:30:00,622.8499755859375,633.0999755859375,616.25,631.25,605.4330444335938,13407446.0,597.3765654564494,607.2073594452721,591.0465166450728
2021-06-21 18:30:00,635.0,644.0999755859375,629.5499877929688,630.8499755859375,605.0493774414062,15270093.0,609.0296735264825,617.7574769283761,603.8025567466973
2021-06-22 18:30:00,633.75,635.0,623.4500122070312,624.7000122070312,599.1509399414062,10950633.0,607.8308000128968,609.0296773304765,597.9520626238266
2021-06-23 18:30:00,627.0,636.2999877929688,624.4500122070312,634.0499877929688,608.1185302734375,12815724.0,601.3568737831835,610.2765094855781,598.9111757172107
2021-06-24 18:30:00,636.0999755859375,650.0,636.0999755859375,649.0,622.4571533203125,14785922.0,610.0847149928243,623.4162552514686,610.0847149928243
2021-06-27 18:30:00,651.0,653.0,646.1500244140625,650.2999877929688,623.7039184570312,12093491.0,624.3753014567064,626.2935051478177,619.7236809213341
2021-06-28 18:30:00,646.2999877929688,648.75,636.4500122070312,640.0999755859375,613.9210205078125,12225470.0,619.8674631987644,622.217274246672,610.4203341652718
2021-06-29 18:30:00,638.2999877929688,640.7999877929688,629.7999877929688,630.9000244140625,605.0974731445312,14276494.0,612.1947927968753,614.5925477886685,604.0424258247781
2021-06-30 18:30:00,633.9500122070312,637.4000244140625,630.0499877929688,630.8499755859375,605.0493774414062,10517081.0,608.0226282937919,611.3315413774307,604.2821076707339
2021-07-01 18:30:00,632.25,641.3499755859375,632.25,640.25,614.0650024414062,10999396.0,606.3921871043797,615.1199911346732,606.3921871043797
2021-07-04 18:30:00,642.75,648.5,641.2000122070312,647.8499755859375,621.3541870117188,7358568.0,616.4627903868849,621.9776267069542,614.9761940431756
2021-07-05 18:30:00,645.2000122070312,655.0,645.2000122070312,650.2999877929688,623.7039184570312,9209891.0,618.8125224602701,628.2117088389289,618.8125224602701
2021-07-06 18:30:00,650.9000244140625,654.75,645.9000244140625,654.0,627.252685546875,7741559.0,624.2794928688795,627.9720120211259,619.4839830405394
2021-07-07 18:30:00,650.5,654.0,638.0999755859375,641.9000244140625,615.6475219726562,10782941.0,623.895774748999,627.2526313387323,612.0028879869421
2021-07-08 18:30:00,639.5,641.1500244140625,633.7999877929688,638.5499877929688,612.4344482421875,7069698.0,613.3456066682451,614.9281480681834,607.8787146508283
2021-07-11 18:30:00,646.0,650.25,642.4000244140625,646.25,619.819580078125,6992783.0,619.5798046119439,623.6559875370225,616.1270613145091
2021-07-12 18:30:00,655.1500244140625,666.3499755859375,653.0,664.9500122070312,637.7548217773438,19825411.0,628.3556348405984,639.0975293174877,626.2935423346427
2021-07-13 18:30:00,662.0,668.0,658.2000122070312,664.3499755859375,637.1792602539062,11648541.0,634.9253944294336,640.680005255078,631.2808192809779
2021-07-14 18:30:00,665.0999755859375,669.5999755859375,661.0999755859375,667.4500122070312,640.1525268554688,8244429.0,637.8986024361379,642.2145606624689,634.0621951238438
2021-07-15 18:30:00,667.4500122070312,667.75,657.7000122070312,660.2999877929688,633.2949829101562,9212875.0,640.1525850195336,640.4403038863118,630.8013413461656
2021-07-18 18:30:00,645.6500244140625,656.9000244140625,645.5499877929688,655.9000244140625,629.0748901367188,9121737.0,619.2440967476476,630.0339919307744,619.1481514448853
2021-07-19 18:30:00,648.6500244140625,651.25,639.0999755859375,641.9000244140625,615.6475219726562,13169127.0,622.1214596814276,624.6151011610847,612.9619898697231
2021-07-21 18:30:00,652.5,660.2999877929688,648.2999877929688,655.9500122070312,629.1228637695312,13123569.0,625.8139507131468,633.2949333587133,621.7857112766325
2021-07-22 18:30:00,655.9500122070312,677.8499755859375,650.75,676.6500244140625,648.9762573242188,19298083.0,629.1228383277181,650.1271326547408,624.135497252719
2021-07-25 18:30:00,680.0,687.75,663.5999755859375,676.75,649.0722045898438,31054759.0,652.1892857349003,659.6223253884965,636.4599913104262
2021-07-26 18:30:00,680.1500244140625,685.5999755859375,673.2999877929688,677.4500122070312,649.74365234375,12598869.0,652.3332394146158,657.5602984089361,645.7633556849248
2021-07-27 18:30:00,677.9000244140625,687.0,670.0499877929688,685.0499877929688,657.03271484375,18367497.0,650.1751716956785,658.9029751710174,642.646187001588
2021-07-28 18:30:00,692.5,692.5,683.0999755859375,687.5,661.313232421875,11043138.0,666.122783203125,666.122783203125,657.0808042502404
2021-07-29 18:30:00,687.0,687.6500244140625,678.0,682.5,656.503662109375,14536250.0,660.8322576837224,661.4575227508178,652.1750665350274
2021-08-01 18:30:00,684.0499877929688,688.0499877929688,677.7000122070312,681.4000244140625,655.445556640625,9348206.0,657.9945831444882,661.8422234917526,651.886477577339
2021-08-02 18:30:00,683.0,691.9000244140625,676.6500244140625,690.4000244140625,664.102783203125,10162609.0,656.984624693034,665.5456484110892,650.8765187967865
2021-08-03 18:30:00,694.0,717.4000244140625,693.2000122070312,714.6500244140625,687.4290771484375,28730606.0,667.5656100790976,690.0743299261285,666.7960937403815
2021-08-04 18:30:00,715.5,716.5,699.0499877929688,702.4500122070312,675.6937866210938,17774554.0,688.2467021509624,689.208612286743,672.4232686753058
2021-08-05 18:30:00,705.0499877929688,706.0,695.7000122070312,697.6500244140625,671.0765991210938,14701949.0,678.1946985751973,679.1085249046,669.2008626997581
2021-08-08 18:30:00,697.4000244140625,706.2999877929688,694.3499755859375,702.8499755859375,676.07861328125,8602980.0,670.8362492509176,679.3972154719787,667.9023759439721
2021-08-09 18:30:00,704.0999755859375,708.2999877929688,697.2999877929688,700.9000244140625,674.2028198242188,10843554.0,677.2808852090524,681.3209194145638,670.7399082007802
2021-08-10 18:30:00,706.25,707.1500244140625,690.0,693.5499877929688,667.1327514648438,9748084.0,679.3490217214053,680.2147643128654,663.7179822835677
2021-08-11 18:30:00,693.5,702.9500122070312,693.2999877929688,701.3499755859375,674.6356201171875,8840339.0,667.0846493726611,676.1747114919038,666.89225561203
2021-08-12 18:30:00,707.0499877929688,709.9000244140625,701.0,704.7999877929688,677.9542846679688,12787590.0,680.1185825779042,682.8600618233589,674.2990377177008
2021-08-15 18:30:00,702.4000244140625,707.4000244140625,698.6500244140625,702.6500244140625,675.8861694335938,7920846.0,675.645691903547,680.4552425044824,672.0385289528454
2021-08-16 18:30:00,699.7999877929688,702.9000244140625,691.5,701.2000122070312,674.4913940429688,8669653.0,673.144696378542,676.1266530039627,665.1608540517307
2021-08-17 18:30:00,700.8499755859375,700.8499755859375,683.5999755859375,688.2999877929688,662.0826416015625,11069373.0,674.1546003657625,674.1546003657625,657.5616528571506
2021-08-19 18:30:00,683.8499755859375,684.4000244140625,675.3499755859375,680.7000122070312,654.7722778320312,13121808.0,657.8022597032034,658.3313572757779,649.6260230912382
2021-08-22 18:30:00,689.9500122070312,689.9500122070312,673.8499755859375,682.7000122070312,656.696044921875,10917371.0,663.669893230874,663.669893230874,648.1831052081379
2021-08-23 18:30:00,683.25,697.25,680.4000244140625,694.4500122070312,667.99853515625,9821388.0,657.2251294157104,670.6918719138004,654.4837088913059
2021-08-24 18:30:00,699.9500122070312,700.4500122070312,687.1500244140625,691.0499877929688,664.72802734375,9535359.0,673.2890515483309,673.7700066449852,660.9766128160503
2021-08-25 18:30:00,692.0499877929688,701.5499877929688,690.0,698.7999877929688,672.1827392578125,10756731.0,665.6898463424588,674.8279919270307,663.7179424583805
2021-08-26 18:30:00,696.0999755859375,700.4500122070312,689.0499877929688,699.75,673.0965576171875,9135827.0,669.5855624498789,673.7699063943833,662.8041083381383
2021-08-29 18:30:00,704.5,715.0,700.9000244140625,713.6500244140625,686.4671630859375,10797869.0,677.6656622286431,687.7657182306314,674.2028093692373
2021-08-30 18:30:00,714.0,719.9000244140625,709.3499755859375,719.0499877929688,691.6614990234375,19760246.0,686.803864385746,692.4791578977184,682.3309585915356
2021-08-31 18:30:00,727.5999755859375,734.7999877929688,717.2000122070312,719.9000244140625,692.4791259765625,13729351.0,699.8857870082829,706.8115516854041,689.8819568838502
2021-09-01 18:30:00,722.2999877929688,728.0499877929688,717.5,725.1500244140625,697.5291137695312,8627956.0,694.7876348319437,700.3186177584294,690.1704782179872
2021-09-02 18:30:00,724.75,731.7999877929688,721.0999755859375,724.2999877929688,696.7115478515625,8993813.0,697.1444191847074,703.925874369514,693.6334234618353
2021-09-05 18:30:00,725.4000244140625,728.0,720.0,721.1500244140625,693.6815185546875,5329995.0,697.7696366355998,700.2705795068472,692.5752984133653
2021-09-06 18:30:00,720.9000244140625,722.4500122070312,711.6500244140625,716.9000244140625,689.5933837890625,6242711.0,693.4410242427098,694.9319731764313,684.5433556936505
2021-09-07 18:30:00,716.5,722.75,715.0,720.9500122070312,693.4890747070312,7118011.0,689.2085631658193,695.2205010859677,687.7656980649837
2021-09-08 18:30:00,720.7999877929688,723.9000244140625,717.5999755859375,720.25,692.8157958984375,6243422.0,693.344834746782,696.3267914825784,690.266710478682
2021-09-12 18:30:00,717.9000244140625,717.9000244140625,705.2000122070312,707.4000244140625,680.455322265625,6967906.0,690.555379711491,690.555379711491,678.3391080110895
2021-09-13 18:30:00,713.25,714.0,706.5,707.4500122070312,680.5032958984375,5241865.0,686.0823626044692,686.8037951624129,679.5894695829758
2021-09-14 18:30:00,707.0999755859375,716.0,706.2999877929688,714.3499755859375,687.1404418945312,5936741.0,680.1665938172648,688.727617010042,679.3970774956327
2021-09-15 18:30:00,720.0,729.4000244140625,712.8499755859375,727.2000122070312,699.5010375976562,13557169.0,692.5752731243462,701.6172515631584,685.6975924140474
2021-09-16 18:30:00,732.9000244140625,734.4000244140625,714.0,720.1500244140625,692.7196044921875,17075003.0,704.983958665419,706.4268238622698,686.8038337009652
2021-09-19 18:30:00,710.0,720.4000244140625,706.5,710.0,682.9561767578125,7943459.0,682.9561767578125,692.9600653662858,679.589491379429
2021-09-20 18:30:00,711.1500244140625,714.5,694.4000244140625,711.8499755859375,684.7357177734375,10009615.0,684.0624276357428,687.2848031587205,667.9504326001814
2021-09-21 18:30:00,715.0,715.0,702.25,703.3499755859375,676.5594482421875,9740470.0,687.7657244392116,687.7657244392116,675.5013706117991
2021-09-22 18:30:00,711.0,720.0,707.1500244140625,717.0,689.6896362304688,10412491.0,683.9181748394187,692.5753669259936,680.2148439309649
2021-09-23 18:30:00,722.5999755859375,724.5999755859375,716.5499877929688,722.9500122070312,695.4129028320312,11780868.0,695.0761990784354,697.0000192349883,689.2566548469291
2021-09-26 18:30:00,724.5,731.75,722.2999877929688,730.0,702.1944580078125,7712240.0,696.9039518173427,703.8778008865983,694.7877375990867
2021-09-27 18:30:00,734.0999755859375,735.4000244140625,706.5999755859375,717.1500244140625,689.8339233398438,13491800.0,706.1382542598163,707.3887844879531,679.6857237626651
2021-09-28 18:30:00,707.3499755859375,711.9500122070312,701.2999877929688,709.5,682.4752807617188,11453404.0,680.407150366184,684.8319724725902,674.5876054505937
2021-09-29 18:30:00,709.5999755859375,713.9000244140625,698.7999877929688,700.8499755859375,674.1546630859375,18487517.0,682.5713763733572,686.7076367285839,672.1827591435228
2021-09-30 18:30:00,693.0,694.8499755859375,687.9000244140625,692.3499755859375,665.978515625,10935810.0,666.6037807505328,668.3832911688331,661.6980621252494
2021-10-03 18:30:00,697.0499877929688,703.3499755859375,694.0499877929688,700.2000122070312,673.529541015625,8976533.0,670.4995003689473,676.5595229519627,667.6137697379552
2021-10-04 18:30:00,693.0,699.0,691.8499755859375,697.0999755859375,670.547607421875,7497208.0,666.6037989067081,672.3752603691038,665.4975786422788
2021-10-05 18:30:00,696.5999755859375,705.0,688.3499755859375,689.5,663.237060546875,13200810.0,670.0665992525628,678.1466681443754,662.1308403700223
2021-10-06 18:30:00,697.5499877929688,704.9500122070312,693.4500122070312,702.2000122070312,675.4532470703125,10041549.0,670.9803418654793,678.0984997008346,667.0365341550146
2021-10-07 18:30:00,706.0,710.0,698.2999877929688,703.4000244140625,676.6076049804688,9383924.0,679.1085478197504,682.9561883173127,671.7018281198759
2021-10-10 18:30:00,702.0,719.4000244140625,700.2999877929688,713.2999877929688,686.1304321289062,9337637.0,675.2608602235001,691.9981187046251,673.6256013840266
2021-10-11 18:30:00,706.5,713.0,704.4000244140625,708.5999755859375,681.6094970703125,7376091.0,679.589509274226,685.8419251415755,677.5695214781396
2021-10-12 18:30:00,713.8499755859375,715.9000244140625,707.9500122070312,709.9500122070312,682.9081420898438,6357766.0,686.6595565549661,688.6315193866254,680.984321735318
2021-10-13 18:30:00,710.25,729.7999877929688,709.0499877929688,727.2999877929688,699.59716796875,8950350.0,683.1966133502092,702.0019430949387,682.0423095475726
2021-10-17 18:30:00,739.0,748.9000244140625,732.0499877929688,745.4500122070312,717.0559692382812,15345601.0,710.8516367156774,720.374571165287,704.1663490938071
2021-10-18 18:30:00,755.0,755.0,738.75,747.4500122070312,718.979736328125,11349799.0,726.2421460465233,726.2421460465233,710.6111064792967
2021-10-19 18:30:00,746.75,757.4500122070312,741.9000244140625,745.8499755859375,717.440673828125,12762996.0,718.3064164616612,728.5988669799453,713.6411756406886
2021-10-20 18:30:00,748.9000244140625,759.8499755859375,737.4000244140625,755.5,726.72314453125,12166996.0,720.3745607964493,730.9074303505043,709.3125936725454
2021-10-21 18:30:00,758.5,765.8499755859375,753.3499755859375,759.2999877929688,730.3782958984375,13248928.0,729.6087795934703,736.6787950414567,724.654919306561
2021-10-24 18:30:00,800.0,867.0,798.4000244140625,841.7000122070312,809.6397705078125,96124084.0,769.5281062285807,833.9760851252244,767.9890735002576
2021-10-25 18:30:00,828.7000122070312,841.7000122070312,822.3499755859375,829.4000244140625,797.8082885742188,16925115.0,797.1349397383935,809.6397714796174,791.0267751616714
2021-10-26 18:30:00,828.75,849.0,824.2000122070312,835.0,803.1950073242188,22898400.0,797.1830686466423,816.6617499619902,792.8063890314344
2021-10-27 18:30:00,830.0999755859375,831.9500122070312,796.25,798.7000122070312,768.2777099609375,18750423.0,798.4816558591507,800.261225005106,765.9210181629832
2021-10-28 18:30:00,798.0,808.75,783.9000244140625,802.0499877929688,771.5,15701200.0,767.6042757560868,777.9448095460341,754.0413665482897
2021-10-31 18:30:00,807.7000122070312,809.7000122070312,793.0,803.9000244140625,773.279541015625,11406421.0,776.9347875975039,778.8586077680014,762.7946976022804
2021-11-01 18:30:00,809.0,810.0,798.0,800.9500122070312,770.4420166015625,9452457.0,778.1853822727146,779.1472925103818,767.6043696583762
2021-11-02 18:30:00,806.0,806.0,780.4500122070312,785.9500122070312,756.0133056640625,11839149.0,775.2995927236186,775.2995927236186,750.7227997583802
2021-11-03 18:30:00,788.5,789.0,779.0,782.0999755859375,752.3098754882812,3149310.0,758.4661236923016,758.9470787485428,749.3279776237197
2021-11-07 18:30:00,793.0,793.0,773.1500244140625,780.1500244140625,750.4342651367188,13967995.0,762.7947877081309,762.7947877081309,743.7008937445914
2021-11-08 18:30:00,784.0,788.5999755859375,779.2000122070312,786.5499877929688,756.5904541015625,10084357.0,754.1375948400054,758.5623582643697,749.5204376340731
2021-11-09 18:30:00,782.5499877929688,784.2999877929688,773.0999755859375,780.9000244140625,751.15576171875,9507347.0,752.7428784557744,754.4262214470801,743.6528145606552
2021-11-10 18:30:00,776.7000122070312,777.0,766.0999755859375,771.4500122070312,742.0656127929688,9221059.0,747.1156411882208,747.4042024973106,736.9193581544616
2021-11-11 18:30:00,772.7000122070312,779.9000244140625,771.2000122070312,776.5999755859375,747.0194091796875,15380106.0,743.267994769798,750.1937596861887,741.8251295251473
2021-11-14 18:30:00,777.0,784.5499877929688,771.5499877929688,773.2999877929688,743.8451538085938,10934583.0,747.4042333284161,754.6666436733875,742.161810940737
2021-11-15 18:30:00,773.2999877929688,775.75,762.0,764.0499877929688,734.9473876953125,12785837.0,743.8450559693728,746.2017474164606,732.9754837658305
2021-11-16 18:30:00,760.9000244140625,771.9500122070312,756.2999877929688,761.2999877929688,732.3021240234375,11657214.0,731.9173952219124,742.5464897457188,727.4925736768888
2021-11-17 18:30:00,764.9000244140625,767.5,756.4000244140625,762.9000244140625,733.8412475585938,20644385.0,735.7650677816229,738.2660105874271,727.588831833749
2021-11-21 18:30:00,768.2999877929688,770.4500122070312,740.25,752.0,723.3563842773438,20403786.0,739.0355069285229,741.1036370964275,712.0539407730103
2021-11-22 18:30:00,740.9500122070312,757.9500122070312,731.2000122070312,751.8499755859375,723.2120971679688,24913042.0,712.7273121306753,729.0797841012621,703.3486885004858
2021-11-23 18:30:00,750.25,772.25,746.7000122070312,760.2000122070312,731.2440795898438,23186419.0,721.6730622241446,742.8350847085579,718.2582930653174
2021-11-24 18:30:00,754.9000244140625,754.9500122070312,745.2999877929688,751.0499877929688,722.4425659179688,17749726.0,726.1459550140722,726.1940387768095,716.9115828655152
2021-11-25 18:30:00,739.0,742.0499877929688,718.5999755859375,722.2000122070312,694.6915893554688,18987552.0,710.8516696985639,713.7854841981472,691.2286772538713
2021-11-28 18:30:00,726.75,727.75,710.5,718.4000244140625,691.0362548828125,15878074.0,699.068180914518,700.0300910361755,683.4371414375852
2021-11-29 18:30:00,716.75,732.2999877929688,711.0999755859375,714.3499755859375,687.1404418945312,23965914.0,689.4490495697592,704.4067395658299,684.0142341357566
2021-11-30 18:30:00,716.4000244140625,732.75,715.0,727.7000122070312,699.9819946289062,15214913.0,689.1124221925735,704.8396289134694,687.7657245624437
2021-12-01 18:30:00,724.5999755859375,727.0999755859375,715.2000122070312,722.4000244140625,694.8839721679688,21924640.0,697.0001277012248,699.4049032711439,687.9582067845334
2021-12-02 18:30:00,720.5,729.5,715.0999755859375,716.2999877929688,689.0162353515625,20130259.0,693.0562697626139,701.713461196151,687.8619314183568
2021-12-05 18:30:00,719.0,726.7999877929688,707.5,709.5499877929688,682.5233764648438,20129080.0,691.6134396741168,699.1163275557735,680.5514722801636
2021-12-06 18:30:00,717.0,740.9500122070312,712.0,734.6500244140625,706.6673583984375,30513303.0,689.6896197285159,712.7273809719758,684.880068684384
2021-12-07 18:30:00,747.9000244140625,758.7999877929688,744.0999755859375,753.4000244140625,724.7030639648438,33432411.0,719.4125586255235,729.8973430717961,715.7572534228193
2021-12-08 18:30:00,759.0499877929688,763.0,748.4000244140625,755.0,726.2421875,16007459.0,730.1379119955152,733.9374689569537,719.8936037821486
2021-12-09 18:30:00,756.5,759.7999877929688,751.0499877929688,758.0,729.1279296875,7627774.0,727.6850643912846,730.8593563008907,722.4426420729676
2021-12-12 18:30:00,763.0,769.7000122070312,752.5,754.0,725.2802734375,16855546.0,733.9374650302553,740.3822749580407,723.8374081720408
2021-12-13 18:30:00,751.0499877929688,764.3499755859375,746.2999877929688,758.6500244140625,729.7531127929688,17488089.0,722.4425608874742,735.2359533341739,717.8734879629149
2021-12-14 18:30:00,757.5999755859375,759.5,750.9000244140625,752.25,723.5968017578125,7358740.0,728.742996803963,730.5706492988483,722.2982467343023
2021-12-15 18:30:00,757.9000244140625,757.9000244140625,738.9500122070312,741.1500244140625,712.9197387695312,14123215.0,729.0317339540828,729.0317339540828,710.803524674866
2021-12-16 18:30:00,742.0,742.0,726.0499877929688,728.2999877929688,700.5591430664062,13227787.0,713.7373237235854,713.7373237235854,698.3948452518806
2021-12-19 18:30:00,718.0999755859375,720.2000122070312,698.2000122070312,709.9500122070312,682.9081420898438,16900016.0,690.7476748083334,692.7677214067882,671.605697507005
2021-12-20 18:30:00,720.0,728.9500122070312,716.1500244140625,720.3499755859375,692.9119262695312,14563335.0,692.5752812141857,701.18438846579,688.8719507640491
2021-12-21 18:30:00,726.25,734.9500122070312,720.0499877929688,732.7999877929688,704.8877563476562,9843359.0,698.5872565163235,706.9558866841286,692.623401758213
2021-12-22 18:30:00,739.0499877929688,739.5,727.9500122070312,731.2999877929688,703.4448852539062,9994049.0,710.8996889619862,711.3325602742,700.2225097158387
2021-12-23 18:30:00,733.9000244140625,733.9000244140625,719.5999755859375,727.0999755859375,699.4048461914062,8800690.0,705.945882176033,705.945882176033,692.1905200704235
2021-12-26 18:30:00,724.0,738.75,716.0999755859375,736.0,707.9658203125,7955163.0,696.422899329144,710.6110730378524,688.8237861976352
2021-12-27 18:30:00,740.4000244140625,742.4500122070312,732.5,735.7999877929688,707.7734375,17833655.0,712.1982591715838,714.1701631280035,704.599145922552
2021-12-28 18:30:00,738.0,744.9500122070312,731.9000244140625,735.7000122070312,707.6773681640625,7143073.0,709.8897499516539,716.5750377942154,704.0221210310409
2021-12-29 18:30:00,733.2999877929688,740.5,729.0,735.7000122070312,707.6773681640625,14326182.0,705.3687601272377,712.2945255273709,701.2325578790727
2021-12-30 18:30:00,736.5499877929688,746.25,736.5499877929688,740.1500244140625,711.957763671875,6973055.0,708.4948521845454,717.8253916302137,708.4948521845454
2022-01-02 18:30:00,743.0499877929688,766.0,743.0,764.7000122070312,735.5726928710938,9653095.0,714.747314938884,736.8231643060474,714.6992311741425
2022-01-03 18:30:00,767.9500122070312,778.0,763.5999755859375,772.8499755859375,743.4122314453125,12114437.0,738.6989069650325,748.3660921719735,734.5145626116483
2022-01-04 18:30:00,773.0,795.8499755859375,771.2000122070312,788.0499877929688,758.0332641601562,19741360.0,743.5565284847644,765.5361514118554,741.8251019975007
2022-01-05 18:30:00,775.0499877929688,792.5,774.0,785.0499877929688,755.1474609375,13018067.0,745.5283605912855,762.3137024374956,744.5183667969989
2022-01-06 18:30:00,792.2000122070312,802.2999877929688,786.25,793.25,763.0352172851562,12250210.0,762.0252233819042,771.7404922956018,756.301846316362
2022-01-09 18:30:00,800.25,812.7999877929688,799.0,810.75,779.86865234375,10905080.0,769.768595791657,781.8405564047105,768.566208106884
2022-01-10 18:30:00,809.75,814.7000122070312,801.9000244140625,810.6500244140625,779.7724609375,9982061.0,778.9067183468369,783.6681851748152,771.3557474017979
2022-01-11 18:30:00,818.5999755859375,825.4500122070312,812.0499877929688,823.75,792.37353515625,13034848.0,787.4196740926849,794.0087942546344,781.1191739618869
2022-01-12 18:30:00,821.0,828.0,817.4000244140625,824.7000122070312,793.287353515625,9372244.0,789.7282740343039,796.4616454328911,786.2654207991662
2022-01-13 18:30:00,821.0,822.0,811.5999755859375,820.0,788.7662963867188,7552844.0,789.7282065042635,790.6901166218083,780.6862279152089
2022-01-16 18:30:00,820.0,828.9000244140625,814.5499877929688,819.2999877929688,788.0929565429688,6722700.0,788.76630537499,797.3273290028282,783.5238834325648
2022-01-17 18:30:00,821.0,836.0,818.2000122070312,823.0999755859375,791.7482299804688,10835146.0,789.7282421266426,804.1568945406494,787.0349054180954
2022-01-18 18:30:00,816.0,821.0,803.25,808.5999755859375,777.8004760742188,16416144.0,784.9186342315298,789.7281846863799,772.6542805716622
2022-01-19 18:30:00,803.0,812.9500122070312,795.4000244140625,810.25,779.3876342773438,13567654.0,772.4137862693083,781.9848032086095,765.1032932208796
2022-01-20 18:30:00,803.0,811.3499755859375,795.5,804.5,773.8566284179688,12078277.0,772.4137633556605,780.4456887183776,765.1994380441195
2022-01-23 18:30:00,813.0,816.7000122070312,783.2999877929688,798.4500122070312,768.0371704101562,29612316.0,782.032951339666,785.5920306339557,753.4642081648951
2022-01-24 18:30:00,789.0,804.2999877929688,786.0499877929688,801.6500244140625,771.1152954101562,19513184.0,758.9471085257047,773.6643220820446,756.1094618404804
2022-01-26 18:30:00,786.9000244140625,801.5,781.0499877929688,794.6500244140625,764.3818969726562,23984679.0,756.9270935755179,770.9709577814772,751.2998841721226
2022-01-27 18:30:00,803.75,805.8499755859375,778.5,781.1500244140625,751.3961181640625,14072314.0,773.1352635204412,775.1552513002487,748.8470328468596
2022-01-30 18:30:00,788.9500122070312,798.7000122070312,784.0,788.7999877929688,758.7546997070312,14824509.0,758.8990097108374,768.2776334895249,754.1375428195905
2022-01-31 18:30:00,802.0499877929688,812.8499755859375,789.2999877929688,810.2999877929688,779.435791015625,20031583.0,771.5000321945082,781.8886501819028,759.2356776527822
2022-02-01 18:30:00,815.0,818.7000122070312,808.8499755859375,813.75,782.75439453125,11214375.0,783.956782234063,787.5158615764568,778.0410112520883
2022-02-02 18:30:00,814.0499877929688,818.4000244140625,806.0,808.9500122070312,778.13720703125,9755335.0,783.0429251825383,787.227269450717,775.2995604216349
2022-02-03 18:30:00,809.7999877929688,812.0,795.7999877929688,805.0499877929688,774.3858032226562,10314067.0,778.9548767225414,781.071090927714,765.4881337755118
2022-02-06 18:30:00,798.0499877929688,805.0,781.4500122070312,786.4000244140625,756.4461059570312,14659368.0,767.6523230970698,774.3376098559046,751.6846393469069
2022-02-07 18:30:00,790.0,795.7000122070312,774.2999877929688,792.5,762.3137817382812,14642455.0,759.9090064015675,765.3919059113421,744.8070055449376
2022-02-08 18:30:00,797.25,804.25,794.2000122070312,802.7999877929688,772.221435546875,8855292.0,766.8828461025273,773.6162169682755,763.9490319673754
2022-02-09 18:30:00,805.9500122070312,808.7999877929688,796.2999877929688,805.5,774.8186645507812,13159771.0,775.2515358819836,777.9929564623666,765.9690789864078
2022-02-10 18:30:00,796.8499755859375,797.4000244140625,787.9000244140625,790.7999877929688,760.6785278320312,13138408.0,766.4980724435595,767.0271699894278,757.8890236490712
2022-02-13 18:30:00,772.0,773.9500122070312,751.1500244140625,753.7000122070312,724.9916381835938,16170656.0,742.5945808847806,744.4703172806362,722.5387792245511
2022-02-14 18:30:00,752.9500122070312,778.0,743.2000122070312,776.0499877929688,746.4903564453125,18880659.0,724.2702555751805,748.3660929705321,714.8916316594186
2022-02-15 18:30:00,775.7000122070312,777.5499877929688,760.4000244140625,764.0499877929688,734.9473876953125,10549784.0,746.153663654343,747.9331738250221,731.4364511160719
2022-02-16 18:30:00,766.5,767.25,746.2999877929688,750.3499755859375,721.769287109375,16683808.0,737.3041601518302,738.0255927938574,717.8735625844956
2022-02-17 18:30:00,746.8499755859375,756.7999877929688,745.5499877929688,748.9000244140625,720.3745727539062,8945567.0,718.4026098742941,727.973628112869,717.1521383555117
2022-02-20 18:30:00,746.25,762.9000244140625,740.0,754.4500122070312,725.713134765625,10967164.0,717.8254596809992,733.8412873911825,711.8135211577078
2022-02-21 18:30:00,738.4000244140625,759.75,737.75,751.2999877929688,722.6830444335938,13156371.0,710.27443940335,730.8111964986796,709.6491743559077
2022-02-22 18:30:00,754.5999755859375,756.4000244140625,742.7000122070312,744.5999755859375,716.23828125,11624282.0,725.857382844603,727.588868099901,714.4106871732275
2022-02-23 18:30:00,712.9000244140625,727.0999755859375,702.2999877929688,707.4000244140625,680.455322265625,28023104.0,685.7458285467928,699.4049068862624,675.5495448514281
2022-02-24 18:30:00,724.9500122070312,739.2999877929688,720.25,730.0499877929688,702.242431640625,16935750.0,697.3367137902575,711.1400997473162,692.8157247399265
2022-02-27 18:30:00,722.9500122070312,744.75,715.4000244140625,742.7000122070312,714.41064453125,20547432.0,695.4129200158517,716.3825484983767,688.1505104874749
2022-03-01 18:30:00,717.0,724.9500122070312,707.75,714.8499755859375,687.6214599609375,25252492.0,689.6895903058222,697.3367878818245,680.7919212537596
2022-03-02 18:30:00,717.5999755859375,721.9500122070312,693.4500122070312,698.2999877929688,671.7018432617188,23190595.0,690.2666973388883,694.4510417005139,667.0366025373921
2022-03-03 18:30:00,691.0,706.5499877929688,685.0,688.0499877929688,661.8422241210938,18697223.0,664.6798706219661,679.6375607441131,658.9084100955814
2022-03-06 18:30:00,663.5,667.0,642.1500244140625,653.75,628.8487548828125,27799873.0,638.2273787606059,641.5940642551984,617.690620727726
2022-03-07 18:30:00,643.2999877929688,669.4500122070312,643.0,665.0,639.6702270507812,26716975.0,618.7967657944257,643.950738808451,618.5082045017328
2022-03-08 18:30:00,664.7000122070312,674.5,658.0,667.4500122070312,642.0269165039062,33728639.0,639.3816636938155,648.8083710567993,632.9368541962549
2022-03-09 18:30:00,693.9500122070312,701.0,673.6500244140625,676.5999755859375,650.828369140625,35959638.0,667.5175450881378,674.2989997486787,647.9907812312059
2022-03-10 18:30:00,674.6500244140625,684.7000122070312,670.5999755859375,677.9000244140625,652.0789184570312,20546724.0,648.9527104489741,658.6198957779757,645.0569273475875
2022-03-13 18:30:00,678.0999755859375,698.4500122070312,677.25,696.1500244140625,669.6337890625,24648981.0,652.271263506728,671.8461707138538,651.4536633454682
2022-03-14 18:30:00,701.5,708.0999755859375,688.0,697.3499755859375,670.7880249023438,27714580.0,674.779975540424,681.1285590962989,661.7941884131315
2022-03-15 18:30:00,706.9000244140625,711.4000244140625,701.25,708.0,681.0324096679688,14621688.0,679.9743319506425,684.3029277748034,674.5395159317275
2022-03-16 18:30:00,717.7999877929688,725.0,716.2000122070312,720.0999755859375,692.6714477539062,18329844.0,690.4590662396927,697.3848307840285,688.9200335455442
2022-03-20 18:30:00,721.0,722.9000244140625,705.5,710.75,683.6776733398438,12866839.0,693.5372528709495,695.3649057315828,678.6276447995212
2022-03-21 18:30:00,708.6500244140625,721.0,699.5,718.2000122070312,690.8438720703125,11761758.0,681.657642004896,693.5372087115915,672.8561407680419
2022-03-22 18:30:00,725.0,726.7999877929688,714.25,718.2999877929688,690.9401245117188,7140403.0,697.3849349631015,699.1163616802517,687.0443997205451
2022-03-23 18:30:00,702.4500122070312,712.7000122070312,698.0,704.2000122070312,677.377197265625,17727969.0,675.6938543592543,685.5534342394253,671.4133420838435
2022-03-24 18:30:00,705.0,706.0999755859375,696.6500244140625,699.25,672.6156616210938,15263007.0,678.1466448950605,679.2047225589896,670.1147187552602
2022-03-27 18:30:00,702.0,713.4000244140625,695.6500244140625,710.3499755859375,683.2929077148438,13806166.0,675.2609807864912,686.2267808816904,669.15287431622
2022-03-28 18:30:00,714.2999877929688,716.9500122070312,705.8499755859375,715.2999877929688,688.0543212890625,11489374.0,687.0924111352373,689.6414965270086,678.9642585933475
2022-03-29 18:30:00,721.0499877929688,731.75,719.0999755859375,730.9000244140625,703.0601806640625,20154520.0,693.5853300756726,703.8777808406234,691.7095934649486
2022-03-30 18:30:00,739.9000244140625,739.9000244140625,727.7999877929688,730.2999877929688,702.48291015625,16046383.0,711.7172820252309,711.7172820252309,700.0781349888588
2022-03-31 18:30:00,725.0,738.2999877929688,723.0999755859375,736.25,708.2063598632812,12658848.0,697.3848704935536,710.1782639619197,695.5572176936425
2022-04-03 18:30:00,742.0,749.7999877929688,725.0,746.5999755859375,718.1620483398438,17192197.0,713.7372854184179,721.2401723640381,697.3848139196131
2022-04-04 18:30:00,746.7999877929688,755.4500122070312,738.0,741.7999877929688,713.5449829101562,12290391.0,718.3545339660488,726.6750807768791,709.8897358497459
2022-04-05 18:30:00,732.2999877929688,744.9000244140625,732.0999755859375,741.5999755859375,713.3526000976562,13518142.0,704.4068467381728,716.5269508116409,704.21445295091
2022-04-06 18:30:00,737.0999755859375,757.7999877929688,737.0999755859375,748.5499877929688,720.0377807617188,15087175.0,709.0238985712276,728.9354490279135,709.0238985712276
2022-04-07 18:30:00,749.8499755859375,756.0,743.5999755859375,754.2999877929688,725.56884765625,15480705.0,721.2883355505039,727.2041067282622,715.2763968374726
2022-04-10 18:30:00,752.2999877929688,765.4500122070312,751.6500244140625,759.5999755859375,730.6669311523438,13216391.0,723.6449987542765,736.2941407922153,723.0197923789597
2022-04-11 18:30:00,757.0,768.9000244140625,750.25,763.8499755859375,734.7550048828125,14020000.0,728.1659441955593,739.6126978460428,721.673051033974
2022-04-12 18:30:00,769.5999755859375,772.5499877929688,760.7000122070312,762.25,733.2160034179688,16119956.0,740.2860194551491,743.1236661071316,731.7250544446566
2022-04-17 18:30:00,751.0,762.9000244140625,749.2000122070312,757.7999877929688,728.9354858398438,17651530.0,722.3945086883281,733.8412627362319,720.6630821938585
2022-04-18 18:30:00,761.7999877929688,777.9000244140625,757.0,766.2999877929688,737.1117553710938,31088359.0,732.7831595835312,748.2699486274579,728.166002485532
2022-04-19 18:30:00,766.7999877929688,770.0,753.7999877929688,755.5499877929688,726.771240234375,15984202.0,737.5927299898312,740.6708543734512,725.0878973835263
2022-04-20 18:30:00,759.0499877929688,764.2000122070312,751.2000122070312,762.3499755859375,733.3121337890625,8953098.0,730.1378422334291,735.0917026821545,722.5868715093972
2022-04-21 18:30:00,757.0,758.8499755859375,745.9000244140625,747.6500244140625,719.172119140625,14411607.0,728.16595520894,729.9454654330449,717.4887764436427
2022-04-24 18:30:00,747.6500244140625,762.2000122070312,744.0,752.2000122070312,723.5487670898438,35417460.0,719.1720880092134,733.167867799067,715.6610927662143
2022-04-25 18:30:00,768.0,768.5499877929688,751.6500244140625,753.75,725.039794921875,18727514.0,738.7470149253732,739.2760537799318,723.0198070370735
2022-04-26 18:30:00,749.0,750.0,732.5499877929688,736.7000122070312,708.6392211914062,21441480.0,720.4707043268018,721.432614479441,704.6472705738188
2022-04-27 18:30:00,739.0999755859375,751.9000244140625,734.6500244140625,747.1500244140625,718.691162109375,18649559.0,710.947738756268,723.2602351314856,706.6672857353999
2022-04-28 18:30:00,750.0999755859375,759.9500122070312,740.0999755859375,743.2999877929688,714.98779296875,19560317.0,721.5287701571733,731.0036202312174,711.909668788805
2022-05-01 18:30:00,732.0,743.7999877929688,731.0999755859375,741.0,712.7754516601562,10903446.0,704.1182599395875,715.4687884533765,703.2525172833952
2022-05-03 18:30:00,746.2000122070312,747.0,721.1500244140625,724.25,696.6634521484375,12212165.0,717.7773924713242,718.546908877988,693.6815540562385
2022-05-04 18:30:00,730.7999877929688,743.0,726.5,728.7999877929688,701.0401000976562,9121547.0,702.9639203826171,714.6992358629452,698.8277185120185
2022-05-05 18:30:00,716.25,723.0,710.2999877929688,719.25,691.8538818359375,12455025.0,688.968151359041,695.4610449320581,683.2447741711288
2022-05-08 18:30:00,705.2999877929688,720.0,704.4500122070312,710.3499755859375,683.2929077148438,13055889.0,678.4352728002569,692.5753649092218,677.617672589709
2022-05-09 18:30:00,705.0,720.0,705.0,711.2999877929688,684.2067260742188,12797419.0,678.1467034450756,692.5753567098644,678.1467034450756
2022-05-10 18:30:00,718.0,719.7999877929688,707.1500244140625,714.2000122070312,686.9962158203125,13516852.0,690.6514625149543,692.3828889797495,680.2147612521699
2022-05-11 18:30:00,707.5499877929688,710.7000122070312,693.2999877929688,695.7999877929688,669.2969970703125,16685166.0,680.5994400906422,683.6294802142668,666.8922219596041
2022-05-12 18:30:00,702.4000244140625,702.4000244140625,675.0,677.3499755859375,651.5498046875,15717043.0,675.6457004720367,675.6457004720367,649.289339360527
2022-05-15 18:30:00,676.7000122070312,690.9500122070312,675.75,683.0,656.9846801757812,9025623.0,650.9246575326262,664.6318781658691,650.0108310816752
2022-05-16 18:30:00,686.0999755859375,712.0,685.1500244140625,710.0,682.9561767578125,12765052.0,659.9665016898597,684.8799969740317,659.0527340554225
2022-05-17 18:30:00,712.3499755859375,717.0,706.0999755859375,707.3499755859375,680.4071044921875,11835013.0,685.2166551246631,689.6895606969994,679.2047168340687
2022-05-18 18:30:00,693.0999755859375,698.7000122070312,685.5999755859375,690.2999877929688,664.0066528320312,16661023.0,666.6999898670267,672.0867226473617,659.4856627856045
2022-05-19 18:30:00,694.7999877929688,711.9000244140625,693.7000122070312,709.5499877929688,682.5233764648438,11695528.0,668.3352008943386,684.7839006802468,667.2771231494877
2022-05-22 18:30:00,709.5499877929688,725.9500122070312,707.4500122070312,711.0499877929688,683.9662475585938,17438451.0,682.5233822341426,698.2987332656113,680.5033942640471
2022-05-23 18:30:00,711.0499877929688,717.3499755859375,706.0499877929688,708.1500244140625,681.1766357421875,13779981.0,683.9661397033761,690.0261613683929,679.1565893802945
2022-05-24 18:30:00,712.0499877929688,720.8499755859375,711.5999755859375,713.3499755859375,686.1786499023438,10457589.0,684.9281783257012,693.3929767410605,684.4953069733098
2022-05-25 18:30:00,723.0,733.0,715.4500122070312,728.5,700.7515258789062,14028733.0,695.4610201927924,705.0801214402721,688.198610493012
2022-05-26 18:30:00,733.5499877929688,741.2000122070312,731.25,739.7999877929688,711.6211547851562,8110620.0,705.6092160303642,712.9678525503654,703.3968343106686
2022-05-29 18:30:00,748.75,751.9500122070312,744.2999877929688,748.5,719.9898071289062,7628515.0,720.2302846863976,723.3084091643542,715.9497724209845
2022-05-30 18:30:00,741.0,756.7000122070312,740.5,752.8499755859375,724.1740112304688,20272212.0,712.7753997788676,727.8774004231318,712.2944447182881
2022-05-31 18:30:00,748.0,755.5999755859375,744.2000122070312,752.6500244140625,723.981689453125,10102092.0,719.5087838235635,726.8192773943211,715.8535370381848
2022-06-01 18:30:00,751.0499877929688,751.75,743.2000122070312,749.75,721.192138671875,10949759.0,722.4426101312393,723.11595898177,714.8916388990363
2022-06-02 18:30:00,756.1500244140625,757.0,741.2000122070312,744.2999877929688,715.94970703125,8563791.0,727.3483774414684,728.1659775781285,712.9678090748398
2022-06-05 18:30:00,740.2000122070312,750.9500122070312,739.5999755859375,746.75,718.306396484375,9107831.0,712.0058968143595,722.346430811289,711.4287155046086
2022-06-06 18:30:00,741.0,742.9500122070312,732.3499755859375,735.25,707.2444458007812,9938912.0,712.7754292259489,714.6511657817688,704.4548828500401
2022-06-07 18:30:00,736.5999755859375,741.0,726.4500122070312,729.5,701.7135009765625,9369224.0,708.5430400104985,712.7754684354117,698.779686566501
2022-06-08 18:30:00,725.0,734.0999755859375,722.1500244140625,732.75,704.8396606445312,7444368.0,697.3848570007303,706.1382158596396,694.6434365642413
2022-06-09 18:30:00,724.75,728.2999877929688,718.0,720.0,692.5753173828125,7990818.0,697.144390657213,700.559159993908,690.6514970567491
2022-06-12 18:30:00,702.25,702.2999877929688,682.0999755859375,688.0,661.794189453125,16622521.0,675.501409220141,675.5494929860281,656.118896030366
2022-06-13 18:30:00,682.4000244140625,694.6500244140625,680.6500244140625,685.5,659.3894653320312,13348598.0,656.4075670911068,668.1909674562671,654.7242241817981
2022-06-14 18:30:00,687.5,696.3499755859375,686.0999755859375,687.25,661.07275390625,9199591.0,661.3132314449573,669.8261128310595,659.966533744062
2022-06-15 18:30:00,700.0,700.0499877929688,676.2999877929688,678.5,652.6560668945312,13237239.0,673.3371360739453,673.3852198415971,650.5398527248025
2022-06-16 18:30:00,671.25,692.6500244140625,669.9500122070312,686.8499755859375,660.68798828125,16335613.0,645.6822128521729,666.2671143326384,644.4317413514729
2022-06-19 18:30:00,686.0,687.7999877929688,677.5999755859375,685.9500122070312,659.822265625,10981042.0,659.8703493894483,661.6017758819308,651.7902808107496
2022-06-20 18:30:00,690.5499877929688,708.0,688.5999755859375,696.0999755859375,669.5856323242188,13319648.0,664.2470427306498,681.0323866000778,662.3713061949807
2022-06-21 18:30:00,694.25,698.9000244140625,685.0999755859375,686.5999755859375,660.447509765625,6838249.0,667.8061461675592,672.2790520134938,659.0046444876252
2022-06-22 18:30:00,690.2000122070312,706.0,687.0,699.1500244140625,672.51953125,14960412.0,663.910423327564,679.1085925519565,660.8322989846943
2022-06-23 18:30:00,710.9000244140625,715.25,706.5499877929688,713.4500122070312,686.2747802734375,10856736.0,683.8219212330318,688.0062067307631,679.6375770249666
2022-06-26 18:30:00,728.8499755859375,728.8499755859375,716.0999755859375,717.3499755859375,690.0262451171875,8285225.0,701.0882122028712,701.0882122028712,688.8238573904828
2022-06-27 18:30:00,711.0499877929688,717.2999877929688,707.0,710.2999877929688,683.2447509765625,8339931.0,683.9661835712957,689.9781218607387,680.0704593018035
2022-06-28 18:30:00,704.9500122070312,706.7000122070312,700.9500122070312,702.75,675.9822998046875,9570557.0,678.0985136948439,679.7818563126428,674.2508734255891
2022-06-29 18:30:00,702.75,711.9000244140625,701.2000122070312,707.2000122070312,680.2628173828125,11970404.0,675.982305803216,684.7838064813714,674.4913569277157
2022-06-30 18:30:00,703.4500122070312,706.75,694.0999755859375,703.9000244140625,677.088623046875,9884899.0,676.6557517085529,679.830043672348,667.6618559824033
2022-07-03 18:30:00,704.8499755859375,721.0999755859375,704.8499755859375,720.0999755859375,692.6714477539062,8303732.0,678.002318554656,693.6333578653325,678.002318554656
2022-07-04 18:30:00,723.0499877929688,732.1500244140625,718.0999755859375,719.4500122070312,692.0462646484375,11460367.0,695.5091176817302,704.2625352158726,690.7476507282008
2022-07-05 18:30:00,723.0,731.9000244140625,722.0,725.9500122070312,698.2986450195312,12163533.0,695.4609984979778,704.0220218253087,694.4990884032364
2022-07-06 18:30:00,735.9500122070312,744.0,733.0,742.0,713.7373657226562,10374018.0,707.9178207765542,715.6611861154397,705.0801739551308
2022-07-07 18:30:00,751.2999877929688,757.5,744.5499877929688,755.7000122070312,726.91552734375,9797700.0,722.6830991108424,728.6469539079985,716.1902054621572
2022-07-10 18:30:00,755.0,771.5499877929688,755.0,769.5,740.18994140625,12440573.0,726.2422427052876,742.161845687421,726.2422427052876
2022-07-11 18:30:00,765.3499755859375,767.4500122070312,757.7000122070312,759.9000244140625,730.95556640625,10219829.0,736.1979298984686,738.217976494768,728.8393522764621
2022-07-12 18:30:00,764.75,764.75,749.9000244140625,753.2000122070312,724.5106811523438,8674121.0,735.6207307906395,735.6207307906395,721.3363896428781
2022-07-13 18:30:00,750.0,759.5,748.7999877929688,752.4000244140625,723.7411499023438,7044542.0,721.4325422829062,730.5706878184897,720.2782384731875
2022-07-14 18:30:00,753.25,759.0,744.2000122070312,751.2000122070312,722.5869750976562,6358018.0,724.5588793232117,730.0898631348393,715.8536035008922
2022-07-17 18:30:00,759.25,773.1500244140625,757.8499755859375,772.0,742.5946044921875,8045363.0,730.3302505967531,743.7008246021837,728.9835529593954
2022-07-18 18:30:00,767.7999877929688,782.0,767.1500244140625,780.6500244140625,750.9151611328125,12825591.0,738.5545808239427,752.2137163149513,737.9293744700864
2022-07-19 18:30:00,789.5,789.5499877929688,780.2999877929688,783.0999755859375,753.2717895507812,8152179.0,759.4280377870839,759.4761215508933,750.5784529637742
2022-07-20 18:30:00,784.9000244140625,788.9500122070312,780.0999755859375,786.0,756.0613403320312,8312338.0,755.0032627037406,758.8989868755986,750.3860472448966
2022-07-21 18:30:00,789.0999755859375,803.9000244140625,789.0999755859375,800.0499877929688,769.5762939453125,12267898.0,759.0433648264839,773.279683682982,759.0433648264839
2022-07-24 18:30:00,803.0,817.7999877929688,797.0999755859375,800.9000244140625,770.393798828125,21034148.0,772.4137864917292,786.6500437908554,766.7384935925267
2022-07-25 18:30:00,801.5999755859375,802.7999877929688,791.6500244140625,796.2999877929688,765.968994140625,7374145.0,771.0671058836498,772.2214097355484,761.4961474412256
2022-07-26 18:30:00,795.0,803.7999877929688,794.6500244140625,800.5,770.0090942382812,9536564.0,764.718588281616,773.1833860702128,764.3819432048724
2022-07-27 18:30:00,806.9500122070312,815.5,805.2999877929688,814.5999755859375,783.5719604492188,11124518.0,776.2133832557163,784.4377030415528,774.6262080732151
2022-07-28 18:30:00,820.6500244140625,823.4000244140625,808.0,818.5999755859375,787.4196166992188,11095993.0,789.3915794534339,792.0368323370208,777.2233927048
2022-07-31 18:30:00,820.7000122070312,825.0,817.2999877929688,823.4000244140625,792.0368041992188,7974903.0,789.4396351728058,793.5758368835868,786.1691173306066
2022-08-01 18:30:00,820.0,822.0,812.2000122070312,817.75,786.60205078125,11106772.0,788.7663486892387,790.6901690518954,781.2634610169454
2022-08-02 18:30:00,817.75,828.0,811.5499877929688,824.7999877929688,793.3834838867188,11073975.0,786.6020290378756,796.4616081239511,780.638174336426
2022-08-03 18:30:00,824.0,829.9500122070312,808.3499755859375,820.25,789.0067749023438,11113742.0,792.6139378476455,798.3373147962578,777.560021005119
2022-08-04 18:30:00,823.0999755859375,840.9000244140625,823.0999755859375,838.2000122070312,806.273193359375,16056522.0,791.7483131768087,808.8703628088723,791.7483131768087
2022-08-07 18:30:00,836.5999755859375,842.2999877929688,831.1500244140625,836.9500122070312,809.9019165039062,12142951.0,809.5631921761261,815.0789944859878,804.2893695647675
2022-08-09 18:30:00,842.1500244140625,853.0,842.1500244140625,848.75,821.3204956054688,23658553.0,814.9338149348046,825.4331460989276,814.9338149348046
2022-08-10 18:30:00,860.0499877929688,866.5,858.0999755859375,859.7000122070312,831.9166259765625,22787391.0,832.2552912138466,838.4968549181506,830.3682985968268
2022-08-11 18:30:00,863.9500122070312,877.25,858.5,874.4000244140625,846.1416015625,10792853.0,836.0293076257171,848.899473062235,830.7554261885765
2022-08-15 18:30:00,881.4500122070312,884.5,876.4000244140625,879.25,850.8348999023438,13804836.0,852.9638133694502,855.9152333962162,848.0770282021615
2022-08-16 18:30:00,881.7999877929688,885.5,878.4000244140625,883.25,854.7056274414062,9058040.0,853.3024759064973,856.8829132175096,850.0123906157576
2022-08-17 18:30:00,880.5499877929688,887.6500244140625,875.0499877929688,885.0999755859375,856.4957275390625,13137856.0,852.0927841286835,858.9633650789451,846.7705305625299
2022-08-18 18:30:00,885.0,886.9000244140625,864.2999877929688,870.4000244140625,842.2708740234375,10787199.0,856.3990149386066,858.237635318903,836.3679753190374
2022-08-21 18:30:00,865.5499877929688,867.4000244140625,849.5999755859375,852.25,824.7073974609375,13848023.0,837.577562692972,839.3678107269875,822.1430152518094
2022-08-22 18:30:00,845.3499755859375,868.0,842.7999877929688,863.9000244140625,835.98095703125,13254855.0,818.0303989411165,839.9484317589669,815.5628203147241
2022-08-23 18:30:00,857.0499877929688,875.3499755859375,857.0499877929688,873.2999877929688,845.0771484375,10494109.0,829.3523071984492,847.0608858274338,829.3523071984492
2022-08-24 18:30:00,873.2999877929688,881.4500122070312,866.7000122070312,872.3499755859375,844.1578369140625,9827829.0,845.0771471360761,852.9637834319626,838.6904660215745
2022-08-25 18:30:00,874.1500244140625,877.5,867.2999877929688,870.8499755859375,842.706298828125,5976725.0,845.8996983939115,849.1414112105084,839.2710376950179
2022-08-28 18:30:00,850.0499877929688,861.0,847.0,855.8499755859375,828.1911010742188,7755134.0,822.578553999964,833.1746899177208,819.6271339840993
2022-08-29 18:30:00,860.5,890.75,859.0999755859375,887.2999877929688,858.6246948242188,12544701.0,832.6908149001724,861.9632113565701,831.3360357366329
2022-08-31 18:30:00,863.0,885.7000122070312,863.0,874.3499755859375,846.0931396484375,15877583.0,835.109967295738,857.0763710637874,835.109967295738
2022-09-01 18:30:00,874.0999755859375,881.2999877929688,867.0,872.4000244140625,844.206298828125,8401284.0,845.8513119492113,852.8186382751104,838.9807893180364
2022-09-04 18:30:00,871.5499877929688,885.9000244140625,871.5499877929688,882.4500122070312,853.9314575195312,8744999.0,843.3836943531853,857.2699740492576,843.3836943531853
2022-09-05 18:30:00,882.5,889.9500122070312,878.0999755859375,883.6500244140625,855.0927124023438,9879326.0,853.9798538402657,861.1891006795504,849.7220269779261
2022-09-06 18:30:00,878.5499877929688,882.6500244140625,872.5,876.2000122070312,847.8834838867188,8814960.0,850.1575143125283,854.1250483069637,844.303046547282
2022-09-07 18:30:00,885.5,900.7999877929688,885.5,898.7999877929688,869.7530517578125,12163106.0,856.8828858383836,871.6884168302877,856.8828858383836
2022-09-08 18:30:00,910.1500244140625,911.9500122070312,897.7000122070312,901.25,872.1239013671875,9936230.0,880.7362997186498,882.4781165024692,868.688640114694
2022-09-11 18:30:00,905.0499877929688,908.9000244140625,902.7999877929688,907.2000122070312,877.881591796875,6016978.0,875.8010507589318,879.5266638893588,873.623765094288
2022-09-12 18:30:00,913.9500122070312,913.9500122070312,905.2999877929688,910.0,880.5911254882812,10400475.0,884.4134833949648,884.4134833949648,876.0430056649864
2022-09-13 18:30:00,898.25,922.25,898.0499877929688,918.0999755859375,888.4292602539062,14712947.0,869.2207866727828,892.4451661664057,869.0272383644723
2022-09-14 18:30:00,920.0,936.6500244140625,915.75,917.5999755859375,887.9454956054688,16253099.0,890.2679573802188,906.3798956687386,886.1553064901472
2022-09-15 18:30:00,914.9000244140625,917.5999755859375,905.2000122070312,909.0999755859375,879.7201538085938,11966860.0,885.3327596651574,887.9454552145844,875.9462274246139
2022-09-18 18:30:00,904.9500122070312,912.5,895.3499755859375,899.2000122070312,870.1400756835938,11235656.0,875.7042498019863,883.0102405275197,866.4144627928192
2022-09-19 18:30:00,909.2000122070312,922.5,907.3499755859375,916.75,887.1229248046875,12090663.0,879.8169338004462,892.6870991353413,878.0266857521228
2022-09-20 18:30:00,912.0,917.0,905.6500244140625,915.25,885.6714477539062,8917640.0,882.5264794881863,887.3648922046785,876.3817189633032
2022-09-21 18:30:00,906.0,911.7000122070312,895.2999877929688,903.4000244140625,874.2044067382812,11125669.0,876.7203576495209,882.2361597916347,866.3661429375974
2022-09-22 18:30:00,901.7000122070312,904.9000244140625,878.75,882.25,853.7379150390625,15927517.0,872.559352125053,875.6559480442714,850.351026172373
2022-09-25 18:30:00,870.0,877.9000244140625,859.2000122070312,861.0499877929688,833.2229614257812,14208640.0,841.8837311623375,849.5284461393312,831.4327725190591
2022-09-26 18:30:00,864.9500122070312,874.8499755859375,848.5999755859375,852.5499877929688,824.9977416992188,12493809.0,836.9970288789647,846.577050634224,821.175383834994
2022-09-27 18:30:00,844.0,863.25,844.0,849.5,822.0463256835938,11411458.0,816.724071662099,835.3519607373306,816.724071662099
2022-09-28 18:30:00,858.0,861.5999755859375,841.0999755859375,843.9000244140625,816.6273803710938,13803629.0,830.2716815832371,833.7553153634176,813.9178218057762
2022-09-29 18:30:00,843.9000244140625,867.0499877929688,837.5,862.0,834.142333984375,13175031.0,816.6273039608087,839.0291189080637,810.434112194796
2022-10-02 18:30:00,859.7000122070312,860.9500122070312,845.7000122070312,848.3499755859375,820.9334106445312,8232026.0,831.9166422617177,833.1262453651974,818.3690875027453
2022-10-03 18:30:00,865.0,872.6500244140625,860.0999755859375,867.6500244140625,839.6098022460938,8975095.0,837.0454198204252,844.4482150774257,832.3037516206572
2022-10-05 18:30:00,873.0499877929688,891.7000122070312,873.0499877929688,885.4500122070312,856.8345336914062,12116698.0,844.8352463345713,862.8825496852432,844.8352463345713
2022-10-06 18:30:00,877.2000122070312,884.5,872.7999877929688,882.5499877929688,854.0281982421875,9705750.0,848.851120372951,855.9151909732008,844.5932936497752
2022-10-09 18:30:00,872.0,889.7999877929688,870.7000122070312,881.75,853.254150390625,7357588.0,843.8192448433513,861.0439836709703,842.5612692495802
2022-10-10 18:30:00,883.25,883.25,865.4500122070312,870.5999755859375,842.4644165039062,11130051.0,854.7056245622693,854.7056245622693,837.4808867374292
2022-10-11 18:30:00,867.9500122070312,871.7000122070312,861.5,868.3499755859375,840.287109375,14557532.0,839.9000717968735,843.5288813192437,833.6585076058656
2022-10-12 18:30:00,862.3499755859375,865.4500122070312,850.5,853.5999755859375,826.0137329101562,11563124.0,834.4809545241243,837.4808056192348,823.0139408776964
2022-10-13 18:30:00,883.7999877929688,883.7999877929688,868.5499877929688,870.25,842.125732421875,8199540.0,855.2378190572801,855.2378190572801,840.4806602874627
2022-10-16 18:30:00,872.0,887.5,868.5499877929688,885.2000122070312,856.5925903320312,8936947.0,843.819169079309,858.8182483462003,840.480652526728
2022-10-17 18:30:00,896.0499877929688,900.7000122070312,891.1500244140625,896.9000244140625,867.9144897460938,8097552.0,867.0919241532964,871.5916715685945,862.3503151667695
2022-10-18 18:30:00,900.0499877929688,900.6500244140625,885.5499877929688,892.0999755859375,863.26953125,5529462.0,870.9626189074545,871.5432638427761,856.93122271231
2022-10-19 18:30:00,889.7000122070312,893.2999877929688,880.0999755859375,888.6500244140625,859.9310913085938,8107159.0,860.9471461376742,864.4307795695652,851.6573585482091
2022-10-20 18:30:00,888.0,910.0,885.7000122070312,907.1500244140625,877.833251953125,17022807.0,859.3021074302151,880.591123605288,857.0764493698978
2022-10-23 18:30:00,925.0,933.5,917.5999755859375,926.2999877929688,896.3643798828125,4390050.0,895.1064043163051,903.3317064100225,887.9455294567113
2022-10-24 18:30:00,942.0499877929688,943.25,922.9500122070312,925.0499877929688,895.1547241210938,15838120.0,911.6053273434834,912.7665582070067,893.1226144069194
2022-10-26 18:30:00,926.0499877929688,933.7000122070312,920.25,924.4000244140625,894.5257568359375,16080842.0,896.1223975772693,903.5251925773455,890.509850700247
2022-10-27 18:30:00,918.0,927.5,901.0,907.8499755859375,878.5106201171875,9854094.0,888.3326220800642,897.5256067312196,871.8820179674705
2022-10-30 18:30:00,912.5999755859375,917.0499877929688,904.5999755859375,908.7000122070312,879.3331909179688,9000840.0,883.1071176224569,887.4133170073659,875.3656568181832
2022-10-31 18:30:00,921.0,921.0,899.5499877929688,908.5999755859375,879.236328125,9823761.0,891.2356151901904,891.2356151901904,870.4788129913081
2022-11-01 18:30:00,920.5999755859375,920.75,902.3499755859375,904.7000122070312,875.46240234375,7690974.0,890.8485192322834,890.9936952377803,873.1883129460064
2022-11-02 18:30:00,901.0499877929688,913.8499755859375,897.0499877929688,908.6500244140625,879.2847900390625,9022366.0,871.9303670762977,884.3166921482643,868.059636799892
2022-11-03 18:30:00,906.2999877929688,913.4000244140625,900.2000122070312,905.2999877929688,876.04296875,7099336.0,877.0106512647051,883.8812325567034,871.1078115500653
2022-11-06 18:30:00,910.25,920.0999755859375,903.4500122070312,917.5,887.8486938476562,11100219.0,880.8329957218846,890.364644722872,874.2527665336913
2022-11-08 18:30:00,920.0,921.9000244140625,905.75,910.5,881.074951171875,11590409.0,890.2679352862438,892.1065557341796,876.4784591146905
2022-11-09 18:30:00,907.5499877929688,912.9500122070312,903.9500122070312,910.7000122070312,881.2684936523438,10009741.0,878.2202700516638,883.4457793492138,874.7366365617335
2022-11-10 18:30:00,925.9000244140625,928.0,903.5,906.5499877929688,877.2526245117188,17921457.0,895.9773177319772,898.0094275096842,874.3012044773703
2022-11-13 18:30:00,905.0,906.5499877929688,891.25,894.9500122070312,866.0275268554688,12641308.0,875.7527248604484,877.2526210297223,862.4470895379831
2022-11-14 18:30:00,900.5499877929688,913.6500244140625,898.7999877929688,911.7000122070312,882.2362060546875,15176911.0,871.4465218331568,884.1231988683949,869.7530773449218
2022-11-15 18:30:00,912.5499877929688,918.0999755859375,908.0999755859375,913.5999755859375,884.0747680664062,13008311.0,883.0587131853342,888.4293396104207,878.7525139570553
2022-11-16 18:30:00,913.0,922.2999877929688,910.3499755859375,919.7999877929688,890.0744018554688,12584194.0,883.4941722971123,892.4936082418244,880.9297899025129
2022-11-17 18:30:00,919.7999877929688,922.0,910.5499877929688,920.3499755859375,890.6066284179688,10874061.0,890.0744148177511,892.2033282812789,881.1233510578792
2022-11-20 18:30:00,914.0499877929688,924.7999877929688,914.0499877929688,921.4000244140625,891.6226806640625,9245704.0,884.5101788391943,894.9127657321499,884.5101788391943
2022-11-21 18:30:00,923.75,926.5,920.4000244140625,923.7000122070312,893.848388671875,11256509.0,893.8967609871374,896.5578880157866,890.6550480500273
2022-11-22 18:30:00,927.0,931.8499755859375,923.7000122070312,927.4500122070312,897.4771728515625,10959704.0,897.0417039012154,901.7349405392831,893.8483633697614
2022-11-23 18:30:00,927.5499877929688,940.6500244140625,927.5499877929688,938.8499755859375,908.5087890625,10844395.0,897.5739874507686,910.2506649996778,897.5739874507686
2022-11-24 18:30:00,940.2999877929688,942.9000244140625,927.5,930.2999877929688,900.2350463867188,9815055.0,909.911871692526,912.4278817096287,897.5255471136236
2022-11-27 18:30:00,924.0,943.7999877929688,923.9500122070312,937.4000244140625,907.1055908203125,9381474.0,894.1386218139668,913.2987233260214,894.0902495019402
2022-11-28 18:30:00,933.5499877929688,949.9000244140625,933.5499877929688,946.75,916.1534423828125,13096845.0,903.3800210752162,919.201666001015,903.3800210752162
2022-11-29 18:30:00,948.0499877929688,958.2000122070312,941.0,952.9000244140625,922.1046752929688,20858573.0,917.4113797435194,927.2333807160768,910.5892299501535
2022-11-30 18:30:00,956.0,957.0,936.25,940.2000122070312,909.815185546875,15920653.0,925.1045587003108,926.0722412930936,905.9928274928515
2022-12-01 18:30:00,928.25,934.5,926.0999755859375,930.5999755859375,900.525390625,14228874.0,898.251360173674,904.2993763342832,896.1708189893614
2022-12-04 18:30:00,937.0,937.0,928.4000244140625,933.5999755859375,903.4284057617188,10984608.0,906.718550059355,906.718550059355,898.3965037479066
2022-12-05 18:30:00,925.0,929.75,920.2000122070312,922.6500244140625,892.8323364257812,18220912.0,895.1063668137049,899.7028589676131,890.4615023443921
2022-12-06 18:30:00,922.0,933.2000122070312,920.6500244140625,922.1500244140625,892.3484497070312,15675663.0,892.2032737055537,903.041329623835,890.8969259428682
2022-12-07 18:30:00,925.0,933.5499877929688,923.7999877929688,931.9000244140625,901.7833862304688,10136870.0,895.1063530529038,903.3800269902132,893.9451221877637
2022-12-08 18:30:00,932.0,934.7999877929688,925.0499877929688,929.9000244140625,899.8480224609375,9575331.0,901.8801321809183,904.5896314951109,895.1547266788406
2022-12-11 18:30:00,925.0499877929688,933.9000244140625,925.0499877929688,930.2999877929688,900.2350463867188,8493863.0,895.1547131011699,903.718738934402,895.1547131011699
2022-12-12 18:30:00,929.5,935.9000244140625,927.7999877929688,932.9500122070312,902.7994384765625,10415140.0,899.4609218974406,905.6541137851639,897.8158497651402
2022-12-13 18:30:00,936.0,936.0499877929688,920.0,921.75,891.9613647460938,12319827.0,905.7508406860252,905.7992129995994,890.2679203324179
2022-12-14 18:30:00,916.0,919.9000244140625,905.0,908.7999877929688,879.4298706054688,8929748.0,886.3971966272971,890.1711821157284,875.752688807537
2022-12-15 18:30:00,905.5,913.7000122070312,899.6500244140625,902.0,872.8496704101562,9157260.0,876.2365593751624,884.1715681914225,870.5756400158575
2022-12-18 18:30:00,908.0,910.5999755859375,901.1500244140625,906.4500122070312,877.1558227539062,7015083.0,878.6557188314514,881.1716697316784,872.0271172648877
2022-12-19 18:30:00,906.0,912.4500122070312,895.7000122070312,909.7000122070312,880.30078125,6384331.0,876.7203441907743,882.9619081225438,866.7532262625047
2022-12-20 18:30:00,910.25,915.8499755859375,887.0,892.25,863.4147338867188,11341147.0,880.8330193559941,886.2520178769291,858.3344006248467
2022-12-21 18:30:00,900.5,903.8499755859375,886.3499755859375,890.6500244140625,861.866455078125,9788367.0,871.3981042199335,874.6398170181222,857.7053730160692
2022-12-22 18:30:00,883.0499877929688,889.6500244140625,875.2999877929688,878.9000244140625,850.4962158203125,11059215.0,854.5120629604986,860.8988032205845,847.0125232068142
2022-12-25 18:30:00,881.0999755859375,897.0,875.25,893.2000122070312,864.3340454101562,6943159.0,852.6250513893447,868.0112272022727,846.9641322283046
2022-12-26 18:30:00,897.7000122070312,902.75,888.2000122070312,900.6500244140625,871.5433349609375,4994381.0,868.688659551625,873.5754447437527,859.495675087415
2022-12-27 18:30:00,896.0,903.9500122070312,895.7999877929688,898.9500122070312,869.898193359375,8980300.0,867.0435181778438,874.7366058492067,866.84996986572
2022-12-28 18:30:00,897.9000244140625,923.3499755859375,889.3499755859375,908.0499877929688,878.7041015625,11994220.0,868.8821594099194,893.5096323243187,860.6084266035422
2022-12-29 18:30:00,908.5,908.5,888.5499877929688,890.8499755859375,862.0599365234375,9688527.0,879.139556373027,879.139556373027,859.8342785729984
2023-01-01 18:30:00,894.0,907.0,894.0,902.4500122070312,873.2850952148438,4315403.0,865.1081661717191,877.6880388341714,865.1081661717191
2023-01-02 18:30:00,898.5,905.9500122070312,896.75,901.3499755859375,872.2206420898438,5846855.0,869.4627704497066,876.6720172537239,867.7693259886192
2023-01-03 18:30:00,899.0,907.9000244140625,894.7999877929688,899.0999755859375,870.0433349609375,12454582.0,869.9465903334593,878.5589884345696,865.8823119142538
2023-01-04 18:30:00,900.9000244140625,903.0,872.0,879.1500244140625,850.7380981445312,16547196.0,871.7851926344346,873.8173022704675,843.8191446066974
2023-01-05 18:30:00,878.9500122070312,878.9500122070312,860.5,870.0999755859375,841.9805908203125,14804613.0,850.5446171070525,850.5446171070525,832.6908616598616
2023-01-08 18:30:00,874.25,878.75,862.2999877929688,873.3499755859375,845.1255493164062,16811853.0,845.9964872549142,850.35105882214,834.4326687249722
2023-01-09 18:30:00,875.4000244140625,878.4000244140625,856.5999755859375,861.3499755859375,833.5133056640625,13470142.0,847.1092921682771,850.0123396958412,828.9168137454193
2023-01-10 18:30:00,862.9000244140625,870.8499755859375,854.8499755859375,866.2999877929688,838.3033447265625,15558460.0,835.0132596375089,842.7062883246897,827.2233681992996
2023-01-11 18:30:00,865.5,869.3499755859375,854.9500122070312,860.6500244140625,832.8359375,16659001.0,837.52917383229,841.254727699147,827.3201356345016
2023-01-12 18:30:00,864.7000122070312,874.9000244140625,858.2999877929688,873.4500122070312,845.2222900390625,11223103.0,836.755068178072,846.6254414742714,830.5618765632579
2023-01-15 18:30:00,877.25,877.4500122070312,861.0499877929688,865.25,837.2872924804688,8319812.0,848.8994826102181,849.0930309249112,833.2230141225258
2023-01-16 18:30:00,866.9500122070312,867.9500122070312,858.0999755859375,865.1500244140625,837.1905517578125,12624859.0,838.9323684728654,839.9000509881896,830.3683427746539
2023-01-17 18:30:00,864.4500122070312,872.0,858.6500244140625,869.5,841.3999633789062,11313898.0,836.5131783943544,843.8191697140958,830.9006315092457
2023-01-18 18:30:00,868.0,870.5499877929688,862.0,866.1500244140625,838.158203125,6694679.0,839.9483920867604,842.4159705966048,834.1422972105845
2023-01-19 18:30:00,873.5,876.5,865.5499877929688,870.3499755859375,842.2224731445312,8127162.0,845.2706967636465,848.1737443770304,837.5776087756478
2023-01-22 18:30:00,882.0,883.2999877929688,864.5999755859375,871.7000122070312,843.5288696289062,16882379.0,853.4959878330195,854.7539633041429,836.6582882575105
2023-01-23 18:30:00,879.0,881.7000122070312,868.0,870.75,842.6095581054688,11504090.0,850.5929389316187,853.2056935599804,839.9484311634187
2023-01-24 18:30:00,873.2999877929688,876.7999877929688,848.0,855.2999877929688,827.6588134765625,14918485.0,845.077098119616,848.4639868002098,820.5947431838545
2023-01-26 18:30:00,839.1500244140625,843.0,813.0999755859375,817.2000122070312,790.7902221679688,39718683.0,812.0308667721081,815.7564211082152,786.8226881223743
2023-01-29 18:30:00,800.0,826.25,796.0,823.5,796.8865356445312,36301441.0,774.1459969831512,799.5476625091609,770.2752669982355
2023-01-30 18:30:00,826.0,838.2999877929688,814.0999755859375,831.9000244140625,805.01513671875,27291226.0,799.3057860504701,811.2082695992232,787.7903400840028
2023-01-31 18:30:00,843.4500122070312,875.2000122070312,823.1500244140625,847.9500122070312,820.5464477539062,39237711.0,816.191876185139,846.915797809219,796.5479318096759
2023-02-01 18:30:00,828.4000244140625,860.5999755859375,826.0999755859375,857.9000244140625,830.1748657226562,16798190.0,801.6282311010465,832.7875613023073,799.402514032967
2023-02-02 18:30:00,864.6500244140625,872.6500244140625,852.0999755859375,863.7999877929688,835.8841552734375,14914366.0,836.7067208592392,844.4481810776783,824.5622578914393
2023-02-05 18:30:00,861.5,867.7999877929688,849.6500244140625,853.7000122070312,826.110595703125,8463833.0,833.6585076979579,839.7548958836825,822.1914932310632
2023-02-06 18:30:00,855.0,856.0,847.2000122070312,852.75,825.1912841796875,9337066.0,827.3685698899242,828.3362524278072,819.8206579069681
2023-02-07 18:30:00,852.5,860.7000122070312,851.9000244140625,859.0999755859375,831.3360595703125,8082983.0,824.9493783308778,832.884387096269,824.3687924228041
2023-02-08 18:30:00,858.5,864.9000244140625,851.5999755859375,860.7999877929688,832.9811401367188,6299265.0,830.7554820497575,836.9486740907996,824.0784487262168
2023-02-09 18:30:00,855.5499877929688,861.9000244140625,852.0,853.8499755859375,826.2557373046875,8656405.0,827.9008094833026,834.0456292295034,824.4655481784239
2023-02-12 18:30:00,853.4000244140625,859.2999877929688,849.3499755859375,850.6500244140625,823.1591796875,9394365.0,825.8203066835285,831.5295982555967,821.9011451301623
2023-02-13 18:30:00,853.9000244140625,867.2999877929688,852.0999755859375,865.2999877929688,837.335693359375,13402934.0,826.3041477973615,839.2710584470253,824.562271968352
2023-02-14 18:30:00,866.4000244140625,873.25,860.5999755859375,870.7999877929688,842.657958984375,12070288.0,838.4001911703535,845.0287930620101,832.7875850885544
2023-02-15 18:30:00,875.9500122070312,877.7999877929688,864.8499755859375,869.4500122070312,841.3516235351562,10715685.0,847.6415602493975,849.4317493814649,836.9002482690221
2023-02-16 18:30:00,867.5499877929688,867.5499877929688,855.1500244140625,862.6500244140625,834.7713623046875,9990618.0,839.5129712878102,839.5129712878102,827.5137432933884
2023-02-19 18:30:00,862.6500244140625,866.5499877929688,850.25,852.0999755859375,824.562255859375,9013430.0,834.7713537474057,838.5452801570017,822.7720668133345
2023-02-20 18:30:00,854.4000244140625,859.4500122070312,846.8499755859375,854.2000122070312,826.5943603515625,11704445.0,826.7879086540337,831.6746932125201,819.4818589086323
2023-02-21 18:30:00,851.25,854.0999755859375,834.75,839.25,812.1275634765625,13880984.0,823.7397538390513,826.4976254250806,807.7729920906293
2023-02-22 18:30:00,836.5499877929688,844.4500122070312,833.5499877929688,839.75,812.6114501953125,11743574.0,809.514854112909,817.1595701542185,806.611806359904
2023-02-23 18:30:00,843.9500122070312,845.5999755859375,835.5499877929688,839.7000122070312,812.5630493164062,8246139.0,816.6757001552671,818.2723409257021,808.5471431075151
2023-02-26 18:30:00,833.5499877929688,858.2999877929688,833.5499877929688,856.4000244140625,828.723388671875,14422574.0,806.6118061869664,830.5619501441226,806.6118061869664
2023-02-27 18:30:00,854.9000244140625,858.0,850.0,854.8499755859375,827.223388671875,19600146.0,827.2718200485879,830.2716122720615,822.5301520177766
2023-02-28 18:30:00,864.0,864.0,851.8499755859375,856.2999877929688,828.6265258789062,11015843.0,836.0776930578087,836.0776930578087,824.3203268741219
2023-03-01 18:30:00,853.0,861.8499755859375,851.0999755859375,854.0,826.4008178710938,12327141.0,825.4331354145703,833.9971015297435,823.5945151221156
2023-03-02 18:30:00,856.75,873.0,849.8499755859375,868.5499877929688,840.480712890625,12823098.0,829.0620699895568,844.786912285828,822.3850364048458
2023-03-05 18:30:00,871.75,876.8499755859375,865.3499755859375,867.75,839.7064819335938,13904231.0,843.5772118992917,848.5123689804957,837.3840203291142
2023-03-07 18:30:00,866.6500244140625,873.6500244140625,861.5,872.0999755859375,843.9158935546875,16144568.0,838.6420711240055,845.4158486956811,833.6584825712115
2023-03-08 18:30:00,867.2000122070312,869.7999877929688,854.1500244140625,855.9500122070312,828.2879638671875,10624440.0,839.1743935191705,841.6903447470089,826.5461469354024
2023-03-09 18:30:00,844.7000122070312,845.3499755859375,836.25,842.6500244140625,815.4176635742188,17273189.0,817.4014008412539,818.030359014257,809.2244720910029
2023-03-12 18:30:00,841.4500122070312,855.2999877929688,823.9500122070312,828.4000244140625,801.628173828125,16413159.0,814.2564181239363,827.658796575545,797.3219750667736
2023-03-13 18:30:00,827.0,834.4500122070312,818.25,830.3499755859375,803.5152587890625,15456802.0,800.2735455608877,807.4827930619672,791.806322436755
2023-03-14 18:30:00,836.4500122070312,843.9500122070312,822.2000122070312,825.9000244140625,799.208984375,12914488.0,809.4180227330859,816.6756413377892,795.6285473841493
2023-03-15 18:30:00,829.7000122070312,831.2999877929688,810.2999877929688,823.9000244140625,797.273681640625,14987868.0,802.886228653789,804.4344971185735,784.1131634393323
2023-03-16 18:30:00,831.7999877929688,838.4000244140625,818.6500244140625,836.25,809.2244873046875,11104490.0,804.9182883848257,811.305028296212,792.193298999629
2023-03-19 18:30:00,837.0,837.7999877929688,825.0,836.4500122070312,809.4180908203125,14838651.0,809.9503044168963,810.7244386539869,798.3381136725679
2023-03-20 18:30:00,843.0,854.5,839.0499877929688,852.4000244140625,824.8526000976562,18755854.0,815.7563608240233,826.8847097557864,811.9340030740609
2023-03-21 18:30:00,857.6500244140625,862.5499877929688,851.0,860.2000122070312,832.4005126953125,17431520.0,829.9329340902065,834.6745429845437,823.4978217289552
2023-03-22 18:30:00,857.0,867.4500122070312,852.7999877929688,855.4500122070312,827.8040161132812,17920621.0,829.3039121932823,839.4162062490099,825.2396338332466
2023-03-23 18:30:00,852.5,860.0,849.1500244140625,852.4000244140625,824.8526000976562,17295696.0,824.9493447241754,832.2069635927165,821.7076319212885
2023-03-26 18:30:00,854.9500122070312,856.4000244140625,844.0499877929688,848.7000122070312,821.272216796875,17047675.0,827.3202329170024,828.7233844694034,816.7724691784372
2023-03-27 18:30:00,855.5499877929688,858.9000244140625,848.2000122070312,854.75,827.1265869140625,24469018.0,827.9007210734906,831.1424927686556,820.788278581185
2023-03-28 18:30:00,857.0499877929688,862.0999755859375,848.0,851.0,823.4978637695312,34881515.0,829.352331482036,834.2391166284191,820.5948160711663
2023-03-30 18:30:00,861.9500122070312,881.0,858.5,877.25,848.8994750976562,25739021.0,834.0939446257819,852.5282844810888,830.7554281804934
2023-04-02 18:30:00,880.2000122070312,887.0999755859375,868.8499755859375,883.7999877929688,855.2378540039062,26416933.0,851.7542203344012,858.4311947113953,840.7709875930993
2023-04-04 18:30:00,886.5999755859375,887.75,874.0,884.5999755859375,856.011962890625,21068934.0,857.9473279969231,859.0601865581069,845.7545514523069
2023-04-05 18:30:00,882.0,890.0999755859375,872.7000122070312,875.0,846.7222290039062,26042745.0,853.4960068359375,861.3342118450829,844.4965709573414
2023-04-09 18:30:00,880.0499877929688,882.7999877929688,864.4000244140625,868.4500122070312,840.3839111328125,30906205.0,851.6090049377871,854.2701319147354,836.4648086702014
2023-04-10 18:30:00,873.7000122070312,885.5999755859375,865.0,881.9000244140625,853.3992919921875,39504022.0,845.4642830137524,856.9796702925302,837.0454327447134
2023-04-11 18:30:00,883.4500122070312,892.0,880.2999877929688,890.1500244140625,861.3826293945312,22686032.0,854.8991446182802,863.1728184534817,851.8509210177381
2023-04-12 18:30:00,891.0999755859375,901.6500244140625,886.5,899.0,869.946533203125,34439635.0,862.3018181294501,872.5109153520875,857.8505024300003
2023-04-16 18:30:00,917.2999877929688,917.2999877929688,893.1500244140625,901.2999877929688,872.1722412109375,29957514.0,887.6551614909503,887.6551614909503,864.2856641308982
2023-04-17 18:30:00,907.9500122070312,907.9500122070312,894.0999755859375,896.8499755859375,867.8660888671875,26699379.0,878.6074008266793,878.6074008266793,865.2049618009515
2023-04-18 18:30:00,895.9000244140625,896.9000244140625,887.25,891.9000244140625,863.0760498046875,24377956.0,866.9467798245536,867.9144623295201,858.5763025315322
2023-04-19 18:30:00,892.25,899.2999877929688,889.2000122070312,894.4000244140625,865.4953002929688,16999919.0,863.4147591759163,870.236909372004,860.4633391974846
2023-04-20 18:30:00,894.5499877929688,900.7000122070312,882.4000244140625,885.6500244140625,857.028076171875,29578071.0,865.6404154507798,871.5916867731976,853.8831078765245
2023-04-23 18:30:00,905.0,906.5,895.0,904.75,875.5107421875,30881665.0,875.7526628125863,877.2041865631045,866.0758378091324
2023-04-24 18:30:00,906.2999877929688,916.0,903.0999755859375,913.4500122070312,883.9296875,41383839.0,877.0107332480105,886.3972663306375,873.9141370989526
2023-04-25 18:30:00,911.4500122070312,916.9500122070312,905.75,914.9500122070312,885.3811645507812,30371555.0,881.9942756119498,887.316529658685,876.4784732418931
2023-04-26 18:30:00,909.5,919.9000244140625,908.5499877929688,918.3499755859375,888.6712036132812,25835108.0,880.1072370809303,890.1711587440801,879.1879268899205
2023-04-27 18:30:00,915.0999755859375,920.4500122070312,910.25,917.6500244140625,887.993896484375,20381002.0,885.5262587849612,890.7033957534178,880.8330221437257
2023-05-01 18:30:00,924.0,925.7999877929688,918.7000122070312,922.0999755859375,892.300048828125,17515017.0,894.1386692839658,895.880486047962,889.0099636211668
2023-05-02 18:30:00,919.5499877929688,923.8499755859375,911.5499877929688,922.8499755859375,893.0258178710938,18715142.0,889.8324772678072,893.9935004213415,882.091016865825
2023-05-03 18:30:00,920.0,923.9000244140625,911.7999877929688,921.7000122070312,891.9130249023438,20485002.0,890.2679527423538,894.0419383409981,882.3329439597278
2023-05-04 18:30:00,925.0,942.4500122070312,923.4500122070312,926.9500122070312,896.993408203125,19002035.0,895.106415298882,911.9924886757009,893.6065190641563
2023-05-07 18:30:00,927.0,941.7000122070312,927.0,937.9000244140625,907.5894775390625,18623913.0,897.0417142320913,911.2666593771053,897.0417142320913
2023-05-08 18:30:00,941.0,945.0,931.7999877929688,934.4000244140625,904.20263671875,21507610.0,910.5893181947338,914.4600485590047,901.686626544379
2023-05-09 18:30:00,934.5999755859375,941.0,928.25,936.0499877929688,905.7991943359375,25910923.0,904.3960428952724,910.5892345341686,898.2512826316067
2023-05-10 18:30:00,940.0499877929688,947.0,933.8499755859375,939.2000122070312,908.8474731445312,20027372.0,909.6699796963557,916.3953853081388,903.670336005355
2023-05-11 18:30:00,939.75,948.0,935.0999755859375,943.9000244140625,913.3955078125,13873480.0,909.3796019336227,917.3629823177167,904.8798548193457
2023-05-14 18:30:00,943.75,949.0,938.2000122070312,945.75,915.1857299804688,10453762.0,913.2503649686147,918.3306981247315,907.8797388732504
2023-05-15 18:30:00,950.0,952.2000122070312,943.0,946.3499755859375,915.766357421875,19612293.0,919.2984223538758,921.4273357760685,912.5246445049526
2023-05-16 18:30:00,947.2999877929688,948.4000244140625,935.7999877929688,939.3499755859375,908.9926147460938,19273344.0,916.6857031275833,917.7501894111974,905.5573533737447
2023-05-17 18:30:00,947.9500122070312,952.25,942.0999755859375,946.5,915.9115600585938,21550141.0,917.314711609197,921.4757348819819,911.6537330904164
2023-05-18 18:30:00,951.4500122070312,956.0,941.5999755859375,954.2999877929688,923.45947265625,15427412.0,920.7016009331666,925.1045448518862,911.1698920993472
2023-05-21 18:30:00,951.0499877929688,954.25,946.1500244140625,950.3499755859375,919.6370239257812,15509525.0,920.3144134762877,923.4110092338516,915.5728047480459
2023-05-22 18:30:00,952.0,958.8499755859375,945.0,953.4000244140625,922.5885620117188,16579935.0,921.2337828236806,927.8623846317511,914.4600050088006
2023-05-23 18:30:00,946.7000122070312,953.8499755859375,938.5,940.6500244140625,910.2506103515625,18049620.0,916.1050779412483,923.0239727062751,908.1700692529853
2023-05-24 18:30:00,937.0,941.5999755859375,932.9500122070312,939.8499755859375,909.4763793945312,19328582.0,906.7185078782338,911.169823779576,902.7994055425181
2023-05-25 18:30:00,939.7999877929688,952.4500122070312,935.5499877929688,950.7000122070312,919.9757690429688,10957182.0,909.4280061165383,921.6692134262162,905.3153554715091
2023-05-28 18:30:00,953.8499755859375,957.5999755859375,946.7999877929688,948.1500244140625,917.5082397460938,12108079.0,923.0239830690742,926.6527926566437,916.2018328569751
2023-05-29 18:30:00,945.3499755859375,952.2999877929688,944.6500244140625,949.9500122070312,919.25,18483624.0,914.7986250754225,921.5240302432906,914.1212945775248
2023-05-30 18:30:00,949.5,952.0,940.5,949.1500244140625,918.4758911132812,27254425.0,918.8145563715582,921.23376268112,910.1054136571358
2023-05-31 18:30:00,954.25,954.25,932.7999877929688,936.0999755859375,905.8475952148438,21650700.0,923.4110568080118,923.4110568080118,902.6542546695372
2023-06-01 18:30:00,943.0,944.6500244140625,935.0499877929688,938.1500244140625,907.8313598632812,12494376.0,912.5245963573434,914.121296105405,904.8315086794461
2023-06-04 18:30:00,943.0,951.7999877929688,943.0,946.75,916.1534423828125,10751684.0,912.524632867169,921.0402273846815,912.524632867169
2023-06-05 18:30:00,946.5,947.7999877929688,938.0999755859375,942.0999755859375,911.6536865234375,11894330.0,915.9115132741265,917.1694887487128,907.782956409231
2023-06-06 18:30:00,944.3499755859375,945.8499755859375,933.7999877929688,940.2000122070312,909.815185546875,16486469.0,913.8310328693285,915.2825567585027,903.6219933280021
2023-06-07 18:30:00,936.5999755859375,950.5,935.2000122070312,937.9000244140625,907.5894775390625,17608140.0,906.3314429874264,919.7822539132716,904.9767228695448
2023-06-08 18:30:00,941.4000244140625,944.0,936.2000122070312,938.0499877929688,907.7345581054688,12253128.0,910.9763299208923,913.4922807980292,905.9443691039659
2023-06-11 18:30:00,938.0,943.5,933.2999877929688,935.9500122070312,905.7024536132812,10520125.0,907.6861909387297,913.0084447235517,903.1380713464422
2023-06-12 18:30:00,935.9000244140625,946.25,934.0999755859375,943.5499877929688,913.056884765625,13528776.0,905.6541484806579,915.6696395390605,903.9122725899293
2023-06-13 18:30:00,946.0499877929688,946.9500122070312,936.25,939.7999877929688,909.4280395507812,13489262.0,915.4760554275856,916.3469933389074,905.9927783452874
2023-06-14 18:30:00,940.7000122070312,942.9500122070312,924.3499755859375,926.5999755859375,896.6546630859375,19366819.0,910.2990230245307,912.476308849158,894.47737726131
2023-06-15 18:30:00,929.2999877929688,937.75,927.0,934.2000122070312,904.0090942382812,11249387.0,899.2674258863005,907.4443556462712,897.041767724973
2023-06-18 18:30:00,933.5,933.9500122070312,918.7000122070312,923.1500244140625,893.316162109375,19351375.0,903.3316527921857,903.7671217485372,889.0099629857297
2023-06-19 18:30:00,920.9500122070312,928.5499877929688,914.7999877929688,925.5499877929688,895.6386108398438,15212286.0,891.187294543562,898.541658614634,885.2360229801786
2023-06-20 18:30:00,928.0,928.4000244140625,920.0,924.7000122070312,894.8161010742188,9210553.0,898.0094418025799,898.3965384629029,890.2679810973852
2023-06-21 18:30:00,924.4000244140625,935.5499877929688,920.7000122070312,925.75,895.8320922851562,27291569.0,894.5257445090998,905.3153691622226,890.9453073749864
2023-06-22 18:30:00,926.0499877929688,931.9000244140625,919.0,923.5,893.65478515625,8767733.0,896.1223637087963,901.7833417486228,889.3002139237615
2023-06-25 18:30:00,927.0999755859375,931.7999877929688,923.2000122070312,927.4500122070312,897.4771728515625,11749040.0,897.1384485290017,901.6865682253899,893.3645221055212
2023-06-26 18:30:00,930.0,939.9500122070312,922.2000122070312,936.0999755859375,905.8475952148438,13422726.0,899.9447553905696,909.5732084032469,892.3968434482118
2023-06-27 18:30:00,944.0,944.0,934.2999877929688,937.4500122070312,907.154052734375,25708001.0,913.4923618648676,913.4923618648676,904.1058289611399
2023-06-29 18:30:00,940.5,942.2000122070312,930.6500244140625,934.5999755859375,904.3961181640625,13843218.0,910.1054690270411,911.7505412301584,900.5738192125333
2023-07-02 18:30:00,937.0,945.75,936.5,942.5499877929688,912.089111328125,12350359.0,906.7184853671359,915.1857070821438,906.2346441262783
2023-07-03 18:30:00,947.25,951.2999877929688,942.0,944.7000122070312,914.1697387695312,14041699.0,916.6373175188082,920.5564201279725,911.5569840092028
2023-07-04 18:30:00,942.0499877929688,964.75,941.0,958.0,927.0399169921875,13817767.0,911.6053679395459,933.5717744448986,910.5893130372112
2023-07-05 18:30:00,954.7000122070312,963.9000244140625,954.0,959.4000244140625,928.3947143554688,16334427.0,923.8465943019188,932.7492860755926,923.1692046662566
2023-07-06 18:30:00,953.0,955.0499877929688,943.7999877929688,946.4000244140625,915.8147583007812,8593807.0,922.2014392920128,924.1851766406033,913.2987483173766
2023-07-09 18:30:00,946.0,952.9000244140625,941.3499755859375,948.4000244140625,917.7501831054688,12069184.0,915.4277212868661,922.1047547183556,910.9279736618201
2023-07-10 18:30:00,948.4000244140625,952.7000122070312,941.9000244140625,944.9500122070312,914.4116821289062,16977595.0,917.7501989021147,921.9112222579627,911.4602620196803
2023-07-11 18:30:00,948.4000244140625,951.1500244140625,941.25,944.4000244140625,913.87939453125,21511161.0,917.7501246070915,920.4112515342325,910.8311709714633
2023-07-12 18:30:00,947.7000122070312,959.25,942.2000122070312,955.7000122070312,924.814208984375,23222286.0,917.0727487171628,928.2494701654196,911.7504947834543
2023-07-13 18:30:00,959.75,965.0,951.3499755859375,960.0499877929688,929.0236206054688,12871569.0,928.7333276529091,933.8136610419978,920.6047706053051
2023-07-16 18:30:00,962.9000244140625,973.7999877929688,952.8499755859375,968.7000122070312,937.39404296875,16290763.0,931.7814963207601,942.3292000589743,922.056240014047
2023-07-17 18:30:00,978.0,987.9500122070312,971.1500244140625,975.4500122070312,943.9259033203125,29709508.0,946.393481874633,956.0219345303666,939.7648803965843
2023-07-18 18:30:00,980.0,980.0,967.5499877929688,973.4500122070312,941.9905395507812,15994261.0,948.3288481005554,948.3288481005554,936.2811891871556
2023-07-19 18:30:00,976.0499877929688,998.1500244140625,972.0999755859375,995.5999755859375,963.4247436523438,26487838.0,944.5065612098798,965.8923814574687,940.6842032435259
2023-07-20 18:30:00,995.2999877929688,1001.4500122070312,988.7999877929688,997.0,964.7794799804688,16903003.0,963.1344078710805,969.0856790406557,956.84447144192
2023-07-23 18:30:00,1004.9500122070312,1008.7000122070312,990.0999755859375,992.0,959.9411010742188,21687719.0,972.4726020590396,976.1014116649148,958.1024805821794
2023-07-24 18:30:00,999.0,999.0,988.25,994.7000122070312,962.5537719726562,29325327.0,966.714794812472,966.714794812472,956.312208181607
2023-07-25 18:30:00,993.0999755859375,997.75,990.0,996.4500122070312,964.247314453125,12780537.0,961.0055423866522,965.5052899891136,958.0057500267827
2023-07-26 18:30:00,1002.5499877929688,1006.5,987.2000122070312,990.25,958.2476196289062,25932395.0,970.1501028645305,973.9724606478103,955.2961997425043
2023-07-27 18:30:00,988.0,998.7000122070312,977.0499877929688,996.2000122070312,964.00537109375,12584130.0,956.070362346762,966.4245774762064,945.4742265790718
2023-07-30 18:30:00,996.0,999.4000244140625,988.5999755859375,998.2999877929688,966.0374145507812,14303116.0,963.8117566441534,967.1019007236218,956.6508826183228
2023-07-31 18:30:00,1001.6500244140625,1003.7000122070312,990.4500122070312,994.5499877929688,962.40869140625,15508569.0,969.2792731138692,971.2630105764858,958.4412164810167
2023-08-01 18:30:00,985.25,994.0999755859375,977.5,986.9500122070312,955.0543212890625,15787996.0,953.4092491126727,961.9732162053438,945.9097092186121
2023-08-02 18:30:00,976.5499877929688,983.0,960.0499877929688,965.0,933.8136596679688,30994707.0,944.9903812949868,951.2319455477858,929.023619238488
2023-08-03 18:30:00,968.6500244140625,976.0,961.25,970.5,939.1359252929688,20582882.0,937.3457361804816,944.458179377576,930.1848616052202
2023-08-06 18:30:00,970.9500122070312,981.5,968.2000122070312,975.6500244140625,944.1194458007812,16686062.0,939.5713262813622,949.7803647470605,936.910199431587
2023-08-07 18:30:00,975.75,986.5999755859375,972.2999877929688,979.9000244140625,948.232177734375,23784778.0,944.2162714278614,954.7156037290013,940.8777547355696
2023-08-08 18:30:00,974.9500122070312,975.2999877929688,963.5999755859375,972.7000122070312,949.0126342773438,19317331.0,951.2078418442472,951.5492947573501,940.1342034996886
2023-08-09 18:30:00,971.5499877929688,973.6500244140625,959.4500122070312,964.0999755859375,940.6220703125,24858441.0,947.8906587198094,949.9395549383418,936.0853435299007
2023-08-10 18:30:00,963.4000244140625,963.5,950.0,952.8499755859375,929.64599609375,17162177.0,939.9391281743053,940.0366691362146,926.8654236423497
2023-08-13 18:30:00,949.0,962.9000244140625,946.0,959.5499877929688,936.182861328125,19026691.0,925.8897886538025,939.4513172807983,922.9628451701761
2023-08-15 18:30:00,954.4500122070312,959.7999877929688,946.5999755859375,956.5,933.2070922851562,17930805.0,931.2070262658186,936.42671801736,923.5481555397309
2023-08-16 18:30:00,956.9500122070312,957.7999877929688,946.4500122070312,951.6500244140625,928.4752807617188,27077611.0,933.6462023482969,934.4754791838435,923.4019001385633
2023-08-17 18:30:00,947.9000244140625,955.0,946.0,950.6500244140625,927.4996337890625,13257508.0,924.8166022554632,931.7436780317744,922.9628475581766
2023-08-20 18:30:00,950.7000122070312,959.2999877929688,948.4000244140625,955.2000122070312,931.9388427734375,13358017.0,927.548427427032,935.9389751584126,925.3044492708552
2023-08-21 18:30:00,956.4000244140625,956.9500122070312,949.2999877929688,952.0,928.8167724609375,16872719.0,933.1096469094867,933.6462413283504,926.1825113015468
2023-08-22 18:30:00,954.0,968.0499877929688,949.8499755859375,966.8499755859375,943.3051147460938,14707331.0,930.7680634965125,944.4759040942181,926.7191010359882
2023-08-23 18:30:00,972.5,982.4000244140625,966.75,968.9500122070312,945.35400390625,28389740.0,948.8175418923399,958.4764795059389,943.2075667089148
2023-08-24 18:30:00,962.9500122070312,972.5999755859375,960.2000122070312,970.4000244140625,946.7686767578125,10275758.0,939.5000885244812,948.9150543418253,936.8170569956474
2023-08-27 18:30:00,969.9500122070312,975.0,965.0499877929688,970.5499877929688,946.9150390625,10481574.0,946.3296741533865,951.2566840430246,941.5489757166163
2023-08-28 18:30:00,973.2999877929688,977.25,965.6500244140625,967.75,944.1831665039062,13209913.0,949.5979999303318,953.4518206829681,942.134329925956
2023-08-29 18:30:00,970.4500122070312,975.9000244140625,955.4000244140625,958.9000244140625,935.5487670898438,13936165.0,946.8174880873403,952.134780892738,932.133999542189
2023-08-30 18:30:00,960.0,966.2000122070312,954.0499877929688,958.75,935.40234375,36675400.0,936.6219035202087,942.6709318902067,930.8167871042523
2023-08-31 18:30:00,956.9000244140625,973.0499877929688,952.7999877929688,968.7000122070312,945.1100463867188,16268147.0,933.597414127154,949.3540905448681,929.5972223729281
2023-09-03 18:30:00,968.7000122070312,969.0499877929688,960.5499877929688,967.3499755859375,943.7929077148438,9512956.0,945.1100680190779,945.4515209412026,937.1585143582263
2023-09-04 18:30:00,964.0999755859375,970.0,962.25,968.4000244140625,944.8173828125,16623486.0,940.6220495025765,946.3783955216684,938.8171248357994
2023-09-05 18:30:00,962.5499877929688,969.5,950.7999877929688,957.5,934.182861328125,30802100.0,939.1098712979502,945.8906360915063,927.6460085088062
2023-09-06 18:30:00,957.4000244140625,969.5,954.7000122070312,965.6500244140625,942.1343383789062,13462347.0,934.0852438880298,945.8905586551218,931.4509828721614
2023-09-07 18:30:00,967.5,975.0,961.25,970.5499877929688,946.9150390625,13086915.0,943.9393249350013,951.2566840430246,937.8415256783153
2023-09-10 18:30:00,974.9500122070312,982.0,969.3499755859375,978.25,954.427490234375,7894110.0,951.2078643033275,958.086169598933,945.7442007229635
2023-09-11 18:30:00,990.0999755859375,995.1500244140625,982.6500244140625,990.5,966.379150390625,20959591.0,965.9888674492851,970.9159365012332,958.7203389445621
2023-09-12 18:30:00,989.7999877929688,994.8499755859375,980.5499877929688,989.7999877929688,965.6962280273438,21997553.0,965.6962280273438,970.6232377499122,956.671485433468
2023-09-13 18:30:00,992.2999877929688,992.9000244140625,982.25,987.7000122070312,963.6473999023438,11464188.0,968.1353562233099,968.720780666579,958.3301071739512
2023-09-14 18:30:00,990.3499755859375,997.5,988.5999755859375,992.4500122070312,968.28173828125,13307980.0,966.2328420296343,973.2087481037405,964.5254582610313
2023-09-17 18:30:00,990.0999755859375,996.25,987.2999877929688,990.2000122070312,966.0865478515625,16713222.0,965.9889473337481,971.9892056473607,963.257145164905
2023-09-19 18:30:00,981.5499877929688,996.0,980.6500244140625,987.1500244140625,963.1107788085938,25741856.0,957.6471152335464,971.7452382810216,956.7690679161975
2023-09-20 18:30:00,979.9500122070312,982.5,957.4500122070312,959.2999877929688,935.93896484375,19742813.0,956.0861166419703,958.574006734418,934.1340401518692
2023-09-21 18:30:00,956.5,960.9000244140625,947.4000244140625,950.2999877929688,927.1580810546875,12701888.0,933.2071092502335,937.4999833370895,924.328738198691
2023-09-24 18:30:00,950.2999877929688,961.2000122070312,941.5,956.3499755859375,933.060791015625,8997098.0,927.1581334740866,937.7927187843896,918.5724443637747
2023-09-25 18:30:00,958.9500122070312,958.9500122070312,947.0999755859375,948.7000122070312,925.5971069335938,10521409.0,935.5974971770788,935.5974971770788,924.0360346784909
2023-09-26 18:30:00,946.2999877929688,946.5,934.4000244140625,943.0999755859375,920.1334228515625,15152973.0,923.2555077433504,923.4506492144903,911.6453345707359
2023-09-27 18:30:00,945.5,947.25,934.75,942.5999755859375,919.6456298828125,25991282.0,922.4750324374734,924.1824161569504,911.9868181606855
2023-09-28 18:30:00,946.7000122070312,956.0,943.7000122070312,951.9000244140625,928.7191772460938,10447334.0,923.6457967074638,932.7193094608657,920.718853267733
2023-10-02 18:30:00,951.5999755859375,951.5999755859375,939.0,940.2999877929688,917.401611328125,11131636.0,928.4264195210825,928.4264195210825,916.133281102177
2023-10-03 18:30:00,935.0,935.5,925.0,930.0499877929688,907.4012451171875,17334739.0,912.2307137467868,912.7185376578814,902.4742355248961
2023-10-04 18:30:00,935.2000122070312,943.9500122070312,934.5499877929688,940.8499755859375,917.938232421875,10478856.0,912.425857939374,920.9627764089626,911.7916630335349
2023-10-05 18:30:00,946.0,946.5499877929688,938.0,945.2000122070312,922.182373046875,6355755.0,922.9628794283824,923.4994738438675,915.1576965156688
2023-10-08 18:30:00,940.25,942.0499877929688,936.2999877929688,938.5999755859375,915.7431030273438,6725306.0,917.3529458957726,919.1091002211714,913.4991247477328
2023-10-09 18:30:00,940.4000244140625,957.5,940.3499755859375,951.2000122070312,928.0362548828125,11452715.0,917.4992699211415,934.1828244813858,917.4504398891626
2023-10-10 18:30:00,954.9000244140625,962.0499877929688,950.75,953.0999755859375,929.8899536132812,12233117.0,931.6461674042404,938.6220138894535,927.5972049567132
2023-10-11 18:30:00,952.8499755859375,960.0999755859375,948.4000244140625,954.25,931.011962890625,7836818.0,929.6460320781218,936.7194790060307,925.3044467752193
2023-10-12 18:30:00,949.9500122070312,957.4000244140625,944.5499877929688,951.2999877929688,928.1337890625,6650442.0,926.8166882827292,934.0852766849174,921.548166066008
2023-10-15 18:30:00,948.5,954.8499755859375,946.1500244140625,951.4000244140625,928.2314453125,5763024.0,925.4020425542179,931.597382962648,923.1092937854471
2023-10-16 18:30:00,955.4000244140625,960.9500122070312,951.5,953.9000244140625,930.6705322265625,7747527.0,932.1340040397615,937.5488378388338,928.3289535059158
2023-10-17 18:30:00,949.2000122070312,950.6500244140625,939.0999755859375,943.75,920.7676391601562,12000153.0,926.0849317410963,927.4996330037417,916.2308529331116
2023-10-18 18:30:00,936.0,945.0,934.0,935.75,912.9624633789062,8612676.0,913.2063753381311,921.9872058702285,911.2550796643318
2023-10-19 18:30:00,932.0,940.0,930.0,932.75,910.0355224609375,6586576.0,909.303786581178,917.108969298613,907.3524909018192
2023-10-22 18:30:00,942.0,944.7999877929688,925.4000244140625,929.9500122070312,907.3037109375,11856890.0,919.060255373007,921.7920573857958,902.8645252231158
2023-10-24 18:30:00,926.0499877929688,933.7999877929688,911.4000244140625,916.0999755859375,893.7909545898438,12593434.0,903.4986624227306,911.0599331166206,889.2054574209906
2023-10-25 18:30:00,914.2999877929688,916.5999755859375,899.0,908.6500244140625,886.5224609375,21693345.0,892.034835673972,894.2788138653154,877.1074351720209
2023-10-26 18:30:00,916.0,918.1500244140625,911.2999877929688,912.75,890.5225830078125,8645505.0,893.6934385485141,895.7911052641983,889.1078817029663
2023-10-29 18:30:00,909.0999755859375,926.2999877929688,908.2000122070312,924.9000244140625,902.376708984375,7687791.0,886.9614255083601,903.7425802279794,886.083378183647
2023-10-30 18:30:00,929.2999877929688,931.0,914.0999755859375,915.3499755859375,893.0592651367188,17211107.0,906.6695650029363,908.3281783124116,891.8397052839899
2023-10-31 18:30:00,913.7999877929688,917.5999755859375,909.2999877929688,914.0499877929688,891.7908935546875,12927203.0,891.5469815954225,895.2544314664859,887.1565663286538
2023-11-01 18:30:00,920.0499877929688,924.7999877929688,912.7999877929688,919.9500122070312,897.5472412109375,9747311.0,897.6447821752898,902.279109409575,890.5713353440126
2023-11-02 18:30:00,928.5499877929688,934.5,926.7999877929688,933.7999877929688,911.0599365234375,7146961.0,905.9377853890679,911.7429019177837,904.2304016776113
2023-11-05 18:30:00,941.0,947.75,937.4000244140625,945.4500122070312,922.42626953125,10338367.0,918.0846246991575,924.6702476712292,914.5723162669136
2023-11-06 18:30:00,943.5999755859375,950.4500122070312,930.4500122070312,948.0999755859375,925.0116577148438,15704942.0,920.6212426036691,927.3044657799691,907.791509730304
2023-11-07 18:30:00,948.4500122070312,948.4500122070312,934.0999755859375,935.75,912.9624633789062,17606074.0,925.3532028172963,925.3532028172963,911.3526206284945
2023-11-08 18:30:00,934.0,942.3499755859375,933.0,937.3499755859375,914.5234375,9406117.0,911.2550412038593,919.4016764786073,910.2793934081378
2023-11-09 18:30:00,934.9000244140625,941.4500122070312,932.4000244140625,938.5999755859375,915.7431030273438,9560455.0,912.1332534052325,918.523735295646,909.6941336341723
2023-11-12 18:30:00,940.9000244140625,940.9000244140625,932.0,934.4500122070312,911.6941528320312,11470096.0,917.987093425993,917.987093425993,909.3038036701303
2023-11-14 18:30:00,944.4000244140625,944.4000244140625,938.75,941.0999755859375,918.1821899414062,19492138.0,921.401875563048,921.401875563048,915.8894412581842
2023-11-15 18:30:00,939.0,946.2000122070312,934.0,936.0,913.2063598632812,19706373.0,916.1333033243815,923.1579795407855,911.2550642225477
2023-11-16 18:30:00,926.5499877929688,938.4000244140625,920.1500244140625,921.8499755859375,899.4009399414062,10956653.0,903.9864967116965,915.5479593765705,897.7423862479302
2023-11-19 18:30:00,922.0,926.75,917.5,921.4500122070312,899.0107421875,10562301.0,899.5473366065142,904.1816639914177,895.1569211892373
2023-11-20 18:30:00,924.4000244140625,928.0499877929688,922.0,926.0999755859375,903.5474243164062,8989572.0,901.8888706577264,905.4499494794524,899.5472920649286
2023-11-21 18:30:00,923.25,925.2000122070312,914.75,922.75,900.279052734375,12197979.0,900.7668766589127,902.6694018743736,892.4738699417713
2023-11-22 18:30:00,923.0,925.3499755859375,918.5,923.0,900.52294921875,5534614.0,900.52294921875,902.8156978051427,896.1325339733714
2023-11-23 18:30:00,921.5,930.4000244140625,920.2000122070312,929.4000244140625,906.76708984375,7452002.0,899.0594483982376,907.7427376445077,897.7911181670157
2023-11-27 18:30:00,928.9000244140625,931.0499877929688,921.7000122070312,925.5,902.9620971679688,14231987.0,906.2793237215551,908.3769308976238,899.2546471984909
2023-11-28 18:30:00,930.9000244140625,941.0999755859375,926.0,939.5999755859375,916.7186889648438,11680078.0,908.2306003744137,918.1821607285481,903.4499021267856
2023-11-29 18:30:00,938.9500122070312,940.8499755859375,928.2000122070312,934.9500122070312,912.1819458007812,23950292.0,916.0845371003845,917.9382322384056,905.5963229827007
2023-11-30 18:30:00,935.9500122070312,952.0,933.0,946.7000122070312,923.6458129882812,16986046.0,913.1575988110403,928.8167345798552,910.2794258014757
2023-12-03 18:30:00,963.7000122070312,994.8499755859375,961.4000244140625,991.2000122070312,967.0621337890625,33131257.0,940.2318186642837,970.6232126126973,937.987840581793
2023-12-04 18:30:00,1002.5,1015.75,995.0499877929688,1013.4500122070312,988.7703247070312,31378461.0,978.0869688482517,991.0143028504854,970.8183804617602
2023-12-05 18:30:00,1014.0,1016.25,1000.25,1003.25,978.8186645507812,18786590.0,989.3068784993693,991.502086070004,975.8917211232683
2023-12-06 18:30:00,996.3499755859375,1002.2000122070312,988.1500244140625,999.0,974.6721801757812,11841945.0,972.0866896120442,977.7942651351568,964.0864250614673
2023-12-07 18:30:00,994.5,1012.8499755859375,993.25,1010.8499755859375,986.2335815429688,16116363.0,970.2817634001109,988.1848771958599,969.0622036170539
2023-12-10 18:30:00,1007.0999755859375,1020.0,1004.6500244140625,1017.0999755859375,992.3314208984375,11714606.0,982.574942236379,995.1608235299625,980.1846526032307
2023-12-11 18:30:00,1017.0999755859375,1021.0,1008.5999755859375,1015.7000122070312,990.9655151367188,12380856.0,992.3313863725926,996.1364367379356,984.0383797983786
2023-12-12 18:30:00,1014.7999877929688,1020.7000122070312,1009.2000122070312,1013.9000244140625,989.2093505859375,15887040.0,990.0873978964831,995.8437438660465,984.6237939125858
2023-12-13 18:30:00,1022.25,1040.0,1021.25,1033.6500244140625,1008.4783935546875,16317672.0,997.3559845806298,1014.6737333957984,996.3803367600569
2023-12-14 18:30:00,1043.6500244140625,1043.699951171875,1025.699951171875,1037.4000244140625,1012.1371459960938,14306067.0,1018.234945315164,1018.2836562511309,1000.7219942122084
2023-12-17 18:30:00,1029.949951171875,1029.949951171875,1018.0,1021.4500122070312,996.5755615234375,8592711.0,1004.8685091425787,1004.8685091425787,993.209564351382
2023-12-18 18:30:00,1025.5,1025.5,1012.5999755859375,1015.4500122070312,990.7216186523438,10094256.0,1000.5268676099422,1000.5268676099422,987.9409865576811
2023-12-19 18:30:00,1022.0,1022.0,1002.0,1006.6500244140625,982.1358642578125,16490281.0,997.1120339024774,997.1120339024774,977.5990782488085
2023-12-20 18:30:00,996.5499877929688,1010.9000244140625,989.2000122070312,1004.4000244140625,979.940673828125,18064916.0,972.2818028712693,986.2823845261098,965.1108153630744
2023-12-21 18:30:00,1002.9500122070312,1009.5499877929688,991.5999755859375,994.2999877929688,970.0866088867188,20881976.0,978.5259862915714,984.965238040039,967.4523478809576
2023-12-25 18:30:00,994.9000244140625,997.5,989.9000244140625,995.0999755859375,970.8671264648438,14339699.0,970.6720445389727,973.2087050634708,965.7938054158475
2023-12-26 18:30:00,997.9500122070312,1004.9000244140625,992.0,1002.25,977.8430786132812,12996468.0,973.6478046781592,980.4285692907043,967.8426879365178
2023-12-27 18:30:00,1008.0,1011.7000122070312,999.0999755859375,1005.9000244140625,981.4041748046875,24915990.0,983.4530114256305,987.0629203019365,974.7697219298256
2023-12-28 18:30:00,1004.0499877929688,1008.5499877929688,993.7000122070312,996.5999755859375,972.3306274414062,12280140.0,979.5992158632049,983.9896312060448,969.501284394201
2023-12-31 18:30:00,991.5499877929688,1004.8499755859375,991.0,999.4000244140625,975.0624389648438,7683792.0,967.4035679755073,980.3796718566513,966.8669735931653
2024-01-01 18:30:00,997.0,997.6500244140625,980.25,982.25,958.3300170898438,16263825.0,972.7208216223713,973.3550164890929,956.3787215600095
2024-01-02 18:30:00,984.7000122070312,988.0,975.0999755859375,984.0499877929688,960.0863037109375,16826752.0,960.720498665219,963.9401248241994,951.3542430995774
2024-01-03 18:30:00,986.4000244140625,989.1500244140625,981.9000244140625,987.1500244140625,963.1107788085938,22789140.0,962.3790429363942,965.0620744677926,957.9886277031968
2024-01-04 18:30:00,988.0,998.2999877929688,983.7999877929688,993.7000122070312,969.501220703125,14875499.0,963.9400163911056,973.9891767169987,959.8422837638905
2024-01-07 18:30:00,994.0,998.2000122070312,980.2999877929688,982.0,958.0861206054688,8393164.0,969.7938939733564,973.89162656188,956.4275074685884
2024-01-08 18:30:00,986.25,995.0,975.4000244140625,979.75,955.8909301757812,14660414.0,962.2326408633471,970.7695590966088,951.6468860736289
2024-01-09 18:30:00,974.2999877929688,994.9500122070312,974.2999877929688,993.0499877929688,968.8670654296875,9409181.0,950.5736686217577,970.7208201257515,950.5736686217577
2024-01-10 18:30:00,995.2999877929688,998.5,986.8499755859375,991.1500244140625,967.0133666992188,6451345.0,971.0622694484135,974.1843544018284,962.8180334077583
2024-01-11 18:30:00,994.7999877929688,1008.7000122070312,991.75,1003.5,979.0626220703125,12255743.0,970.5744738257089,984.1360028238887,967.598759779006
2024-01-14 18:30:00,1003.5,1011.6500244140625,999.25,1009.8499755859375,985.2579345703125,12388044.0,979.0625946865415,987.0141482984905,974.9160914205547
2024-01-15 18:30:00,1006.0999755859375,1015.7999877929688,1004.5999755859375,1009.0499877929688,984.4774780273438,11505126.0,981.5993048814522,991.0631011947543,980.1358330664721
2024-01-16 18:30:00,987.9000244140625,1007.7999877929688,976.75,981.75,957.84228515625,41914771.0,963.8425433060156,983.2578999623713,952.9640458633737
2024-01-17 18:30:00,973.9500122070312,994.2999877929688,970.1500244140625,986.3499755859375,962.3302001953125,17902484.0,950.2322029973618,970.086612247944,946.5247532036159
2024-01-18 18:30:00,991.2999877929688,1010.9000244140625,987.5499877929688,999.2000122070312,974.8673095703125,23271148.0,967.1596680050709,986.2824009262613,963.500988695396
2024-01-22 18:30:00,1059.0999755859375,1059.4000244140625,1021.2000122070312,1029.050048828125,1003.9904174804688,50797448.0,1033.3085624484331,1033.6013044278507,996.331546511633
2024-01-23 18:30:00,1029.449951171875,1035.949951171875,996.6500244140625,999.2000122070312,974.8673095703125,34578943.0,1004.3805964528723,1010.7223072563087,972.379419549497
2024-01-24 18:30:00,998.4000244140625,1015.0999755859375,988.1500244140625,1009.9500122070312,985.3555297851562,28315035.0,974.086809350288,990.380080339403,964.0864191743161
2024-01-28 18:30:00,1020.0,1032.0,1010.0,1016.4000244140625,991.6484985351562,14078922.0,995.1608069755424,1006.8685811752547,985.4043284757821
2024-01-29 18:30:00,1014.9500122070312,1023.8499755859375,1008.0,1016.9000244140625,992.1363525390625,16085742.0,990.233827264166,998.9170576629135,983.4530625914942
2024-01-30 18:30:00,1016.7999877929688,1039.0,1003.25,1028.1500244140625,1003.1123657226562,25627447.0,992.0387268414895,1013.6981211276084,978.8187103188384
2024-01-31 18:30:00,1033.949951171875,1033.949951171875,1017.4000244140625,1025.1500244140625,1000.1853637695312,13058880.0,1008.7709929318956,1008.7709929318956,992.6240933363141
2024-02-01 18:30:00,1037.0999755859375,1050.0,1021.6500244140625,1024.0,999.0633544921875,14774650.0,1011.8443169459497,1024.4301974773407,996.770605964979
2024-02-04 18:30:00,1022.5,1026.449951171875,1012.0999755859375,1023.5,998.5755615234375,12948430.0,997.5999136860917,1001.4536750045531,987.453152358168
2024-02-05 18:30:00,1023.5499877929688,1034.9000244140625,1016.7000122070312,1026.4000244140625,1001.4049682617188,12886927.0,998.6243361843565,1009.6979749138608,991.9411722900987
2024-02-06 18:30:00,1028.0,1031.550048828125,1013.0,1022.1500244140625,997.2584838867188,16410895.0,1002.9660000480089,1006.4295975899541,988.3312821484757
2024-02-07 18:30:00,1024.0999755859375,1028.25,985.25,989.2999877929688,965.2084350585938,20565502.0,999.1609693476559,1003.2099318661822,961.2570730572876
2024-02-08 18:30:00,988.8499755859375,1013.75,985.5,1010.7000122070312,986.0872802734375,12799837.0,964.7693393163379,989.0629942650385,961.5009428835466
2024-02-11 18:30:00,1010.4000244140625,1012.2000122070312,985.25,996.0999755859375,971.8428344726562,8050066.0,985.7946468678402,987.5508011511549,961.2570787394588
2024-02-12 18:30:00,1006.0,1027.050048828125,1000.2999877929688,1019.7999877929688,994.9656372070312,18706292.0,981.5017091699309,1002.0391434670632,975.9405046734194
2024-02-13 18:30:00,1009.5499877929688,1035.699951171875,1007.5499877929688,1022.7000122070312,997.7950439453125,17878720.0,984.9652512089306,1010.4784061393933,983.013955556177
2024-02-14 18:30:00,1022.8499755859375,1026.6500244140625,1006.5999755859375,1016.6500244140625,991.8923950195312,10069878.0,997.9413639559355,1001.6488733670452,982.0870866412254
2024-02-15 18:30:00,1023.2000122070312,1026.199951171875,1016.9000244140625,1023.25,998.3316650390625,7159395.0,998.2828945562029,1001.2097785647912,992.136324995411
2024-02-18 18:30:00,1023.3499755859375,1046.0,1023.3499755859375,1043.75,1018.3323974609375,9388255.0,998.4291584000189,1020.5276050243264,998.4291584000189
2024-02-19 18:30:00,1041.050048828125,1052.6500244140625,1033.25,1048.75,1023.2107543945312,11293528.0,1015.6983130621115,1027.0158050957184,1008.0882116597372
2024-02-20 18:30:00,1056.800048828125,1064.0,1048.0,1051.949951171875,1026.332763671875,15946325.0,1031.0647512783883,1038.08936853922,1022.4790020950211
2024-02-21 18:30:00,1056.0,1066.0,1040.300048828125,1062.699951171875,1036.8209228515625,13432573.0,1030.284129893754,1040.0406083965356,1014.9665062834417
2024-02-22 18:30:00,1070.0,1070.0,1057.6500244140625,1061.300048828125,1035.455078125,13142759.0,1043.9431665127322,1043.9431665127322,1031.8939397655
2024-02-25 18:30:00,1053.0999755859375,1062.300048828125,1050.5,1054.199951171875,1028.5279541015625,7875941.0,1027.4547652461576,1036.4307972587308,1024.9181045612984
2024-02-26 18:30:00,1050.75,1066.199951171875,1046.5,1060.199951171875,1034.3817138671875,10580973.0,1025.1618901176007,1040.235600463148,1021.0153871121286
2024-02-27 18:30:00,1063.0,1064.8499755859375,1042.1500244140625,1046.199951171875,1020.72265625,7730332.0,1037.1135865360943,1038.9185111032964,1016.7713542133081
2024-02-28 18:30:00,1043.050048828125,1060.699951171875,1038.5,1052.199951171875,1026.57666015625,20944844.0,1017.6495772588014,1034.869667204587,1013.2103317291641
2024-02-29 18:30:00,1055.0,1089.949951171875,1054.0,1086.9000244140625,1060.431640625,14909562.0,1029.3084513108604,1063.40729502092,1028.3328034897127
2024-03-03 18:30:00,1081.0,1095.0,1080.0999755859375,1092.3499755859375,1065.748779296875,11424581.0,1054.6752013263406,1068.3342696136383,1053.7970945454895
2024-03-04 18:30:00,1086.199951171875,1099.5,1076.5,1088.050048828125,1061.5535888671875,9222544.0,1059.748545239955,1072.7247080376237,1050.2848096430214
2024-03-05 18:30:00,1080.300048828125,1113.550048828125,1080.300048828125,1097.0999755859375,1070.3831787109375,21796484.0,1053.9923671118995,1086.4326564967669,1053.9923671118995
2024-03-06 18:30:00,1094.949951171875,1095.0,1082.699951171875,1087.949951171875,1061.4560546875,9963926.0,1068.285589791398,1068.3344198240536,1056.3339033595764
2024-03-10 18:30:00,1087.949951171875,1087.949951171875,1076.75,1078.699951171875,1052.4312744140625,13310362.0,1061.456016908724,1061.456016908724,1050.5288087704587
2024-03-11 18:30:00,1077.050048828125,1094.800048828125,1055.6500244140625,1076.8499755859375,1050.6263427734375,21785435.0,1050.821543798178,1068.1392927948118,1029.9426563996108
2024-03-12 18:30:00,1077.1500244140625,1089.6500244140625,1073.1500244140625,1083.949951171875,1057.5533447265625,24855870.0,1050.9190113988607,1063.1146084324603,1047.016420348109
2024-03-13 18:30:00,1080.0,1097.0999755859375,1075.050048828125,1083.5999755859375,1057.2119140625,14231421.0,1053.6996058624843,1070.383159135781,1048.8701969746664
2024-03-14 18:30:00,1072.0,1086.25,1070.0,1080.3499755859375,1054.041015625,66192734.0,1045.894380788199,1059.797361129833,1043.9430853016538
2024-03-17 18:30:00,1075.050048828125,1084.800048828125,1060.050048828125,1081.199951171875,1054.870361328125,8769440.0,1048.8702225929605,1058.3827887115601,1034.2355054874226
2024-03-18 18:30:00,1078.449951171875,1088.75,1075.25,1083.949951171875,1057.5533447265625,16708715.0,1052.1872820317788,1062.2365016265157,1049.0652568302282
2024-03-19 18:30:00,1080.0,1090.0,1067.5,1084.5,1058.0899658203125,18725251.0,1053.6995510243776,1063.4560283486774,1041.503954369003
2024-03-20 18:30:00,1092.0,1100.0,1079.1500244140625,1081.800048828125,1055.455810546875,19992607.0,1065.4073702120015,1073.212552411357,1052.870320123813
2024-03-21 18:30:00,1081.1500244140625,1093.699951171875,1078.699951171875,1090.300048828125,1063.7489013671875,17214415.0,1054.821699696048,1067.0660087880365,1052.431290998509
2024-03-25 18:30:00,1081.0,1089.1500244140625,1076.949951171875,1083.699951171875,1057.3094482421875,13367635.0,1054.675246883473,1062.626800085145,1050.7238257477718
2024-03-26 18:30:00,1083.699951171875,1092.5,1079.550048828125,1083.75,1057.3583984375,26907245.0,1057.3095684040516,1065.8953174560265,1053.2607249476644
2024-03-27 18:30:00,1085.0,1105.050048828125,1085.0,1093.300048828125,1066.67578125,22070566.0,1058.5778569174774,1078.1396428341293,1058.5778569174774
2024-03-31 18:30:00,1096.050048828125,1102.949951171875,1094.449951171875,1099.6500244140625,1072.8712158203125,10848191.0,1069.3589072693567,1076.0907823680045,1067.7977753821392
2024-04-01 18:30:00,1094.449951171875,1094.449951171875,1079.25,1081.199951171875,1054.870361328125,14380396.0,1067.7976947713503,1067.7976947713503,1052.967895743458
2024-04-02 18:30:00,1075.0,1083.6500244140625,1072.25,1077.199951171875,1050.9677734375,15477184.0,1048.8213958942579,1057.2607732714453,1046.1383644163889
2024-04-03 18:30:00,1084.75,1085.800048828125,1063.449951171875,1078.8499755859375,1052.57763671875,21419689.0,1058.3339827305892,1059.358460590309,1037.5526363294593
2024-04-04 18:30:00,1070.0,1086.0,1067.449951171875,1083.4000244140625,1057.0169677734375,15340637.0,1043.9432619814309,1059.5536285157325,1041.4553121759684
2024-04-07 18:30:00,1078.3499755859375,1091.75,1076.300048828125,1087.1500244140625,1060.675537109375,8023461.0,1052.089788769452,1065.1634932016668,1050.0897822238517
2024-04-08 18:30:00,1091.949951171875,1115.25,1088.300048828125,1107.050048828125,1080.091064453125,12298463.0,1065.3586857606263,1088.0913296616127,1061.7976661736764
2024-04-09 18:30:00,1110.949951171875,1116.550048828125,1105.1500244140625,1109.4000244140625,1082.3837890625,10598000.0,1083.8959718279336,1089.3596952702449,1078.2372855450287
2024-04-11 18:30:00,1103.5,1111.8499755859375,1095.800048828125,1104.4000244140625,1077.505615234375,12216657.0,1076.6275082635652,1084.7741447920198,1069.115066719454
2024-04-14 18:30:00,1100.199951171875,1106.1500244140625,1076.5999755859375,1078.3499755859375,1052.08984375,10526597.0,1073.4077256256494,1079.2129018387545,1050.3824599986701
2024-04-15 18:30:00,1070.550048828125,1074.5999755859375,1062.699951171875,1067.050048828125,1041.06494140625,11278092.0,1044.4797084070326,1048.4310101922226,1036.8207785700372
2024-04-17 18:30:00,1074.0,1078.050048828125,1050.449951171875,1055.449951171875,1029.7474365234375,16564216.0,1047.8457510924395,1051.7971723738806,1024.8691974587614
2024-04-18 18:30:00,1052.949951171875,1072.0,1048.0999755859375,1067.25,1041.2601318359375,11284433.0,1027.308320425271,1045.8944589628718,1022.5764523362437
2024-04-21 18:30:00,1078.800048828125,1088.699951171875,1070.3499755859375,1086.6500244140625,1060.187744140625,10346714.0,1052.52893245238,1062.1877507445827,1044.2846367847953
2024-04-22 18:30:00,1100.0,1100.0,1082.699951171875,1090.25,1063.7000732421875,9848215.0,1073.2126398224318,1073.2126398224318,1056.3338843025326
2024-04-23 18:30:00,1092.25,1098.4000244140625,1089.0,1096.75,1070.041748046875,5461309.0,1065.6513328508768,1071.6515907716011,1062.4804774315448
2024-04-24 18:30:00,1090.0,1125.6500244140625,1089.949951171875,1113.75,1086.6278076171875,19905338.0,1063.4561708666527,1098.2380410085623,1063.407340834438
2024-04-25 18:30:00,1112.1500244140625,1120.0,1102.75,1107.9000244140625,1080.9202880859375,14190059.0,1085.066791491599,1092.7256033742926,1075.8956777866083
2024-04-28 18:30:00,1108.0,1163.449951171875,1107.9000244140625,1160.1500244140625,1131.8978271484375,28578063.0,1081.017770192159,1135.1173934530657,1080.9202292309824
2024-04-29 18:30:00,1159.949951171875,1169.550048828125,1146.75,1150.4000244140625,1122.38525390625,29568491.0,1131.702618945696,1141.0689331118688,1118.8241156136564
2024-05-01 18:30:00,1143.0,1155.5,1133.25,1139.449951171875,1111.701904296875,25118334.0,1115.16550183226,1127.361100058772,1105.6529352155806
2024-05-02 18:30:00,1141.300048828125,1157.4000244140625,1135.449951171875,1142.050048828125,1114.2386474609375,19933604.0,1113.5069115913466,1129.2148177723732,1107.7992765304286
2024-05-05 18:30:00,1141.550048828125,1158.449951171875,1138.0999755859375,1146.300048828125,1118.3851318359375,14970524.0,1113.7508047401204,1130.2391574450266,1110.3847483382629
2024-05-06 18:30:00,1147.949951171875,1152.75,1126.300048828125,1131.9000244140625,1104.3358154296875,15097728.0,1119.9948918245757,1124.6780491020515,1098.8722113377237
2024-05-07 18:30:00,1126.550048828125,1132.0,1116.050048828125,1123.0,1095.6524658203125,19913090.0,1099.1160631064367,1104.4332959114815,1088.8717613334063
2024-05-08 18:30:00,1120.550048828125,1128.8499755859375,1110.0,1115.699951171875,1088.5302734375,12229853.0,1093.262260852585,1101.3600666593375,1082.9691282557828
2024-05-09 18:30:00,1118.0,1128.9000244140625,1112.050048828125,1117.050048828125,1089.847412109375,8573656.0,1090.7742298713763,1101.408814608253,1084.969173156462
2024-05-12 18:30:00,1112.4000244140625,1130.6500244140625,1106.699951171875,1128.0,1100.53076171875,9707983.0,1085.3106792591882,1103.1162523100456,1079.7494151217084
2024-05-13 18:30:00,1125.9000244140625,1127.9000244140625,1118.550048828125,1120.550048828125,1093.26220703125,8944262.0,1098.4818990233766,1100.4331946539014,1091.3109114007254
2024-05-14 18:30:00,1122.0999755859375,1127.800048828125,1113.5,1124.3499755859375,1096.9696044921875,10743423.0,1094.7743968933958,1100.335660935582,1086.3838494464303
2024-05-15 18:30:00,1133.0,1136.550048828125,1112.800048828125,1131.050048828125,1103.5064697265625,14265565.0,1105.4089352594046,1108.8725325190837,1085.7008977331961
2024-05-16 18:30:00,1131.050048828125,1144.0,1120.5999755859375,1130.5,1102.9698486328125,8641784.0,1103.5065025670874,1116.1410940609796,1093.3109114992967
2024-05-20 18:30:00,1122.199951171875,1133.800048828125,1116.25,1120.949951171875,1093.65234375,10452900.0,1094.8719034888254,1106.1895131432295,1089.0668467710689
2024-05-21 18:30:00,1125.0,1125.9000244140625,1098.0999755859375,1111.0999755859375,1084.042236328125,17527411.0,1097.603764437141,1098.481871268217,1071.3588150501846
2024-05-22 18:30:00,1115.550048828125,1137.0,1111.4000244140625,1134.5,1106.8724365234375,13787687.0,1088.383958228494,1109.311556039796,1084.3349960118126
2024-05-23 18:30:00,1130.0,1135.0,1124.1500244140625,1131.949951171875,1104.3843994140625,6312670.0,1102.4819339811972,1107.3601726271318,1096.7744185849785
2024-05-26 18:30:00,1131.9000244140625,1147.800048828125,1121.550048828125,1129.800048828125,1102.2869873046875,11599857.0,1104.3358239678098,1119.8486485845435,1094.2378925514201
2024-05-27 18:30:00,1132.5,1135.199951171875,1125.0,1126.949951171875,1099.5062255859375,9311718.0,1104.9211184411913,1107.5553198262376,1097.6037600409186
2024-05-28 18:30:00,1115.050048828125,1123.550048828125,1098.5,1102.0,1075.1639404296875,19268547.0,1087.896192626463,1096.1891994265106,1071.7491729237856
2024-05-29 18:30:00,1097.0,1121.0,1096.9000244140625,1113.699951171875,1086.5789794921875,15255387.0,1070.2857077875317,1093.7012565449618,1070.1881668205704
2024-05-30 18:30:00,1118.0,1130.5999755859375,1111.25,1121.050048828125,1093.7501220703125,26197718.0,1090.774348346767,1103.0674880238118,1084.188725045031
2024-06-02 18:30:00,1170.0,1173.0,1136.300048828125,1160.0,1131.75146484375,25699977.0,1141.5079429889547,1144.4348864325161,1108.6286592786682
2024-06-03 18:30:00,1157.9000244140625,1159.4000244140625,1053.550048828125,1071.449951171875,1045.35791015625,43476837.0,1129.702743807571,1131.1662156790471,1027.8939077680864
2024-06-04 18:30:00,1085.0,1123.25,1051.050048828125,1108.6500244140625,1081.6519775390625,42172104.0,1058.5778828175676,1095.8964118662052,1025.454687026523
2024-06-05 18:30:00,1118.0,1118.0,1096.5999755859375,1110.4000244140625,1083.3592529296875,18574162.0,1090.7741517877903,1090.7741517877903,1069.8952667444207
2024-06-06 18:30:00,1110.4000244140625,1128.300048828125,1103.5999755859375,1121.699951171875,1094.3841552734375,17197635.0,1083.3594059306379,1100.8235264178431,1076.724952853582
2024-06-09 18:30:00,1116.0,1133.199951171875,1115.0999755859375,1123.800048828125,1096.4329833984375,10851455.0,1088.8228833488845,1105.6039769227384,1087.9447765589168
2024-06-10 18:30:00,1119.75,1129.050048828125,1111.0,1118.199951171875,1090.9693603515625,12250002.0,1092.4816621333332,1101.5552346286859,1083.9447435857408
2024-06-11 18:30:00,1121.0,1133.4000244140625,1112.0,1119.550048828125,1092.28662109375,16096514.0,1093.701262866966,1105.7993202810974,1084.9204320321733
2024-06-12 18:30:00,1122.199951171875,1123.199951171875,1105.0,1107.3499755859375,1080.3836669921875,12494254.0,1094.872014336748,1095.8476622265855,1078.0909182705975
2024-06-13 18:30:00,1114.0,1114.0,1099.449951171875,1105.6500244140625,1078.7249755859375,11377979.0,1086.8716106071388,1086.8716106071388,1072.6758879821507
2024-06-17 18:30:00,1113.949951171875,1135.050048828125,1101.199951171875,1122.8499755859375,1095.506103515625,18306176.0,1086.8228143148967,1107.4090780810202,1074.3833049204777
2024-06-18 18:30:00,1127.949951171875,1165.550048828125,1126.1500244140625,1144.449951171875,1116.580078125,34309514.0,1100.4818894098034,1137.166342002539,1098.7257948267247
2024-06-19 18:30:00,1154.050048828125,1160.0,1135.5,1156.800048828125,1128.6295166015625,15475933.0,1125.9464849282854,1131.751542182319,1107.8481690931235
2024-06-20 18:30:00,1163.550048828125,1169.9000244140625,1150.6500244140625,1158.6500244140625,1130.4344482421875,69259425.0,1135.2151467086508,1141.410486972395,1122.629265145151
2024-06-23 18:30:00,1154.6500244140625,1175.6500244140625,1152.6500244140625,1170.0999755859375,1141.6055908203125,12210295.0,1126.531878313925,1147.0204843368606,1124.580582502217
2024-06-24 18:30:00,1170.25,1206.0,1167.6500244140625,1197.949951171875,1168.77734375,27309845.0,1141.7519447999034,1176.631356914064,1139.2152841020384
2024-06-25 18:30:00,1202.0,1222.8499755859375,1193.8499755859375,1218.0,1188.339111328125,25403461.0,1172.728745333667,1193.0709797006668,1164.7771913357117
2024-06-26 18:30:00,1228.3499755859375,1235.0,1209.0999755859375,1219.9000244140625,1190.19287109375,20516632.0,1198.4370480300415,1204.9251302431871,1179.6558263643078
2024-06-27 18:30:00,1227.0,1227.0,1196.3499755859375,1199.5999755859375,1170.3870849609375,12507092.0,1197.119858680918,1197.119858680918,1167.2162295895332
2024-06-30 18:30:00,1199.5999755859375,1215.3499755859375,1192.050048828125,1211.8499755859375,1182.3387451171875,8636894.0,1170.3870597440186,1185.7535123666644,1163.0209904215824
2024-07-01 18:30:00,1217.0,1217.0,1185.550048828125,1190.5999755859375,1161.6063232421875,16153925.0,1187.3634506753801,1187.3634506753801,1156.6793729867939
2024-07-02 18:30:00,1196.8499755859375,1215.8499755859375,1179.449951171875,1201.5999755859375,1172.33837890625,22330897.0,1167.70405183156,1186.24136013032,1150.7277562015904
2024-07-03 18:30:00,1229.0,1234.949951171875,1214.300048828125,1233.0,1202.9737548828125,15275791.0,1199.0711636260962,1204.8762204814082,1184.729188396717
2024-07-04 18:30:00,1225.0,1242.5999755859375,1220.8499755859375,1233.4000244140625,1203.364013671875,9535575.0,1195.1685483777583,1212.339925743088,1191.1195862106667
2024-07-07 18:30:00,1228.9000244140625,1239.5,1216.9000244140625,1235.050048828125,1204.973876953125,6617190.0,1198.9736190942626,1209.3154620742414,1187.2658453589734
2024-07-08 18:30:00,1234.949951171875,1250.199951171875,1229.300048828125,1248.25,1217.8524169921875,13366874.0,1204.8762530735444,1219.7548826422453,1199.3639380524303
2024-07-09 18:30:00,1252.75,1252.75,1236.3499755859375,1243.199951171875,1212.9254150390625,18226503.0,1222.2429000724055,1222.2429000724055,1206.2422507799674
2024-07-10 18:30:00,1246.3499755859375,1257.800048828125,1225.050048828125,1238.449951171875,1208.291015625,11307116.0,1215.998657353838,1227.1698965417374,1195.2174298923792
2024-07-11 18:30:00,1235.9000244140625,1252.9000244140625,1230.0999755859375,1232.9000244140625,1202.876220703125,12208290.0,1205.8031641621653,1222.389177096727,1200.144359168967
2024-07-14 18:30:00,1233.0999755859375,1238.449951171875,1224.050048828125,1229.949951171875,1199.998046875,15612671.0,1203.071361476852,1208.2910537479374,1194.241819735426
2024-07-15 18:30:00,1230.0,1245.0,1229.0,1239.9000244140625,1209.7056884765625,12320605.0,1200.0467517768816,1214.6814682619654,1199.0711040112092
2024-07-17 18:30:00,1234.9000244140625,1256.449951171875,1231.699951171875,1250.300048828125,1219.8525390625,10999632.0,1204.8275385430438,1225.8526779859858,1201.7053940039573
2024-07-18 18:30:00,1244.0,1250.5,1240.25,1248.6500244140625,1218.2427978515625,7958817.0,1213.706011208785,1220.0477226821429,1210.0473315126171
2024-07-21 18:30:00,1240.0,1245.300048828125,1232.9000244140625,1241.1500244140625,1210.92529296875,9958965.0,1209.8032741772045,1214.974255165563,1202.8761986042646
2024-07-22 18:30:00,1241.1500244140625,1248.6500244140625,1212.5,1226.75,1196.8759765625,19369832.0,1210.9253291470568,1218.2426878788428,1182.972994972106
2024-07-23 18:30:00,1225.0,1233.6500244140625,1202.050048828125,1223.0,1193.21728515625,20122521.0,1195.1685807983697,1203.6079582700647,1172.777510944099
2024-07-24 18:30:00,1205.5,1218.25,1190.5999755859375,1197.9000244140625,1168.728515625,14154461.0,1176.143415035895,1188.5829244027202,1161.6062390935692
2024-07-25 18:30:00,1190.0,1220.0,1185.949951171875,1207.199951171875,1177.802001953125,19309265.0,1161.020907069825,1190.2903417018374,1157.0694857554495
2024-07-28 18:30:00,1215.1500244140625,1242.75,1204.1500244140625,1212.699951171875,1183.16796875,28458261.0,1185.5583771757993,1212.486231027865,1174.826252016832
2024-07-29 18:30:00,1213.0,1230.8499755859375,1204.4000244140625,1209.449951171875,1179.9971923828125,23972277.0,1183.4607897362628,1200.876079269409,1175.0702424166864
2024-07-30 18:30:00,1219.0,1224.6500244140625,1211.0,1214.9000244140625,1185.314697265625,22297629.0,1189.3148299701952,1194.827264609521,1181.509646508537
2024-07-31 18:30:00,1212.5,1222.6500244140625,1206.9000244140625,1210.0999755859375,1180.63134765625,8725046.0,1182.97292613369,1192.875774860644,1177.5093224180825
2024-08-01 18:30:00,1197.0,1201.6500244140625,1190.0999755859375,1196.550048828125,1167.4114990234375,10735395.0,1167.8504929230744,1172.3872793090957,1161.118498843589
2024-08-04 18:30:00,1182.0,1188.9000244140625,1167.0,1172.5999755859375,1144.0445556640625,14306771.0,1153.2156685567127,1159.9476620150213,1138.5809519506631
2024-08-05 18:30:00,1175.0,1187.699951171875,1161.5,1166.8499755859375,1138.4346923828125,13575619.0,1146.3862463365044,1158.776926636575,1133.215000102
2024-08-06 18:30:00,1178.949951171875,1179.800048828125,1161.5999755859375,1172.449951171875,1143.8983154296875,15753644.0,1150.2400266838533,1151.069422664435,1133.312559694185
2024-08-07 18:30:00,1166.949951171875,1174.4000244140625,1158.9000244140625,1164.5999755859375,1136.239501953125,10806438.0,1138.5322506611303,1145.8008988559393,1130.6783566530576
2024-08-08 18:30:00,1176.550048828125,1180.949951171875,1169.0,1171.5999755859375,1143.0689697265625,8687307.0,1147.8984979263976,1152.1912530849597,1140.5323091971482
2024-08-11 18:30:00,1171.0,1178.25,1156.0,1172.800048828125,1154.09033203125,10860455.0,1152.3189994398172,1159.4533399572713,1137.5582949209468
2024-08-12 18:30:00,1183.199951171875,1189.25,1163.5999755859375,1168.3499755859375,1149.7113037109375,13117927.0,1164.3243778306348,1170.2779103089574,1145.0370803987933
2024-08-13 18:30:00,1167.0,1170.050048828125,1153.0,1161.6500244140625,1143.1181640625,13431801.0,1148.3827912230433,1151.3841824712085,1134.6061339161688
2024-08-15 18:30:00,1170.0,1193.0,1165.6500244140625,1187.25,1168.3096923828125,10961370.0,1151.33488320732,1173.9679621079767,1147.0543031789523
2024-08-18 18:30:00,1191.0,1195.75,1173.300048828125,1175.9000244140625,1157.140869140625,6686394.0,1171.9999545311712,1176.67417769156,1154.58237101426
2024-08-19 18:30:00,1174.199951171875,1189.800048828125,1170.0,1179.449951171875,1160.6341552734375,10427061.0,1155.4679086606573,1170.8191375512558,1151.3349594196018
2024-08-20 18:30:00,1177.0,1178.6500244140625,1165.0999755859375,1174.8499755859375,1156.1075439453125,17234142.0,1158.223268928432,1159.846970432822,1146.513086110094
2024-08-21 18:30:00,1182.0,1192.5999755859375,1176.5999755859375,1191.0999755859375,1172.098388671875,8564142.0,1163.1435847596479,1173.5744592109102,1157.829706794536
2024-08-22 18:30:00,1193.0,1205.0,1188.550048828125,1203.5,1184.300537109375,7518309.0,1173.968043848346,1185.7766075752363,1169.589082848793
2024-08-25 18:30:00,1205.550048828125,1214.949951171875,1201.050048828125,1213.300048828125,1193.9442138671875,10920226.0,1186.3178499958535,1195.5677952382332,1181.889638715724
2024-08-26 18:30:00,1213.300048828125,1232.5,1208.9000244140625,1226.3499755859375,1206.7860107421875,16295325.0,1193.9442695051366,1212.8379237983015,1189.6144386937667
2024-08-27 18:30:00,1222.6500244140625,1226.4000244140625,1217.300048828125,1223.8499755859375,1204.325927734375,12291305.0,1203.1451193533376,1206.8352956977394,1197.8804917932434
2024-08-28 18:30:00,1218.949951171875,1235.0,1217.0,1221.9000244140625,1202.4071044921875,10806748.0,1199.504093644897,1215.2980967161698,1197.5852499624118
2024-08-29 18:30:00,1230.0,1235.550048828125,1218.9000244140625,1229.199951171875,1209.5904541015625,21211148.0,1210.3777397050092,1215.8392482869917,1199.4548426639624
2024-09-01 18:30:00,1239.0,1239.199951171875,1222.5,1229.949951171875,1210.3284912109375,12516759.0,1219.2341641068904,1219.4309254466023,1202.997389524353
2024-09-02 18:30:00,1227.199951171875,1250.949951171875,1220.4000244140625,1247.699951171875,1227.79541015625,19114907.0,1207.6224463883482,1230.9935629487222,1200.930998773239
2024-09-03 18:30:00,1239.8499755859375,1243.699951171875,1232.800048828125,1236.3499755859375,1216.62646484375,13505843.0,1220.070629288316,1223.859186152754,1213.1331701237295
2024-09-04 18:30:00,1238.0,1244.8499755859375,1231.300048828125,1235.949951171875,1216.23291015625,9142811.0,1218.2502546691317,1224.9909529744998,1211.65718744667
2024-09-05 18:30:00,1225.949951171875,1233.9000244140625,1205.0,1208.1500244140625,1188.8763427734375,10170479.0,1206.3923063523205,1214.21555165295,1185.7765708665058
2024-09-08 18:30:00,1202.9000244140625,1238.300048828125,1200.449951171875,1235.0,1215.2979736328125,13863250.0,1183.710090812365,1218.5453765912819,1181.299103730193
2024-09-09 18:30:00,1236.949951171875,1241.3499755859375,1227.0,1237.300048828125,1217.5614013671875,15545130.0,1217.216888818786,1221.5467196441462,1207.4256692162026
2024-09-10 18:30:00,1231.5,1239.300048828125,1226.4000244140625,1236.3499755859375,1216.62646484375,11993242.0,1211.8538609951502,1219.5294755207808,1206.83524540051
2024-09-11 18:30:00,1238.0,1257.0,1226.3499755859375,1252.1500244140625,1232.174560546875,15376442.0,1218.2502705064035,1236.9471648033514,1206.7860981365827
2024-09-12 18:30:00,1252.0,1255.949951171875,1242.050048828125,1250.3499755859375,1230.403076171875,9877288.0,1232.0267776590285,1235.9137150505585,1222.2355585854264
2024-09-15 18:30:00,1251.0,1265.5999755859375,1244.699951171875,1262.8499755859375,1242.7037353515625,8973335.0,1231.042802375231,1245.4098646133787,1224.8432581989914
2024-09-16 18:30:00,1259.949951171875,1272.25,1258.4000244140625,1268.0999755859375,1247.8699951171875,11513121.0,1239.849987924078,1251.9538142521255,1238.3247871252927
2024-09-17 18:30:00,1262.0,1295.3499755859375,1262.0,1288.3499755859375,1267.796875,12466597.0,1241.8672616672682,1274.6852037097235,1241.8672616672682
2024-09-18 18:30:00,1288.3499755859375,1300.0,1285.3499755859375,1292.0,1271.388671875,13172268.0,1267.7968764476732,1279.2610475522447,1264.8447355687065
2024-09-19 18:30:00,1295.0,1362.3499755859375,1291.550048828125,1338.449951171875,1317.09765625,73257767.0,1274.340862241716,1340.616403523679,1270.9459481482343
2024-09-22 18:30:00,1331.0,1331.800048828125,1308.5,1321.9000244140625,1300.8116455078125,11380409.0,1309.7664484410157,1310.553734024932,1287.62539277616
2024-09-23 18:30:00,1321.0,1331.4000244140625,1315.449951171875,1318.5999755859375,1297.5643310546875,13886037.0,1299.9260678444703,1310.1601805182468,1294.4645590257803
2024-09-24 18:30:00,1310.75,1327.75,1310.0999755859375,1323.8499755859375,1302.7305908203125,8728019.0,1289.8395992053097,1306.568398126912,1289.1999446337225
2024-09-25 18:30:00,1320.0,1333.3499755859375,1316.9000244140625,1329.050048828125,1307.84765625,11100869.0,1298.9419832399822,1312.0789860913483,1295.8914616978661
2024-09-26 18:30:00,1333.0,1333.0,1303.8499755859375,1306.5999755859375,1285.7557373046875,17117379.0,1311.7346011418329,1311.7346011418329,1283.0496081575457
2024-09-29 18:30:00,1292.0999755859375,1296.800048828125,1270.9000244140625,1273.0,1252.69189453125,12622212.0,1271.4871691598821,1276.1122623682022,1250.625419751032
2024-09-30 18:30:00,1269.800048828125,1280.25,1267.5999755859375,1274.4000244140625,1254.069580078125,10972413.0,1249.542987688833,1259.8262312755362,1247.3780121127852
2024-10-02 18:30:00,1253.5999755859375,1265.75,1248.1500244140625,1256.3499755859375,1236.307373046875,17648551.0,1233.6012439093365,1245.5574384870451,1228.2382360313827
2024-10-03 18:30:00,1247.0999755859375,1264.4000244140625,1236.199951171875,1239.75,1219.97216796875,13488887.0,1227.2048887996382,1244.2289485494368,1216.4787533567373
2024-10-06 18:30:00,1241.550048828125,1262.949951171875,1225.0,1233.9000244140625,1214.215576171875,20667247.0,1221.7435594913184,1242.8020684792546,1205.4575341441214
2024-10-07 18:30:00,1241.0,1247.800048828125,1229.75,1236.5999755859375,1216.8724365234375,12219259.0,1221.202267135771,1227.8938344569156,1210.1317389284563
2024-10-08 18:30:00,1243.050048828125,1265.0999755859375,1232.6500244140625,1244.1500244140625,1224.302001953125,14765997.0,1223.2195743635768,1244.9177369185495,1212.9854623508438
2024-10-09 18:30:00,1246.75,1254.699951171875,1238.0,1243.5,1223.6624755859375,9118195.0,1226.8606284171833,1234.6837542167523,1218.2502169484444
2024-10-10 18:30:00,1237.0,1240.800048828125,1222.0,1223.0,1203.489501953125,8472512.0,1217.2661601929808,1221.0055869072553,1202.5054549359925
2024-10-13 18:30:00,1221.0,1237.9000244140625,1217.4000244140625,1231.75,1212.099853515625,11833929.0,1201.5213486036762,1218.1517663968125,1197.9788035414683
2024-10-14 18:30:00,1238.949951171875,1258.300048828125,1235.4000244140625,1255.5,1235.470947265625,11657338.0,1219.1849221736488,1238.2263267782284,1215.691627570544
2024-10-15 18:30:00,1248.5,1254.949951171875,1241.5999755859375,1243.1500244140625,1223.3179931640625,7869727.0,1228.5826203359522,1234.9296751311315,1221.7926723383464
2024-10-16 18:30:00,1249.449951171875,1256.949951171875,1224.4000244140625,1231.25,1211.60791015625,8459497.0,1229.5175181191341,1236.897870871355,1204.867212000474
2024-10-17 18:30:00,1227.949951171875,1268.9000244140625,1225.25,1264.5,1244.327392578125,11018126.0,1208.3604278039818,1248.6572232672752,1205.7035490362575
2024-10-20 18:30:00,1264.5,1272.3499755859375,1250.550048828125,1259.050048828125,1238.9644775390625,7742775.0,1244.3274858742436,1252.0522311372122,1230.6000776735575
2024-10-21 18:30:00,1266.5999755859375,1284.9000244140625,1259.75,1267.5,1247.279541015625,20090801.0,1246.3938747133964,1264.4019824079978,1239.653176958133
2024-10-22 18:30:00,1261.0,1267.949951171875,1243.050048828125,1251.5999755859375,1231.6331787109375,14055447.0,1240.8832443668052,1247.7223228428932,1223.2196490881518
2024-10-23 18:30:00,1250.25,1260.449951171875,1241.050048828125,1252.75,1232.764892578125,12223031.0,1230.3047750515273,1240.3420065108755,1221.251590602818
2024-10-24 18:30:00,1247.25,1268.9000244140625,1234.199951171875,1255.449951171875,1235.4217529296875,13546055.0,1227.3526156126327,1248.657257098042,1214.5107542672154
2024-10-27 18:30:00,1285.5,1307.800048828125,1280.5999755859375,1292.8499755859375,1272.2252197265625,24096412.0,1264.9924978474703,1286.9367953731105,1260.1706432204314
2024-10-28 18:30:00,1301.3499755859375,1335.3499755859375,1299.25,1331.8499755859375,1310.6029052734375,20656117.0,1280.5894733227,1314.0470695956533,1278.5229987539544
2024-10-29 18:30:00,1324.0,1330.9000244140625,1305.5999755859375,1312.1500244140625,1291.21728515625,15055031.0,1302.878217992093,1309.6681662645217,1284.771729306591
2024-10-30 18:30:00,1307.25,1318.949951171875,1288.550048828125,1292.25,1271.6346435546875,23497314.0,1286.3953474845157,1297.908648500615,1267.9937179678298
2024-10-31 18:30:00,1289.949951171875,1296.199951171875,1286.25,1291.800048828125,1271.19189453125,1007022.0,1269.3713115804678,1275.521605000899,1265.7303859247397
2024-11-03 18:30:00,1290.0999755859375,1291.800048828125,1270.050048828125,1277.199951171875,1256.82470703125,14309121.0,1269.5189366152897,1271.1918884914494,1249.7888674900407
2024-11-04 18:30:00,1273.0,1301.300048828125,1263.0999755859375,1296.699951171875,1276.013671875,16431920.0,1252.6918064806564,1280.540384084737,1242.9497173467564
2024-11-05 18:30:00,1300.25,1315.0,1292.699951171875,1302.3499755859375,1281.5736083984375,12037405.0,1279.507133687592,1294.0218271864514,1272.077530661039
2024-11-06 18:30:00,1297.1500244140625,1302.800048828125,1275.25,1278.699951171875,1258.30078125,9909035.0,1276.4565194695,1282.016408736549,1254.905867336954
2024-11-07 18:30:00,1270.0,1275.0,1252.699951171875,1258.8499755859375,1238.7674560546875,11195808.0,1249.739603368689,1254.6598380276207,1232.7155433996181
2024-11-10 18:30:00,1262.0,1275.9000244140625,1246.6500244140625,1269.300048828125,1249.0509033203125,8387780.0,1241.8673121816607,1255.545589486218,1226.7622147783625
2024-11-11 18:30:00,1276.1500244140625,1295.0,1264.5,1270.5999755859375,1250.330078125,13486168.0,1255.7915869540607,1274.34084864136,1244.3274155266408
2024-11-12 18:30:00,1270.5999755859375,1276.25,1250.0,1253.699951171875,1233.6995849609375,12260404.0,1250.330002060316,1255.8898912252891,1230.058659378344
2024-11-13 18:30:00,1253.75,1267.699951171875,1243.050048828125,1256.949951171875,1236.897705078125,9506892.0,1233.7488030417599,1247.4762092717035,1223.219549242433
2024-11-17 18:30:00,1260.0,1262.5999755859375,1249.4000244140625,1253.449951171875,1233.45361328125,6195554.0,1239.8991689148563,1242.4576669848584,1229.468295169204
2024-11-18 18:30:00,1257.050048828125,1261.0,1240.8499755859375,1249.0999755859375,1229.173095703125,11537317.0,1236.996341503432,1240.8832791422965,1221.054707873685
2024-11-20 18:30:00,1248.550048828125,1256.9000244140625,1232.550048828125,1250.550048828125,1230.5999755859375,9593870.0,1228.6318816632047,1236.8486497660301,1212.887130281342
2024-11-21 18:30:00,1258.0,1281.4000244140625,1256.0,1278.050048828125,1257.6612548828125,11604338.0,1237.931065448711,1260.9577881469831,1235.962971544977
2024-11-24 18:30:00,1296.0,1311.199951171875,1290.0,1300.949951171875,1280.1959228515625,22717581.0,1275.3249381508517,1290.2824048083883,1269.420656029783
2024-11-25 18:30:00,1310.5999755859375,1314.25,1302.449951171875,1304.949951171875,1284.132080078125,7646955.0,1289.691969633128,1293.2837651950626,1281.6719625867895
2024-11-26 18:30:00,1298.5,1310.8499755859375,1297.8499755859375,1300.699951171875,1279.9498291015625,21938082.0,1277.7849738450245,1289.9379297411074,1277.1453192983001
2024-11-27 18:30:00,1301.050048828125,1310.5,1282.300048828125,1286.3499755859375,1265.8287353515625,22803745.0,1280.294297193127,1289.593492566128,1261.8434173872402
2024-11-28 18:30:00,1283.0999755859375,1303.25,1283.0999755859375,1300.0999755859375,1279.3594970703125,11397228.0,1262.6306978559342,1282.4592691846208,1262.6306978559342
2024-12-01 18:30:00,1299.9000244140625,1310.550048828125,1289.1500244140625,1304.6500244140625,1283.8369140625,9626400.0,1279.1626909163074,1289.6428152581445,1268.58418590124
2024-12-02 18:30:00,1303.949951171875,1312.800048828125,1296.0999755859375,1308.4000244140625,1287.527099609375,11509276.0,1283.1480184509742,1291.8569303693412,1275.4232736408442
2024-12-03 18:30:00,1302.5999755859375,1320.0,1301.699951171875,1316.050048828125,1295.0550537109375,11570281.0,1281.819549984778,1298.9419911656362,1280.9338836934899
2024-12-04 18:30:00,1316.25,1342.9000244140625,1308.5999755859375,1336.5,1315.1788330078125,19210697.0,1295.2518809925427,1321.4767579162362,1287.7238973177443
2024-12-05 18:30:00,1342.5,1347.0999755859375,1326.699951171875,1328.75,1307.552490234375,8942672.0,1321.0831368877882,1325.6097291981625,1305.5351457750585
2024-12-08 18:30:00,1322.0999755859375,1329.050048828125,1320.25,1322.300048828125,1301.205322265625,8000764.0,1301.008440803049,1307.8476391384686,1299.1879779810015
2024-12-09 18:30:00,1319.0,1332.0,1315.25,1330.449951171875,1309.2252197265625,8218214.0,1297.957930171136,1310.750540551898,1294.2677540997624
2024-12-10 18:30:00,1324.699951171875,1331.25,1316.0,1327.5,1306.3223876953125,8138066.0,1303.567008056277,1310.01256393174,1295.005847236935
2024-12-11 18:30:00,1321.550048828125,1338.75,1321.550048828125,1329.25,1308.04443359375,9076896.0,1300.467319981326,1317.392879799611,1300.467319981326
2024-12-12 18:30:00,1325.3499755859375,1347.1500244140625,1313.5,1344.9000244140625,1323.44482421875,13536684.0,1304.206657466483,1325.658929951843,1292.5457246301107
2024-12-15 18:30:00,1344.9000244140625,1350.449951171875,1340.050048828125,1346.0999755859375,1324.6256103515625,9071006.0,1323.4448020295467,1328.9061906725217,1318.672198220594
2024-12-16 18:30:00,1342.0,1348.0999755859375,1326.050048828125,1333.75,1312.47265625,9879257.0,1320.591043814433,1326.5937063526414,1304.8955425723648
2024-12-17 18:30:00,1325.25,1334.949951171875,1307.449951171875,1314.1500244140625,1293.1854248046875,8510595.0,1304.108322781897,1313.6535308964567,1286.5922376487658
2024-12-18 18:30:00,1286.0,1303.0,1284.449951171875,1286.9000244140625,1266.3701171875,11517304.0,1265.4844508567164,1282.2132499737959,1263.9591299468714
2024-12-19 18:30:00,1283.949951171875,1297.75,1272.4000244140625,1288.4000244140625,1267.84619140625,58491181.0,1263.4671101390386,1277.0470069229707,1252.1014392500044
2024-12-22 18:30:00,1294.6500244140625,1307.0,1287.050048828125,1296.800048828125,1276.1121826171875,6827512.0,1273.9964575675247,1286.149413849784,1266.5177244802055
2024-12-23 18:30:00,1296.800048828125,1304.5,1290.25,1297.25,1276.5550537109375,7138516.0,1276.1122805813325,1283.689394924585,1269.6667242632777
2024-12-25 18:30:00,1307.0,1312.75,1289.199951171875,1297.3499755859375,1276.6533203125,7338444.0,1286.149397655659,1291.8076677677632,1268.6333134333681
2024-12-26 18:30:00,1298.550048828125,1315.949951171875,1298.550048828125,1307.550048828125,1286.6907958984375,4756066.0,1277.834372258314,1294.9566951975391,1277.834372258314
2024-12-29 18:30:00,1304.949951171875,1326.5,1289.449951171875,1294.6500244140625,1273.9964599609375,14207425.0,1284.1320718868315,1305.3383325760412,1268.8793435378464
2024-12-30 18:30:00,1286.9000244140625,1289.949951171875,1280.0999755859375,1281.6500244140625,1261.203857421875,8449607.0,1266.3701041548643,1269.3713754212274,1259.6785365277274
2024-12-31 18:30:00,1281.6500244140625,1293.0,1267.0999755859375,1283.6500244140625,1263.1719970703125,4705399.0,1261.2039030056599,1272.3728127979782,1246.8859706361397
2025-01-01 18:30:00,1285.0999755859375,1293.4000244140625,1278.4000244140625,1290.5999755859375,1270.0111083984375,7433222.0,1264.5988495821298,1272.7664882086394,1258.0057823459824
2025-01-02 18:30:00,1286.199951171875,1288.0,1262.25,1265.050048828125,1244.86865234375,11194997.0,1265.6811494083963,1267.4524819820733,1242.1132728120124
2025-01-05 18:30:00,1268.050048828125,1277.75,1257.0,1264.0999755859375,1243.933837890625,7504047.0,1247.8208957681682,1257.3661039966464,1236.9471279387867
2025-01-06 18:30:00,1266.5,1288.949951171875,1266.5,1279.25,1258.8421630859375,7539758.0,1246.2955634538516,1268.387371227451,1246.2955634538516
2025-01-07 18:30:00,1280.550048828125,1285.0,1252.3499755859375,1263.75,1243.58935546875,7566309.0,1260.1213925757818,1264.500353533012,1232.3711960120443
2025-01-08 18:30:00,1258.0,1264.75,1248.0999755859375,1262.4000244140625,1242.260986328125,8684920.0,1237.9311554007072,1244.5734728084612,1228.1890658447487
2025-01-09 18:30:00,1259.0,1264.949951171875,1243.0999755859375,1249.8499755859375,1229.9111328125,7854524.0,1238.9151869887507,1244.7702186556908,1223.2688154875007
2025-01-12 18:30:00,1234.9000244140625,1243.949951171875,1224.9000244140625,1229.75,1210.1318359375,9669336.0,1215.1997021699149,1224.1052557235084,1205.3592318634503
2025-01-13 18:30:00,1233.3499755859375,1244.8499755859375,1227.449951171875,1240.300048828125,1220.5135498046875,10342698.0,1213.6743510380347,1224.9908916090162,1207.868449677033
2025-01-14 18:30:00,1234.0,1244.4000244140625,1230.0,1238.25,1218.49609375,5355382.0,1214.3138943569554,1224.5480063080474,1210.3777066929133
2025-01-15 18:30:00,1245.0999755859375,1255.5,1239.6500244140625,1249.0999755859375,1229.173095703125,11895924.0,1225.2369076646085,1235.4710205893364,1219.8738995113004
2025-01-16 18:30:00,1243.3499755859375,1249.0,1218.0,1225.449951171875,1205.9002685546875,9790533.0,1223.51473271735,1229.0746219251816,1198.569166937447
2025-01-19 18:30:00,1223.9000244140625,1241.75,1215.25,1232.949951171875,1213.28076171875,7676418.0,1204.3752079938956,1221.9404238041425,1195.8631769905248
2025-01-20 18:30:00,1236.949951171875,1238.949951171875,1192.699951171875,1196.1500244140625,1177.0677490234375,20520898.0,1217.216791341657,1219.1848851844006,1173.6727150709557
2025-01-21 18:30:00,1201.0,1207.5,1191.800048828125,1200.449951171875,1181.299072265625,10377123.0,1181.840346118592,1188.236651072606,1172.787162540538
2025-01-22 18:30:00,1197.25,1207.9000244140625,1186.0,1201.75,1182.5784912109375,8770650.0,1178.150279677383,1188.6304043313805,1167.0797508434964
2025-01-23 18:30:00,1203.0999755859375,1218.0,1202.0,1209.199951171875,1189.90966796875,9216792.0,1183.9070048715128,1198.569330226456,1182.824577120033
2025-01-26 18:30:00,1195.0,1234.6500244140625,1193.0999755859375,1227.949951171875,1208.3604736328125,16164687.0,1175.9361728164579,1214.9536606503923,1174.0664594794448
2025-01-27 18:30:00,1247.3499755859375,1264.0,1236.0,1246.9000244140625,1227.0081787109375,18066499.0,1227.4509517938643,1243.8353577059515,1216.28204282006
2025-01-28 18:30:00,1252.0,1255.800048828125,1243.050048828125,1251.6500244140625,1231.6824951171875,7666777.0,1232.0268875547777,1235.7663143361442,1223.2197146425951
2025-01-29 18:30:00,1250.0,1259.8499755859375,1239.5,1255.5999755859375,1235.5693359375,11921041.0,1230.058696999526,1239.7515355072983,1219.72620394473
2025-01-30 18:30:00,1254.5,1256.0,1239.0999755859375,1252.800048828125,1232.814208984375,10195417.0,1234.4870409428568,1235.963111537846,1219.332692143045
2025-01-31 18:30:00,1251.1500244140625,1261.3499755859375,1233.800048828125,1255.550048828125,1235.520263671875,3011914.0,1231.1904328305643,1241.2276642201673,1214.117241339197
2025-02-02 18:30:00,1246.8499755859375,1260.0,1237.800048828125,1253.0,1233.0108642578125,6176831.0,1226.9589513144845,1239.8991931084147,1218.0533982313877
2025-02-03 18:30:00,1262.800048828125,1280.5,1260.0,1268.199951171875,1247.9683837890625,14839077.0,1242.6546259748302,1260.0722101946521,1239.8992462672875
2025-02-04 18:30:00,1270.199951171875,1277.75,1265.1500244140625,1267.699951171875,1247.476318359375,6840709.0,1249.9364358288246,1257.366038635732,1244.9670706142904
2025-02-05 18:30:00,1275.0,1279.0,1263.199951171875,1272.4000244140625,1252.101318359375,8396554.0,1254.6598163131562,1258.5960039721779,1243.0480146698765
2025-02-06 18:30:00,1272.0,1275.0,1249.550048828125,1256.9000244140625,1236.8487548828125,7382039.0,1251.707841237699,1254.6599823726938,1229.616033126662
2025-02-09 18:30:00,1257.199951171875,1265.0,1249.3499755859375,1262.5999755859375,1242.4576416015625,5740361.0,1237.143764104477,1244.8193782805915,1229.4190196551453
2025-02-10 18:30:00,1255.8499755859375,1261.8499755859375,1248.4000244140625,1252.75,1232.764892578125,6586627.0,1235.815414286521,1241.7196963503554,1228.48431210643
2025-02-11 18:30:00,1257.199951171875,1269.75,1244.6500244140625,1251.800048828125,1231.8299560546875,8809352.0,1237.1437132102558,1249.49354984024,1224.7939967031841
2025-02-12 18:30:00,1252.550048828125,1266.0,1245.9000244140625,1248.9000244140625,1228.976318359375,7263785.0,1232.5681139223714,1245.8034979804984,1226.0241773689
2025-02-13 18:30:00,1252.0999755859375,1263.5,1244.449951171875,1260.0999755859375,1239.99755859375,10368438.0,1232.125182860914,1243.3433423047895,1224.5971995418054
2025-02-16 18:30:00,1251.1500244140625,1258.1500244140625,1233.25,1251.1500244140625,1231.1904296875,8386151.0,1231.1904296875,1238.0787586965241,1213.5759643398394
2025-02-17 18:30:00,1252.9000244140625,1257.5999755859375,1237.050048828125,1243.050048828125,1223.2196044921875,8135042.0,1232.912442887429,1237.537415485285,1217.3153228151366
2025-02-18 18:30:00,1234.8499755859375,1264.449951171875,1230.25,1261.6500244140625,1241.52294921875,10683412.0,1215.150440982361,1244.2782088063445,1210.6238487061553
2025-02-19 18:30:00,1255.3499755859375,1264.0,1246.75,1249.949951171875,1230.009521484375,8398849.0,1235.323399403501,1243.8354301295267,1226.8606190775215
2025-02-20 18:30:00,1241.0999755859375,1244.699951171875,1224.550048828125,1232.949951171875,1213.28076171875,7786428.0,1221.3007691973355,1224.843314551203,1205.0148626007026
2025-02-23 18:30:00,1226.699951171875,1231.9000244140625,1210.25,1218.3499755859375,1198.9136962890625,11522480.0,1207.1304651110468,1212.2475818317712,1190.9429392289517
2025-02-24 18:30:00,1226.5999755859375,1231.6500244140625,1221.0,1224.1500244140625,1204.6212158203125,11059417.0,1207.0320830347105,1212.0015686679765,1201.5214435997075
2025-02-26 18:30:00,1225.1500244140625,1234.8499755859375,1218.449951171875,1222.449951171875,1202.9482421875,12008162.0,1205.6052412387521,1215.1504493679895,1199.0120540726923
2025-02-27 18:30:00,1216.0,1225.0,1200.0999755859375,1204.0999755859375,1184.8909912109375,20215075.0,1196.6011747582393,1205.4575979266801,1180.9548031360748
2025-03-02 18:30:00,1210.5,1217.0,1204.1500244140625,1206.199951171875,1186.9573974609375,8158881.0,1191.188847446512,1197.5851526992194,1184.9401732626818
2025-03-03 18:30:00,1207.1500244140625,1216.6500244140625,1206.25,1210.4000244140625,1191.0904541015625,9574490.0,1187.8923015092375,1197.2407475483415,1187.0066352283177
2025-03-04 18:30:00,1217.0,1225.949951171875,1211.300048828125,1215.699951171875,1196.305908203125,9052846.0,1197.5852173719204,1206.3923901078597,1191.9761974350436
2025-03-05 18:30:00,1227.949951171875,1227.949951171875,1209.0,1218.050048828125,1198.6185302734375,11949475.0,1208.3604997504162,1208.3604997504162,1189.7128566225836
2025-03-06 18:30:00,1211.0999755859375,1217.8499755859375,1206.300048828125,1214.550048828125,1195.17431640625,6620284.0,1191.7792822265046,1198.4215993904008,1187.0559287614878
2025-03-09 18:30:00,1208.0,1225.800048828125,1208.0,1214.8499755859375,1195.469482421875,7363437.0,1188.7287844485525,1206.2448692222129,1188.7287844485525
2025-03-10 18:30:00,1217.199951171875,1248.0,1217.199951171875,1245.4000244140625,1225.5321044921875,10927950.0,1197.7819082260587,1228.0906025562624,1197.7819082260587
2025-03-11 18:30:00,1246.949951171875,1251.949951171875,1235.300048828125,1243.949951171875,1224.105224609375,11548372.0,1227.0573656262773,1231.9776006544478,1215.5933141089804
2025-03-12 18:30:00,1251.050048828125,1255.5999755859375,1245.300048828125,1250.050048828125,1230.10791015625,8132940.0,1231.0919570840585,1235.5692985318378,1225.4336872491594
2025-03-16 18:30:00,1257.050048828125,1273.949951171875,1254.75,1269.0,1248.7557373046875,11164812.0,1236.9964228158067,1253.626722273369,1234.7330664957105
2025-03-17 18:30:00,1269.0,1269.0,1269.0,1269.0,1248.7557373046875,0.0,1248.7557373046875,1248.7557373046875,1248.7557373046875
2025-03-18 18:30:00,1305.5999755859375,1318.300048828125,1302.1500244140625,1313.0999755859375,1292.1519775390625,11278014.0,1284.771625690972,1297.2690935608202,1281.3767118900164
2025-03-19 18:30:00,1320.0,1324.25,1311.050048828125,1321.699951171875,1300.6148681640625,10886735.0,1298.9420363179743,1303.1242360561191,1290.1348637421092
2025-03-20 18:30:00,1316.0,1349.0,1311.5999755859375,1343.0999755859375,1321.673583984375,60494318.0,1295.005932648197,1327.47948567053,1290.676101553966
2025-03-23 18:30:00,1355.949951171875,1373.0,1345.050048828125,1358.1500244140625,1336.4835205078125,9352280.0,1334.3185449313019,1351.0965951268047,1323.592528220555
2025-03-24 18:30:00,1359.0,1363.800048828125,1330.050048828125,1343.699951171875,1322.263916015625,16419207.0,1337.3198832805363,1342.0433569660177,1308.8317704607064
2025-03-25 18:30:00,1344.050048828125,1358.0,1331.5,1335.9000244140625,1314.58837890625,10859639.0,1322.608385783058,1336.3357930453642,1310.2585481884407
2025-03-26 18:30:00,1333.1500244140625,1351.5,1333.1500244140625,1336.6500244140625,1315.326416015625,15109614.0,1311.8822515956433,1329.9394896015347,1311.8822515956433
2025-03-27 18:30:00,1336.0,1357.949951171875,1327.199951171875,1348.3499755859375,1326.8397216796875,8266544.0,1314.6867654992452,1336.2865486646785,1306.027104024632
2025-03-31 18:30:00,1340.0,1352.3499755859375,1315.4000244140625,1318.449951171875,1297.416748046875,14288024.0,1318.6230094191676,1330.7759661157215,1294.4154767036698
2025-04-01 18:30:00,1322.1500244140625,1337.949951171875,1322.1500244140625,1331.25,1310.0125732421875,8042214.0,1301.0577695360655,1316.605640115626,1301.0577695360655
2025-04-02 18:30:00,1321.949951171875,1333.0,1321.25,1329.550048828125,1308.3397216796875,4591008.0,1300.8608684683468,1311.7346357410256,1300.172083625529
2025-04-03 18:30:00,1329.550048828125,1338.550048828125,1322.0999755859375,1335.300048828125,1313.998046875,8648542.0,1308.3397764539347,1317.196199721689,1301.0085540085365
2025-04-06 18:30:00,1295.25,1325.0,1265.0,1287.550048828125,1267.009765625,19185012.0,1274.5868794921314,1303.8622778051142,1244.8194576780902
2025-04-07 18:30:00,1299.8499755859375,1310.050048828125,1287.3499755859375,1299.9000244140625,1279.1627197265625,13085762.0,1279.113469327377,1289.1508208042862,1266.8128818235116
2025-04-08 18:30:00,1304.949951171875,1305.0999755859375,1284.5,1300.800048828125,1280.04833984375,13005622.0,1284.1320386492785,1284.2796697185806,1264.008326268558
2025-04-10 18:30:00,1305.0999755859375,1325.0,1305.0999755859375,1311.6500244140625,1290.7252197265625,13064247.0,1284.2796640863085,1303.8622226242683,1284.2796640863085
2025-04-14 18:30:00,1351.0,1354.300048828125,1336.199951171875,1350.199951171875,1328.66015625,15202603.0,1329.4474418665204,1332.6948448810174,1314.8834988213314
2025-04-15 18:30:00,1357.0,1359.699951171875,1342.9000244140625,1356.4000244140625,1334.7613525390625,14039073.0,1335.35175670462,1338.0086355110902,1321.4767182608662
2025-04-16 18:30:00,1362.0,1408.9000244140625,1360.0999755859375,1406.699951171875,1384.2587890625,17490424.0,1340.271938683508,1386.4237644145942,1338.4022254639915
2025-04-20 18:30:00,1436.0,1436.0,1404.699951171875,1409.800048828125,1387.3095703125,16882426.0,1413.0915548092914,1413.0915548092914,1382.2908342910866
2025-04-21 18:30:00,1412.800048828125,1418.800048828125,1398.9000244140625,1416.5,1393.902587890625,16135274.0,1390.2616620074302,1396.1659440599142,1376.5833845612567
2025-04-22 18:30:00,1429.0,1429.9000244140625,1411.300048828125,1424.4000244140625,1401.676513671875,13990764.0,1406.2031056627204,1407.0887719511927,1388.7855225220842
2025-04-23 18:30:00,1416.300048828125,1421.199951171875,1398.800048828125,1402.699951171875,1380.3226318359375,15678099.0,1393.7057666784372,1398.5275007158652,1376.4849447649922
2025-04-24 18:30:00,1410.0,1414.800048828125,1388.4000244140625,1404.800048828125,1382.38916015625,11705093.0,1387.5061560869792,1392.2296293483562,1366.2507666566128
2025-04-27 18:30:00,1405.5999755859375,1435.0,1403.800048828125,1428.800048828125,1406.00634765625,10948561.0,1383.1763860592027,1412.1073907727903,1381.4051736009749
2025-04-28 18:30:00,1428.800048828125,1438.300048828125,1422.5999755859375,1429.800048828125,1406.9903564453125,10786910.0,1406.0063095097996,1415.354755397171,1399.9051464358704
2025-04-29 18:30:00,1433.0,1433.699951171875,1400.0,1427.0,1404.235107421875,14192027.0,1410.1393895834246,1410.828174453101,1377.665837694902
2025-05-01 18:30:00,1426.9000244140625,1446.5999755859375,1424.5999755859375,1430.0999755859375,1407.2855224609375,8842434.0,1404.136620262742,1423.5222971739024,1401.8732642232824
2025-05-04 18:30:00,1440.0,1446.800048828125,1426.0,1429.4000244140625,1406.5968017578125,4565705.0,1417.0276759030696,1423.719243532893,1403.251017942901
2025-05-05 18:30:00,1429.0,1433.699951171875,1420.4000244140625,1431.5999755859375,1408.7615966796875,6301690.0,1406.2030986214052,1410.8280712604956,1397.740318833432
2025-05-06 18:30:00,1425.0,1442.0,1421.0,1435.4000244140625,1412.5010986328125,10480453.0,1402.2669857299177,1418.9957848579238,1398.3307976997987
2025-05-07 18:30:00,1438.5999755859375,1448.9000244140625,1426.0999755859375,1435.5,1412.5994873046875,15306490.0,1415.6500090207114,1425.7857413048096,1403.3494213569647
2025-05-08 18:30:00,1415.199951171875,1419.9000244140625,1387.0,1388.9000244140625,1366.742919921875,13491197.0,1392.6232842813388,1397.2483773146432,1364.8732065732167
2025-05-11 18:30:00,1409.4000244140625,1453.0,1404.0,1448.5,1425.39208984375,9925445.0,1386.9158758891217,1429.8203013758846,1381.601998025975
2025-05-12 18:30:00,1440.0999755859375,1447.9000244140625,1427.4000244140625,1430.5999755859375,1407.777587890625,12475424.0,1417.126034216079,1424.8016487219365,1404.6286855985884
2025-05-13 18:30:00,1429.9000244140625,1440.699951171875,1417.300048828125,1426.199951171875,1403.44775390625,8026837.0,1407.088799803615,1417.7164351068907,1394.6898318883327
2025-05-14 18:30:00,1425.9000244140625,1456.5,1415.5,1450.800048828125,1427.6553955078125,18209264.0,1403.152601872172,1433.2644152009339,1392.9184893353395
2025-05-15 18:30:00,1453.300048828125,1458.699951171875,1447.0,1454.0,1430.8043212890625,6439208.0,1430.115536446277,1435.4292940858757,1423.915992369514
2025-05-18 18:30:00,1446.5,1459.699951171875,1443.800048828125,1449.0,1425.8841552734375,6005334.0,1423.4240376832488,1436.413410510274,1420.7671587350164
2025-05-19 18:30:00,1450.199951171875,1459.0,1435.5,1438.199951171875,1415.25634765625,11352383.0,1427.0649116587983,1435.724573309837,1412.5994688048465
2025-05-20 18:30:00,1442.9000244140625,1451.300048828125,1438.5,1444.699951171875,1421.6527099609375,5510460.0,1419.88149736354,1428.1475165201844,1415.5516663650185
2025-05-21 18:30:00,1441.0999755859375,1445.300048828125,1427.800048828125,1442.0999755859375,1419.0941162109375,7245933.0,1418.11006923761,1422.2431385993382,1405.0223165661077
2025-05-22 18:30:00,1442.199951171875,1451.800048828125,1434.4000244140625,1449.800048828125,1426.67138671875,5203706.0,1419.1925334305297,1428.639480716087,1411.5170389146704
2025-05-25 18:30:00,1458.0,1471.5999755859375,1455.0,1460.5999755859375,1437.2989501953125,5608725.0,1434.7404521515875,1448.1234666381572,1431.7883113035389
2025-05-26 18:30:00,1452.5,1463.0,1435.699951171875,1446.4000244140625,1423.3255615234375,14842959.0,1429.3282240162364,1439.660717201896,1412.7961868700127
2025-05-27 18:30:00,1447.5999755859375,1458.0,1442.5,1453.800048828125,1430.6075439453125,8618343.0,1424.5063806110309,1434.7404932016627,1419.487765050342
2025-05-28 18:30:00,1456.5999755859375,1462.9000244140625,1445.0,1456.5,1433.264404296875,15545514.0,1433.3627849687755,1439.5623288964678,1421.9478642011566
2025-05-29 18:30:00,1459.9000244140625,1460.9000244140625,1444.300048828125,1445.800048828125,1422.7352294921875,11803975.0,1436.6102684488903,1437.5943154688398,1421.2591589622632
2025-06-01 18:30:00,1442.0,1460.0,1432.800048828125,1450.5,1427.3602294921875,9458990.0,1418.9958296640707,1436.7086763589064,1409.9426449581042
2025-06-02 18:30:00,1454.9000244140625,1455.0,1432.0,1437.9000244140625,1414.961181640625,11167345.0,1431.6899803606145,1431.7883610343827,1409.1552804132207
2025-06-03 18:30:00,1437.4000244140625,1440.0999755859375,1426.4000244140625,1431.0,1408.1712646484375,8025388.0,1414.4691895072294,1417.1260683724902,1403.6446724484365
2025-06-04 18:30:00,1430.9000244140625,1459.0,1427.300048828125,1454.800048828125,1431.591552734375,11385668.0,1408.072806574806,1435.724501880477,1404.5302615748733
2025-06-05 18:30:00,1448.5999755859375,1461.4000244140625,1442.0999755859375,1459.699951171875,1436.413330078125,11580994.0,1425.4904326139017,1438.0862820195339,1419.0941272375726
2025-06-08 18:30:00,1465.0,1466.800048828125,1433.4000244140625,1434.800048828125,1411.9107666015625,11022031.0,1441.6289396983907,1443.40027245163,1410.5330766960358
2025-06-09 18:30:00,1439.0,1441.699951171875,1416.5,1422.9000244140625,1400.200439453125,12905272.0,1416.0435714397854,1418.7004501751119,1393.902514902332
2025-06-10 18:30:00,1421.800048828125,1434.5,1418.5999755859375,1431.0,1408.1712646484375,7136877.0,1399.1180802484353,1411.6154291671444,1395.9690577575766
2025-06-11 18:30:00,1430.5,1436.5,1420.0,1425.199951171875,1402.4637451171875,7953247.0,1407.679242298958,1413.5835243358638,1397.3467487343728
2025-06-12 18:30:00,1403.5999755859375,1421.5,1403.5999755859375,1416.0999755859375,1393.5089111328125,7573103.0,1381.2083238229704,1398.822788875249,1381.2083238229704
2025-06-15 18:30:00,1416.5999755859375,1429.0,1414.199951171875,1426.9000244140625,1404.13671875,5451137.0,1394.000986381205,1406.2031934701922,1391.639249505445
2025-06-16 18:30:00,1426.9000244140625,1429.800048828125,1417.800048828125,1423.199951171875,1400.49560546875,6970098.0,1404.1366513466178,1406.990411596049,1395.1818479070278
2025-06-17 18:30:00,1417.0,1432.0,1410.199951171875,1412.5999755859375,1390.064697265625,6751745.0,1394.3945278693373,1409.1552321163663,1387.7029605615166
2025-06-18 18:30:00,1408.0,1414.699951171875,1404.699951171875,1411.300048828125,1388.78564453125,8849883.0,1385.538241229197,1392.1313083904192,1382.2908379271437
2025-06-19 18:30:00,1411.300048828125,1433.300048828125,1410.199951171875,1427.0999755859375,1404.33349609375,12408178.0,1388.7856250535913,1410.4346597691706,1387.7030772194692
2025-06-22 18:30:00,1417.0,1423.199951171875,1411.9000244140625,1420.0999755859375,1397.4451904296875,5514384.0,1394.394668602004,1400.4957122573712,1389.3760526760818
2025-06-23 18:30:00,1427.699951171875,1435.9000244140625,1416.5,1424.0999755859375,1401.38134765625,11188438.0,1404.9238929302046,1412.993150628414,1393.9026142728064
2025-06-24 18:30:00,1422.0,1428.9000244140625,1415.300048828125,1425.800048828125,1403.05419921875,7527388.0,1399.3147727333048,1406.104720760603,1392.7217061711412
2025-06-25 18:30:00,1424.800048828125,1447.5,1421.699951171875,1439.0999755859375,1416.1419677734375,13617435.0,1402.0701682033073,1424.4079863300926,1399.0195265038492
2025-06-26 18:30:00,1438.9000244140625,1466.0,1437.0999755859375,1462.199951171875,1438.8734130859375,22532899.0,1415.9451910518737,1442.6128395732899,1414.1738584793554
2025-06-29 18:30:00,1461.800048828125,1461.9000244140625,1442.300048828125,1445.800048828125,1422.7352294921875,6325073.0,1438.4799818113797,1438.5783624887893,1419.291064922364
2025-06-30 18:30:00,1445.699951171875,1447.5999755859375,1429.5999755859375,1432.0,1409.1552734375,7761449.0,1422.6366689959384,1424.506382279972,1406.7935366641375
2025-07-01 18:30:00,1432.199951171875,1451.0,1422.5999755859375,1427.800048828125,1405.0223388671875,13372280.0,1409.352049520214,1427.8521809615802,1399.905222450911
2025-07-02 18:30:00,1432.0999755859375,1446.0999755859375,1423.699951171875,1425.9000244140625,1403.152587890625,10177738.0,1409.253631009119,1423.030288484485,1400.9876124993152
2025-07-03 18:30:00,1427.0,1444.4000244140625,1421.0999755859375,1442.800048828125,1419.7830810546875,5066503.0,1404.2350901711065,1421.35753225384,1398.4291887589882
2025-07-06 18:30:00,1437.0,1440.9000244140625,1429.5999755859375,1435.699951171875,1412.796142578125,5177477.0,1414.0754516482682,1417.9132587357801,1406.7934802735126
2025-07-07 18:30:00,1432.0,1445.0,1430.0,1442.0,1418.9957275390625,5315847.0,1409.1552578612602,1421.947868442403,1407.1871639257
2025-07-08 18:30:00,1436.199951171875,1438.699951171875,1426.5999755859375,1431.9000244140625,1409.0570068359375,8827347.0,1413.2883371129633,1415.7484547587683,1403.8415093776578
2025-07-09 18:30:00,1436.800048828125,1439.0,1422.0999755859375,1424.0999755859375,1401.38134765625,7795964.0,1413.8788169776346,1416.0436723886824,1399.4132536015054
2025-07-10 18:30:00,1422.0,1428.0,1414.5999755859375,1421.9000244140625,1399.2164306640625,7158015.0,1399.3148113378843,1405.2190932422636,1392.032839631232
2025-07-13 18:30:00,1424.9000244140625,1424.9000244140625,1416.0999755859375,1423.0,1400.2989501953125,5846154.0,1402.1686636122888,1402.1686636122888,1393.5090015352046
2025-07-14 18:30:00,1421.0999755859375,1433.800048828125,1419.0,1430.800048828125,1407.9744873046875,6041457.0,1398.429159387504,1410.9266282871913,1396.3626847243358
2025-07-15 18:30:00,1426.0,1429.199951171875,1419.0999755859375,1426.4000244140625,1403.6446533203125,5649093.0,1403.2510104989537,1406.3999128239755,1396.4610622300193
2025-07-16 18:30:00,1421.0,1423.199951171875,1409.5,1418.699951171875,1396.0675048828125,12927394.0,1398.3308611520058,1400.495716617636,1387.0143200519017
2025-07-17 18:30:00,1415.800048828125,1429.0,1408.5,1425.800048828125,1403.05419921875,11297246.0,1393.213729649599,1406.2031014317106,1386.0301388149505
2025-07-20 18:30:00,1448.0,1467.699951171875,1437.0,1465.800048828125,1442.4161376953125,13867136.0,1424.9000530820128,1444.2857308931439,1414.07553610418
2025-07-21 18:30:00,1474.0999755859375,1482.0,1469.699951171875,1473.5999755859375,1450.0916748046875,8930165.0,1450.5836983181339,1458.3576938551728,1446.25386737522
2025-07-22 18:30:00,1482.9000244140625,1490.0,1472.5999755859375,1488.5999755859375,1464.852294921875,11974174.0,1459.243275244324,1466.2299847038992,1449.1075434082761
2025-07-23 18:30:00,1487.699951171875,1488.699951171875,1478.0999755859375,1483.4000244140625,1459.7353515625,6700578.0,1463.9666816111749,1464.9507286163912,1454.5198543856832
2025-07-24 18:30:00,1500.0,1500.0,1473.5999755859375,1477.0999755859375,1453.5357666015625,8696077.0,1476.0704664133914,1476.0704664133914,1450.0916021799312
2025-07-27 18:30:00,1477.0999755859375,1493.800048828125,1477.0999755859375,1488.4000244140625,1464.6556396484375,7507479.0,1453.5358600374882,1469.969517693696,1453.5358600374882
2025-07-28 18:30:00,1479.9000244140625,1489.800048828125,1475.4000244140625,1486.199951171875,1462.4906005859375,9776027.0,1456.2911765714125,1466.0332658775797,1451.8629650797843
2025-07-29 18:30:00,1487.699951171875,1488.5,1477.300048828125,1482.4000244140625,1458.7513427734375,7238625.0,1463.9667199639605,1464.754005637929,1453.7327269399423
2025-07-30 18:30:00,1469.9000244140625,1494.5,1464.0,1481.4000244140625,1457.767333984375,12406146.0,1446.4507928310486,1470.6583264040125,1440.6448911712775
2025-07-31 18:30:00,1480.4000244140625,1485.0999755859375,1469.800048828125,1471.5999755859375,1448.12353515625,4416771.0,1456.7831967694258,1461.408169601032,1446.3523226373668
2025-08-03 18:30:00,1476.800048828125,1478.800048828125,1461.300048828125,1463.199951171875,1439.8575439453125,6140054.0,1453.240679444368,1455.2087734738848,1437.987950715613
2025-08-04 18:30:00,1453.0,1461.5,1441.0,1444.4000244140625,1421.357421875,14799343.0,1429.820201520808,1438.184600497358,1418.0116382597967
2025-08-05 18:30:00,1442.300048828125,1454.0,1441.5999755859375,1443.5999755859375,1420.5703125,7805252.0,1419.291123395121,1430.8044259536912,1418.6022183790183
2025-08-06 18:30:00,1441.0999755859375,1447.9000244140625,1429.0999755859375,1440.300048828125,1417.322998046875,7432535.0,1418.110163604165,1424.8017315172433,1406.301599138448
2025-08-07 18:30:00,1445.9000244140625,1447.5999755859375,1432.0,1435.9000244140625,1412.9931640625,5415511.0,1422.8336344297813,1424.5064663430474,1409.1553565946745
2025-08-10 18:30:00,1427.9000244140625,1438.4000244140625,1420.4000244140625,1436.5999755859375,1413.681884765625,8492484.0,1405.1207239838918,1415.4532174004985,1397.7403715434584
2025-08-11 18:30:00,1431.0,1433.800048828125,1420.0999755859375,1422.0,1410.112060546875,5913947.0,1419.0368204237539,1421.8134608053708,1408.2279203629066
2025-08-12 18:30:00,1424.5999755859375,1427.699951171875,1415.199951171875,1420.800048828125,1408.922119140625,9009465.0,1412.6902784003407,1415.7643381003145,1403.368838463484
2025-08-13 18:30:00,1412.0,1431.0999755859375,1412.0,1427.300048828125,1415.3677978515625,7577793.0,1400.1956576735638,1419.1359571615956,1400.1956576735638
2025-08-17 18:30:00,1450.0,1452.4000244140625,1431.0,1434.5999755859375,1422.606689453125,6908844.0,1437.8779693374279,1440.2579294966365,1419.0368097392131
2025-08-18 18:30:00,1431.0999755859375,1438.5,1426.300048828125,1436.300048828125,1424.29248046875,6709554.0,1419.1358802007367,1426.474039895735,1414.3760811646432
2025-08-19 18:30:00,1432.5999755859375,1435.9000244140625,1423.0,1430.5999755859375,1418.64013671875,5817858.0,1420.6234166864958,1423.8958770531979,1411.1036970512757
2025-08-20 18:30:00,1440.0999755859375,1447.800048828125,1436.4000244140625,1446.0,1433.911376953125,6238645.0,1428.0606770004104,1435.6963772945633,1424.3916575816534
2025-08-21 18:30:00,1444.300048828125,1446.0,1429.4000244140625,1436.4000244140625,1424.3917236328125,6657207.0,1432.2257038615987,1433.9114434457279,1417.450243616132
2025-08-24 18:30:00,1435.9000244140625,1435.9000244140625,1424.0,1433.199951171875,1421.2183837890625,6738427.0,1423.8958843891958,1423.8958843891958,1412.0953443103494
2025-08-25 18:30:00,1427.9000244140625,1427.9000244140625,1413.0999755859375,1416.5999755859375,1404.7572021484375,8720155.0,1415.9627825871721,1415.9627825871721,1401.2864621426106
2025-08-27 18:30:00,1408.0,1411.800048828125,1396.300048828125,1399.0999755859375,1387.4034423828125,12990789.0,1396.2290622275916,1399.9973424915918,1384.6269231275805
2025-08-28 18:30:00,1392.0999755859375,1405.0,1392.0999755859375,1397.800048828125,1386.1143798828125,8519507.0,1380.4619594997932,1393.254139151069,1380.4619594997932
2025-08-31 18:30:00,1398.0999755859375,1412.4000244140625,1398.0999755859375,1411.0,1399.2039794921875,4927348.0,1386.4117998354175,1400.5922996421114,1386.4117998354175
2025-09-01 18:30:00,1413.9000244140625,1413.9000244140625,1390.0,1394.199951171875,1382.54443359375,7163073.0,1402.0798141390458,1402.0798141390458,1378.3795940317052
2025-09-02 18:30:00,1389.0,1400.0,1384.199951171875,1397.0,1385.321044921875,9813382.0,1377.387925122752,1388.2959648465462,1372.6280048233573
2025-09-03 18:30:00,1409.9000244140625,1415.0999755859375,1401.9000244140625,1405.5,1393.75,10564859.0,1398.1132401473494,1403.2697196534332,1390.180120261188
2025-09-04 18:30:00,1411.0,1411.5,1387.699951171875,1402.800048828125,1391.0726318359375,6621077.0,1399.2040313658385,1399.699851362779,1376.098771088494
2025-09-07 18:30:00,1402.199951171875,1410.5999755859375,1397.5999755859375,1402.699951171875,1390.973388671875,5880943.0,1390.4775686686341,1398.807368933041,1385.9160488487796
2025-09-08 18:30:00,1399.0,1407.5,1395.199951171875,1403.699951171875,1391.9649658203125,6470679.0,1387.304306420236,1395.7332460946977,1383.5360261458507
2025-09-09 18:30:00,1410.0,1413.699951171875,1402.0999755859375,1403.9000244140625,1392.163330078125,7452347.0,1398.2123094765393,1401.8813288190768,1390.3783297737682
2025-09-10 18:30:00,1398.0,1408.0,1396.0,1401.5999755859375,1389.882568359375,10192026.0,1386.3126886500647,1396.2290884258164,1384.3294086949145
2025-09-11 18:30:00,1405.0999755859375,1419.699951171875,1400.0999755859375,1417.699951171875,1405.847900390625,7770038.0,1393.3532613043915,1407.8311802789096,1388.39506158368
2025-09-14 18:30:00,1422.0,1426.800048828125,1416.300048828125,1419.4000244140625,1407.5338134765625,5845637.0,1410.1120532176328,1414.8719735471493,1404.4597537449094
2025-09-15 18:30:00,1414.0,1424.9000244140625,1413.699951171875,1421.5999755859375,1409.71533203125,8213151.0,1402.1788926034542,1412.987792293879,1401.8813521978338
2025-09-16 18:30:00,1420.0999755859375,1426.0999755859375,1416.4000244140625,1419.199951171875,1407.33544921875,7484283.0,1408.2279494348236,1414.1777894755733,1404.5589298296168
2025-09-17 18:30:00,1431.0999755859375,1432.800048828125,1415.300048828125,1421.699951171875,1409.814453125,8130537.0,1419.1358927633355,1420.821753289835,1403.4680543540285
2025-09-18 18:30:00,1416.0999755859375,1418.0,1400.199951171875,1402.199951171875,1390.4775390625,13457344.0,1404.26135906907,1406.145499251229,1388.494259091765
2025-09-21 18:30:00,1403.9000244140625,1409.9000244140625,1397.199951171875,1401.5,1389.783447265625,8847948.0,1392.1634074537787,1398.1132473992611,1385.5193468847744
2025-09-22 18:30:00,1391.0,1403.300048828125,1391.0,1394.300048828125,1382.6436767578125,12827524.0,1379.3712163938944,1391.568436605077,1379.3712163938944
2025-09-23 18:30:00,1386.4000244140625,1390.9000244140625,1376.5,1382.699951171875,1371.1405029296875,9735678.0,1374.8096433544556,1379.2720231049968,1364.9923836933056
2025-09-24 18:30:00,1377.0,1391.5,1371.800048828125,1375.800048828125,1364.29833984375,21613389.0,1365.488259405882,1379.867039189023,1360.331779903573
2025-09-25 18:30:00,1368.0,1372.699951171875,1357.0,1359.5999755859375,1348.233642578125,18342280.0,1356.563442311047,1361.2241016242142,1345.655402935739
2025-09-28 18:30:00,1359.5999755859375,1366.5,1346.199951171875,1348.0999755859375,1336.829833984375,20563163.0,1348.233693764239,1355.076033842118,1334.9456938107846
2025-09-29 18:30:00,1353.699951171875,1356.5999755859375,1342.5999755859375,1348.0,1336.730712890625,20166871.0,1342.3830124406416,1345.2587926353076,1331.3758327091439
2025-09-30 18:30:00,1348.0,1379.4000244140625,1347.0999755859375,1372.0,1360.530029296875,20952632.0,1336.7306701838102,1367.8681892333634,1335.8381700071102
2025-10-02 18:30:00,1371.9000244140625,1371.9000244140625,1361.300048828125,1365.199951171875,1353.786865234375,12163695.0,1360.4309257938526,1360.4309257938526,1349.9195661151996
2025-10-05 18:30:00,1371.0,1372.5999755859375,1359.0999755859375,1363.4000244140625,1352.001953125,14314283.0,1359.5383926525742,1361.1249923873581,1347.73785285358
2025-10-06 18:30:00,1363.5999755859375,1383.0999755859375,1363.5999755859375,1375.9000244140625,1364.3974609375,16126464.0,1352.2002408686599,1371.5372203120692,1352.2002408686599
2025-10-07 18:30:00,1372.300048828125,1381.5999755859375,1364.300048828125,1370.300048828125,1358.8443603515625,8100832.0,1360.8276403806535,1370.0498198860423,1352.8945202642897
2025-10-08 18:30:00,1369.800048828125,1378.699951171875,1365.0999755859375,1376.199951171875,1364.69482421875,7909575.0,1358.3484255020637,1367.173924045517,1353.687645197864
2025-10-09 18:30:00,1370.300048828125,1385.0,1370.300048828125,1380.300048828125,1368.7607421875,7673816.0,1358.8443421746942,1373.4214017735967,1358.8443421746942
2025-10-12 18:30:00,1373.0999755859375,1386.4000244140625,1373.0999755859375,1379.4000244140625,1367.8681640625,8923018.0,1361.6207839903618,1374.8096436760768,1361.6207839903618
2025-10-13 18:30:00,1389.0,1389.0,1375.0999755859375,1384.0999755859375,1372.52880859375,10610855.0,1377.3878684808556,1377.3878684808556,1363.6040491867466
2025-10-14 18:30:00,1386.5,1400.4000244140625,1385.5,1398.4000244140625,1386.7093505859375,8988550.0,1374.9088107982643,1388.692630514965,1373.9171708337506
2025-10-15 18:30:00,1401.0,1418.9000244140625,1399.4000244140625,1417.300048828125,1405.451416015625,12185032.0,1389.287635646356,1407.0380158006922,1387.7010358612888
2025-10-16 18:30:00,1412.0,1439.5999755859375,1410.9000244140625,1436.5999755859375,1424.5899658203125,17037215.0,1400.1956466119625,1427.5648857493748,1399.1048668479334
2025-10-19 18:30:00,1442.0,1445.0,1389.199951171875,1390.300048828125,1378.6771240234375,23330227.0,1429.944862993793,1432.9197829584125,1377.5862231965677
2025-10-20 18:30:00,1384.5,1387.5999755859375,1375.9000244140625,1382.0,1370.4464111328125,3415560.0,1372.9255110082336,1375.999570643796,1364.3974316467445
2025-10-22 18:30:00,1385.0,1389.800048828125,1360.0999755859375,1363.699951171875,1352.2994384765625,21124942.0,1373.4214191916344,1378.1813396780694,1348.7295586366392
2025-10-23 18:30:00,1368.0999755859375,1381.5999755859375,1368.0999755859375,1377.699951171875,1366.182373046875,10570263.0,1356.66265330236,1370.0497932383416,1356.66265330236
2025-10-26 18:30:00,1382.0999755859375,1386.800048828125,1374.0,1377.5999755859375,1366.083251953125,11499836.0,1370.5456319928564,1375.206412664237,1362.5133721313011
2025-10-27 18:30:00,1373.0,1375.800048828125,1356.199951171875,1363.0999755859375,1351.7044677734375,26477914.0,1361.521728041381,1364.298368477702,1344.8621275230646
2025-10-28 18:30:00,1364.5999755859375,1371.699951171875,1358.4000244140625,1370.4000244140625,1358.9434814453125,16129382.0,1353.191921020162,1360.2325408166014,1347.043801434495
2025-10-29 18:30:00,1362.4000244140625,1370.199951171875,1361.300048828125,1362.4000244140625,1351.0103759765625,9324401.0,1351.0103759765625,1358.7450954369456,1349.9195961737937
2025-10-30 18:30:00,1357.0,1362.0,1343.300048828125,1345.300048828125,1334.0533447265625,15926798.0,1345.6554843440952,1350.6136843601014,1332.07006472016
2025-11-02 18:30:00,1340.5,1351.5999755859375,1337.9000244140625,1346.4000244140625,1335.14404296875,11071450.0,1329.2933430972657,1340.3005222505137,1326.715103456384
2025-11-03 18:30:00,1342.5999755859375,1349.800048828125,1333.199951171875,1336.9000244140625,1325.7235107421875,15211183.0,1331.375810196628,1338.5156906678078,1322.0543701938611
2025-11-05 18:30:00,1330.0,1342.199951171875,1317.4000244140625,1320.4000244140625,1309.3614501953125,24221853.0,1318.88116976713,1330.979129069885,1306.386530263507
2025-11-06 18:30:00,1320.4000244140625,1344.300048828125,1318.5999755859375,1343.0,1331.7724609375,7719245.0,1309.3614221413634,1333.0616413002483,1307.576421800604
2025-11-09 18:30:00,1342.9000244140625,1349.5999755859375,1341.0,1348.0,1336.730712890625,8542340.0,1331.6733731274833,1338.3173126722259,1329.7892329275433
2025-11-10 18:30:00,1349.0,1360.4000244140625,1346.199951171875,1358.300048828125,1346.944580078125,8305184.0,1337.7222802082897,1349.0269997439532,1334.9456399539874
2025-11-11 18:30:00,1370.0,1370.0,1355.4000244140625,1358.9000244140625,1347.53955078125,9736761.0,1358.5467300041707,1358.5467300041707,1344.0688109600715
2025-11-12 18:30:00,1358.9000244140625,1390.4000244140625,1358.5,1385.9000244140625,1374.3138427734375,18296626.0,1347.5395638924115,1378.7762225869417,1347.142883699029
2025-11-13 18:30:00,1374.0,1381.199951171875,1363.199951171875,1373.0,1361.521728515625,9694498.0,1362.513368521827,1369.653128146561,1351.8036080349211
2025-11-16 18:30:00,1375.0999755859375,1382.5,1373.5999755859375,1379.0,1367.4715576171875,7660717.0,1363.6041374139656,1370.9422976111398,1362.1166774165574
2025-11-17 18:30:00,1380.199951171875,1382.800048828125,1369.0999755859375,1373.4000244140625,1361.9183349609375,9529560.0,1368.6614140079962,1371.2397747243117,1357.6542347453071
2025-11-18 18:30:00,1373.5,1384.0,1371.5999755859375,1383.0999755859375,1371.5372314453125,10393918.0,1362.0175118520117,1372.4297316368286,1360.133371680989
2025-11-19 18:30:00,1380.0999755859375,1388.300048828125,1375.4000244140625,1383.0,1371.4381103515625,10131863.0,1368.5623301618334,1376.6938507345087,1363.9016706145442
2025-11-20 18:30:00,1373.0,1376.0,1364.5999755859375,1369.5,1358.0509033203125,11483595.0,1361.5216431243439,1364.4965629563708,1353.1918433847088
2025-11-23 18:30:00,1373.300048828125,1377.0,1361.5,1368.4000244140625,1356.960205078125,15896003.0,1361.8192653055182,1365.488284898759,1350.1178648436169
2025-11-24 18:30:00,1365.0,1376.9000244140625,1354.300048828125,1357.800048828125,1346.4488525390625,12235000.0,1353.5886121834044,1365.3891524995797,1342.978112507823
2025-11-25 18:30:00,1360.0,1377.0,1359.9000244140625,1375.0,1363.5050048828125,9659004.0,1348.6304048295453,1365.4882848899147,1348.5312650391513
2025-11-26 18:30:00,1379.0,1394.0,1375.699951171875,1392.199951171875,1380.5611572265625,15158741.0,1367.471557668799,1382.3461576434415,1364.1990972544559
2025-11-27 18:30:00,1392.0,1398.5,1385.5999755859375,1388.800048828125,1377.189697265625,7683986.0,1380.3628968845176,1386.8085569633604,1374.0163765969262
2025-11-30 18:30:00,1394.0,1400.0,1385.4000244140625,1390.0999755859375,1378.478759765625,8867593.0,1382.3461800316288,1388.2960201178482,1373.8181001180092
2025-12-01 18:30:00,1381.800048828125,1381.800048828125,1370.5999755859375,1373.0,1361.521728515625,12126396.0,1370.2482089901266,1370.2482089901266,1359.1417682907786
2025-12-02 18:30:00,1367.0,1394.199951171875,1367.0,1391.5,1379.8670654296875,7955933.0,1355.5718853340877,1382.544445020301,1355.5718853340877
2025-12-03 18:30:00,1387.0,1391.5999755859375,1379.9000244140625,1386.699951171875,1375.1070556640625,7373909.0,1375.4045960658268,1379.9661155774988,1368.3639767054422
2025-12-04 18:30:00,1381.0,1395.300048828125,1381.0,1392.5,1380.858642578125,4942638.0,1369.4547830523452,1383.6352828825825,1369.4547830523452
2025-12-07 18:30:00,1387.0,1394.9000244140625,1383.300048828125,1389.5999755859375,1377.98291015625,7826227.0,1375.404670384236,1383.2386505394277,1371.7356508298087
2025-12-08 18:30:00,1379.9000244140625,1384.300048828125,1373.4000244140625,1375.199951171875,1363.7032470703125,10492030.0,1368.3640275890855,1372.7272676950297,1361.9183677427457
2025-12-09 18:30:00,1377.9000244140625,1379.4000244140625,1357.9000244140625,1363.5999755859375,1352.2001953125,8725381.0,1366.3806948465074,1367.8681547535796,1346.5478960855444
2025-12-10 18:30:00,1363.699951171875,1366.5999755859375,1352.800048828125,1360.0,1348.63037109375,6734750.0,1352.299390595187,1355.1751707435094,1341.490611666704
2025-12-11 18:30:00,1368.0,1370.699951171875,1363.300048828125,1366.0,1354.5802001953125,3890885.0,1356.5634801370334,1359.240859638436,1351.90282069391
2025-12-14 18:30:00,1356.0999755859375,1370.0,1356.0999755859375,1365.199951171875,1353.786865234375,5342530.0,1344.7629655399599,1358.5467856038574,1344.7629655399599
2025-12-15 18:30:00,1364.0,1368.699951171875,1355.5,1366.0,1354.5802001953125,12359741.0,1352.5969202535916,1357.257579696715,1344.1679805012782
2025-12-16 18:30:00,1365.0,1365.0,1343.0999755859375,1352.4000244140625,1341.0938720703125,9440391.0,1353.5885110391764,1353.5885110391764,1331.8715722565005
2025-12-17 18:30:00,1346.300048828125,1369.5,1345.5,1356.800048828125,1345.4571533203125,7314573.0,1335.0449336848067,1358.0509324595278,1334.2515732926577
2025-12-18 18:30:00,1354.0,1360.4000244140625,1350.800048828125,1354.0999755859375,1342.7796630859375,14318512.0,1342.6805232986085,1349.0270433350909,1339.5073238052678
2025-12-21 18:30:00,1358.0,1371.300048828125,1354.800048828125,1368.5,1357.059326171875,9375294.0,1346.647106277973,1359.8359665635035,1343.4739067302291
2025-12-22 18:30:00,1361.0999755859375,1365.0,1357.0,1363.0,1351.605224609375,9105467.0,1349.7210845323889,1353.5885044694035,1345.6553850292898
2025-12-23 18:30:00,1363.800048828125,1368.199951171875,1357.5999755859375,1359.800048828125,1348.43212890625,8955140.0,1352.3986889312134,1356.7618081188289,1346.2504482626368
2025-12-25 18:30:00,1356.5,1362.0,1348.5,1350.4000244140625,1339.110595703125,2812144.0,1345.159575111433,1350.6135947672478,1337.2264556120658
2025-12-28 18:30:00,1352.0999755859375,1355.699951171875,1341.5,1343.300048828125,1332.070068359375,6057201.0,1340.7964277815033,1344.3663075928198,1330.2850679288142
2025-12-29 18:30:00,1343.300048828125,1347.0999755859375,1338.0999755859375,1342.5,1331.276611328125,18621277.0,1332.0699716952038,1335.8381308143366,1326.9133714087848
2025-12-30 18:30:00,1342.800048828125,1350.0,1339.5,1342.9000244140625,1331.67333984375,6150634.0,1331.574200056716,1338.7139594203709,1328.3017397359904
2025-12-31 18:30:00,1343.9000244140625,1348.4000244140625,1336.0,1338.0,1326.8143310546875,4179311.0,1332.665031313395,1337.1274113505744,1324.8310510381634
2026-01-01 18:30:00,1338.0,1356.9000244140625,1336.300048828125,1355.4000244140625,1344.06884765625,8226205.0,1326.8142878641993,1345.5563076202234,1325.12854832495
2026-01-04 18:30:00,1354.199951171875,1375.5,1352.5999755859375,1371.5,1360.0341796875,6920565.0,1342.878760280637,1364.0007394532674,1341.2921605842894
2026-01-05 18:30:00,1372.0,1413.5999755859375,1366.0,1411.199951171875,1399.4022216796875,17260416.0,1360.5299848190614,1401.7821817231495,1354.5801452353044
2026-01-06 18:30:00,1408.0,1429.9000244140625,1404.199951171875,1427.699951171875,1415.7642822265625,15813795.0,1396.2290239898057,1417.9459627064246,1392.4607438290054
2026-01-07 18:30:00,1429.0,1442.199951171875,1423.300048828125,1435.0,1423.00341796875,14861699.0,1417.0535778936194,1430.1431776389843,1411.4012782421678
2026-01-08 18:30:00,1427.0999755859375,1429.5,1401.5,1404.300048828125,1392.56005859375,12555636.0,1415.1693772847862,1417.549337423264,1389.7834182572258
2026-01-11 18:30:00,1399.9000244140625,1424.300048828125,1391.699951171875,1413.0999755859375,1401.286376953125,10923811.0,1388.1967781468372,1412.3928169264516,1380.0652579976486
2026-01-12 18:30:00,1420.0,1441.800048828125,1411.0999755859375,1437.0,1424.9866943359375,14295581.0,1408.1288141663404,1429.746614803746,1399.3031938675902
2026-01-13 18:30:00,1425.5999755859375,1443.9000244140625,1414.9000244140625,1418.4000244140625,1406.5421142578125,13832255.0,1413.6818734015883,1431.8289327125644,1403.0713744699053
2026-01-14 18:30:00,1418.4000244140625,1418.4000244140625,1418.4000244140625,1418.4000244140625,1406.5421142578125,0.0,1406.5421142578125,1406.5421142578125,1406.5421142578125
2026-01-15 18:30:00,1417.9000244140625,1429.0,1400.199951171875,1410.800048828125,1399.0057373046875,12530886.0,1406.0463569783972,1417.0535365865687,1388.494256638521
2026-01-18 18:30:00,1399.9000244140625,1400.0,1360.0,1380.5999755859375,1369.05810546875,23302883.0,1388.1968051292893,1388.2959449153948,1348.6303464892405
2026-01-19 18:30:00,1374.699951171875,1387.800048828125,1371.5,1375.800048828125,1364.29833984375,15012785.0,1363.207439020359,1376.1980196642805,1360.0342394881388
2026-01-20 18:30:00,1367.5,1371.5,1339.5,1349.0,1337.7222900390625,21766068.0,1356.0676290796277,1360.0341888721825,1328.3017105317451
2026-01-21 18:30:00,1355.0999755859375,1358.0,1338.0,1345.5,1334.2515869140625,17179765.0,1343.7713064680374,1346.6470866066866,1326.814287098488
2026-01-22 18:30:00,1340.5,1355.199951171875,1335.699951171875,1343.4000244140625,1332.169189453125,14056524.0,1329.2934092663852,1343.8704687287582,1324.5334888848981
2026-01-26 18:30:00,1340.0,1369.0999755859375,1328.5999755859375,1361.4000244140625,1350.0186767578125,25263634.0,1328.7975572308817,1357.6542560921293,1317.492837384778
2026-01-27 18:30:00,1362.5999755859375,1380.4000244140625,1362.5999755859375,1367.699951171875,1356.2659912109375,13242696.0,1351.2086513775284,1368.859891948821,1351.2086513775284
2026-01-28 18:30:00,1359.0,1387.699951171875,1354.4000244140625,1383.5999755859375,1372.0330810546875,23118234.0,1347.6387612421634,1376.098780848474,1343.0772414479197
2026-01-29 18:30:00,1368.199951171875,1381.9000244140625,1353.199951171875,1355.0,1343.672119140625,24013717.0,1356.7617179329986,1370.347257745332,1341.8871188281207
2026-02-01 18:30:00,1329.9000244140625,1354.4000244140625,1329.0999755859375,1352.800048828125,1341.4906005859375,12800245.0,1318.7820210502812,1343.0772003288644,1317.9886606539171
2026-02-02 18:30:00,1412.0,1417.0,1373.4000244140625,1389.699951171875,1378.08203125,24896698.0,1400.1956512153185,1405.15385111339,1361.918372212169
2026-02-03 18:30:00,1387.0,1414.0,1386.9000244140625,1408.4000244140625,1396.625732421875,11080683.0,1375.4046132419246,1402.1788919423802,1375.3054734566974
2026-02-04 18:30:00,1414.0,1414.0,1393.199951171875,1396.5,1384.8251953125,8982761.0,1402.1788945018798,1402.1788945018798,1381.5527350454402
2026-02-05 18:30:00,1396.699951171875,1410.5,1394.699951171875,1406.0999755859375,1394.344970703125,10851190.0,1385.0235305539115,1398.7082108846507,1383.0402505668367
2026-02-08 18:30:00,1413.5,1414.0,1388.800048828125,1396.300048828125,1384.626953125,7889742.0,1401.6831123688528,1402.1789323590788,1377.1896532716103
2026-02-09 18:30:00,1401.0,1409.5,1395.5,1406.5,1394.7415771484375,16497628.0,1389.2875574724217,1397.716496971719,1383.8335377964056
2026-02-10 18:30:00,1407.4000244140625,1413.0,1400.4000244140625,1406.0999755859375,1394.344970703125,8551341.0,1395.6341511146452,1401.1873108684945,1388.6926711598828
2026-02-11 18:30:00,1406.0999755859375,1433.0,1405.300048828125,1430.0,1418.045166015625,19646265.0,1394.3449463736551,1421.0200859443291,1393.5517070225485
2026-02-12 18:30:00,1425.300048828125,1434.4000244140625,1410.699951171875,1414.5999755859375,1402.77392578125,12228083.0,1413.3845464564506,1422.4084462850303,1398.9065055547715
2026-02-15 18:30:00,1404.0,1414.0,1400.5,1411.5999755859375,1399.7989501953125,5000042.0,1392.2625106722887,1402.1789103209517,1388.7917707952565
2026-02-16 18:30:00,1406.199951171875,1413.5999755859375,1393.5999755859375,1407.5,1395.7332763671875,11756187.0,1394.4440959690942,1401.782256054804,1381.9494563906167
2026-02-17 18:30:00,1410.0999755859375,1412.300048828125,1398.9000244140625,1408.199951171875,1396.4273681640625,4758071.0,1398.3115083316352,1400.4931889124357,1387.2051890014204
2026-02-18 18:30:00,1408.5,1412.300048828125,1384.800048828125,1388.800048828125,1377.189697265625,14323091.0,1396.7249570846573,1400.4932375506726,1373.2231372171063
2026-02-19 18:30:00,1388.5,1403.699951171875,1384.0,1394.5,1382.8419189453125,10337877.0,1376.8920792080073,1391.9649581225938,1372.4296994050287
2026-02-22 18:30:00,1400.0,1408.300048828125,1395.300048828125,1399.4000244140625,1387.7010498046875,10728445.0,1388.29600959884,1396.5266700756697,1383.6353499865377
2026-02-23 18:30:00,1400.9000244140625,1400.9000244140625,1382.300048828125,1384.800048828125,1373.2230224609375,18274784.0,1389.1884011120849,1389.1884011120849,1370.7439226377844
2026-02-24 18:30:00,1391.800048828125,1407.4000244140625,1388.199951171875,1400.5,1388.791748046875,16297015.0,1380.164528913772,1395.634087902335,1376.5945282588896
2026-02-25 18:30:00,1405.0999755859375,1410.0,1392.0999755859375,1404.9000244140625,1393.155029296875,27288792.0,1393.3533088725535,1398.2123689746954,1380.4619891586024
2026-02-26 18:30:00,1400.0,1402.199951171875,1376.699951171875,1378.9000244140625,1367.3724365234375,15096898.0,1388.296016563106,1390.4775761692113,1365.1907558675261
2026-03-01 18:30:00,1355.0,1379.199951171875,1355.0,1374.0,1362.5133056640625,16928683.0,1343.672146415433,1367.6697850385044,1343.672146415433
2026-03-03 18:30:00,1326.0,1376.0,1326.0,1365.4000244140625,1353.9852294921875,20009132.0,1314.9145907457403,1364.4965888884906,1314.9145907457403
2026-03-04 18:30:00,1368.9000244140625,1370.800048828125,1347.5999755859375,1357.5999755859375,1346.2503662109375,17590491.0,1357.45594601842,1359.3400861254038,1336.3339667529167
2026-03-05 18:30:00,1339.0,1357.5999755859375,1310.4000244140625,1313.4000244140625,1302.419921875,22778852.0,1327.8058801381828,1346.2503588188658,1299.4450020539286
2026-03-08 18:30:00,1272.699951171875,1282.699951171875,1251.0999755859375,1278.4000244140625,1267.7125244140625,16116652.0,1262.060104122135,1271.9765035292385,1240.6407056127512
2026-03-09 18:30:00,1287.5999755859375,1315.0,1285.5999755859375,1311.9000244140625,1300.9324951171875,19136143.0,1276.8355955325096,1304.006554800674,1274.8523156012538
2026-03-10 18:30:00,1300.0,1306.5,1290.9000244140625,1294.5999755859375,1283.777099609375,13224259.0,1289.1319797351587,1295.5776396338345,1280.1080800869731
2026-03-11 18:30:00,1275.699951171875,1280.5,1258.300048828125,1266.5,1255.9119873046875,19676187.0,1265.0350263567016,1269.7949465011072,1247.780588195275
2026-03-12 18:30:00,1251.9000244140625,1262.300048828125,1248.699951171875,1254.800048828125,1244.3099365234375,17344394.0,1241.434156276259,1251.747236619689,1238.2608356053079
2026-03-15 18:30:00,1255.0,1276.800048828125,1240.0999755859375,1272.9000244140625,1262.258544921875,22740688.0,1244.5081652081492,1266.125965023717,1229.7327054112554
2026-03-16 18:30:00,1278.9000244140625,1294.4000244140625,1273.0,1288.699951171875,1277.9263916015625,22303102.0,1268.2083924442081,1283.578812107693,1262.3576923623407
2026-03-17 18:30:00,1286.0,1297.0999755859375,1270.800048828125,1289.300048828125,1278.521484375,12961135.0,1275.2490239961462,1286.2562036480494,1260.1761446052265
2026-03-18 18:30:00,1267.5999755859375,1285.9000244140625,1243.699951171875,1250.0999755859375,1239.6490478515625,14422899.0,1257.0027465645267,1275.1498056385733,1233.3025281122907
2026-03-19 18:30:00,1258.4000244140625,1274.0,1241.699951171875,1245.4000244140625,1234.9884033203125,16421006.0,1247.8797225177066,1263.34928134462,1231.3192629188682
2026-03-22 18:30:00,1226.5999755859375,1234.9000244140625,1218.0999755859375,1222.699951171875,1212.4781494140625,17049534.0,1216.3455695278035,1224.5762297429494,1207.9166297375125
2026-03-23 18:30:00,1237.0999755859375,1253.9000244140625,1223.699951171875,1251.199951171875,1240.7398681640625,20617782.0,1226.757768953439,1243.4173686829902,1213.46976929413
2026-03-24 18:30:00,1258.9000244140625,1272.9000244140625,1254.4000244140625,1259.699951171875,1249.1688232421875,17290030.0,1248.3755838951454,1262.2585434912949,1243.9132040249544
2026-03-26 18:30:00,1256.0,1260.9000244140625,1230.0999755859375,1233.800048828125,1223.4854736328125,23630905.0,1245.499833090769,1250.358893273775,1219.8163330232837
2026-03-29 18:30:00,1216.5,1222.5999755859375,1200.4000244140625,1205.9000244140625,1195.8187255859375,23952775.0,1206.3300855990337,1212.3790655174357,1190.3647054702
2026-03-31 18:30:00,1228.0999755859375,1234.0,1210.0,1212.699951171875,1202.561767578125,25472333.0,1217.8330476356737,1223.6837477872427,1199.884388024768
2026-04-01 18:30:00,1196.0,1222.0999755859375,1187.5999755859375,1215.800048828125,1205.635986328125,20851722.0,1186.001465486272,1211.883245832491,1177.67166509731
2026-04-05 18:30:00,1213.0,1234.4000244140625,1200.5,1231.4000244140625,1221.10546875,10058414.0,1202.8592693089724,1224.0803886246306,1190.4637698313447
2026-04-06 18:30:00,1229.0,1250.4000244140625,1216.5999755859375,1245.5,1235.0875244140625,25600557.0,1218.7254656803555,1239.9465842479708,1206.429106422035
2026-04-07 18:30:00,1310.0,1333.5,1292.4000244140625,1309.199951171875,1298.2550048828125,25148651.0,1299.048365281531,1322.3519046587187,1281.595525957938
2026-04-08 18:30:00,1299.9000244140625,1308.0,1275.9000244140625,1281.300048828125,1270.58837890625,22923062.0,1289.032858674316,1297.065118454786,1265.2334987026684
2026-04-09 18:30:00,1289.0,1324.0,1288.5,1321.9000244140625,1310.848876953125,18174755.0,1278.2238983175278,1312.931296642674,1277.7280783414542
2026-04-12 18:30:00,1304.9000244140625,1357.0,1296.699951171875,1351.0999755859375,1339.8046875,30572141.0,1293.9909710757174,1345.655387306946,1285.8594510059597
2026-04-14 18:30:00,1358.0,1364.800048828125,1338.0,1348.0999755859375,1336.829833984375,23827473.0,1346.647094004827,1353.3902942945808,1326.8142943876721
2026-04-15 18:30:00,1352.0,1366.9000244140625,1340.199951171875,1345.5,1334.2515869140625,24017236.0,1340.697246754227,1355.4727065977952,1328.995846624469
2026-04-16 18:30:00,1347.0,1352.9000244140625,1334.0,1346.800048828125,1335.540771484375,18151993.0,1335.7390510601572,1341.5897511433582,1322.8477313394578
2026-04-19 18:30:00,1364.699951171875,1376.4000244140625,1353.0,1356.199951171875,1344.862060546875,21551520.0,1353.2910001768837,1364.893260297481,1341.6888611060856
2026-04-20 18:30:00,1368.0,1393.0999755859375,1360.0,1388.4000244140625,1376.79296875,23312455.0,1356.5634890022861,1381.4536282235813,1348.6303691835594
2026-04-21 18:30:00,1380.0,1380.0999755859375,1365.0,1367.5999755859375,1356.166748046875,13613487.0,1368.463107425001,1368.5622472083335,1353.588508431251
2026-04-22 18:30:00,1348.4000244140625,1354.0,1343.5,1348.0,1336.730712890625,20111792.0,1337.1273930984762,1342.680552858981,1332.268332914358
2026-04-23 18:30:00,1336.300048828125,1348.800048828125,1324.0,1326.199951171875,1315.1129150390625,14056743.0,1325.1285758443225,1337.5240758015216,1312.931355466517
2026-04-26 18:30:00,1327.9000244140625,1335.9000244140625,1310.9000244140625,1314.0999755859375,1303.114013671875,15385625.0,1316.7986931874252,1324.7318126631535,1299.9408143015023
2026-04-27 18:30:00,1314.300048828125,1317.699951171875,1286.699951171875,1292.0,1281.1988525390625,16774778.0,1303.3124724850059,1306.6839515728986,1275.943112231791
2026-04-28 18:30:00,1294.699951171875,1296.800048828125,1276.199951171875,1281.0,1270.290771484375,11716030.0,1283.876190331697,1285.9587310592146,1265.5308513211887
2026-04-29 18:30:00,1261.0,1272.199951171875,1259.0,1263.4000244140625,1252.8380126953125,17740110.0,1250.4580524616338,1261.5643721523936,1248.474772441869
2026-04-30 18:30:00,1263.4000244140625,1263.4000244140625,1263.4000244140625,1263.4000244140625,1252.8380126953125,0.0,1252.8380126953125,1252.8380126953125,1252.8380126953125
2026-05-03 18:30:00,1264.300048828125,1282.199951171875,1264.300048828125,1270.800048828125,1260.1761474609375,14597051.0,1253.7304875272214,1271.4807465048432,1253.7304875272214
2026-05-04 18:30:00,1264.0,1266.699951171875,1245.5,1251.300048828125,1240.839111328125,24447935.0,1253.4328902069624,1256.11026963796,1235.0875512284588
2026-05-05 18:30:00,1262.0,1282.800048828125,1252.0999755859375,1279.5,1268.8033447265625,22909586.0,1251.449645209005,1272.0758050555082,1241.6323852719695
2026-05-06 18:30:00,1284.699951171875,1294.0,1273.199951171875,1279.0,1268.3074951171875,25028552.0,1273.9597944081108,1283.1820943562475,1262.5559349914981
2026-05-07 18:30:00,1279.5999755859375,1279.5999755859375,1261.199951171875,1264.800048828125,1254.226318359375,11137424.0,1268.902517705381,1268.902517705381,1250.6563175253964
2026-05-10 18:30:00,1259.4000244140625,1275.699951171875,1252.0,1266.4000244140625,1255.8128662109375,18980488.0,1248.871386509416,1265.035045184508,1241.5332266149906
2026-05-11 18:30:00,1256.0,1259.9000244140625,1236.300048828125,1240.300048828125,1229.93115234375,21110708.0,1245.4998520747622,1249.3672723222166,1225.9645923052954
2026-05-12 18:30:00,1238.300048828125,1249.199951171875,1227.199951171875,1235.5999755859375,1225.2703857421875,19490295.0,1227.9478864287817,1238.7566658178762,1216.940585355795
2026-05-13 18:30:00,1239.0999755859375,1256.699951171875,1236.0,1246.0,1235.5833740234375,16535600.0,1228.7410341788377,1246.193873036946,1225.6669745529443
2026-05-14 18:30:00,1246.5999755859375,1258.0,1242.0,1244.5,1234.095947265625,11745614.0,1236.178367000428,1247.4830869105315,1231.616847331383
2026-05-17 18:30:00,1235.5,1253.699951171875,1232.0,1251.0999755859375,1240.6407470703125,13918850.0,1225.171187688256,1243.218986792355,1221.7004477797907
2026-05-18 18:30:00,1251.0999755859375,1256.300048828125,1229.800048828125,1240.800048828125,1230.4268798828125,38929053.0,1240.6406985843882,1245.7972988767476,1219.518840596794
2026-05-19 18:30:00,1230.0,1239.699951171875,1223.300048828125,1237.300048828125,1226.9561767578125,14953103.0,1219.7171565954964,1229.3360158332805,1213.0732172518474
2026-05-20 18:30:00,1245.300048828125,1248.300048828125,1234.4000244140625,1242.800048828125,1232.41015625,14394386.0,1234.8892560806848,1237.8641758775068,1224.0803566089394
2026-05-21 18:30:00,1242.0,1270.800048828125,1242.0,1264.300048828125,1253.73046875,11601085.0,1231.6168488886804,1260.1761285871792,1231.6168488886804
2026-05-24 18:30:00,1271.0,1293.5,1270.9000244140625,1291.800048828125,1281.0006103515625,13853923.0,1260.3744497717253,1282.6863499447102,1260.2753099809177
2026-05-25 18:30:00,1290.0,1301.800048828125,1276.199951171875,1279.0999755859375,1268.4066162109375,18400405.0,1279.215515708668,1290.9169153575494,1265.5308361904704
2026-05-26 18:30:00,1286.0,1293.4000244140625,1266.699951171875,1272.699951171875,1262.0601806640625,18366272.0,1275.2490410953124,1282.587201311576,1256.1103406589523
2026-05-27 18:30:00,1272.699951171875,1272.699951171875,1272.699951171875,1272.699951171875,1262.0601806640625,0.0,1262.0601806640625,1262.0601806640625,1262.0601806640625
2026-05-28 18:30:00,1275.0999755859375,1287.800048828125,1247.9000244140625,1256.4000244140625,1245.896484375,31007884.0,1264.4401034217194,1277.0340036893715,1237.4675446174365
2026-05-31 18:30:00,1257.0999755859375,1261.9000244140625,1235.9000244140625,1239.699951171875,1229.3360595703125,9911975.0,1246.5906197801364,1251.3505402000205,1225.5679002002253
2026-06-01 18:30:00,1233.0,1237.699951171875,1220.699951171875,1226.5999755859375,1216.3455810546875,17920892.0,1222.692101166893,1227.3527606751832,1210.4948809348448
2026-06-02 18:30:00,1219.9000244140625,1248.300048828125,1213.699951171875,1242.0,1231.6168212890625,13934754.0,1209.7016025437176,1237.8642014111729,1203.5533622069204
2026-06-03 18:30:00,1232.199951171875,1262.300048828125,1232.199951171875,1251.699951171875,1241.2357177734375,19461560.0,1221.8987381131592,1251.7471984286103,1221.8987381131592
2026-06-04 18:30:00,1257.0,1265.0,1250.0,1262.0999755859375,1251.548828125,10166393.0,1246.4914883012805,1254.4246083541127,1239.5500082550523
2026-06-07 18:30:00,1246.4000244140625,1254.0,1243.0999755859375,1250.199951171875,1239.748291015625,10714196.0,1235.98013161075,1243.516571470306,1232.7076711606426
2026-06-08 18:30:00,1255.0,1279.9000244140625,1252.699951171875,1275.0,1264.3409423828125,22368579.0,1244.5081432866116,1269.2000023713417,1242.2273229706288
2026-06-09 18:30:00,1271.300048828125,1306.0,1271.300048828125,1293.300048828125,1282.488037109375,25951584.0,1260.6719575059049,1295.0818164605482,1260.6719575059049
2026-06-10 18:30:00,1286.5,1333.0,1286.5,1317.0,1305.9898681640625,35919374.0,1275.7448484381675,1321.8561080202699,1275.7448484381675
2026-06-11 18:30:00,1330.0,1344.300048828125,1318.699951171875,1340.800048828125,1329.5909423828125,18339846.0,1318.881182108178,1333.0616823357286,1307.6756018402702
2026-06-14 18:30:00,1354.5999755859375,1362.699951171875,1325.300048828125,1327.5999755859375,1316.501220703125,16172921.0,1343.2755003149457,1351.3077599885314,1314.2205213660739
2026-06-15 18:30:00,1331.9000244140625,1337.300048828125,1326.300048828125,1334.300048828125,1323.145263671875,13069159.0,1320.7653035280132,1326.1201835892518,1315.2121438922036
2026-06-16 18:30:00,1342.0,1346.0,1333.4000244140625,1336.800048828125,1325.6243896484375,8026424.0,1330.7808691866162,1334.7474291543856,1322.2527894658729
2026-06-17 18:30:00,1333.5999755859375,1346.9000244140625,1331.4000244140625,1342.300048828125,1331.078369140625,13467985.0,1322.4510288431072,1335.6398887549333,1320.2694693470728
2026-06-18 18:30:00,1340.5,1352.300048828125,1332.0,1346.5,1335.2431640625,9057322.0,1329.293324489997,1340.994724069171,1320.8643850956182
2026-06-21 18:30:00,1353.0,1362.699951171875,1348.4000244140625,1352.4000244140625,1341.0938720703125,4814845.0,1341.6888318212496,1351.307690769155,1337.1273123310036
2026-06-22 18:30:00,1358.0,1369.0999755859375,1331.5,1338.300048828125,1327.11181640625,11884879.0,1346.647075338441,1357.654254763427,1320.3686162099664
2026-06-23 18:30:00,1340.5999755859375,1377.5999755859375,1340.5999755859375,1373.5999755859375,1362.11669921875,16440708.0,1329.3925787519856,1366.0832592753275,1329.3925787519856
2026-06-24 18:30:00,1381.9000244140625,1404.0,1380.0999755859375,1387.5,1375.9005126953125,17173209.0,1370.3473528540349,1392.2625728462838,1368.562352417643
2026-06-25 18:30:00,1387.5,1387.5,1387.5,1387.5,1375.9005126953125,0.0,1375.9005126953125,1375.9005126953125,1375.9005126953125
2026-06-28 18:30:00,1390.0,1402.0,1383.199951171875,1387.5999755859375,1375.9996337890625,13249405.0,1378.379593988644,1390.2792739367474,1371.6363935981306
2026-06-29 18:30:00,1402.0,1402.0,1366.0999755859375,1375.199951171875,1363.7032470703125,18398057.0,1390.2792468566804,1390.2792468566804,1354.6793474953972
2026-06-30 18:30:00,1371.4000244140625,1385.0999755859375,1367.699951171875,1379.800048828125,1368.264892578125,11948034.0,1359.935092537661,1373.5205118412996,1356.2659519824388
2026-07-01 18:30:00,1381.9000244140625,1405.0,1376.800048828125,1400.0,1388.2960205078125,15779429.0,1370.347360452637,1393.2542205810548,1365.2900205878914
2026-07-02 18:30:00,1414.0,1420.0,1405.9000244140625,1411.4000244140625,1399.6007080078125,12901785.0,1402.1789477753737,1408.128787723501,1394.1466880553623
2026-07-05 18:30:00,1412.0,1431.5999755859375,1411.5999755859375,1426.9000244140625,1414.9710693359375,12306949.0,1400.1956098660596,1419.6317286825692,1399.7989296759679
2026-07-06 18:30:00,1431.5999755859375,1433.0,1410.0,1414.699951171875,1402.873046875,15664178.0,1419.6317869331858,1421.0201071305735,1398.212387337131
2026-07-07 18:30:00,1410.300048828125,1418.300048828125,1375.9000244140625,1380.5999755859375,1369.05810546875,10573142.0,1398.5098849300493,1406.4430046152802,1364.397446073597
2026-07-08 18:30:00,1382.9000244140625,1403.5999755859375,1377.300048828125,1380.699951171875,1369.1572265625,13948838.0,1371.3389070760331,1391.8658055614053,1365.7857475821456
2026-07-09 18:30:00,1389.699951171875,1408.199951171875,1389.5999755859375,1401.199951171875,1389.48583984375,6409645.0,1378.081980498166,1396.4273194454097,1377.9828407138161
2026-07-12 18:30:00,1393.5,1413.0,1386.300048828125,1409.5,1397.716552734375,10091437.0,1381.850313043882,1401.1872926666704,1374.710553603081
2026-07-13 18:30:00,1400.0,1411.800048828125,1392.0,1407.699951171875,1395.9315185546875,14133017.0,1388.2959393084109,1399.9973392167874,1380.36281965522
2026-07-14 18:30:00,1412.9000244140625,1428.0,1409.199951171875,1416.199951171875,1404.3604736328125,12961648.0,1401.0881343697583,1416.061873669893,1397.4189938599209
2026-07-15 18:30:00,1420.0999755859375,1423.699951171875,1406.199951171875,1418.199951171875,1406.34375,10165264.0,1408.2278901435363,1411.7977698077207,1394.4440704195183
2026-07-16 18:30:00,1422.0999755859375,1455.0999755859375,1419.699951171875,1444.300048828125,1432.2257080078125,11112550.0,1410.2112272612976,1442.935347434669,1407.8312670387277
2026-07-19 18:30:00,1444.5,1480.0,1439.5,1460.199951171875,1447.99267578125,22236415.0,1432.4239762420166,1467.6271961496604,1427.4657762550246
2026-07-20 18:30:00,1470.0,1473.9000244140625,1456.5999755859375,1463.0999755859375,1450.868408203125,18269907.0,1457.7107481698004,1461.5781682422519,1444.4227484323062
2026-07-21 18:30:00,1466.4000244140625,1466.4000244140625,1438.4000244140625,1440.699951171875,1428.6556396484375,8345136.0,1454.1408592092237,1454.1408592092237,1426.374940373995
2026-07-22 18:30:00,1432.5,1446.0,1426.5999755859375,1434.5999755859375,1422.606689453125,12409328.0,1420.5242697074934,1433.9114094220142,1414.673569622298
2026-07-23 18:30:00,1428.0,1440.0,1415.4000244140625,1432.9000244140625,1420.9208984375,10870914.0,1416.0618385071728,1427.9615178223592,1403.5671994361867
2026-07-26 18:30:00,1435.699951171875,1449.0,1428.800048828125,1445.699951171875,1433.6138916015625,10608300.0,1423.6974916567503,1436.8863520032721,1416.8552725346733
2026-07-27 18:30:00,1442.300048828125,1445.9000244140625,1417.5999755859375,1430.800048828125,1418.8385009765625,19486209.0,1430.2423604987887,1433.8122401392648,1405.7487808950839
2026-07-28 18:30:00,1442.5,1448.5,1428.5,1437.9000244140625,1425.879150390625,10856166.0,1430.4406700852692,1436.3905099608405,1416.557710375603
2026-07-29 18:30:00,1431.0999755859375,1442.199951171875,1422.5999755859375,1433.9000244140625,1421.91259765625,14141173.0,1419.13595728037,1430.143136895818,1410.7070174140658
2026-07-30 18:30:00,1434.300048828125,1441.9000244140625,1431.4000244140625,1435.4000244140625,1423.4000244140625,8752440.0,1422.309244666781,1429.8456841613988,1419.4334645695478
2026-08-02 18:30:00,1442.0,1460.0,1433.0,1460.0,1460.0,7706747.0,1442.0,1460.0,1433.0
2026-08-03 18:30:00,1452.0,1454.5999755859375,1430.800048828125,1454.5999755859375,1454.5999755859375,11458963.0,1452.0,1454.5999755859375,1430.800048828125
2026-08-04 18:30:00,1454.5999755859375,1454.5999755859375,1431.199951171875,1450.0999755859375,1450.0999755859375,11723296.0,1454.5999755859375,1454.5999755859375,1431.199951171875
2026-08-05 18:30:00,1460.0,1460.0,1448.300048828125,1457.5,1457.5,14954726.0,1460.0,1460.0,1448.300048828125
2026-08-06 18:30:00,1451.0,1455.0,1418.199951171875,1421.0,1421.0,14395789.0,1451.0,1455.0,1418.199951171875
2026-08-09 18:30:00,1428.0999755859375,1441.9000244140625,1415.5,1431.800048828125,1431.800048828125,12749354.0,1428.0999755859375,1441.9000244140625,1415.5
2026-08-10 18:30:00,1432.0999755859375,1434.0,1412.199951171875,1429.5999755859375,1429.5999755859375,10471914.0,1432.0999755859375,1434.0,1412.199951171875
2026-08-11 18:30:00,1429.4000244140625,1435.0,1418.5999755859375,1431.699951171875,1431.699951171875,8201733.0,1429.4000244140625,1435.0,1418.5999755859375
2026-08-12 18:30:00,1429.0,1429.0,1406.4000244140625,1406.800048828125,1406.800048828125,11408206.0,1429.0,1429.0,1406.4000244140625
2026-08-13 18:30:00,1403.0,1417.800048828125,1401.0,1417.0,1417.0,6097934.0,1403.0,1417.800048828125,1401.0
2026-08-16 18:30:00,1418.0,1423.5999755859375,1407.0,1415.300048828125,1415.300048828125,5605603.0,1418.0,1423.5999755859375,1407.0
2026-08-17 18:30:00,1410.0,1416.5999755859375,1406.300048828125,1412.0,1412.0,8345198.0,1410.0,1416.5999755859375,1406.300048828125
2026-08-18 18:30:00,1412.0,1416.0,1391.5,1402.0,1402.0,10304210.0,1412.0,1416.0,1391.5
2026-08-19 18:30:00,1407.800048828125,1413.0,1403.300048828125,1411.9000244140625,1411.9000244140625,8425049.0,1407.800048828125,1413.0,1403.300048828125
2026-08-20 18:30:00,1417.0,1420.0,1411.199951171875,1420.0,1420.0,4565280.0,1417.0,1420.0,1411.199951171875
2026-08-23 18:30:00,1420.5,1425.5,1408.699951171875,1415.0,1415.0,5307113.0,1420.5,1425.5,1408.699951171875
2026-08-24 18:30:00,1408.0,1424.9000244140625,1408.0,1422.699951171875,1422.699951171875,7983249.0,1408.0,1424.9000244140625,1408.0
2026-08-25 18:30:00,1423.0999755859375,1446.0,1423.0999755859375,1430.0,1430.0,4177066.0,1423.0999755859375,1446.0,1423.0999755859375
2026-08-26 18:30:00,1445.0,1453.800048828125,1433.0999755859375,1443.0,1443.0,11539716.0,1445.0,1453.800048828125,1433.0999755859375
2026-08-27 18:30:00,1435.0,1439.800048828125,1418.9000244140625,1422.800048828125,1422.800048828125,8625738.0,1435.0,1439.800048828125,1418.9000244140625
2026-08-30 18:30:00,1422.800048828125,1454.0,1419.0,1454.0,1454.0,15331697.0,1422.800048828125,1454.0,1419.0
2026-08-31 18:30:00,1442.9000244140625,1446.699951171875,1422.800048828125,1438.0,1438.0,10627608.0,1442.9000244140625,1446.699951171875,1422.800048828125
2026-09-01 18:30:00,1425.0999755859375,1436.0,1420.699951171875,1426.5,1426.5,8515824.0,1425.0999755859375,1436.0,1420.699951171875
2026-09-02 18:30:00,1438.300048828125,1452.0,1430.0,1430.0,1430.0,10503351.0,1438.300048828125,1452.0,1430.0
2026-09-03 18:30:00,1432.0999755859375,1438.300048828125,1421.4000244140625,1423.199951171875,1423.199951171875,6693889.0,1432.0999755859375,1438.300048828125,1421.4000244140625
2026-09-06 18:30:00,1428.0,1434.4000244140625,1422.5999755859375,1427.5,1427.5,8035111.0,1428.0,1434.4000244140625,1422.5999755859375
2026-09-07 18:30:00,1424.0,1424.9000244140625,1396.300048828125,1399.4000244140625,1399.4000244140625,12123411.0,1424.0,1424.9000244140625,1396.300048828125
2026-09-08 18:30:00,1395.9000244140625,1402.5,1385.5,1389.0999755859375,1389.0999755859375,14229080.0,1395.9000244140625,1402.5,1385.5
2026-09-09 18:30:00,1385.9000244140625,1393.0,1373.9000244140625,1384.5,1384.5,10580641.0,1385.9000244140625,1393.0,1373.9000244140625
2026-09-10 18:30:00,1371.5999755859375,1389.0,1367.5999755859375,1379.300048828125,1379.300048828125,7064417.0,1371.5999755859375,1389.0,1367.5999755859375
