timestamp,open,high,low,close,adjusted_close,volume,adj_open,adj_high,adj_low
2020-12-31 18:30:00,1257.9000244140625,1265.5,1255.800048828125,1260.449951171875,1086.09716796875,4253550.0,1083.899961941162,1090.448664611065,1082.0904672170202
2021-01-03 18:30:00,1269.0,1290.0,1261.1500244140625,1288.25,1110.0518798828125,7208454.0,1093.4646501620718,1111.5598098574253,1086.700528170064
2021-01-04 18:30:00,1282.0,1299.0,1275.050048828125,1293.800048828125,1114.8341064453125,8145280.0,1104.6663089535523,1119.3147701487244,1098.677715421226
2021-01-05 18:30:00,1300.0,1302.0,1268.050048828125,1282.0999755859375,1104.75244140625,7161715.0,1120.1764302130741,1121.8997785672482,1092.6459823290795
2021-01-06 18:30:00,1296.0,1297.6500244140625,1255.5,1262.1500244140625,1087.5618896484375,10954918.0,1116.7295343029516,1118.1513174784952,1081.8317363559845
2021-01-07 18:30:00,1278.25,1316.800048828125,1278.25,1312.0999755859375,1130.6025390625,13186251.0,1101.4348924983926,1134.6524703484326,1101.4348924983926
2021-01-10 18:30:00,1342.0999755859375,1383.3499755859375,1340.0,1376.199951171875,1185.836181640625,20528626.0,1156.4531077577685,1191.997174193044,1154.6436126853075
2021-01-11 18:30:00,1378.0,1378.0,1360.0,1371.75,1182.0015869140625,8309868.0,1187.3870506780231,1187.3870506780231,1171.8769150378166
2021-01-12 18:30:00,1373.8499755859375,1392.800048828125,1360.0,1387.1500244140625,1195.271484375,14442997.0,1183.8111745128651,1200.1399650362782,1171.8770069132547
2021-01-13 18:30:00,1360.0,1384.0,1318.449951171875,1370.5,1180.9244384765625,27521697.0,1171.8768597797336,1192.5570396581995,1136.074256291206
2021-01-14 18:30:00,1360.0,1364.449951171875,1340.0,1344.949951171875,1158.90869140625,15018441.0,1171.8769303937345,1175.7113385699836,1154.6434461232384
2021-01-17 18:30:00,1338.0,1340.0,1306.0,1312.050048828125,1130.5594482421875,8861765.0,1152.9198471499808,1154.643195202522,1125.3462783093237
2021-01-18 18:30:00,1320.0,1331.0,1312.0,1316.6500244140625,1134.5233154296875,5585744.0,1137.4099028583078,1146.8883187154604,1130.5165095076513
2021-01-19 18:30:00,1320.550048828125,1348.4000244140625,1320.550048828125,1339.449951171875,1154.16943359375,8225838.0,1137.883875806407,1161.8814805840243,1137.883875806407
2021-01-20 18:30:00,1350.0,1361.050048828125,1335.0,1339.699951171875,1154.385009765625,6142421.0,1163.260297069055,1172.781840093079,1150.3351826571766
2021-01-21 18:30:00,1327.0,1356.0,1326.550048828125,1340.8499755859375,1155.3758544921875,9646591.0,1143.4416876065104,1168.430239935515,1143.0539762822382
2021-01-24 18:30:00,1345.0,1347.9000244140625,1313.0,1325.0999755859375,1141.8045654296875,6542611.0,1158.9519046092023,1161.4507810538796,1131.378327696567
2021-01-26 18:30:00,1319.5999755859375,1327.550048828125,1285.0999755859375,1301.0,1121.0382080078125,8133665.0,1137.0653281460511,1143.915701597975,1107.3375662888109
2021-01-27 18:30:00,1291.800048828125,1296.449951171875,1272.550048828125,1276.199951171875,1099.6685791015625,4660690.0,1113.1107808566571,1117.1174817647845,1096.5235523990264
2021-01-28 18:30:00,1286.25,1291.1500244140625,1231.0,1239.050048828125,1067.657470703125,12183519.0,1108.32845129276,1112.5506759537004,1060.7209512469485
2021-01-31 18:30:00,1250.550048828125,1277.949951171875,1241.0,1260.9000244140625,1086.4849853515625,8880279.0,1077.566678701436,1101.176466884617,1069.3376482785413
2021-02-01 18:30:00,1280.0,1294.4000244140625,1263.5999755859375,1271.25,1095.4031982421875,6892490.0,1102.9428466076697,1115.3509746689713,1088.8113703485435
2021-02-02 18:30:00,1277.6500244140625,1304.0,1273.0,1284.6500244140625,1106.9498291015625,8182968.0,1100.918109445273,1123.6232045430509,1096.911303208055
2021-02-03 18:30:00,1285.0,1293.4000244140625,1272.050048828125,1279.3499755859375,1102.3828125,5032240.0,1107.251292527457,1114.4893764883388,1096.0926542603552
2021-02-04 18:30:00,1286.4000244140625,1288.75,1262.0,1272.0999755859375,1096.1357421875,5477481.0,1108.4577254721191,1110.4826388299136,1087.4328536980415
2021-02-07 18:30:00,1285.5,1310.0,1275.5,1303.550048828125,1123.2353515625,6921922.0,1107.6820914790796,1128.7931076138423,1099.0653501995846
2021-02-08 18:30:00,1306.9000244140625,1332.0,1297.8499755859375,1305.550048828125,1124.9586181640625,7965949.0,1126.1218571153954,1147.7498551201086,1118.3236647495469
2021-02-09 18:30:00,1295.800048828125,1304.3499755859375,1283.5999755859375,1296.5,1117.1607666015625,5951207.0,1116.5576366457155,1123.924889041508,1106.0451467299135
2021-02-10 18:30:00,1289.0,1296.0,1283.050048828125,1292.6500244140625,1113.843017578125,4673317.0,1110.6978861575487,1116.729604701461,1105.570967469153
2021-02-11 18:30:00,1305.0,1323.75,1301.550048828125,1309.800048828125,1128.6209716796875,5797875.0,1124.484893216906,1140.641285360827,1121.5121591363622
2021-02-14 18:30:00,1320.0,1328.4000244140625,1307.0999755859375,1309.6500244140625,1128.49169921875,4363513.0,1137.410006642959,1144.648091358565,1126.2943878137974
2021-02-15 18:30:00,1314.0,1319.75,1286.0,1290.4000244140625,1111.904541015625,6896421.0,1132.240033518252,1137.1946607577725,1108.1131530475434
2021-02-16 18:30:00,1290.4000244140625,1294.5,1275.0,1281.300048828125,1104.0631103515625,4575741.0,1111.9043239367195,1115.4371668503802,1098.6345212315448
2021-02-17 18:30:00,1276.0,1306.0,1275.0,1292.449951171875,1113.670654296875,6437551.0,1099.4961573516564,1125.3463804868834,1098.6344832471489
2021-02-18 18:30:00,1296.0999755859375,1299.5,1276.800048828125,1291.300048828125,1112.679931640625,5389696.0,1116.8159046715325,1119.7456179756161,1100.1856557955718
2021-02-21 18:30:00,1295.0,1308.550048828125,1260.0,1265.199951171875,1090.1903076171875,7371303.0,1115.8682444277679,1127.5439735379998,1085.7096432270175
2021-02-22 18:30:00,1271.1500244140625,1291.0,1257.550048828125,1266.3499755859375,1091.1810302734375,6612942.0,1095.3171082349922,1112.4213189416287,1083.5983609236966
2021-02-23 18:30:00,1260.050048828125,1276.5999755859375,1252.0,1274.300048828125,1098.0316162109375,4537258.0,1085.7527572833285,1100.0134040146577,1078.8162370081768
2021-02-24 18:30:00,1288.449951171875,1299.75,1272.0,1274.550048828125,1098.2469482421875,8788221.0,1110.2241360693142,1119.9610970869585,1096.049636849095
2021-02-25 18:30:00,1269.0,1274.300048828125,1244.75,1253.300048828125,1079.9364013671875,15132388.0,1093.4646452909378,1098.031560981931,1072.5690443072458
2021-02-28 18:30:00,1263.300048828125,1284.5,1259.0,1267.0,1091.7413330078125,5756286.0,1088.5531801866234,1106.8206331874785,1084.8479386399652
2021-03-01 18:30:00,1282.25,1310.0,1279.199951171875,1304.5,1124.053955078125,10461434.0,1104.8817047902842,1128.793163014445,1102.2535564971179
2021-03-02 18:30:00,1319.199951171875,1347.0,1308.0,1343.550048828125,1157.702392578125,9056399.0,1136.7205420391444,1160.6751264405077,1127.0698332473528
2021-03-03 18:30:00,1335.0,1363.8499755859375,1325.9000244140625,1330.3499755859375,1146.328369140625,12041941.0,1150.3351756207683,1175.194457817251,1142.4939606291623
2021-03-04 18:30:00,1328.5,1340.0,1305.050048828125,1316.699951171875,1134.5662841796875,6486176.0,1144.7340809811906,1154.643333469925,1124.527864719399
2021-03-07 18:30:00,1324.800048828125,1346.0999755859375,1317.199951171875,1335.75,1150.9810791015625,5119392.0,1141.5457906000358,1159.8993842249592,1134.9969838609995
2021-03-08 18:30:00,1329.5,1350.449951171875,1318.75,1345.550048828125,1159.42578125,6518173.0,1145.5958680350614,1163.6479007526516,1136.33287023034
2021-03-09 18:30:00,1356.9000244140625,1374.0,1355.0,1368.1500244140625,1178.899658203125,7925984.0,1169.205822791716,1183.9404315800884,1167.568620663042
2021-03-11 18:30:00,1373.0,1391.699951171875,1370.050048828125,1374.8499755859375,1184.6724853515625,9462061.0,1183.078409478449,1199.191671306378,1180.536513236307
2021-03-14 18:30:00,1370.0,1379.9000244140625,1358.5,1373.5999755859375,1183.5955810546875,6658635.0,1180.4935751787755,1189.0241702261578,1170.5843225404135
2021-03-15 18:30:00,1386.050048828125,1406.0,1380.5,1384.0,1192.55712890625,9352771.0,1194.323603143668,1211.5139618801932,1189.5412691149409
2021-03-16 18:30:00,1392.25,1400.0,1382.0,1387.0,1195.1422119140625,7626744.0,1199.6660018293824,1206.3439774186643,1190.8338405661386
2021-03-17 18:30:00,1393.75,1393.75,1313.5,1337.0999755859375,1152.1446533203125,10961755.0,1200.9585220891945,1200.9585220891945,1131.809161445135
2021-03-18 18:30:00,1330.0,1355.199951171875,1318.0,1344.449951171875,1158.4779052734375,12767112.0,1146.0267544140797,1167.7409034764084,1135.6866633968098
2021-03-21 18:30:00,1350.0999755859375,1376.0,1336.0999755859375,1370.800048828125,1181.1829833984375,4862758.0,1163.346265133308,1185.663646967112,1151.2828268647472
2021-03-22 18:30:00,1372.449951171875,1383.25,1359.5999755859375,1371.550048828125,1181.829345703125,7165335.0,1182.6047683710906,1191.910892235116,1171.5322754263343
2021-03-23 18:30:00,1357.8499755859375,1370.449951171875,1346.25,1353.75,1166.491455078125,6134303.0,1170.0242982818368,1180.8813722284217,1160.028898540296
2021-03-24 18:30:00,1346.75,1352.5,1327.5999755859375,1333.800048828125,1149.3011474609375,8749994.0,1160.4597868345645,1165.4144137321318,1143.958704043089
2021-03-25 18:30:00,1344.699951171875,1356.699951171875,1332.0,1336.199951171875,1151.3690185546875,4922071.0,1158.6932492202639,1169.0333395716661,1147.750029005632
2021-03-29 18:30:00,1346.9000244140625,1400.0,1336.1500244140625,1385.300048828125,1193.6773681640625,10546381.0,1160.5890562717839,1206.3439374331733,1151.326058180779
2021-03-30 18:30:00,1382.0,1388.0,1363.300048828125,1368.050048828125,1178.8134765625,8220987.0,1190.8337900392485,1196.0038354373928,1174.7205239556358
2021-03-31 18:30:00,1380.0,1391.5999755859375,1371.0,1385.199951171875,1193.5911865234375,5675155.0,1189.110522281534,1199.105923026061,1181.3554536579588
2021-04-04 18:30:00,1391.0,1425.0,1387.0,1409.9000244140625,1214.8743896484375,9479572.0,1198.588727383897,1227.88564811075,1195.1420308277966
2021-04-05 18:30:00,1423.0,1426.0,1406.449951171875,1411.050048828125,1215.865234375,5793571.0,1226.1621974022353,1228.7472196033643,1211.9014495187441
2021-04-06 18:30:00,1410.25,1434.949951171875,1406.5999755859375,1430.199951171875,1232.3665771484375,5879234.0,1215.1762164441059,1236.4595301908835,1212.031084121887
2021-04-07 18:30:00,1430.0,1451.699951171875,1421.0,1439.8499755859375,1240.6815185546875,5654434.0,1232.1940491134949,1250.8923363163185,1224.4389816715218
2021-04-08 18:30:00,1455.0,1455.0,1430.050048828125,1441.050048828125,1241.7158203125,6052712.0,1253.736134996775,1253.736134996775,1232.2374027970604
2021-04-11 18:30:00,1474.0,1477.550048828125,1415.0,1425.75,1228.531982421875,20384532.0,1270.1077622934201,1273.166747756868,1219.2689848339141
2021-04-12 18:30:00,1433.0,1435.25,1375.0,1397.1500244140625,1203.88818359375,14855206.0,1234.7791840130749,1236.7179510500807,1184.8020781702567
2021-04-14 18:30:00,1332.300048828125,1366.4000244140625,1320.0,1360.75,1172.5230712890625,25342491.0,1148.0084843876693,1177.3915511559262,1137.4098505247566
2021-04-15 18:30:00,1365.0,1370.8499755859375,1346.5999755859375,1353.75,1166.491455078125,10879878.0,1176.1852898848683,1181.226062947407,1160.3304634750934
2021-04-18 18:30:00,1340.0,1379.699951171875,1332.3499755859375,1362.550048828125,1174.0740966796875,12508028.0,1154.6433034910378,1188.8517234682965,1148.0514755348884
2021-04-19 18:30:00,1379.0,1379.0,1342.4000244140625,1351.3499755859375,1164.42333984375,8560766.0,1188.248651092987,1188.248651092987,1156.7113982865865
2021-04-21 18:30:00,1355.550048828125,1364.800048828125,1345.1500244140625,1351.0999755859375,1164.2080078125,6622446.0,1168.0425211701513,1176.013007638109,1159.0810883205606
2021-04-22 18:30:00,1343.0,1348.4000244140625,1331.0,1333.800048828125,1149.3011474609375,7316262.0,1157.2285084231075,1161.8815703725743,1146.8884175064454
2021-04-25 18:30:00,1332.25,1351.300048828125,1321.0,1343.550048828125,1157.702392578125,7088606.0,1147.9654322200197,1164.380367507534,1138.271597645071
2021-04-26 18:30:00,1346.0,1353.0,1340.1500244140625,1348.5,1161.967529296875,3636115.0,1159.813344036777,1165.8450627650514,1154.772571565113
2021-04-27 18:30:00,1358.0,1359.5,1344.5999755859375,1356.0,1168.43017578125,4879234.0,1170.1535241231102,1171.4460353795055,1158.6070691956795
2021-04-28 18:30:00,1368.0,1369.0,1351.4000244140625,1356.3499755859375,1168.731689453125,5412357.0,1178.7702141412208,1179.6318882743649,1164.4664445679937
2021-04-29 18:30:00,1346.300048828125,1373.9000244140625,1345.9000244140625,1354.3499755859375,1167.0084228515625,8354677.0,1160.0720087052553,1183.8541954072941,1159.7273179909107
2021-05-02 18:30:00,1340.800048828125,1361.0,1338.0,1352.050048828125,1165.0267333984375,4560337.0,1155.3328979061107,1172.738676005061,1152.920167887415
2021-05-03 18:30:00,1354.0,1354.949951171875,1324.0999755859375,1329.4000244140625,1145.509521484375,4887060.0,1166.706682417477,1167.5252307041808,1140.9426068721798
2021-05-04 18:30:00,1341.0999755859375,1343.9000244140625,1327.800048828125,1341.5,1155.93603515625,3939788.0,1155.5913444106986,1158.0040744447103,1144.131139711262
2021-05-05 18:30:00,1345.0,1364.699951171875,1337.4000244140625,1361.5999755859375,1173.2554931640625,4810090.0,1158.951723413913,1175.9266619728828,1152.403020957983
2021-05-06 18:30:00,1365.300048828125,1373.050048828125,1348.5,1352.550048828125,1165.4576416015625,4991435.0,1176.4439891628188,1183.1219651314254,1161.967818537575
2021-05-09 18:30:00,1349.8499755859375,1352.9000244140625,1335.050048828125,1339.550048828125,1154.2557373046875,7195348.0,1163.130918612339,1165.7590670432264,1150.3782033354155
2021-05-10 18:30:00,1336.9000244140625,1341.0,1325.0999755859375,1330.6500244140625,1146.5869140625,6420988.0,1151.9723783704771,1155.50522191954,1141.8045796830766
2021-05-11 18:30:00,1330.0,1330.0,1314.5,1327.0,1143.4417724609375,5241898.0,1146.0267953074956,1146.0267953074956,1132.6708439336114
2021-05-13 18:30:00,1326.8499755859375,1326.8499755859375,1311.300048828125,1316.4000244140625,1134.3079833984375,4824609.0,1143.3124370755465,1143.3124370755465,1129.9134658392018
2021-05-16 18:30:00,1320.300048828125,1334.949951171875,1320.300048828125,1329.4000244140625,1145.509521484375,5017129.0,1137.6683085405425,1150.291749427704,1137.6683085405425
2021-05-17 18:30:00,1338.0,1344.5999755859375,1329.5,1340.0,1154.6434326171875,5620150.0,1152.9200842102962,1158.6071129160698,1145.5958534810081
2021-05-18 18:30:00,1342.0,1357.449951171875,1333.25,1337.0,1152.0584716796875,4435878.0,1156.3668429275547,1169.6796680095263,1148.827193243787
2021-05-19 18:30:00,1348.4000244140625,1349.0999755859375,1335.0,1339.300048828125,1154.040283203125,4490092.0,1161.8814972847088,1162.48462714297,1150.3350421171274
2021-05-20 18:30:00,1347.5,1357.5,1346.3499755859375,1354.5,1167.1378173828125,4969733.0,1161.1060973963379,1169.7228402341586,1160.1151509330189
2021-05-23 18:30:00,1356.6500244140625,1363.0,1345.0999755859375,1348.050048828125,1161.579833984375,4225371.0,1168.990210343967,1174.4618199428319,1159.0378322316353
2021-05-24 18:30:00,1358.0,1368.0,1354.449951171875,1361.5999755859375,1173.2554931640625,4099340.0,1170.153487283341,1178.7702287213629,1167.0945019989106
2021-05-25 18:30:00,1367.9000244140625,1400.0,1362.050048828125,1397.25,1203.9744873046875,6850024.0,1178.6843661320381,1206.3440917706655,1173.6435922141109
2021-05-26 18:30:00,1404.199951171875,1416.25,1391.699951171875,1402.25,1208.2825927734375,15365391.0,1209.9628153141646,1220.346031032541,1199.1918882971079
2021-05-27 18:30:00,1409.75,1414.0,1396.0999755859375,1405.050048828125,1210.6953125,4261312.0,1214.745138951032,1218.4072541065857,1202.983265708581
2021-05-30 18:30:00,1401.5,1401.5,1383.0,1393.75,1213.9180908203125,4429904.0,1220.6681286347393,1220.6681286347393,1204.5551351422366
2021-05-31 18:30:00,1400.0,1401.0,1378.6500244140625,1387.199951171875,1208.2130126953125,4791325.0,1219.3615032530086,1220.232475755332,1200.7662615923773
2021-06-01 18:30:00,1380.75,1391.949951171875,1365.0,1378.6500244140625,1200.766357421875,9272276.0,1202.595378558746,1212.3502288353206,1188.8775605523726
2021-06-02 18:30:00,1388.0999755859375,1399.0,1377.050048828125,1389.6500244140625,1210.3468017578125,5115645.0,1208.9967520267799,1218.4903723317955,1199.3725709192988
2021-06-03 18:30:00,1393.949951171875,1396.9000244140625,1377.6500244140625,1385.6500244140625,1206.8631591796875,4194328.0,1214.09216769656,1216.6616005621086,1199.895378641077
2021-06-06 18:30:00,1391.0,1392.0,1377.300048828125,1389.6500244140625,1210.3468017578125,5154576.0,1211.5225932191047,1212.393565608191,1199.5903140165703
2021-06-07 18:30:00,1396.0,1421.75,1395.550048828125,1412.949951171875,1230.640625,7360630.0,1215.8776827694026,1238.305225986675,1215.485787648902
2021-06-08 18:30:00,1413.4000244140625,1425.0,1404.5999755859375,1415.300048828125,1232.6873779296875,5394317.0,1231.0325089745763,1241.1357683512133,1223.3679087192618
2021-06-09 18:30:00,1424.0,1429.0,1419.0,1424.300048828125,1240.5262451171875,3496575.0,1240.2649108243102,1244.619773572991,1235.9100480756292
2021-06-10 18:30:00,1430.0999755859375,1451.5999755859375,1429.449951171875,1446.9000244140625,1260.2100830078125,6140828.0,1245.5777030430665,1264.3036110722962,1245.011549675881
2021-06-13 18:30:00,1471.0,1477.0,1453.449951171875,1461.800048828125,1273.1875,7132294.0,1281.2004035718885,1286.426237984826,1265.9147953860963
2021-06-14 18:30:00,1464.0,1476.0,1463.0,1473.9000244140625,1283.7264404296875,5403104.0,1275.103791070357,1285.5554614889663,1274.2328185354727
2021-06-15 18:30:00,1472.699951171875,1489.449951171875,1467.5,1480.5999755859375,1289.5618896484375,7661710.0,1282.6811854881962,1297.2699751733123,1278.1521709198764
2021-06-16 18:30:00,1475.0999755859375,1502.6500244140625,1475.0999755859375,1495.300048828125,1302.3653564453125,7677951.0,1284.7716463341542,1308.7669837182775,1284.7716463341542
2021-06-17 18:30:00,1509.0,1515.800048828125,1487.4000244140625,1503.300048828125,1309.3330078125,13533974.0,1314.2975085574267,1320.2201641126776,1295.4845237346972
2021-06-20 18:30:00,1493.0,1505.800048828125,1484.199951171875,1500.300048828125,1306.7200927734375,5454052.0,1300.3619509541468,1311.5104415545813,1292.6973503763622
2021-06-21 18:30:00,1509.699951171875,1521.449951171875,1502.0999755859375,1511.8499755859375,1316.7796630859375,6427862.0,1314.907051074631,1325.1409772519048,1308.2876817899016
2021-06-22 18:30:00,1525.0,1525.0,1498.6500244140625,1503.1500244140625,1309.2022705078125,5529809.0,1328.2329974366169,1328.2329974366169,1305.2828944498028
2021-06-23 18:30:00,1517.0,1568.75,1511.199951171875,1559.199951171875,1358.0201416015625,10785137.0,1321.2651483609993,1366.3379706600645,1316.213465845908
2021-06-24 18:30:00,1572.0,1578.0,1543.0,1574.199951171875,1371.0849609375,9780240.0,1369.168863834137,1374.3946991922826,1343.9106596031002
2021-06-27 18:30:00,1572.9000244140625,1580.1500244140625,1560.5999755859375,1571.800048828125,1368.99462890625,5019178.0,1369.9526773998857,1376.2672280750623,1359.239673036804
2021-06-28 18:30:00,1561.0,1573.6500244140625,1559.199951171875,1563.050048828125,1361.37353515625,5913567.0,1359.5879990996918,1370.6058218938479,1358.0202061563784
2021-06-29 18:30:00,1572.050048828125,1591.0,1572.050048828125,1580.800048828125,1376.833251953125,6058722.0,1369.212243234457,1385.7171281600788,1369.212243234457
2021-06-30 18:30:00,1576.8499755859375,1576.8499755859375,1559.050048828125,1560.4000244140625,1359.0653076171875,4814317.0,1373.3927605779031,1373.3927605779031,1357.889516181484
2021-07-01 18:30:00,1558.949951171875,1569.449951171875,1542.5999755859375,1567.800048828125,1365.5107421875,5166064.0,1357.8025504266625,1366.9477617714929,1343.562171167975
2021-07-04 18:30:00,1569.1500244140625,1585.0,1561.050048828125,1578.949951171875,1375.221923828125,4058338.0,1366.6864575080867,1380.491349741526,1359.6316018427842
2021-07-05 18:30:00,1573.699951171875,1586.75,1557.0999755859375,1562.199951171875,1360.6331787109375,4089574.0,1370.6493623265098,1382.0155958269174,1356.1912402845298
2021-07-06 18:30:00,1566.050048828125,1570.550048828125,1544.6500244140625,1564.5999755859375,1362.7235107421875,4797120.0,1363.986484620662,1367.9058607513202,1345.3476524242224
2021-07-07 18:30:00,1568.0,1576.0,1549.0,1560.75,1359.3702392578125,3326813.0,1365.6847894641999,1372.6525690022825,1349.1363130612535
2021-07-08 18:30:00,1556.0,1569.9000244140625,1551.0,1562.9000244140625,1361.2430419921875,3436594.0,1355.2333100346107,1367.3398499422146,1350.8784472131626
2021-07-11 18:30:00,1570.550048828125,1578.0,1533.75,1547.8499755859375,1348.1346435546875,4588982.0,1367.9057813469253,1374.3944833697385,1335.8539536554729
2021-07-12 18:30:00,1556.4000244140625,1556.4000244140625,1536.300048828125,1544.949951171875,1345.6090087890625,4456160.0,1355.581708354052,1355.581708354052,1338.0751812303984
2021-07-13 18:30:00,1554.0,1582.800048828125,1538.0999755859375,1576.9000244140625,1373.4365234375,5657716.0,1353.4912324038655,1378.5752823277203,1339.6427487234016
2021-07-14 18:30:00,1557.9000244140625,1596.8499755859375,1556.0,1580.800048828125,1376.833251953125,10021355.0,1356.8879621568644,1390.8122955822987,1355.2330932854072
2021-07-15 18:30:00,1573.75,1574.6500244140625,1549.5999755859375,1555.449951171875,1354.75439453125,6265593.0,1370.6932368908904,1371.4771335564294,1349.6592256851047
2021-07-18 18:30:00,1544.699951171875,1552.9000244140625,1537.550048828125,1541.699951171875,1342.7783203125,5669162.0,1345.3912379284575,1352.5332765373414,1339.1638693330044
2021-07-19 18:30:00,1538.300048828125,1557.699951171875,1538.0,1550.050048828125,1350.051025390625,5069939.0,1339.8170980665798,1356.7138802520703,1339.5557637771587
2021-07-21 18:30:00,1561.4000244140625,1592.8499755859375,1561.4000244140625,1590.199951171875,1385.0203857421875,7854575.0,1359.9364422808278,1387.3284840624563,1359.9364422808278
2021-07-22 18:30:00,1588.550048828125,1598.5,1585.050048828125,1590.449951171875,1385.2384033203125,4179719.0,1383.5836403476194,1392.2497756537243,1380.5352360843801
2021-07-25 18:30:00,1594.0999755859375,1611.6500244140625,1594.0999755859375,1603.9000244140625,1396.9527587890625,4586710.0,1388.4171860985402,1403.7027953972172,1388.4171860985402
2021-07-26 18:30:00,1605.0,1609.300048828125,1597.9000244140625,1602.550048828125,1395.777099609375,5892859.0,1397.9109398244527,1401.6561643095713,1391.7270559963727
2021-07-27 18:30:00,1605.0999755859375,1607.5999755859375,1585.5,1605.5999755859375,1398.43359375,4686788.0,1397.9981074473674,1400.1755389605307,1380.927065648147
2021-07-28 18:30:00,1600.0999755859375,1620.0,1600.0999755859375,1617.0,1408.3626708984375,4660873.0,1393.6432129379934,1410.9755886552064,1393.6432129379934
2021-07-29 18:30:00,1610.0,1623.4000244140625,1606.1500244140625,1610.5,1402.7012939453125,6234257.0,1402.2658076696387,1413.9368611216748,1398.9125846109287
2021-08-01 18:30:00,1627.449951171875,1634.75,1619.199951171875,1631.550048828125,1421.0350341796875,5553389.0,1417.4639623530684,1423.8221032776687,1410.2784401924682
2021-08-02 18:30:00,1647.0,1658.6500244140625,1635.5999755859375,1655.199951171875,1441.6337890625,5513668.0,1434.4918563493748,1444.6387082912352,1424.5627475551084
2021-08-03 18:30:00,1669.0999755859375,1679.9000244140625,1639.050048828125,1649.25,1436.4515380859375,6740391.0,1453.7403226615859,1463.14686912244,1427.5676602328276
2021-08-04 18:30:00,1649.5,1666.0,1647.050048828125,1653.550048828125,1440.19677734375,5420536.0,1436.6692958051754,1451.0403436262031,1434.5354554748603
2021-08-05 18:30:00,1657.0,1660.6500244140625,1644.0,1650.199951171875,1437.27880859375,3754855.0,1443.201464252009,1446.380535210929,1431.8788215028985
2021-08-08 18:30:00,1661.0,1667.449951171875,1646.4000244140625,1663.300048828125,1448.6885986328125,5018477.0,1446.6853193592076,1452.3030494440573,1433.9691421507919
2021-08-09 18:30:00,1668.0,1680.0,1661.050048828125,1677.25,1460.838623046875,6846517.0,1452.7821274360933,1463.233797417648,1446.7289110997303
2021-08-10 18:30:00,1674.800048828125,1684.0,1668.0,1677.550048828125,1461.0999755859375,4899639.0,1458.7048011852285,1466.7177057432823,1452.7821455937024
2021-08-11 18:30:00,1679.1500244140625,1696.5,1674.0,1689.5999755859375,1471.59521484375,5659579.0,1462.493594127551,1477.6049467665491,1458.0080641834384
2021-08-12 18:30:00,1697.0,1722.5,1691.300048828125,1712.199951171875,1491.2791748046875,5612790.0,1478.0404344197511,1500.25023470125,1473.075933355373
2021-08-15 18:30:00,1707.699951171875,1719.949951171875,1690.0999755859375,1704.4000244140625,1484.485595703125,4564109.0,1487.3597412491697,1498.0291547007535,1472.030646043933
2021-08-16 18:30:00,1703.9000244140625,1748.9000244140625,1686.550048828125,1741.6500244140625,1516.9293212890625,9510390.0,1484.0501084300226,1523.2438721030503,1468.9387563667328
2021-08-17 18:30:00,1729.0,1755.5,1727.0,1733.449951171875,1509.7872314453125,6686090.0,1505.9114463640587,1528.9922175200145,1504.1695013711565
2021-08-19 18:30:00,1716.0999755859375,1745.0,1716.0999755859375,1732.949951171875,1509.3516845703125,6206972.0,1494.6758198585792,1519.8469452589354,1494.6758198585792
2021-08-22 18:30:00,1735.75,1753.1500244140625,1732.0,1738.75,1514.403564453125,6189051.0,1511.7906467286912,1526.9455907943864,1508.524499573149
2021-08-23 18:30:00,1750.0,1757.0,1712.699951171875,1720.8499755859375,1498.8131103515625,7602939.0,1524.2019817690077,1530.2987896960838,1491.7146627153454
2021-08-24 18:30:00,1718.0,1746.9000244140625,1718.0,1735.550048828125,1511.6163330078125,6153253.0,1496.3307234273852,1521.5018494102508,1496.3307234273852
2021-08-25 18:30:00,1734.0,1746.0,1720.0,1727.699951171875,1504.7791748046875,5302248.0,1510.2663441886914,1520.7180143906892,1498.0727289530273
2021-08-26 18:30:00,1725.0,1727.699951171875,1705.199951171875,1708.800048828125,1488.31787109375,6698514.0,1502.427583260766,1504.7791665153063,1485.1822849945138
2021-08-29 18:30:00,1703.050048828125,1718.6500244140625,1690.4000244140625,1698.050048828125,1478.9547119140625,6559667.0,1483.3095738715613,1496.8967219149827,1472.2917518551153
2021-08-30 18:30:00,1700.1500244140625,1715.0,1685.8499755859375,1706.449951171875,1486.27099609375,12255438.0,1480.783933076624,1493.7178535768544,1468.3289836646177
2021-08-31 18:30:00,1709.5,1709.5,1673.1500244140625,1677.75,1461.2740478515625,7801974.0,1488.927423514973,1488.927423514973,1457.267595791076
2021-09-01 18:30:00,1677.3499755859375,1694.300048828125,1662.6500244140625,1689.0999755859375,1471.1595458984375,6830050.0,1460.9256195979472,1475.688666436114,1448.122367094647
2021-09-02 18:30:00,1696.050048828125,1705.949951171875,1684.4000244140625,1700.6500244140625,1481.2193603515625,5339139.0,1477.2129082319484,1485.835450675509,1467.0660576377923
2021-09-05 18:30:00,1705.1500244140625,1732.0,1699.3499755859375,1730.4000244140625,1507.1309814453125,4876026.0,1485.1389236872342,1508.5245163164989,1480.0872401693016
2021-09-06 18:30:00,1730.0,1734.9000244140625,1704.0,1706.6500244140625,1486.4451904296875,3520341.0,1506.7823763845429,1511.0501627608223,1484.13709211518
2021-09-07 18:30:00,1700.8499755859375,1700.8499755859375,1682.949951171875,1693.25,1474.774169921875,4584896.0,1481.393539587416,1481.393539587416,1465.8031107394431
2021-09-08 18:30:00,1685.9000244140625,1694.9000244140625,1682.1500244140625,1691.5999755859375,1473.3367919921875,3331674.0,1468.372292172321,1476.211043247815,1465.1061458908653
2021-09-12 18:30:00,1683.0,1701.5,1675.199951171875,1691.9000244140625,1473.598388671875,4662374.0,1465.8467121859994,1481.9597033775865,1459.0530841826737
2021-09-13 18:30:00,1695.949951171875,1695.949951171875,1678.5999755859375,1686.1500244140625,1468.5904541015625,4945167.0,1477.12592169284,1477.12592169284,1462.0145685181678
2021-09-14 18:30:00,1693.25,1715.0999755859375,1690.199951171875,1711.449951171875,1490.6260986328125,4062344.0,1474.7744389380236,1493.8051700678393,1472.117929828777
2021-09-15 18:30:00,1715.199951171875,1719.25,1691.449951171875,1702.25,1482.6129150390625,3246568.0,1493.891966210481,1497.4194473085083,1473.2063696575788
2021-09-16 18:30:00,1697.0,1718.0,1684.449951171875,1691.300048828125,1473.0758056640625,7454864.0,1478.0403062981004,1496.3307284738578,1467.1095590889208
2021-09-19 18:30:00,1685.0,1707.699951171875,1677.949951171875,1687.8499755859375,1470.07080078125,5660743.0,1467.5885506094764,1487.3595823241576,1461.4481524246728
2021-09-20 18:30:00,1700.0,1726.75,1684.6500244140625,1718.449951171875,1496.72265625,4672222.0,1480.6532560868934,1503.9517705576725,1467.2838494209095
2021-09-21 18:30:00,1717.0,1738.9000244140625,1713.050048828125,1716.9000244140625,1495.3726806640625,4553892.0,1495.4597566485802,1514.5340753328271,1492.0194578610053
2021-09-22 18:30:00,1732.0,1745.0,1721.0999755859375,1742.550048828125,1517.7132568359375,3826090.0,1508.5244539217945,1519.8470970516926,1499.030831879671
2021-09-23 18:30:00,1758.0,1788.0,1752.449951171875,1763.8499755859375,1536.2647705078125,8280446.0,1531.169602820424,1557.2987769299875,1526.335663082202
2021-09-26 18:30:00,1768.75,1769.0,1718.0999755859375,1721.1500244140625,1499.074462890625,5045337.0,1540.5327360352849,1540.7504791781873,1496.4179540192567
2021-09-27 18:30:00,1710.0,1710.0,1675.0,1687.0999755859375,1469.4176025390625,6557197.0,1489.3628929542976,1489.3628929542976,1458.8788571335956
2021-09-28 18:30:00,1659.25,1701.4000244140625,1655.0,1692.25,1473.9031982421875,7792548.0,1445.1611060324121,1481.872617800693,1441.4594729447897
2021-09-29 18:30:00,1703.0,1703.0,1670.0999755859375,1675.199951171875,1459.05322265625,6914031.0,1483.2663028944044,1483.2663028944044,1454.6112837647613
2021-09-30 18:30:00,1665.0999755859375,1678.949951171875,1661.25,1665.1500244140625,1450.2998046875,5733906.0,1450.2562135367987,1462.3191607744086,1446.9029908490702
2021-10-03 18:30:00,1672.5,1688.0,1665.4000244140625,1678.75,1462.14501953125,2947154.0,1456.7014416476638,1470.2015147989575,1450.517558435886
2021-10-04 18:30:00,1671.0,1702.949951171875,1663.0,1692.800048828125,1474.3824462890625,4373310.0,1455.3952012552013,1483.2227330420862,1448.4274205190902
2021-10-05 18:30:00,1702.0999755859375,1709.0,1670.0,1673.550048828125,1457.6162109375,4271698.0,1482.4824144265476,1488.4921465220082,1454.5242157353737
2021-10-06 18:30:00,1687.0,1704.199951171875,1676.6500244140625,1691.0,1472.8143310546875,5476108.0,1469.330441448408,1484.3111242274608,1460.3158983561343
2021-10-07 18:30:00,1705.25,1731.5,1698.4000244140625,1723.8499755859375,1501.4259033203125,4738376.0,1485.2258362951297,1508.0888641225727,1479.2596960117546
2021-10-10 18:30:00,1682.0,1730.0,1663.699951171875,1690.949951171875,1472.7708740234375,8840633.0,1464.9757128474757,1506.7823919299244,1449.0368739193389
2021-10-11 18:30:00,1677.0,1689.0,1662.0,1685.1500244140625,1467.719482421875,7439300.0,1460.621034543982,1471.072705631953,1447.556445684018
2021-10-12 18:30:00,1695.949951171875,1713.6500244140625,1680.050048828125,1709.199951171875,1488.6661376953125,7104171.0,1477.1257522003684,1492.5420290685638,1463.277374662343
2021-10-13 18:30:00,1754.0,1783.5999755859375,1698.199951171875,1715.75,1494.3712158203125,19655776.0,1527.6859172658185,1553.4666845714335,1479.0856043938277
2021-10-17 18:30:00,1740.0,1799.0,1740.0,1792.1500244140625,1560.9134521484375,13438109.0,1515.4922131177411,1566.8795927579404,1515.4922131177411
2021-10-18 18:30:00,1814.0,1834.5,1782.300048828125,1822.1500244140625,1587.0426025390625,10324260.0,1579.944155219386,1597.799091923905,1552.3343687944996
2021-10-19 18:30:00,1829.4000244140625,1848.0,1794.050048828125,1802.3499755859375,1569.797119140625,5876115.0,1593.3569656178327,1609.5570313577834,1562.5681118501532
2021-10-20 18:30:00,1814.0,1814.0,1746.8499755859375,1753.6500244140625,1527.381103515625,8779629.0,1579.944278051199,1579.944278051199,1521.4584473764492
2021-10-21 18:30:00,1749.9000244140625,1763.199951171875,1707.0,1719.800048828125,1497.898681640625,7369809.0,1524.1149349651396,1535.6988064564907,1486.7501901182247
2021-10-24 18:30:00,1722.050048828125,1729.75,1687.199951171875,1707.550048828125,1487.2291259765625,5905209.0,1499.8582271507623,1506.564672832556,1469.5047506520364
2021-10-25 18:30:00,1710.050048828125,1726.5999755859375,1695.9000244140625,1703.699951171875,1497.026611328125,5871709.0,1502.6063879603894,1517.1486674004602,1490.1728822340883
2021-10-26 18:30:00,1709.0999755859375,1734.1500244140625,1701.1500244140625,1728.949951171875,1519.21337890625,5090259.0,1501.7713769207796,1523.782638320306,1494.785823536902
2021-10-27 18:30:00,1719.3499755859375,1724.75,1692.050048828125,1703.9000244140625,1497.2021484375,5329972.0,1510.777886307297,1515.5228408460055,1486.789677839468
2021-10-28 18:30:00,1699.0,1712.5999755859375,1661.050048828125,1667.75,1465.4376220703125,5875091.0,1492.8967290645846,1504.8469109760645,1459.5504324355952
2021-10-31 18:30:00,1677.5,1707.199951171875,1676.0,1700.050048828125,1493.8194580078125,3636806.0,1474.0049226994552,1500.102016130917,1472.6868855107523
2021-11-01 18:30:00,1695.0,1706.449951171875,1686.3499755859375,1697.9000244140625,1491.9300537109375,3471772.0,1489.3818273621403,1499.4428003412402,1481.7811257877784
2021-11-02 18:30:00,1709.0,1717.449951171875,1699.0,1702.5,1495.971923828125,3530713.0,1501.6834172230635,1509.1083157316355,1492.8965043077735
2021-11-03 18:30:00,1715.0,1717.0,1705.0,1708.699951171875,1501.4200439453125,483407.0,1506.955843008158,1508.713225915456,1498.1689284716672
2021-11-07 18:30:00,1730.0,1741.0,1703.0,1737.5,1526.7261962890625,5245903.0,1520.1360112691098,1529.8016159650406,1496.4113451972798
2021-11-08 18:30:00,1734.75,1750.0,1726.0,1742.5,1531.119873046875,4016134.0,1524.3100142140984,1537.710059014078,1516.621463919028
2021-11-09 18:30:00,1726.0,1750.949951171875,1721.949951171875,1740.1500244140625,1529.0548095703125,4780368.0,1516.6213052274068,1538.5446120128352,1513.0625622726295
2021-11-10 18:30:00,1732.949951171875,1739.75,1709.0,1733.300048828125,1523.035888671875,4731349.0,1522.7282608636551,1528.703405453859,1501.6836441561402
2021-11-11 18:30:00,1743.0,1782.8499755859375,1738.050048828125,1780.199951171875,1564.246337890625,5069009.0,1531.559061749532,1566.5748914793885,1527.20958236198
2021-11-14 18:30:00,1782.0999755859375,1800.0,1775.5,1787.1500244140625,1570.3533935546875,4354074.0,1565.915958976433,1581.6445568553665,1560.116617053724
2021-11-15 18:30:00,1790.0,1808.949951171875,1777.0,1792.300048828125,1574.8785400390625,6034233.0,1572.8575070413654,1589.5086651188797,1561.4345195600592
2021-11-16 18:30:00,1792.550048828125,1802.0,1780.699951171875,1787.449951171875,1570.6168212890625,4732492.0,1575.0982330141132,1583.4018234229952,1564.6856546363958
2021-11-17 18:30:00,1781.5999755859375,1789.449951171875,1759.0,1779.4000244140625,1563.5433349609375,4326924.0,1565.4764129337543,1572.374118249365,1545.6180108247017
2021-11-21 18:30:00,1784.0,1785.4000244140625,1751.1500244140625,1759.4000244140625,1545.9696044921875,6621839.0,1567.5853905552658,1568.8155799150782,1538.7204007522319
2021-11-22 18:30:00,1735.0999755859375,1747.25,1710.0,1736.9000244140625,1526.1990966796875,8436160.0,1524.6174092729004,1535.293531113381,1502.5622768372482
2021-11-23 18:30:00,1740.0,1740.5,1688.0,1696.0,1490.2606201171875,7333061.0,1528.9230418655106,1529.3623875671963,1483.2310888902196
2021-11-24 18:30:00,1700.0,1726.199951171875,1696.949951171875,1722.4000244140625,1513.4578857421875,4476260.0,1493.7751795707143,1516.7968482568974,1491.0951282554602
2021-11-25 18:30:00,1702.550048828125,1718.3499755859375,1684.0,1691.6500244140625,1486.4383544921875,4494181.0,1496.0161123736239,1509.8993723813282,1479.716343711144
2021-11-28 18:30:00,1691.0,1712.0,1669.1500244140625,1696.3499755859375,1490.5679931640625,3942776.0,1485.867016073617,1504.3195337185286,1466.667632262169
2021-11-29 18:30:00,1704.550048828125,1729.9000244140625,1700.050048828125,1712.6500244140625,1504.8907470703125,14808963.0,1497.7733686584895,1520.0481727071376,1493.819257622796
2021-11-30 18:30:00,1715.0,1741.9000244140625,1713.0,1714.9000244140625,1506.8677978515625,5193264.0,1506.9556455329875,1530.5924639911489,1505.198262855981
2021-12-01 18:30:00,1715.0,1750.5,1711.3499755859375,1748.25,1536.172119140625,5559574.0,1506.9556323902027,1538.1491746350146,1503.7483875802125
2021-12-02 18:30:00,1771.0999755859375,1786.6500244140625,1732.550048828125,1735.550048828125,1525.012939453125,6754012.0,1556.2503551294296,1569.914049638286,1522.3768651886874
2021-12-05 18:30:00,1730.0,1733.949951171875,1691.5,1695.300048828125,1489.6456298828125,3991449.0,1520.1361797156055,1523.6069679725288,1486.3065595311832
2021-12-06 18:30:00,1701.0999755859375,1724.9000244140625,1694.0,1711.6500244140625,1504.01220703125,4202122.0,1494.7419695434742,1515.654868474255,1488.5032818453103
2021-12-07 18:30:00,1733.0,1759.800048828125,1732.5999755859375,1753.3499755859375,1540.6536865234375,3029169.0,1522.7723363402492,1546.3213109323074,1522.4208382954744
2021-12-08 18:30:00,1759.0,1769.4000244140625,1742.0,1763.449951171875,1549.5283203125,2082171.0,1545.6181864523098,1554.7565985466379,1530.680432518433
2021-12-09 18:30:00,1760.0,1763.75,1746.0,1759.25,1545.837890625,1823469.0,1546.496909194259,1549.7920020405534,1534.1952292347592
2021-12-12 18:30:00,1767.050048828125,1771.3499755859375,1738.800048828125,1744.6500244140625,1533.009033203125,4040584.0,1552.6917427954177,1556.470051607841,1527.8687097618824
2021-12-13 18:30:00,1730.9000244140625,1763.0,1710.3499755859375,1752.1500244140625,1539.5992431640625,4768144.0,1520.927049880741,1549.1330239292365,1502.869897706602
2021-12-14 18:30:00,1745.0,1747.949951171875,1721.199951171875,1734.199951171875,1523.826416015625,3053149.0,1533.3163250007074,1535.9084214418483,1512.4034290671957
2021-12-15 18:30:00,1762.6500244140625,1777.5999755859375,1758.0,1771.5999755859375,1556.689697265625,4481031.0,1548.8254519662987,1561.9618457823942,1544.7395154133753
2021-12-16 18:30:00,1820.0,1842.0,1806.75,1820.8499755859375,1599.9652099609375,18887243.0,1599.2183437253605,1618.549554473689,1587.5756827064808
2021-12-19 18:30:00,1801.699951171875,1829.6500244140625,1787.300048828125,1798.9000244140625,1580.677978515625,5773891.0,1583.1382500746142,1607.6977390246545,1570.4851797435072
2021-12-20 18:30:00,1801.0,1838.0,1801.0,1811.5999755859375,1591.837158203125,5353584.0,1582.5230517551581,1615.034630275392,1582.5230517551581
2021-12-21 18:30:00,1825.0,1829.1500244140625,1812.3499755859375,1824.699951171875,1603.34814453125,4156428.0,1603.6117948544356,1607.2583855937914,1592.496327262333
2021-12-22 18:30:00,1831.25,1861.5999755859375,1827.0,1857.5999755859375,1632.2569580078125,4112933.0,1609.103463413307,1635.7717232521284,1605.3690253412217
2021-12-23 18:30:00,1872.949951171875,1875.75,1854.0,1863.5,1637.4412841796875,3780347.0,1645.7448742963015,1648.2052529112148,1629.0937165919725
2021-12-26 18:30:00,1860.0,1874.5,1845.050048828125,1866.1500244140625,1639.77001953125,2647733.0,1634.3660458305121,1647.1070714566104,1621.2296519691486
2021-12-27 18:30:00,1880.699951171875,1895.9000244140625,1878.4000244140625,1888.0,1658.969482421875,3340933.0,1652.554991836044,1665.911166433166,1650.5340658280904
2021-12-28 18:30:00,1883.5,1893.800048828125,1876.4000244140625,1885.550048828125,1656.81640625,3236635.0,1655.0150461990365,1664.0656093990003,1648.7763594868666
2021-12-29 18:30:00,1884.5,1909.800048828125,1874.3499755859375,1892.8499755859375,1663.2310791015625,4584738.0,1655.8940269931556,1678.124963441618,1646.9752873799528
2021-12-30 18:30:00,1890.0,1898.3499755859375,1871.6500244140625,1887.75,1658.7496337890625,4619420.0,1660.7266893716478,1668.0637408590383,1644.602724183878
2022-01-02 18:30:00,1887.75,1914.050048828125,1887.75,1898.449951171875,1668.1517333984375,3329616.0,1658.7497778274603,1681.8594057710459,1658.7497778274603
2022-01-03 18:30:00,1898.449951171875,1906.6500244140625,1878.0,1899.1500244140625,1668.7667236328125,3921999.0,1668.1515753213837,1675.3569088558613,1650.1823798513894
2022-01-04 18:30:00,1900.0,1902.9000244140625,1840.0,1844.6500244140625,1620.878173828125,6995719.0,1669.5137232070176,1672.061949815919,1616.7922372110065
2022-01-05 18:30:00,1828.0,1828.0,1800.0,1817.800048828125,1597.28515625,6449205.0,1606.2477649878608,1606.2477649878608,1581.6444075372808
2022-01-06 18:30:00,1815.449951171875,1836.0,1806.800048828125,1814.300048828125,1594.209716796875,4834389.0,1595.2201260127915,1613.277275679743,1587.6195318472028
2022-01-09 18:30:00,1815.0,1869.9000244140625,1813.0,1850.75,1626.238037109375,7857560.0,1594.8248209393573,1643.0649981325935,1593.0674382165591
2022-01-10 18:30:00,1855.0,1870.0,1850.1500244140625,1855.5999755859375,1630.4996337890625,5142287.0,1629.972440435956,1643.152810574252,1625.710808876999
2022-01-11 18:30:00,1868.9000244140625,1889.0,1860.0,1877.449951171875,1649.698974609375,5362535.0,1642.1862281862043,1659.8479022527206,1634.3658539915618
2022-01-12 18:30:00,1905.0,1912.5,1866.3499755859375,1896.800048828125,1666.701904296875,14277630.0,1673.9071309319909,1680.497316486841,1639.9456865869017
2022-01-13 18:30:00,1882.0,1933.0,1881.0,1929.3499755859375,1695.30322265625,7688506.0,1653.6972065268249,1698.5104677026313,1652.8185151312207
2022-01-16 18:30:00,1938.550048828125,1953.9000244140625,1930.5,1939.5,1704.221923828125,5262464.0,1703.38720992574,1716.8751010955164,1696.3137014437718
2022-01-17 18:30:00,1922.0999755859375,1945.0,1911.449951171875,1920.75,1687.7464599609375,3690315.0,1688.9326718657662,1709.0547258227377,1679.5745872616628
2022-01-18 18:30:00,1916.0,1916.0,1862.8499755859375,1867.050048828125,1640.560791015625,5747770.0,1683.5726913474412,1683.5726913474412,1636.8702228464153
2022-01-19 18:30:00,1844.0,1848.0,1815.5,1823.699951171875,1602.4693603515625,5533463.0,1620.3068375307487,1623.8216029050018,1595.2641342391942
2022-01-20 18:30:00,1795.0,1808.0,1776.0,1785.699951171875,1569.0792236328125,8252758.0,1577.2510967324367,1588.6740851767383,1560.5559597753802
2022-01-23 18:30:00,1765.0,1768.6500244140625,1728.0,1736.800048828125,1526.111328125,7116712.0,1550.890383701955,1554.0976288940496,1518.378800587523
2022-01-24 18:30:00,1726.5999755859375,1740.0,1700.5,1722.1500244140625,1513.238525390625,9137653.0,1517.1486594985286,1528.9231465624146,1494.2148337525207
2022-01-26 18:30:00,1702.0,1709.699951171875,1665.0,1678.5999755859375,1474.971435546875,11231734.0,1495.5328367763693,1502.2987179861893,1463.0212533681874
2022-01-27 18:30:00,1681.0,1727.550048828125,1679.5,1686.199951171875,1481.6494140625,10998502.0,1477.0802616309584,1517.9833897106614,1475.7622245146904
2022-01-30 18:30:00,1718.0,1749.5,1715.3499755859375,1736.199951171875,1525.583984375,8788872.0,1509.591843604878,1537.2706230423364,1507.2632899140617
2022-01-31 18:30:00,1766.0999755859375,1780.0,1734.699951171875,1772.050048828125,1557.085205078125,5119935.0,1551.856926666537,1564.0707591029711,1524.265994070383
2022-02-01 18:30:00,1789.0,1792.800048828125,1772.0,1787.0999755859375,1570.3094482421875,4253717.0,1571.9789834277135,1575.3180537987653,1557.0412289736769
2022-02-02 18:30:00,1779.0,1779.0,1734.0,1738.550048828125,1527.64892578125,3832922.0,1563.191948829261,1563.191948829261,1523.6508371388077
2022-02-03 18:30:00,1732.0,1753.949951171875,1710.1500244140625,1741.0999755859375,1529.8895263671875,4700077.0,1521.8934563342548,1541.180689045186,1502.694071308099
2022-02-06 18:30:00,1722.199951171875,1732.0,1695.4000244140625,1715.0,1506.9556884765625,4310209.0,1513.2822233892216,1521.8934416567965,1489.7333592035418
2022-02-07 18:30:00,1710.0,1725.0,1696.0,1717.300048828125,1508.976806640625,6053401.0,1502.5623164200595,1515.7426876167267,1490.2606366365032
2022-02-08 18:30:00,1735.0,1743.0,1725.0,1737.300048828125,1526.5506591796875,3867244.0,1524.5296259925371,1531.5591574092173,1515.7427117216866
2022-02-09 18:30:00,1755.6500244140625,1773.9000244140625,1748.75,1769.5999755859375,1554.9322509765625,4334630.0,1542.6745490801131,1558.7106668309207,1536.611557080806
2022-02-10 18:30:00,1740.0,1745.949951171875,1713.0,1721.3499755859375,1512.535400390625,7551371.0,1528.9230162412698,1534.1511870988509,1505.1983487478708
2022-02-13 18:30:00,1690.0,1718.550048828125,1678.25,1682.199951171875,1478.134521484375,7459637.0,1484.9883568052496,1510.0750373354194,1474.663733614444
2022-02-14 18:30:00,1699.0,1746.75,1690.449951171875,1738.25,1527.385498046875,4669915.0,1492.8968567131544,1534.8543757879354,1485.384001492288
2022-02-15 18:30:00,1738.25,1755.449951171875,1726.8499755859375,1733.300048828125,1523.035888671875,5350642.0,1527.3853683173847,1542.4988179107663,1517.3682646277543
2022-02-16 18:30:00,1744.0,1749.0,1720.300048828125,1724.800048828125,1515.56689453125,3937950.0,1532.4377256704772,1536.8311824527893,1511.612783427169
2022-02-17 18:30:00,1710.0,1722.5,1703.5,1706.949951171875,1499.8822021484375,5602215.0,1502.5622537515017,1513.5458959572875,1496.850759804493
2022-02-20 18:30:00,1701.0,1737.300048828125,1691.5,1730.699951171875,1520.7513427734375,5120890.0,1494.65424801455,1526.5507925084316,1486.3066787281666
2022-02-21 18:30:00,1699.9000244140625,1751.0,1691.050048828125,1734.3499755859375,1523.9583740234375,8878515.0,1493.687498875911,1538.5886069583632,1485.911101612414
2022-02-22 18:30:00,1750.0,1758.25,1733.4000244140625,1742.8499755859375,1531.4273681640625,5478811.0,1537.7100334675147,1544.9592379110045,1523.1237768881938
2022-02-23 18:30:00,1690.0999755859375,1714.949951171875,1670.5,1678.1500244140625,1474.5760498046875,13592379.0,1485.0763695246333,1506.9118301831932,1467.8540388895212
2022-02-24 18:30:00,1715.0,1728.1500244140625,1677.0,1694.5999755859375,1489.0303955078125,9737281.0,1506.9557211653544,1518.5105342990194,1473.5654486264136
2022-02-27 18:30:00,1682.199951171875,1728.050048828125,1665.0,1715.5999755859375,1507.4827880859375,15076542.0,1478.134476916457,1518.42255923894,1463.0210293083312
2022-03-01 18:30:00,1710.0,1714.4000244140625,1691.0,1702.800048828125,1496.23583984375,6771489.0,1502.5623753614689,1506.428639183248,1485.8672378574524
2022-03-02 18:30:00,1720.199951171875,1733.9000244140625,1705.550048828125,1720.8499755859375,1512.0960693359375,7344147.0,1511.5248984753623,1523.5630349736196,1498.6521553167977
2022-03-03 18:30:00,1695.25,1736.0,1681.0,1723.300048828125,1514.248779296875,9074499.0,1489.6014451161038,1525.4081160427997,1477.0800939331489
2022-03-06 18:30:00,1697.0,1751.0,1696.0,1739.8499755859375,1528.7913818359375,9742588.0,1491.1394725869231,1538.5888134942265,1490.2607810886398
2022-03-07 18:30:00,1718.449951171875,1800.0,1718.449951171875,1778.199951171875,1562.489013671875,10984500.0,1509.9872022162124,1581.644529208251,1509.9872022162124
2022-03-08 18:30:00,1791.0,1831.5999755859375,1791.0,1813.3499755859375,1593.3751220703125,10193515.0,1573.7363895823908,1609.411241059636,1573.7363895823908
2022-03-09 18:30:00,1844.75,1844.75,1810.199951171875,1825.9000244140625,1604.4027099609375,6547182.0,1620.9660220308197,1620.9660220308197,1590.6071900970094
2022-03-10 18:30:00,1814.0,1831.4000244140625,1811.0,1822.0,1600.9757080078125,4758657.0,1593.9461769078878,1609.2354285026502,1591.310102745416
2022-03-13 18:30:00,1831.550048828125,1895.0,1831.550048828125,1890.699951171875,1661.341796875,10289724.0,1609.367286068122,1665.1202128221414,1609.367286068122
2022-03-14 18:30:00,1888.3499755859375,1888.3499755859375,1830.0,1839.300048828125,1616.1771240234375,7140443.0,1659.2768725454414,1659.2768725454414,1608.0052511537049
2022-03-15 18:30:00,1865.0,1893.949951171875,1849.0,1889.4000244140625,1660.19970703125,5233979.0,1638.759613424633,1664.197688915831,1624.7005497169687
2022-03-16 18:30:00,1923.300048828125,1923.300048828125,1833.050048828125,1854.5999755859375,1629.6212158203125,17731459.0,1689.9873855375893,1689.9873855375893,1610.6854785690437
2022-03-20 18:30:00,1861.0,1886.9000244140625,1841.0999755859375,1853.050048828125,1628.25927734375,8362085.0,1635.2448316509428,1658.0029622596096,1617.758849881559
2022-03-21 18:30:00,1850.0,1890.0,1839.0,1887.4000244140625,1658.442138671875,5709382.0,1625.579059476518,1660.7267148165508,1615.9134542580089
2022-03-22 18:30:00,1897.0,1900.0,1857.0,1872.4000244140625,1645.261962890625,6192824.0,1666.8777520338913,1669.513826496781,1631.7300925286959
2022-03-23 18:30:00,1856.1500244140625,1894.5999755859375,1856.1500244140625,1886.699951171875,1657.8270263671875,3784303.0,1630.9830683752546,1664.7687099000984,1630.9830683752546
2022-03-24 18:30:00,1892.0,1894.0,1858.0,1876.550048828125,1648.9083251953125,3438588.0,1662.4840638904113,1664.2414466217965,1632.6085574568626
2022-03-27 18:30:00,1866.0,1880.9000244140625,1852.6500244140625,1873.9000244140625,1646.579833984375,4008555.0,1639.6381504800765,1652.7306737771728,1627.9076417562392
2022-03-28 18:30:00,1873.9000244140625,1889.4000244140625,1860.550048828125,1886.0,1657.2119140625,3917785.0,1646.5797700005269,1660.1994861553353,1634.849261732521
2022-03-29 18:30:00,1910.0,1919.0,1895.0,1903.949951171875,1672.984375,7795839.0,1678.3005006424887,1686.208722896825,1665.1201302185948
2022-03-30 18:30:00,1900.0,1913.0,1894.199951171875,1906.8499755859375,1675.5325927734375,5399145.0,1669.5135784299448,1680.9365660718338,1664.4171256540967
2022-03-31 18:30:00,1886.8499755859375,1910.300048828125,1878.300048828125,1903.550048828125,1672.633056640625,6171518.0,1657.9588459097863,1678.5642235880214,1650.4460988003643
2022-04-03 18:30:00,1889.75,1893.0,1873.0,1882.949951171875,1654.531982421875,7364074.0,1660.5071270406477,1663.362874183329,1645.7890456129824
2022-04-04 18:30:00,1883.800048828125,1889.5999755859375,1857.1500244140625,1861.0999755859375,1635.3326416015625,5472024.0,1655.2790019404306,1660.3753480101589,1631.8618532673324
2022-04-05 18:30:00,1855.0,1857.5,1822.1500244140625,1828.8499755859375,1606.994873046875,5407453.0,1629.9726764339382,1632.1694051083773,1601.1076831042346
2022-04-06 18:30:00,1821.050048828125,1828.1500244140625,1807.550048828125,1811.0,1591.3099365234375,5797544.0,1600.1408269501305,1606.3795136972185,1588.2784944581006
2022-04-07 18:30:00,1823.0,1838.0,1808.0,1814.5999755859375,1594.4735107421875,5131446.0,1601.854540499716,1615.034912473109,1588.6741685263228
2022-04-10 18:30:00,1814.0,1814.0,1762.550048828125,1766.550048828125,1552.2523193359375,8248407.0,1593.946182924903,1593.946182924903,1548.7375537727073
2022-04-11 18:30:00,1757.5,1757.5,1727.75,1742.449951171875,1531.0758056640625,6456184.0,1544.300154299906,1544.300154299906,1518.1590848316712
2022-04-12 18:30:00,1754.949951171875,1757.5,1732.0,1748.550048828125,1536.435791015625,6257693.0,1542.0593298022513,1544.3000356322013,1521.8934063812078
2022-04-17 18:30:00,1605.5,1650.0,1590.0,1621.4000244140625,1424.710205078125,30523965.0,1410.738990878907,1449.8407567425704,1397.1192746792042
2022-04-18 18:30:00,1636.6500244140625,1636.6500244140625,1550.0,1562.0,1372.515869140625,17044923.0,1438.1101989357824,1438.1101989357824,1361.9715730908893
2022-04-19 18:30:00,1575.0,1596.300048828125,1563.0,1587.699951171875,1395.098388671875,10678747.0,1383.9390500304542,1402.6552210404843,1373.3947525064125
2022-04-20 18:30:00,1595.0,1627.199951171875,1589.25,1618.800048828125,1422.42578125,7766514.0,1401.5128815545488,1429.8067037193202,1396.4604056492583
2022-04-21 18:30:00,1604.3499755859375,1610.699951171875,1582.4000244140625,1585.449951171875,1393.1212158203125,8134245.0,1409.728504477574,1415.3081733294175,1390.4412714487692
2022-04-24 18:30:00,1572.800048828125,1572.800048828125,1554.0999755859375,1561.0999755859375,1371.7252197265625,7000570.0,1382.0059741881291,1382.0059741881291,1365.5743794932316
2022-04-25 18:30:00,1577.199951171875,1592.0,1566.550048828125,1581.0,1389.211181640625,5345435.0,1385.8721112277144,1398.8767875849937,1376.5141331003783
2022-04-26 18:30:00,1572.75,1572.75,1550.3499755859375,1552.800048828125,1364.4320068359375,8819356.0,1381.961856821622,1381.961856821622,1362.2791486149092
2022-04-27 18:30:00,1570.0,1601.800048828125,1557.449951171875,1582.5999755859375,1390.616943359375,9245177.0,1379.5454535287045,1407.4878820528004,1368.5178339093395
2022-04-28 18:30:00,1590.0,1597.300048828125,1560.800048828125,1567.550048828125,1377.3927001953125,9831395.0,1397.1192785504973,1403.5337684574995,1371.4615334467492
2022-05-01 18:30:00,1550.9000244140625,1552.75,1531.0,1541.0,1354.0633544921875,7072627.0,1362.7624202077359,1364.387977733773,1345.2764410950936
2022-05-03 18:30:00,1547.25,1570.0,1530.1500244140625,1535.550048828125,1349.274658203125,6220959.0,1359.5553049527848,1379.545534836563,1344.5297030639988
2022-05-04 18:30:00,1560.050048828125,1589.4000244140625,1557.449951171875,1585.1500244140625,1392.8577880859375,6144870.0,1370.8026539111372,1396.592226787759,1368.5179703073688
2022-05-05 18:30:00,1550.0,1561.8499755859375,1535.050048828125,1542.8499755859375,1355.68896484375,6171472.0,1361.9716296199067,1372.3841009487683,1348.8352364842315
2022-05-08 18:30:00,1540.0,1586.800048828125,1522.1500244140625,1570.3499755859375,1379.85302734375,6832202.0,1353.1847646359806,1394.3075653232786,1337.5001444983088
2022-05-09 18:30:00,1558.0,1569.1500244140625,1546.050048828125,1553.0,1364.6077880859375,6212545.0,1369.0012452272317,1378.7986761047448,1358.5009255643938
2022-05-10 18:30:00,1549.949951171875,1549.949951171875,1511.5999755859375,1526.75,1341.5421142578125,7846080.0,1361.9277121263535,1361.9277121263535,1328.2299179037932
2022-05-11 18:30:00,1514.0,1527.5,1504.300048828125,1508.800048828125,1325.7696533203125,7034979.0,1330.3388057853947,1342.201139918884,1321.8155419424827
2022-05-12 18:30:00,1519.300048828125,1529.25,1498.0999755859375,1504.4000244140625,1321.9031982421875,6723761.0,1334.9957199167382,1343.7386553481426,1316.3674002098628
2022-05-15 18:30:00,1510.0,1511.8499755859375,1478.6500244140625,1489.0999755859375,1308.45947265625,6145331.0,1326.8241461984453,1328.4497039979815,1299.2771895162246
2022-05-16 18:30:00,1494.9000244140625,1525.0,1480.9000244140625,1518.449951171875,1334.2490234375,6516378.0,1313.555903618578,1340.0044954869074,1301.254223004272
2022-05-17 18:30:00,1522.0,1549.699951171875,1505.300048828125,1509.199951171875,1326.12109375,6594126.0,1337.3683872175263,1361.7080974834491,1322.6942829038983
2022-05-18 18:30:00,1481.0,1484.699951171875,1417.6500244140625,1427.1500244140625,1254.0245361328125,16561140.0,1301.3420497086145,1304.593165199384,1245.6769672791786
2022-05-19 18:30:00,1453.0,1466.75,1446.699951171875,1455.1500244140625,1278.627685546875,10488908.0,1276.7384777715263,1288.820483325111,1271.2026795948527
2022-05-22 18:30:00,1455.0999755859375,1488.0,1450.050048828125,1468.4000244140625,1290.2705078125,5887569.0,1278.5838689742561,1307.4928382619098,1274.1465416425442
2022-05-23 18:30:00,1468.5999755859375,1469.550048828125,1435.25,1441.0,1266.1942138671875,5693167.0,1290.446073263294,1291.2808943889067,1261.14173869041
2022-05-24 18:30:00,1435.0,1442.5,1399.25,1410.449951171875,1239.3502197265625,9630092.0,1260.9221361098096,1267.5123214901744,1229.5089191300704
2022-05-25 18:30:00,1418.0,1430.0,1407.050048828125,1423.949951171875,1251.2125244140625,13040065.0,1245.9843537049899,1256.528650069207,1236.3627261774936
2022-05-26 18:30:00,1443.949951171875,1467.0,1437.4000244140625,1461.3499755859375,1284.07568359375,8284860.0,1268.7864314520264,1289.040311563104,1263.0310670153488
2022-05-29 18:30:00,1487.0,1530.0,1485.0,1526.800048828125,1341.586181640625,10904213.0,1306.614218168776,1344.397951444672,1304.856835225711
2022-05-30 18:30:00,1510.699951171875,1518.0,1488.1500244140625,1503.5999755859375,1335.1925048828125,16033857.0,1341.49726302402,1347.9796856356543,1321.4729921530693
2022-05-31 18:30:00,1513.0,1514.75,1472.0999755859375,1478.550048828125,1312.9482421875,8738508.0,1343.539700941573,1345.0936959690998,1307.220595475762
2022-06-01 18:30:00,1484.0,1513.8499755859375,1475.5999755859375,1508.0,1339.0997314453125,7205840.0,1317.78779937987,1344.2944932066457,1310.3286014773466
2022-06-02 18:30:00,1524.9000244140625,1555.0,1518.0,1521.699951171875,1351.26513671875,9395707.0,1354.1067924628962,1380.835483354974,1347.9795908249841
2022-06-05 18:30:00,1516.0,1536.5999755859375,1493.0,1530.050048828125,1358.679931640625,6624883.0,1346.2035297111815,1364.4962472875359,1325.779597532186
2022-06-06 18:30:00,1519.8499755859375,1519.8499755859375,1502.5999755859375,1506.699951171875,1337.9451904296875,4904592.0,1349.622374002398,1349.622374002398,1334.304423990545
2022-06-07 18:30:00,1520.199951171875,1520.199951171875,1492.0,1500.0,1331.9957275390625,4697608.0,1349.9332266440192,1349.9332266440192,1324.891750325521
2022-06-08 18:30:00,1485.0,1516.949951171875,1481.5,1515.0,1345.3157958984375,4361061.0,1318.6758791479733,1347.0473471279781,1315.5678888604193
2022-06-09 18:30:00,1486.0999755859375,1493.949951171875,1473.5999755859375,1476.800048828125,1311.39404296875,6516436.0,1319.6523502188877,1326.62310514879,1308.5523874648798
2022-06-12 18:30:00,1443.5999755859375,1443.5999755859375,1411.699951171875,1424.5,1264.951904296875,6987685.0,1281.9126277011962,1281.9126277011962,1253.5854977400272
2022-06-13 18:30:00,1410.0,1448.9000244140625,1403.1500244140625,1440.550048828125,1279.2042236328125,6090247.0,1252.075869762069,1286.618977493986,1245.9931115070253
2022-06-14 18:30:00,1440.199951171875,1446.4000244140625,1418.8499755859375,1422.199951171875,1262.90966796875,4651958.0,1278.893618751976,1284.3992668383937,1259.9348988081592
2022-06-15 18:30:00,1438.0,1443.75,1392.0,1397.199951171875,1240.7095947265625,6641772.0,1276.9399223929138,1282.0459060881565,1236.0920528309707
2022-06-16 18:30:00,1391.050048828125,1396.949951171875,1367.1500244140625,1387.300048828125,1231.9185791015625,9692047.0,1235.2485686561172,1240.4876655034718,1214.0254135488024
2022-06-19 18:30:00,1390.050048828125,1422.3499755859375,1382.0,1414.1500244140625,1255.7613525390625,4595194.0,1234.360640156729,1263.0428867444693,1227.2122188224364
2022-06-20 18:30:00,1424.0,1456.0,1422.75,1449.9000244140625,1287.507080078125,6270787.0,1264.507932381181,1292.9238409740165,1263.3979359517734
2022-06-21 18:30:00,1436.050048828125,1459.5999755859375,1435.0,1437.25,1276.27392578125,6253366.0,1275.208372542165,1296.1206407453685,1274.2759321593971
2022-06-22 18:30:00,1439.800048828125,1458.0,1433.0,1452.449951171875,1289.7713623046875,6254281.0,1278.5382855533985,1294.6997896368189,1272.4998618309749
2022-06-23 18:30:00,1458.0,1467.5,1428.9000244140625,1441.0999755859375,1279.692626953125,6114340.0,1294.6997999490238,1303.1357725824364,1268.8591054568187
2022-06-26 18:30:00,1468.050048828125,1484.0,1465.1500244140625,1474.5999755859375,1309.4405517578125,4511097.0,1303.6242355705597,1317.7877464947417,1301.049022203048
2022-06-27 18:30:00,1469.0,1488.25,1453.0,1480.1500244140625,1314.3690185546875,4412178.0,1304.4678285372947,1321.5617738738115,1290.2598739718783
2022-06-28 18:30:00,1464.699951171875,1477.0,1457.0,1463.25,1299.3616943359375,5060038.0,1300.6492467100306,1311.5716538760837,1293.8117127267801
2022-06-29 18:30:00,1465.050048828125,1482.0,1455.0,1461.9000244140625,1298.1632080078125,9165177.0,1300.9604210390532,1316.0119311432934,1292.0360052722617
2022-06-30 18:30:00,1454.0,1485.0,1442.3499755859375,1479.4000244140625,1313.7030029296875,4651635.0,1291.1478536823045,1318.675765280758,1280.802665224558
2022-07-03 18:30:00,1480.25,1492.25,1462.0,1488.0,1321.3399658203125,4800224.0,1314.457986831665,1325.113954297958,1298.2520363100114
2022-07-04 18:30:00,1498.800048828125,1509.949951171875,1472.0,1475.949951171875,1310.6392822265625,7379669.0,1330.9301027704544,1340.831183761111,1307.1317370251647
2022-07-05 18:30:00,1482.199951171875,1500.0,1470.0,1491.6500244140625,1324.5809326171875,5209162.0,1316.1892947506883,1331.9956869281368,1305.3557731895742
2022-07-06 18:30:00,1503.050048828125,1513.949951171875,1495.699951171875,1498.699951171875,1330.8414306640625,3323472.0,1334.7043054068324,1344.3833886802468,1328.177438923174
2022-07-07 18:30:00,1515.0,1516.949951171875,1499.949951171875,1514.449951171875,1344.8271484375,3652582.0,1345.315590195814,1347.0471411605954,1331.9511906435466
2022-07-10 18:30:00,1495.0,1499.9000244140625,1466.4000244140625,1473.1500244140625,1308.153076171875,4702638.0,1327.5557930054122,1331.9070008962192,1302.1590951666665
2022-07-11 18:30:00,1461.800048828125,1468.5999755859375,1436.0,1438.5999755859375,1277.47265625,4710356.0,1298.0742548130895,1304.1125702899615,1275.1638853794875
2022-07-12 18:30:00,1450.0,1460.0,1438.5999755859375,1444.449951171875,1282.6673583984375,5264025.0,1287.5957856267937,1296.475756562151,1277.4725970808702
2022-07-13 18:30:00,1451.0,1452.949951171875,1414.0,1428.8499755859375,1268.8148193359375,6157606.0,1288.4839796434712,1290.2155308812712,1255.6280821611772
2022-07-14 18:30:00,1446.0,1446.0,1410.6500244140625,1430.3499755859375,1270.146728515625,5620018.0,1284.0439058847987,1284.0439058847987,1252.6532276522264
2022-07-17 18:30:00,1450.0,1493.5999755859375,1448.050048828125,1489.9000244140625,1323.0269775390625,5835171.0,1287.5958695188904,1326.3125236399783,1285.8643184329112
2022-07-18 18:30:00,1471.550048828125,1486.8499755859375,1470.0999755859375,1484.1500244140625,1317.9208984375,3418540.0,1306.7321568201792,1320.3184472133253,1305.4444960050953
2022-07-19 18:30:00,1501.25,1525.800048828125,1500.0,1515.300048828125,1345.58203125,5079392.0,1333.105628800247,1354.9060006770792,1331.9956324398804
2022-07-20 18:30:00,1517.0,1535.449951171875,1503.0999755859375,1532.9000244140625,1361.2109375,5008061.0,1347.0917602580191,1363.475265334351,1334.7485774263982
2022-07-21 18:30:00,1534.0,1540.0,1492.1500244140625,1506.300048828125,1337.5899658203125,7020642.0,1362.1874401216894,1367.515422286442,1325.0247862021565
2022-07-24 18:30:00,1480.0999755859375,1517.1500244140625,1480.0999755859375,1503.5999755859375,1335.1925048828125,7859626.0,1314.3245716730378,1347.224909731089,1314.3245716730378
2022-07-25 18:30:00,1496.6500244140625,1496.6500244140625,1445.0,1451.1500244140625,1288.616943359375,7268273.0,1329.020809215027,1329.020809215027,1283.1557398113582
2022-07-26 18:30:00,1451.0,1473.0,1445.0,1471.050048828125,1306.2882080078125,4517285.0,1288.483822375233,1308.019759034265,1283.1558396500427
2022-07-27 18:30:00,1496.4000244140625,1524.449951171875,1489.8499755859375,1517.4000244140625,1347.4468994140625,6636841.0,1328.7989592318934,1353.7072142935083,1322.9825345301238
2022-07-28 18:30:00,1532.800048828125,1555.699951171875,1528.0,1549.699951171875,1376.1290283203125,7009465.0,1361.1219644216355,1381.4570107879367,1356.8595350883038
2022-07-31 18:30:00,1564.0,1564.0,1537.9000244140625,1551.050048828125,1377.3280029296875,2983249.0,1388.8275224964943,1388.8275224964943,1365.6508188965988
2022-08-01 18:30:00,1546.550048828125,1547.0,1528.3499755859375,1543.5999755859375,1370.71240234375,4374635.0,1373.332059019602,1373.731614384653,1357.170445576222
2022-08-02 18:30:00,1549.0,1570.0,1539.9000244140625,1566.0999755859375,1390.6922607421875,6011955.0,1375.5075317485316,1394.1554711718493,1367.4267796780443
2022-08-03 18:30:00,1587.5,1603.8499755859375,1574.949951171875,1599.9000244140625,1420.7066650390625,7402209.0,1409.6954786756162,1424.214210429917,1398.5510710597634
2022-08-04 18:30:00,1608.4000244140625,1625.699951171875,1602.300048828125,1616.6500244140625,1435.5806884765625,5361971.0,1428.2547116101568,1443.6169980608536,1422.8379503946153
2022-08-07 18:30:00,1617.0,1622.0,1596.0,1619.4000244140625,1438.0225830078125,3763409.0,1435.8913682028474,1440.3313538806547,1417.2434283560572
2022-08-09 18:30:00,1621.199951171875,1621.199951171875,1588.0999755859375,1602.449951171875,1422.9710693359375,4423829.0,1439.6210168307325,1439.6210168307325,1410.22833119954
2022-08-10 18:30:00,1630.0,1631.3499755859375,1616.0,1619.949951171875,1438.5108642578125,3462090.0,1447.4352785059941,1448.6340529159374,1435.0033190587033
2022-08-11 18:30:00,1613.300048828125,1614.0,1590.1500244140625,1594.0999755859375,1415.5562744140625,3562286.0,1432.6058852060069,1433.2274398690179,1412.0487289334715
2022-08-15 18:30:00,1609.0,1609.0,1591.0999755859375,1596.449951171875,1417.642822265625,3004430.0,1428.7872284070231,1428.7872284070231,1412.8920598110092
2022-08-16 18:30:00,1596.449951171875,1612.0,1585.0,1606.25,1426.345458984375,4067324.0,1417.643043330634,1431.4514427285992,1407.475519060068
2022-08-17 18:30:00,1594.0999755859375,1598.199951171875,1574.0,1582.949951171875,1405.6549072265625,4635706.0,1415.5560961565852,1419.1968624345182,1397.707376873584
2022-08-18 18:30:00,1585.300048828125,1604.9000244140625,1585.0999755859375,1597.0999755859375,1418.22021484375,4739884.0,1407.741913599355,1425.1466359156411,1407.5642491319722
2022-08-21 18:30:00,1586.0,1599.0,1574.0,1575.6500244140625,1399.1727294921875,3950555.0,1408.3634783046587,1419.907441241582,1397.7075125167294
2022-08-22 18:30:00,1548.0,1554.5,1533.0,1542.4000244140625,1369.6468505859375,5551574.0,1374.619613036166,1380.391594615452,1361.2996555455054
2022-08-23 18:30:00,1535.0,1546.0,1531.0,1537.5,1365.2955322265625,2888426.0,1363.0755394912346,1372.8435075266768,1359.5235511147102
2022-08-24 18:30:00,1548.0,1548.699951171875,1513.75,1518.1500244140625,1348.11279296875,4331088.0,1374.6194842114278,1375.2410388101719,1344.2055841247086
2022-08-25 18:30:00,1535.1500244140625,1544.949951171875,1517.449951171875,1521.550048828125,1351.132080078125,3079136.0,1363.2088193983936,1371.911126256518,1347.4912051170422
2022-08-28 18:30:00,1468.550048828125,1468.550048828125,1450.0,1461.75,1298.0296630859375,8079050.0,1304.0680862700244,1304.0680862700244,1287.595697947398
2022-08-29 18:30:00,1473.0999755859375,1496.0999755859375,1466.0,1492.949951171875,1325.7352294921875,6725875.0,1308.1085087048089,1328.5324420418817,1301.8037509629814
2022-08-31 18:30:00,1460.050048828125,1468.0999755859375,1451.050048828125,1464.199951171875,1300.2052001953125,8140604.0,1296.5200992612988,1303.6684102712275,1288.5281260390675
2022-09-01 18:30:00,1478.0,1478.0,1448.0,1453.0,1290.2598876953125,5175653.0,1312.459816939898,1312.459816939898,1285.8199018463954
2022-09-04 18:30:00,1451.0,1467.0,1446.3499755859375,1461.300048828125,1297.630126953125,3669352.0,1288.4837140181623,1302.6916667571634,1284.3545060737747
2022-09-05 18:30:00,1461.300048828125,1470.0,1445.449951171875,1455.0999755859375,1292.12451171875,3428442.0,1297.6301585781393,1305.355689709022,1283.5553183345817
2022-09-06 18:30:00,1440.0,1465.75,1438.050048828125,1457.6500244140625,1294.3890380859375,3600574.0,1278.7158670634933,1301.5817931585523,1276.984316019413
2022-09-07 18:30:00,1475.0,1481.0999755859375,1463.5999755859375,1475.9000244140625,1310.5948486328125,4061475.0,1309.79562961987,1315.2123898661405,1299.672441718108
2022-09-08 18:30:00,1488.0,1520.0,1480.0,1511.6500244140625,1342.3408203125,4816910.0,1321.3396674929586,1349.755574320764,1314.2356907860071
2022-09-11 18:30:00,1525.800048828125,1545.9000244140625,1521.1500244140625,1536.199951171875,1364.1409912109375,5494819.0,1354.9059088371373,1372.754627422371,1350.7767009768484
2022-09-12 18:30:00,1551.9000244140625,1553.0,1541.300048828125,1544.949951171875,1371.9112548828125,4947158.0,1378.0829005700948,1379.0596758276358,1368.6701517643487
2022-09-13 18:30:00,1497.0,1498.949951171875,1472.0,1475.4000244140625,1310.1510009765625,14332197.0,1329.33171750544,1331.0632685678052,1307.1317890233854
2022-09-14 18:30:00,1475.0,1475.199951171875,1429.050048828125,1432.800048828125,1272.322265625,12784100.0,1309.7956992197146,1309.9732552773253,1268.9922765591873
2022-09-15 18:30:00,1425.0,1425.0,1368.3499755859375,1377.050048828125,1222.8165283203125,20464045.0,1265.3959486362396,1265.3959486362396,1215.0908880161
2022-09-18 18:30:00,1392.0,1406.0,1380.5999755859375,1390.300048828125,1234.582275390625,6595241.0,1236.0918269349809,1248.5237849644993,1225.96863943133
2022-09-19 18:30:00,1407.949951171875,1413.550048828125,1385.0999755859375,1388.550048828125,1233.0284423828125,7219797.0,1250.2554997650657,1255.2283703476603,1229.964787284812
2022-09-20 18:30:00,1379.9000244140625,1388.800048828125,1368.4000244140625,1377.25,1222.994140625,7917054.0,1225.3473548787024,1233.2505516184503,1215.1353871043787
2022-09-21 18:30:00,1366.3499755859375,1383.949951171875,1360.0,1367.949951171875,1214.735595703125,9168498.0,1213.3148220155867,1228.9435493746757,1207.6760620818068
2022-09-22 18:30:00,1367.5,1394.800048828125,1362.0,1365.449951171875,1212.5155029296875,10426200.0,1214.3359402029328,1238.5783025146602,1209.4519565311844
2022-09-25 18:30:00,1360.0,1399.449951171875,1355.0,1380.25,1225.657958984375,9414587.0,1207.6760182711466,1242.7074594125004,1203.2360329098556
2022-09-26 18:30:00,1393.449951171875,1406.5,1378.0,1393.550048828125,1237.468505859375,8561254.0,1237.3796194234526,1248.9680259096867,1223.6601064369345
2022-09-27 18:30:00,1379.0,1405.8499755859375,1377.0,1394.699951171875,1238.48974609375,7022098.0,1224.5482323479425,1248.3909373097592,1222.7722378122673
2022-09-28 18:30:00,1404.9000244140625,1409.8499755859375,1393.0,1398.6500244140625,1241.9970703125,6119965.0,1247.5470517617227,1251.9425937102772,1236.9798654027875
2022-09-29 18:30:00,1388.949951171875,1419.300048828125,1376.0,1413.449951171875,1255.1396484375,8120130.0,1233.3837161802428,1260.334518980672,1221.8841953463611
2022-10-02 18:30:00,1412.0,1412.0,1386.0,1393.75,1237.64599609375,4943169.0,1253.8519436659194,1253.8519436659194,1230.7640183576234
2022-10-03 18:30:00,1419.699951171875,1432.25,1414.0,1429.4000244140625,1269.30322265625,6631341.0,1260.689584755021,1271.8339930032037,1255.6280440611135
2022-10-05 18:30:00,1445.0,1459.800048828125,1444.0999755859375,1455.1500244140625,1292.1689453125,6180672.0,1283.155753461511,1296.2981533267844,1282.3565344267981
2022-10-06 18:30:00,1446.3499755859375,1457.8499755859375,1440.1500244140625,1451.199951171875,1288.661376953125,3994466.0,1284.3546126015165,1294.5665794796807,1278.8490738177404
2022-10-09 18:30:00,1426.3499755859375,1465.0,1426.3499755859375,1462.6500244140625,1298.828857421875,5274677.0,1266.5945223746521,1300.915628730326,1266.5945223746521
2022-10-10 18:30:00,1462.6500244140625,1479.6500244140625,1420.0999755859375,1423.800048828125,1264.3302001953125,12824774.0,1298.8288627361512,1313.9248120732866,1261.0445461830916
2022-10-11 18:30:00,1437.0,1441.0999755859375,1413.550048828125,1428.699951171875,1268.6815185546875,5481467.0,1276.0519384547556,1279.6927051868731,1255.2284480932105
2022-10-12 18:30:00,1431.0,1437.949951171875,1415.0,1419.9000244140625,1260.8671875,4821514.0,1270.7239342833766,1276.8954711779975,1256.515979742123
2022-10-13 18:30:00,1485.0,1494.0,1467.25,1474.25,1309.1297607421875,14990688.0,1318.6757298301836,1326.6677039503666,1302.913780870934
2022-10-16 18:30:00,1476.9000244140625,1495.0,1475.5,1489.949951171875,1323.0712890625,4286396.0,1311.4829914797187,1327.55571795731,1310.2397738100408
2022-10-17 18:30:00,1510.0,1510.949951171875,1497.25,1503.699951171875,1335.2813720703125,4692004.0,1340.8757978976014,1341.7193518946553,1329.5538333789295
2022-10-18 18:30:00,1504.0,1504.949951171875,1481.300048828125,1485.449951171875,1319.0753173828125,3553171.0,1335.54770780305,1336.3912617326525,1315.3902159447794
2022-10-19 18:30:00,1475.0,1504.0,1474.199951171875,1500.9000244140625,1332.7950439453125,4583939.0,1309.7958943579833,1335.547813636886,1309.085453225533
2022-10-20 18:30:00,1500.300048828125,1506.0,1491.3499755859375,1500.5,1332.439697265625,3594485.0,1332.2621411983666,1337.3236814941895,1324.314501823941
2022-10-23 18:30:00,1518.5,1521.800048828125,1511.0,1517.8499755859375,1347.846435546875,982837.0,1348.423655366755,1351.3540892842454,1341.7636768252662
2022-10-24 18:30:00,1528.0999755859375,1532.9000244140625,1521.050048828125,1526.300048828125,1355.349853515625,3914341.0,1356.9481830638767,1361.2106119886887,1350.6878693032677
2022-10-26 18:30:00,1530.800048828125,1534.9000244140625,1512.5,1523.949951171875,1368.052490234375,6760137.0,1374.201834673,1377.8823898027329,1357.7738493894442
2022-10-27 18:30:00,1526.0,1527.949951171875,1507.0,1513.25,1358.4471435546875,3053981.0,1369.892840617514,1371.6433151587364,1352.8365077395763
2022-10-30 18:30:00,1530.25,1546.4000244140625,1530.25,1537.6500244140625,1380.35107421875,4542336.0,1373.70805956196,1388.2059642832278,1373.70805956196
2022-10-31 18:30:00,1553.050048828125,1575.0,1547.0999755859375,1573.0,1412.0848388671875,4542692.0,1394.1757329638529,1413.8802423495363,1388.8343418542265
2022-11-01 18:30:00,1572.0,1572.75,1545.0,1553.300048828125,1394.4000244140625,2938906.0,1411.1870015279026,1411.8602777690894,1386.9490568451713
2022-11-02 18:30:00,1538.75,1543.9000244140625,1521.6500244140625,1530.75,1374.1568603515625,3174027.0,1381.3384738631173,1385.9616594777258,1365.9877968987141
2022-11-03 18:30:00,1520.449951171875,1520.449951171875,1501.1500244140625,1514.0,1359.1201171875,4509682.0,1364.9102482261872,1364.9102482261872,1347.5846744370272
2022-11-06 18:30:00,1521.4000244140625,1527.9000244140625,1491.0999755859375,1507.449951171875,1353.2403564453125,4898592.0,1365.7633606565107,1371.598421588422,1338.5629558638961
2022-11-08 18:30:00,1529.0,1529.0,1501.0999755859375,1511.199951171875,1356.606689453125,3334755.0,1372.5858226539308,1372.5858226539308,1347.5399247059643
2022-11-09 18:30:00,1485.0,1512.0,1485.0,1501.949951171875,1348.302978515625,3435763.0,1333.086979052459,1357.32492412614,1333.086979052459
2022-11-10 18:30:00,1546.6500244140625,1573.5,1546.6500244140625,1570.0999755859375,1409.4813232421875,7214098.0,1388.430263614367,1412.5335307351531,1388.430263614367
2022-11-13 18:30:00,1575.1500244140625,1591.4000244140625,1568.449951171875,1585.300048828125,1423.1265869140625,4908813.0,1414.0148924987643,1428.602545514008,1408.000225198226
2022-11-14 18:30:00,1577.8499755859375,1597.8499755859375,1572.75,1594.0,1430.9364013671875,3497614.0,1416.438498094257,1434.3925307337452,1411.8602416877316
2022-11-15 18:30:00,1597.1500244140625,1609.0,1593.5,1602.800048828125,1438.8363037109375,4497697.0,1433.7642672771042,1444.4020103215976,1430.4876342122222
2022-11-16 18:30:00,1597.199951171875,1602.800048828125,1582.949951171875,1587.4000244140625,1425.01171875,3469515.0,1433.8091297730527,1438.8363470236297,1421.0168803841925
2022-11-17 18:30:00,1591.699951171875,1598.0,1575.5,1593.4000244140625,1430.397705078125,3126064.0,1428.8715466578726,1434.527110387981,1414.3288250414669
2022-11-20 18:30:00,1582.0999755859375,1587.8499755859375,1564.050048828125,1568.199951171875,1407.7757568359375,3071764.0,1420.2538323357628,1425.4156170914362,1404.0503824610678
2022-11-21 18:30:00,1569.0,1588.0,1562.0,1585.050048828125,1422.902099609375,3399329.0,1408.4939437323687,1425.5502757469735,1402.2100319375143
2022-11-22 18:30:00,1588.9000244140625,1592.0,1579.300048828125,1583.1500244140625,1421.1964111328125,3245067.0,1426.3581957002846,1429.1410489418556,1417.7402816433105
2022-11-23 18:30:00,1589.0,1636.0,1584.75,1629.800048828125,1463.07421875,5282215.0,1426.4479469523692,1468.639925244856,1422.6327148727294
2022-11-24 18:30:00,1631.4000244140625,1644.0,1613.800048828125,1635.6500244140625,1468.3258056640625,4563255.0,1464.510573443889,1475.8215929330347,1448.7110454604212
2022-11-27 18:30:00,1628.0,1653.5,1620.0,1623.4000244140625,1457.328857421875,3825766.0,1461.4582630298628,1484.34965474194,1454.276649943721
2022-11-28 18:30:00,1621.199951171875,1638.75,1615.050048828125,1629.050048828125,1462.40087890625,3131710.0,1455.3538334700106,1471.1085408527335,1449.8330561316118
2022-11-29 18:30:00,1619.949951171875,1645.75,1613.1500244140625,1634.949951171875,1467.697265625,11868134.0,1454.2317409044451,1477.3924872568878,1448.1274354474258
2022-11-30 18:30:00,1656.199951171875,1672.5999755859375,1652.300048828125,1657.0999755859375,1487.5814208984375,5407928.0,1486.7734674759286,1501.49579683449,1483.272518616262
2022-12-01 18:30:00,1656.0,1661.800048828125,1633.949951171875,1637.9000244140625,1470.3455810546875,4283343.0,1486.5939592971272,1491.8006727944214,1466.799593723397
2022-12-04 18:30:00,1638.0,1644.8499755859375,1623.300048828125,1639.75,1472.00634765625,3824966.0,1470.4353696971718,1476.5846043633042,1457.2391986740056
2022-12-05 18:30:00,1625.0,1626.0,1607.550048828125,1612.9000244140625,1447.903076171875,4822398.0,1458.765244692734,1459.6629463817758,1443.100394052047
2022-12-06 18:30:00,1608.0,1623.800048828125,1596.699951171875,1605.5,1441.260009765625,4898087.0,1443.5042639072717,1457.6879939155688,1433.3601913539392
2022-12-07 18:30:00,1605.5,1623.9000244140625,1598.5,1620.1500244140625,1454.4114990234375,4206837.0,1441.260146588349,1457.7778805554876,1434.976234395189
2022-12-08 18:30:00,1628.0,1628.0,1561.0999755859375,1569.300048828125,1408.76318359375,8880658.0,1461.4582243868986,1461.4582243868986,1401.4019646254637
2022-12-11 18:30:00,1550.0,1565.949951171875,1530.050048828125,1547.199951171875,1388.924072265625,8037679.0,1391.4376809417088,1405.7559796963715,1373.5285752684867
2022-12-12 18:30:00,1547.199951171875,1577.5,1541.1500244140625,1572.1500244140625,1411.32177734375,6135067.0,1388.924053738368,1416.1244596167126,1383.4930240961316
2022-12-13 18:30:00,1582.0,1588.5,1573.0,1579.4000244140625,1417.829833984375,4976020.0,1420.1638360714908,1425.998896080634,1412.084522212677
2022-12-14 18:30:00,1569.300048828125,1570.0,1535.25,1540.5,1382.9093017578125,6443866.0,1408.7631514270713,1409.3914987080593,1378.19636840226
2022-12-15 18:30:00,1525.0,1549.5,1512.050048828125,1522.199951171875,1366.4815673828125,9630453.0,1368.995176129455,1390.9888691230103,1357.3699822373837
2022-12-18 18:30:00,1507.949951171875,1516.9000244140625,1495.050048828125,1507.3499755859375,1353.150634765625,6222740.0,1353.689233868756,1361.7237298285659,1342.1089696118938
2022-12-19 18:30:00,1501.0,1516.0,1482.449951171875,1507.300048828125,1353.105712890625,7396259.0,1347.4501487795155,1360.9156732509964,1330.7977396833635
2022-12-20 18:30:00,1515.0,1521.0,1502.3499755859375,1509.550048828125,1355.1253662109375,6236361.0,1360.0177956360844,1365.4040047277126,1348.661849551361
2022-12-21 18:30:00,1521.5,1529.949951171875,1511.75,1522.050048828125,1366.346923828125,6302640.0,1365.8531440573202,1373.4386796309227,1357.100552434212
2022-12-22 18:30:00,1508.699951171875,1509.9000244140625,1493.0,1497.0999755859375,1343.94921875,6283822.0,1354.362536751784,1355.4398445619386,1340.2686636264464
2022-12-25 18:30:00,1500.5,1509.9000244140625,1496.3499755859375,1502.4000244140625,1348.70703125,4115459.0,1347.0013761347504,1355.4397938764648,1343.2758922315616
2022-12-26 18:30:00,1509.949951171875,1521.449951171875,1497.5,1514.8499755859375,1359.88330078125,4860076.0,1355.4845408502367,1365.808109659706,1344.3081993200292
2022-12-27 18:30:00,1505.0999755859375,1524.949951171875,1498.5,1510.1500244140625,1355.6640625,5029860.0,1351.1306256894318,1368.9499801299278,1345.2058171799563
2022-12-28 18:30:00,1504.0,1521.300048828125,1501.0,1517.550048828125,1362.3072509765625,4624745.0,1350.1433491771486,1365.673632332556,1347.4502440923538
2022-12-29 18:30:00,1528.0,1530.4000244140625,1504.050048828125,1508.199951171875,1353.91357421875,5060544.0,1371.6881105842783,1373.8426164441485,1350.188200066258
2023-01-01 18:30:00,1514.0,1526.5,1504.050048828125,1524.0,1368.097412109375,3801140.0,1359.1203949695496,1370.3416663943312,1350.188306748515
2023-01-02 18:30:00,1519.8499755859375,1532.6500244140625,1515.0999755859375,1522.550048828125,1366.7957763671875,4551130.0,1364.3719160112378,1375.862541681665,1360.1078329075388
2023-01-03 18:30:00,1521.0,1521.0,1491.0999755859375,1494.800048828125,1341.8843994140625,7059590.0,1365.4041375693505,1365.4041375693505,1338.5628377347775
2023-01-04 18:30:00,1505.9000244140625,1505.9000244140625,1469.25,1475.199951171875,1324.28955078125,9868404.0,1351.8490596942972,1351.8490596942972,1318.948269310685
2023-01-05 18:30:00,1470.0,1475.0,1446.5,1448.5,1300.32080078125,6443714.0,1319.6213856737572,1324.109893788294,1298.5253975354353
2023-01-08 18:30:00,1448.199951171875,1489.3499755859375,1448.199951171875,1484.449951171875,1332.5931396484375,11498717.0,1300.051455589557,1336.9918995481128,1300.051455589557
2023-01-09 18:30:00,1482.0,1483.9000244140625,1454.050048828125,1469.75,1319.39697265625,7158624.0,1330.3938176401173,1332.0994726561996,1305.3031008773605
2023-01-10 18:30:00,1470.0,1494.0,1464.0,1471.25,1320.743408203125,6173092.0,1319.6212812632753,1341.16611850839,1314.2350719519966
2023-01-11 18:30:00,1481.949951171875,1485.0,1455.0,1480.5999755859375,1329.136962890625,6591385.0,1330.3488381302957,1333.0868718348268,1306.1558239189717
2023-01-12 18:30:00,1483.5,1519.4000244140625,1468.0,1503.6500244140625,1349.8291015625,11610426.0,1331.7403914839063,1363.9679024832087,1317.8260159746374
2023-01-15 18:30:00,1510.0,1528.0,1502.300048828125,1525.5,1369.444091796875,6073063.0,1355.5297139385652,1371.6883462901508,1348.6174539323713
2023-01-16 18:30:00,1527.0,1542.199951171875,1524.0,1539.5,1382.01171875,5922644.0,1370.7904478929847,1384.435469422026,1368.097342887301
2023-01-17 18:30:00,1544.75,1551.8499755859375,1539.5999755859375,1545.4000244140625,1387.308349609375,5843098.0,1386.7248215371396,1393.098482244262,1382.1016354639867
2023-01-18 18:30:00,1539.9000244140625,1549.550048828125,1526.1500244140625,1538.9000244140625,1381.47314453125,6165284.0,1382.3708462159693,1391.0336893900567,1370.0274480510775
2023-01-19 18:30:00,1538.0,1545.0,1524.0,1525.550048828125,1369.48876953125,6496429.0,1380.665111024728,1386.9490224533192,1368.097288167546
2023-01-22 18:30:00,1535.0,1553.300048828125,1528.0999755859375,1548.0,1389.6422119140625,4855020.0,1377.9720899793838,1394.4000746897525,1371.777926420586
2023-01-23 18:30:00,1560.0,1568.800048828125,1549.75,1551.9000244140625,1393.1431884765625,5200802.0,1400.4145497993616,1408.3143680159328,1391.213108045872
2023-01-24 18:30:00,1547.0,1556.0,1538.75,1543.0,1385.15380859375,4158617.0,1388.7446156153799,1396.8239314140474,1381.3385761332681
2023-01-26 18:30:00,1546.0,1550.949951171875,1507.4000244140625,1519.1500244140625,1363.7435302734375,6209955.0,1387.8467984858346,1392.2903779726057,1353.1955355242728
2023-01-29 18:30:00,1528.800048828125,1544.0,1520.0,1538.800048828125,1381.38330078125,6964719.0,1372.4062845546568,1386.0513053859913,1364.5064664421677
2023-01-30 18:30:00,1548.9000244140625,1548.9000244140625,1513.0,1533.75,1376.8499755859375,9448126.0,1390.450178190422,1390.450178190422,1358.2226654027863
2023-01-31 18:30:00,1542.199951171875,1555.050048828125,1528.050048828125,1551.0999755859375,1392.425048828125,6194199.0,1384.4354819888624,1395.9710362007636,1371.7330909295972
2023-02-01 18:30:00,1552.0,1586.949951171875,1552.0,1583.75,1421.73486328125,6916834.0,1393.23283839779,1424.6074644757896,1393.23283839779
2023-02-02 18:30:00,1597.5,1604.6500244140625,1573.0,1599.4000244140625,1435.7841796875,7040194.0,1434.0785244711133,1440.4971138054802,1412.084831920539
2023-02-05 18:30:00,1598.0,1598.0,1561.5999755859375,1569.8499755859375,1409.2568359375,4570612.0,1434.527157913661,1434.527157913661,1401.8507977317506
2023-02-06 18:30:00,1569.0,1576.050048828125,1555.0999755859375,1562.4000244140625,1402.5692138671875,4336238.0,1408.494023406654,1414.822864476851,1396.0159473630506
2023-02-07 18:30:00,1565.5,1603.0,1565.5,1590.5,1427.7945556640625,7983338.0,1405.3520131355485,1439.0158269283195,1405.3520131355485
2023-02-08 18:30:00,1596.199951171875,1619.75,1586.050048828125,1617.0,1451.5836181640625,6904911.0,1432.9113793663391,1454.0522977867906,1423.79979497045
2023-02-09 18:30:00,1612.949951171875,1616.300048828125,1596.449951171875,1608.550048828125,1443.998046875,4786762.0,1447.9478465069383,1450.955234729636,1433.1357691390035
2023-02-12 18:30:00,1597.0,1597.0,1566.0,1567.449951171875,1407.102294921875,4001199.0,1433.6294203908712,1433.6294203908712,1405.8006714665648
2023-02-13 18:30:00,1584.699951171875,1596.0,1578.1500244140625,1593.25,1430.2633056640625,5043736.0,1422.5879119088431,1432.7319854635768,1416.7080312269122
2023-02-14 18:30:00,1584.0,1599.0,1576.0,1597.050048828125,1433.674560546875,3465747.0,1421.9595093920875,1435.4250350492096,1414.7778957082892
2023-02-15 18:30:00,1600.0,1614.449951171875,1597.8499755859375,1601.800048828125,1437.9385986328125,4290289.0,1436.3226917714796,1449.2944372484508,1434.3926112378667
2023-02-16 18:30:00,1594.0,1595.0,1575.5,1583.800048828125,1421.7799072265625,2857734.0,1430.9364201598676,1431.8341218036317,1414.328939750233
2023-02-19 18:30:00,1584.949951171875,1603.0,1582.5,1592.449951171875,1429.544921875,2417716.0,1422.8121596263827,1439.0157179378093,1420.6128344582553
2023-02-20 18:30:00,1598.699951171875,1601.6500244140625,1576.0,1579.5,1417.9197998046875,2723288.0,1435.1556281819492,1437.80391388057,1414.7778439330089
2023-02-21 18:30:00,1563.0,1575.0,1555.300048828125,1561.800048828125,1402.030517578125,3656244.0,1403.1077157532914,1413.8801358358503,1396.1954567000723
2023-02-22 18:30:00,1569.8499755859375,1569.8499755859375,1548.1500244140625,1550.699951171875,1392.06591796875,4766854.0,1409.256926645148,1409.256926645148,1389.7768444892642
2023-02-23 18:30:00,1560.0,1569.0,1545.0,1550.6500244140625,1392.0211181640625,2790986.0,1400.4146068720393,1408.4939219116857,1386.9490818059621
2023-02-26 18:30:00,1540.0,1540.0,1502.0,1509.300048828125,1354.901123046875,4920268.0,1382.4605194389667,1382.4605194389667,1348.3478572709923
2023-02-27 18:30:00,1515.5999755859375,1524.0,1481.300048828125,1487.550048828125,1335.3763427734375,9679811.0,1360.5568122564098,1368.0975292158796,1329.765706580787
2023-02-28 18:30:00,1492.4000244140625,1500.8499755859375,1481.5,1496.050048828125,1343.006591796875,5125043.0,1339.7299588712954,1347.3154939495362,1329.9449890099597
2023-03-01 18:30:00,1485.0,1488.5999755859375,1467.300048828125,1472.1500244140625,1321.551513671875,4644499.0,1333.0869580251103,1336.3186620674148,1317.197682560526
2023-03-02 18:30:00,1486.75,1489.800048828125,1473.0,1479.300048828125,1327.9700927734375,4615015.0,1334.6579262232572,1337.3959600849184,1322.3145285534606
2023-03-05 18:30:00,1494.550048828125,1520.4000244140625,1493.1500244140625,1507.449951171875,1353.2403564453125,6561742.0,1341.6600924158531,1364.8656589746784,1340.4032881447426
2023-03-07 18:30:00,1490.550048828125,1496.0,1481.0999755859375,1492.699951171875,1339.999267578125,4137080.0,1338.0692966126087,1342.961726985448,1329.585949900398
2023-03-08 18:30:00,1495.0,1498.3499755859375,1474.5999755859375,1480.4000244140625,1328.9576416015625,5104656.0,1342.064064731897,1345.071343562409,1323.7509278183406
2023-03-09 18:30:00,1460.0,1474.300048828125,1457.6500244140625,1471.550048828125,1321.0128173828125,3699580.0,1310.6443201947616,1323.4814967530424,1308.5347433767442
2023-03-12 18:30:00,1464.199951171875,1478.300048828125,1428.0,1435.0999755859375,1288.2916259765625,8798403.0,1314.4147222773474,1327.0724033065608,1281.9179661287412
2023-03-13 18:30:00,1441.0,1448.3499755859375,1411.0,1420.0,1274.736328125,7402784.0,1293.5880625550176,1300.1861476889799,1266.657013369278
2023-03-14 18:30:00,1438.0,1442.8499755859375,1416.8499755859375,1419.6500244140625,1274.422119140625,7556182.0,1290.894921852731,1295.2487527671929,1271.9085107865455
2023-03-15 18:30:00,1417.800048828125,1417.800048828125,1398.699951171875,1404.0999755859375,1260.4630126953125,7323117.0,1272.7615924925153,1272.7615924925153,1255.6154013001644
2023-03-16 18:30:00,1430.0,1442.9000244140625,1411.4000244140625,1420.699951171875,1275.36474609375,9090018.0,1283.7134156369266,1295.2937893448818,1267.016186133299
2023-03-19 18:30:00,1419.699951171875,1419.699951171875,1384.8499755859375,1403.6500244140625,1260.05908203125,8221829.0,1274.4671293545564,1274.4671293545564,1243.1822453152042
2023-03-20 18:30:00,1399.0,1405.0,1390.0,1390.699951171875,1248.4337158203125,8536755.0,1255.8846837960104,1261.2708940195814,1247.8053684606537
2023-03-21 18:30:00,1403.0,1407.25,1382.1500244140625,1389.25,1247.132080078125,8356487.0,1259.475478387338,1263.2907105920037,1240.7584199586402
2023-03-22 18:30:00,1383.949951171875,1383.949951171875,1370.0,1374.550048828125,1233.935791015625,7607718.0,1242.3740984776875,1242.3740984776875,1229.851204859829
2023-03-23 18:30:00,1388.0,1398.949951171875,1377.5,1380.6500244140625,1239.4117431640625,7559127.0,1246.0098280458892,1255.8396167899662,1236.583961191075
2023-03-26 18:30:00,1386.25,1395.75,1374.0999755859375,1388.949951171875,1246.86279296875,4170193.0,1244.4390420940674,1252.967208658463,1233.5319439925304
2023-03-27 18:30:00,1392.0999755859375,1398.0,1375.8499755859375,1377.5999755859375,1236.6739501953125,6633366.0,1249.6906260051426,1254.987088423621,1235.1029720803328
2023-03-28 18:30:00,1379.0,1389.9000244140625,1364.550048828125,1383.550048828125,1242.01513671875,8813966.0,1237.930550460286,1247.7155201650944,1224.958805711683
2023-03-30 18:30:00,1404.0,1429.949951171875,1393.9000244140625,1427.949951171875,1281.8731689453125,8711975.0,1260.373255884927,1283.668572443724,1251.306490134495
2023-04-02 18:30:00,1435.0,1435.0,1405.1500244140625,1410.8499755859375,1266.5224609375,5242764.0,1288.201979583624,1288.201979583624,1261.405604921375
2023-04-04 18:30:00,1400.0,1427.5,1400.0,1423.550048828125,1277.92333984375,7506334.0,1256.7824202977913,1281.469217839355,1256.7824202977913
2023-04-05 18:30:00,1416.0,1428.4000244140625,1410.3499755859375,1421.9000244140625,1276.442138671875,6948465.0,1271.1456764368415,1282.2772000396994,1266.073639639032
2023-04-09 18:30:00,1423.949951171875,1434.0,1415.0,1427.5999755859375,1281.558837890625,4993788.0,1278.2822049918059,1287.304150296638,1270.247819156027
2023-04-10 18:30:00,1428.9000244140625,1433.3499755859375,1389.0,1406.1500244140625,1262.30322265625,6942255.0,1282.7259356078043,1286.7206641982061,1246.907617130072
2023-04-11 18:30:00,1413.050048828125,1431.5,1400.0,1428.300048828125,1282.1873779296875,5831169.0,1268.4974270475386,1285.059979527605,1256.7823760661174
2023-04-12 18:30:00,1409.75,1411.050048828125,1383.0,1389.199951171875,1247.087158203125,11267238.0,1265.534971977077,1266.7020280205386,1241.5214514944475
2023-04-16 18:30:00,1250.300048828125,1261.1500244140625,1185.300048828125,1258.300048828125,1129.578125,53171705.0,1122.396511196189,1132.1365530010617,1064.0458990402255
2023-04-17 18:30:00,1269.949951171875,1269.949951171875,1253.0999755859375,1259.3499755859375,1130.5205078125,12430884.0,1140.0361230223534,1140.0361230223534,1124.9098727143887
2023-04-18 18:30:00,1254.3499755859375,1254.3499755859375,1229.4000244140625,1232.199951171875,1106.1480712890625,11307230.0,1126.0321873055573,1126.0321873055573,1103.6345720960464
2023-04-19 18:30:00,1230.699951171875,1237.8499755859375,1221.4000244140625,1223.4000244140625,1098.248046875,8621249.0,1104.801202134203,1111.2197898333602,1096.4526438588834
2023-04-20 18:30:00,1228.0999755859375,1233.25,1220.0,1227.3499755859375,1101.794189453125,8691352.0,1102.4674657463806,1107.0906515432816,1095.1961036957662
2023-04-23 18:30:00,1228.0,1230.0,1218.0,1226.300048828125,1100.8515625,8313774.0,1102.3776114514949,1104.1730147274745,1093.4005950715969
2023-04-24 18:30:00,1225.949951171875,1235.5,1215.0,1224.9000244140625,1099.5947265625,6808576.0,1100.537247505562,1109.110341734084,1090.7074586862907
2023-04-25 18:30:00,1228.0,1233.0,1220.550048828125,1227.550048828125,1101.9737548828125,5680192.0,1102.3776768107684,1106.8661852668383,1095.6898430443146
2023-04-26 18:30:00,1230.0,1247.800048828125,1225.4000244140625,1246.25,1118.7606201171875,8020704.0,1104.1729691026203,1120.152101431663,1100.0435636550399
2023-04-27 18:30:00,1255.699951171875,1259.0,1244.949951171875,1252.75,1124.595703125,10118277.0,1127.2438790677813,1130.2063382433646,1117.5935866641942
2023-05-01 18:30:00,1254.550048828125,1279.75,1254.550048828125,1277.449951171875,1146.768798828125,8886401.0,1126.2115210420693,1148.833556221912,1126.2115210420693
2023-05-02 18:30:00,1266.0,1272.5,1262.0999755859375,1269.1500244140625,1139.318115234375,5549783.0,1136.4903330105763,1142.3253939620522,1132.9892745231455
2023-05-03 18:30:00,1268.949951171875,1275.800048828125,1262.5,1273.550048828125,1143.267822265625,4505401.0,1139.1383075798776,1145.2876506991165,1133.3481765702838
2023-05-04 18:30:00,1279.0,1279.0,1254.25,1259.0999755859375,1130.2962646484375,5373791.0,1148.160551597661,1148.160551597661,1125.9424330268698
2023-05-07 18:30:00,1262.449951171875,1270.300048828125,1255.199951171875,1265.5999755859375,1136.1312255859375,5260842.0,1133.3034433741707,1140.3504892363796,1126.7951061867552
2023-05-08 18:30:00,1266.0,1272.0,1260.699951171875,1270.699951171875,1140.70947265625,4969897.0,1136.4903186239899,1141.8765286648618,1131.7324559214633
2023-05-09 18:30:00,1276.4000244140625,1276.4000244140625,1259.1500244140625,1263.25,1134.0216064453125,6515734.0,1145.8264050289897,1145.8264050289897,1130.3410516063245
2023-05-10 18:30:00,1270.25,1275.9000244140625,1253.050048828125,1256.0999755859375,1127.60302734375,6888461.0,1140.305527683217,1145.3775639523772,1124.8651030446258
2023-05-11 18:30:00,1253.3499755859375,1256.0,1239.050048828125,1245.199951171875,1117.8179931640625,8292212.0,1125.1342831512181,1127.513214317715,1112.2972159671344
2023-05-14 18:30:00,1249.9000244140625,1268.9000244140625,1245.6500244140625,1258.3499755859375,1129.623046875,5534710.0,1122.037510439261,1139.0938447715528,1118.2222777596694
2023-05-15 18:30:00,1265.0,1273.949951171875,1262.75,1264.300048828125,1134.96435546875,5236469.0,1135.5927028546282,1143.6270896069495,1133.5728739365072
2023-05-16 18:30:00,1260.5999755859375,1260.949951171875,1242.449951171875,1246.9000244140625,1119.34423828125,10465667.0,1131.6427073715677,1131.9568810406574,1115.3494000856915
2023-05-17 18:30:00,1258.5999755859375,1259.6500244140625,1242.449951171875,1246.0,1118.5361328125,6948732.0,1129.8471504412532,1130.7897809031113,1115.349248472607
2023-05-18 18:30:00,1256.050048828125,1273.300048828125,1252.800048828125,1268.9000244140625,1139.09375,11094136.0,1127.5583046568154,1143.0436595385552,1124.6407740269224
2023-05-21 18:30:00,1272.949951171875,1295.5999755859375,1270.25,1292.800048828125,1160.548828125,7625947.0,1142.7293613064382,1163.0623271928262,1140.3056104941186
2023-05-22 18:30:00,1299.199951171875,1314.1500244140625,1297.050048828125,1300.050048828125,1167.0572509765625,7436031.0,1166.2941167921063,1179.7148242453716,1164.364145617976
2023-05-23 18:30:00,1296.300048828125,1305.0,1291.300048828125,1298.6500244140625,1165.8004150390625,4824077.0,1163.6908378150881,1171.5007993107326,1159.2023290054685
2023-05-24 18:30:00,1294.5,1307.0,1289.25,1304.3499755859375,1170.9171142578125,4334121.0,1162.0747750049484,1173.2960455245018,1157.361841386736
2023-05-25 18:30:00,1306.0,1323.449951171875,1306.0,1317.449951171875,1182.6771240234375,5521606.0,1172.398482842331,1188.0633345112276,1172.398482842331
2023-05-28 18:30:00,1332.699951171875,1332.699951171875,1309.8499755859375,1314.4000244140625,1179.93896484375,4419365.0,1196.3668378156449,1196.3668378156449,1175.8543788695222
2023-05-29 18:30:00,1315.0,1326.4000244140625,1309.1500244140625,1323.8499755859375,1188.42236328125,6274719.0,1180.477725221967,1190.7115464294097,1175.2261922392356
2023-05-30 18:30:00,1319.8499755859375,1331.0999755859375,1314.1500244140625,1318.300048828125,1183.440185546875,17800782.0,1184.8315574211917,1194.9307014660071,1179.7147016049091
2023-05-31 18:30:00,1322.550048828125,1329.5,1318.0999755859375,1319.5,1184.5172119140625,4277841.0,1187.255245513223,1193.4942275405426,1183.2604078098132
2023-06-01 18:30:00,1309.0,1312.9000244140625,1296.050048828125,1299.0,1181.7880859375,10909311.0,1190.8857617337856,1194.4338775054596,1179.104315999841
2023-06-04 18:30:00,1304.0,1309.449951171875,1297.300048828125,1304.5,1186.791748046875,5002553.0,1186.3368642798964,1191.2950529177192,1180.2414662246276
2023-06-05 18:30:00,1288.5999755859375,1288.5999755859375,1273.0,1279.0,1163.5928955078125,10008100.0,1172.3266432707878,1172.3266432707878,1158.1342892739995
2023-06-06 18:30:00,1290.5,1294.0,1282.5,1288.949951171875,1172.644775390625,5397578.0,1174.0549594386935,1177.2391456905614,1166.7768194344242
2023-06-07 18:30:00,1286.199951171875,1292.0,1281.0999755859375,1282.800048828125,1167.0499267578125,5034942.0,1170.1430477667195,1175.4197442918237,1165.5032551977433
2023-06-08 18:30:00,1282.5,1282.5,1264.0,1265.949951171875,1151.72021484375,5339073.0,1166.7769126021076,1166.7769126021076,1149.9462124982956
2023-06-11 18:30:00,1273.5,1295.699951171875,1273.0,1291.949951171875,1175.3741455078125,4785588.0,1158.5889785796096,1178.785773831074,1158.1340948031748
2023-06-12 18:30:00,1299.9000244140625,1306.5,1297.050048828125,1304.8499755859375,1187.1102294921875,4846587.0,1182.6069242988215,1188.611368241848,1180.0141088524708
2023-06-13 18:30:00,1306.3499755859375,1306.699951171875,1293.199951171875,1300.4000244140625,1183.0618896484375,3457981.0,1188.4749628140476,1188.7933592845616,1176.5114958499232
2023-06-14 18:30:00,1293.949951171875,1293.949951171875,1282.6500244140625,1286.800048828125,1170.6888427734375,6161155.0,1177.1935914392234,1177.1935914392234,1166.9132855039109
2023-06-15 18:30:00,1287.0,1301.5,1281.050048828125,1291.6500244140625,1175.101318359375,8536287.0,1170.8708768960637,1184.0625068222432,1165.4578042106698
2023-06-18 18:30:00,1294.0,1299.5,1287.050048828125,1294.0,1177.2392578125,4451787.0,1177.2392578125,1182.2429795419966,1170.9164175038359
2023-06-19 18:30:00,1294.0,1305.0,1291.0999755859375,1303.4000244140625,1185.7911376953125,4009180.0,1177.2392998592454,1187.2467436756685,1174.6009515510648
2023-06-20 18:30:00,1299.949951171875,1303.800048828125,1295.0,1299.3499755859375,1182.1065673828125,4041529.0,1182.6524057587176,1186.1551000366512,1178.1491003379751
2023-06-21 18:30:00,1289.4000244140625,1289.4000244140625,1273.5,1281.550048828125,1165.91259765625,6676607.0,1173.0542504034897,1173.0542504034897,1158.588924773524
2023-06-22 18:30:00,1276.449951171875,1279.3499755859375,1263.3499755859375,1265.0,1150.85595703125,7239467.0,1161.27275111336,1163.9110992338817,1149.354818354435
2023-06-25 18:30:00,1270.25,1274.0,1262.25,1270.3499755859375,1155.72314453125,3403244.0,1155.6321899905513,1159.0438181837924,1148.3540498449702
2023-06-26 18:30:00,1280.0,1282.0,1274.199951171875,1279.1500244140625,1163.729248046875,3240024.0,1164.5025282959484,1166.322063496411,1159.2258317923613
2023-06-27 18:30:00,1290.0,1296.699951171875,1281.4000244140625,1293.3499755859375,1176.64794921875,5662358.0,1173.600249850804,1179.695648586696,1165.7762703962558
2023-06-29 18:30:00,1308.199951171875,1338.9000244140625,1304.449951171875,1335.5,1214.9947509765625,12821692.0,1190.158048597247,1218.0879833361867,1186.746419756991
2023-07-02 18:30:00,1330.0,1346.0,1328.449951171875,1333.699951171875,1213.3570556640625,7732412.0,1209.9909598221436,1224.547242045568,1208.5807755595015
2023-07-03 18:30:00,1344.300048828125,1346.0,1331.4000244140625,1345.1500244140625,1223.7738037109375,5797775.0,1223.0005235288127,1224.5470838930623,1211.2645002907818
2023-07-04 18:30:00,1357.8499755859375,1357.949951171875,1341.0,1347.300048828125,1225.72998046875,5414936.0,1235.327962395677,1235.4189169481579,1219.9983999394044
2023-07-05 18:30:00,1342.550048828125,1347.449951171875,1337.1500244140625,1343.9000244140625,1222.63671875,5963897.0,1221.4085546821386,1225.8663271465525,1216.4957873550766
2023-07-06 18:30:00,1334.0,1345.800048828125,1325.3499755859375,1330.199951171875,1210.1727294921875,6295647.0,1213.6298905441663,1224.3651918692738,1205.7603791627248
2023-07-09 18:30:00,1336.550048828125,1341.9000244140625,1319.300048828125,1329.1500244140625,1209.2174072265625,3940315.0,1215.949708449918,1220.8169420111594,1200.256220211934
2023-07-10 18:30:00,1333.449951171875,1350.9000244140625,1327.0,1348.5999755859375,1226.91259765625,6126128.0,1213.129595917475,1229.0051076173486,1207.2616391546826
2023-07-11 18:30:00,1351.0,1351.9000244140625,1327.0,1333.300048828125,1212.9931640625,8102770.0,1229.0960058756348,1229.9148189122855,1207.26158386156
2023-07-12 18:30:00,1334.9000244140625,1376.800048828125,1330.8499755859375,1365.0999755859375,1241.923583984375,9977644.0,1214.4486500848052,1252.5679302987028,1210.7640473114604
2023-07-13 18:30:00,1380.6500244140625,1430.0,1380.6500244140625,1425.949951171875,1297.282958984375,12833381.0,1256.0705566992494,1300.9675618860852,1256.0705566992494
2023-07-16 18:30:00,1425.949951171875,1458.949951171875,1414.300048828125,1422.949951171875,1294.5537109375,11569884.0,1297.2830136298498,1327.3053432456984,1286.68431035238
2023-07-17 18:30:00,1434.0,1477.949951171875,1429.0,1475.199951171875,1342.089111328125,16743977.0,1304.6067308473641,1344.5909722136412,1300.0578928736984
2023-07-18 18:30:00,1486.0,1498.800048828125,1460.699951171875,1474.949951171875,1341.8616943359375,13687062.0,1351.9146708665796,1363.559740717556,1328.8975058703597
2023-07-19 18:30:00,1471.0,1471.0,1440.699951171875,1449.5,1318.7080078125,8347221.0,1338.2680093081667,1338.2680093081667,1310.7020092897064
2023-07-20 18:30:00,1320.199951171875,1350.0,1305.0,1331.5999755859375,1211.446533203125,45548305.0,1201.0751601871634,1228.1862795203028,1187.2467368696261
2023-07-23 18:30:00,1341.0,1349.9000244140625,1334.25,1336.5999755859375,1215.9952392578125,8859789.0,1219.998238537962,1228.0951916387085,1213.857307807066
2023-07-24 18:30:00,1337.0,1342.8499755859375,1324.25,1334.5999755859375,1214.1759033203125,6801982.0,1216.3593679271178,1221.681486555465,1204.7598302000642
2023-07-25 18:30:00,1343.0,1350.0,1339.4000244140625,1348.8499755859375,1227.1400146484375,5528885.0,1221.817896357927,1228.186269607745,1218.5427551834298
2023-07-26 18:30:00,1358.5999755859375,1363.800048828125,1347.050048828125,1353.1500244140625,1231.052001953125,9191861.0,1236.0101907567564,1240.7410487249037,1225.5024420215238
2023-07-27 18:30:00,1353.8499755859375,1363.8499755859375,1336.0,1340.5,1219.54345703125,6122735.0,1231.6888321728816,1240.7865080925476,1215.4495028674003
2023-07-30 18:30:00,1348.75,1357.5,1333.25,1355.699951171875,1233.371826171875,7902180.0,1227.0489861059361,1235.0094521881804,1212.9475890459607
2023-07-31 18:30:00,1362.0,1369.0,1357.0,1365.199951171875,1242.0146484375,6064652.0,1239.1034366209878,1245.471809643269,1234.55459874793
2023-08-01 18:30:00,1369.300048828125,1371.949951171875,1348.449951171875,1356.8499755859375,1234.4180908203125,7419145.0,1245.7447635687552,1248.1555587567932,1226.7760211098619
2023-08-02 18:30:00,1350.0,1366.550048828125,1349.0,1364.300048828125,1241.196044921875,6503741.0,1228.186323150697,1243.2430221271263,1227.2765555039189
2023-08-03 18:30:00,1368.9000244140625,1385.9000244140625,1362.0,1378.3499755859375,1253.97802734375,5712345.0,1245.3807687817762,1260.8468164782487,1239.1033507409106
2023-08-06 18:30:00,1387.9000244140625,1395.0,1377.0,1393.0,1267.306396484375,3729093.0,1262.6666034607047,1269.1259318705693,1252.7501133948201
2023-08-07 18:30:00,1392.8499755859375,1393.550048828125,1384.4000244140625,1390.199951171875,1264.7589111328125,4161877.0,1267.1698175564386,1267.8067215289614,1259.482325527499
2023-08-08 18:30:00,1384.0,1396.0,1382.5,1394.4000244140625,1268.579833984375,4090828.0,1259.1182297003613,1270.0354397844685,1257.7535784398478
2023-08-09 18:30:00,1391.5999755859375,1395.800048828125,1385.5999755859375,1389.0999755859375,1263.7581787109375,3873025.0,1266.0325977609016,1269.853688398212,1260.5739920409878
2023-08-10 18:30:00,1392.0,1396.8499755859375,1367.050048828125,1371.8499755859375,1248.06494140625,5783517.0,1266.3967848929476,1270.8091365372297,1243.698122574486
2023-08-13 18:30:00,1371.8499755859375,1395.0,1365.5999755859375,1393.550048828125,1267.806640625,4304135.0,1248.0646177377491,1269.1257591782453,1242.378570429603
2023-08-15 18:30:00,1410.800048828125,1419.949951171875,1405.4000244140625,1418.5,1290.5052490234375,7735313.0,1283.5000834227826,1291.8243675275844,1278.5873165202784
2023-08-16 18:30:00,1420.0,1420.0,1406.0,1411.550048828125,1284.1824951171875,5618346.0,1291.8699868845008,1291.8699868845008,1279.1332405349353
2023-08-17 18:30:00,1403.699951171875,1408.699951171875,1386.1500244140625,1388.800048828125,1263.4852294921875,5134103.0,1277.0406772674733,1281.5895150593437,1261.0743232513742
2023-08-20 18:30:00,1389.75,1407.0,1387.1500244140625,1405.4000244140625,1278.58740234375,3032722.0,1264.3495172472738,1280.04300828704,1261.9841437074754
2023-08-21 18:30:00,1404.699951171875,1406.050048828125,1396.6500244140625,1403.75,1277.086181640625,2890714.0,1277.9504163795991,1279.1786914005518,1270.626854331071
2023-08-22 18:30:00,1416.0,1416.5999755859375,1405.6500244140625,1407.949951171875,1280.9072265625,2559125.0,1288.2309000421885,1288.7767383819312,1278.8148277508842
2023-08-23 18:30:00,1421.5,1425.050048828125,1414.449951171875,1423.5999755859375,1295.1451416015625,5171963.0,1293.2346518402169,1296.4643712635414,1286.8207457961107
2023-08-24 18:30:00,1413.0,1422.5,1411.4000244140625,1420.0999755859375,1291.9609375,4307172.0,1285.5016097963642,1294.14440193583,1284.0460038576823
2023-08-27 18:30:00,1420.0999755859375,1424.800048828125,1411.4000244140625,1415.6500244140625,1287.91259765625,3133464.0,1291.9610192819164,1296.2369938760085,1284.0460851385783
2023-08-28 18:30:00,1424.0,1424.4000244140625,1415.300048828125,1417.6500244140625,1289.7320556640625,3074444.0,1295.509057691945,1295.8729869417455,1287.594124022955
2023-08-29 18:30:00,1427.0,1436.6500244140625,1424.0,1435.1500244140625,1305.6529541015625,3070887.0,1298.2383261733323,1307.0176054605395,1295.5090234553786
2023-08-30 18:30:00,1435.1500244140625,1444.9000244140625,1428.6500244140625,1435.449951171875,1305.9259033203125,9792735.0,1305.653039664003,1314.5232740786394,1299.7395500542452
2023-08-31 18:30:00,1430.949951171875,1446.0,1428.199951171875,1443.8499755859375,1313.5679931640625,3582133.0,1301.8319683222358,1315.524015813637,1299.3301072963106
2023-09-03 18:30:00,1443.0,1470.0,1434.699951171875,1465.0999755859375,1332.900390625,4609014.0,1312.7945503532342,1337.358273748617,1305.2434354057439
2023-09-04 18:30:00,1465.0,1480.050048828125,1456.5,1478.9000244140625,1345.455322265625,5496840.0,1332.8095304482017,1346.5015772139598,1325.0765058688094
2023-09-05 18:30:00,1481.9000244140625,1482.9000244140625,1463.300048828125,1477.449951171875,1344.1358642578125,5075786.0,1348.1843960125796,1349.094163455593,1331.2627437836506
2023-09-06 18:30:00,1470.5999755859375,1473.4000244140625,1462.050048828125,1466.199951171875,1333.9012451171875,4411743.0,1337.9042448716023,1340.4516386395803,1330.1257983242597
2023-09-07 18:30:00,1463.5,1474.75,1460.199951171875,1469.5999755859375,1336.9945068359375,3125838.0,1331.4449464210497,1341.6798324116455,1328.4426687748935
2023-09-10 18:30:00,1469.5999755859375,1478.050048828125,1464.5,1476.449951171875,1343.2261962890625,4182226.0,1336.9943110540305,1344.6819131501657,1332.3545189621761
2023-09-11 18:30:00,1482.5,1504.0,1477.0999755859375,1501.0999755859375,1365.6522216796875,6793161.0,1348.7305652975347,1368.2905701230975,1343.8177976883615
2023-09-12 18:30:00,1505.0,1505.0,1488.6500244140625,1498.3499755859375,1363.150146484375,4804686.0,1369.2001227261467,1369.2001227261467,1354.3254459295783
2023-09-13 18:30:00,1505.0,1512.550048828125,1499.1500244140625,1506.949951171875,1370.97412109375,6444213.0,1369.200118850372,1376.068908054887,1363.878001064633
2023-09-14 18:30:00,1518.0,1518.4000244140625,1509.0,1511.5999755859375,1375.2047119140625,8657816.0,1381.0272468920564,1381.3911761511094,1372.839338313645
2023-09-17 18:30:00,1504.9000244140625,1504.9000244140625,1488.0,1491.800048828125,1357.1912841796875,3991916.0,1369.1092169496771,1369.1092169496771,1353.7341230453653
2023-09-19 18:30:00,1476.199951171875,1495.0999755859375,1476.199951171875,1490.25,1355.7811279296875,4169337.0,1342.9988490854248,1360.193478454991,1342.9988490854248
2023-09-20 18:30:00,1486.550048828125,1504.550048828125,1476.0,1501.75,1366.2435302734375,6779195.0,1352.4151068014573,1368.7909240446215,1342.8170139394665
2023-09-21 18:30:00,1491.9000244140625,1506.949951171875,1485.199951171875,1496.1500244140625,1361.14892578125,5455613.0,1357.2824131721045,1370.9743500134687,1351.1869031313713
2023-09-24 18:30:00,1489.8499755859375,1489.8499755859375,1471.550048828125,1474.1500244140625,1341.1337890625,4217863.0,1355.4170944618959,1355.4170944618959,1338.768415761757
2023-09-25 18:30:00,1479.1500244140625,1479.9000244140625,1459.0,1460.6500244140625,1328.8519287109375,3996528.0,1345.6826275575102,1346.3649531864253,1327.3507901162034
2023-09-26 18:30:00,1456.0,1469.5999755859375,1450.050048828125,1467.0,1334.6290283203125,3863586.0,1324.6215850268404,1336.994401796738,1319.2085123948889
2023-09-27 18:30:00,1467.9000244140625,1472.5999755859375,1435.0,1439.449951171875,1309.5648193359375,5814602.0,1335.447772053514,1339.723634998435,1305.5163982722486
2023-09-28 18:30:00,1432.0999755859375,1446.800048828125,1416.0,1435.449951171875,1305.9259033203125,6068968.0,1302.8782039633304,1316.251854791077,1288.2309672949007
2023-10-02 18:30:00,1436.050048828125,1437.0,1420.300048828125,1434.0,1304.6068115234375,4181867.0,1306.4718796302209,1307.3361144764153,1292.143039127087
2023-10-03 18:30:00,1425.0,1449.949951171875,1418.199951171875,1444.3499755859375,1314.0228271484375,4510406.0,1296.4188460811952,1319.1175035605104,1290.2323819022101
2023-10-04 18:30:00,1452.0,1475.6500244140625,1450.199951171875,1463.449951171875,1331.3992919921875,7384621.0,1320.982497846701,1342.4985228636597,1319.3448718155562
2023-10-05 18:30:00,1469.5,1484.5,1463.300048828125,1478.699951171875,1345.273193359375,3598672.0,1336.903376560551,1350.5498894209854,1331.262862333814
2023-10-08 18:30:00,1464.9000244140625,1491.0,1462.199951171875,1475.449951171875,1342.3165283203125,3567552.0,1332.7185470073355,1356.4634585781648,1330.2621079137662
2023-10-09 18:30:00,1483.9000244140625,1497.0,1469.0999755859375,1495.1500244140625,1360.239013671875,5688951.0,1350.0041284403374,1361.9220614766054,1336.5395238912695
2023-10-10 18:30:00,1497.0,1518.25,1481.449951171875,1494.4000244140625,1359.5565185546875,7220129.0,1361.9218917467351,1381.2544503303143,1347.7749632786295
2023-10-11 18:30:00,1491.9000244140625,1504.4000244140625,1452.0,1465.5,1333.2642822265625,11081662.0,1357.2821666354187,1368.6542604790434,1320.9824208754478
2023-10-12 18:30:00,1405.0,1438.0,1400.0,1431.1500244140625,1302.013916015625,17973439.0,1278.2234711912276,1308.2458018313064,1273.6746332154582
2023-10-15 18:30:00,1432.0999755859375,1443.5999755859375,1430.0,1434.1500244140625,1304.7432861328125,4850745.0,1302.8782180442538,1313.3405459284356,1300.967728206962
2023-10-16 18:30:00,1440.25,1453.3499755859375,1438.050048828125,1442.449951171875,1312.2943115234375,3923764.0,1310.2928671016498,1322.2108011891066,1308.291422679862
2023-10-17 18:30:00,1442.0,1454.0,1438.3499755859375,1440.550048828125,1310.565673828125,4264837.0,1311.8847923385383,1322.8020028156968,1308.5641186072812
2023-10-18 18:30:00,1426.0999755859375,1439.6500244140625,1426.0999755859375,1433.6500244140625,1304.2882080078125,6795691.0,1297.4194189109537,1309.7468130472434,1297.4194189109537
2023-10-19 18:30:00,1430.0,1438.5,1425.25,1427.25,1298.465576171875,3928622.0,1300.9674366269269,1308.7004598516323,1296.6460412954737
2023-10-22 18:30:00,1425.5999755859375,1432.3499755859375,1405.25,1408.6500244140625,1281.5440673828125,2636516.0,1296.964582762976,1303.1055136577397,1278.4508355358098
2023-10-24 18:30:00,1399.0,1402.550048828125,1361.300048828125,1370.050048828125,1262.560302734375,6940777.0,1289.2389333048216,1292.5104566531788,1254.4967997562355
2023-10-25 18:30:00,1355.050048828125,1374.0,1353.0999755859375,1359.449951171875,1252.7919921875,6357656.0,1248.7372916684367,1266.2004921783227,1246.940214740459
2023-10-26 18:30:00,1363.6500244140625,1385.0,1363.6500244140625,1380.3499755859375,1272.0521240234375,4634358.0,1256.6623976967833,1276.3373223697179,1256.6623976967833
2023-10-29 18:30:00,1380.3499755859375,1380.3499755859375,1363.0999755859375,1377.050048828125,1269.0111083984375,2667696.0,1272.0521334622172,1272.0521334622172,1256.155513264206
2023-10-30 18:30:00,1379.949951171875,1381.1500244140625,1363.0,1368.4000244140625,1261.03955078125,3451595.0,1271.6833056704425,1272.7892248426383,1256.0631957389933
2023-10-31 18:30:00,1373.050048828125,1377.449951171875,1351.6500244140625,1354.1500244140625,1247.9078369140625,3090672.0,1265.3250271507063,1269.3797275291213,1245.6039787476566
2023-11-01 18:30:00,1370.0,1376.300048828125,1361.6500244140625,1370.1500244140625,1262.6524658203125,3758060.0,1262.5142118386507,1268.3199791238953,1254.819348447591
2023-11-02 18:30:00,1380.050048828125,1392.0,1377.75,1389.050048828125,1280.0694580078125,3349045.0,1271.7755703024777,1282.787965091785,1269.655976225005
2023-11-05 18:30:00,1393.9000244140625,1407.25,1390.800048828125,1403.300048828125,1293.20166015625,2736381.0,1284.5391312922866,1296.8417109189295,1281.6823697767961
2023-11-06 18:30:00,1400.0,1405.9000244140625,1394.8499755859375,1404.300048828125,1294.1231689453125,2272209.0,1290.1604881630135,1295.5976155760281,1285.4145181543718
2023-11-07 18:30:00,1405.0,1405.0,1386.449951171875,1391.0,1281.8665771484375,3550635.0,1294.7681818070128,1294.7681818070128,1277.6735106371746
2023-11-08 18:30:00,1395.9000244140625,1397.5,1370.050048828125,1374.800048828125,1266.9376220703125,5498051.0,1286.3821608724284,1287.8566074771882,1262.5602919196745
2023-11-09 18:30:00,1369.949951171875,1373.1500244140625,1361.0,1368.8499755859375,1261.454345703125,2943649.0,1262.46802069147,1265.4170263311844,1254.2202543175401
2023-11-12 18:30:00,1379.8499755859375,1382.449951171875,1370.8499755859375,1373.550048828125,1265.78564453125,3462092.0,1271.5912989072524,1273.9872886097166,1263.2974105189112
2023-11-14 18:30:00,1399.0,1414.0,1393.0,1410.5,1299.836669921875,8551860.0,1289.2389232333946,1303.062071087934,1283.7096640915788
2023-11-15 18:30:00,1416.0999755859375,1453.4000244140625,1410.5999755859375,1444.9000244140625,1331.537841796875,6673907.0,1304.9973516506468,1339.3709592887674,1299.9288638617754
2023-11-16 18:30:00,1441.050048828125,1451.0,1435.050048828125,1437.550048828125,1324.7645263671875,4901251.0,1327.9899276991723,1337.1592379171582,1322.4606682729127
2023-11-19 18:30:00,1442.0,1452.0,1433.6500244140625,1436.5999755859375,1323.888916015625,3584210.0,1328.8652717092657,1338.0807035519097,1321.1704086192708
2023-11-20 18:30:00,1442.0,1450.0,1436.75,1439.0,1326.1007080078125,3793135.0,1328.8653376978914,1336.2376835381015,1324.0272357402534
2023-11-21 18:30:00,1436.199951171875,1458.949951171875,1436.199951171875,1457.800048828125,1343.4256591796875,3108786.0,1323.5202369954038,1344.4853438157159,1323.5202369954038
2023-11-22 18:30:00,1467.9000244140625,1467.9000244140625,1447.699951171875,1449.25,1335.5465087890625,3186928.0,1352.733312304696,1352.733312304696,1334.1180718038254
2023-11-23 18:30:00,1445.550048828125,1452.6500244140625,1433.8499755859375,1437.4000244140625,1324.626220703125,2973195.0,1332.1368202960523,1338.6797545299087,1321.3546973396635
2023-11-27 18:30:00,1444.0,1445.0,1427.050048828125,1442.699951171875,1329.5103759765625,3755373.0,1330.7084271755414,1331.6299704076575,1315.088314388403
2023-11-28 18:30:00,1451.0999755859375,1460.699951171875,1449.800048828125,1459.5999755859375,1345.0843505859375,3875778.0,1337.2512338613426,1346.0980255458026,1336.0532952698873
2023-11-29 18:30:00,1453.25,1460.6500244140625,1449.550048828125,1455.1500244140625,1340.983642578125,10120867.0,1339.2326879569457,1346.0521303013406,1335.8230230312827
2023-11-30 18:30:00,1459.9000244140625,1459.9000244140625,1446.1500244140625,1452.300048828125,1338.357177734375,3489187.0,1345.3608832594507,1345.3608832594507,1332.6896647955414
2023-12-03 18:30:00,1460.449951171875,1471.9000244140625,1449.300048828125,1464.3499755859375,1349.461669921875,5511948.0,1345.867629189617,1356.4193656021828,1335.592513208383
2023-12-04 18:30:00,1465.800048828125,1466.9000244140625,1442.0,1453.949951171875,1339.8778076171875,5123039.0,1350.7981854850148,1351.8118605948976,1328.8654104130064
2023-12-05 18:30:00,1456.75,1477.0,1451.050048828125,1474.300048828125,1358.6312255859375,5269178.0,1342.4580969426866,1361.1193473034825,1337.2053455420607
2023-12-06 18:30:00,1472.8499755859375,1472.8499755859375,1461.800048828125,1465.9000244140625,1350.89013671875,4424453.0,1357.2948166644478,1357.2948166644478,1347.1118322726165
2023-12-07 18:30:00,1470.4000244140625,1494.699951171875,1466.25,1491.1500244140625,1374.1591796875,6323433.0,1355.0371580856024,1377.4305905862009,1351.2127312666094
2023-12-10 18:30:00,1490.0,1498.0,1482.0,1488.5,1371.7169189453125,3862018.0,1373.0992336100205,1380.4715784884636,1365.7268887315774
2023-12-11 18:30:00,1477.5,1490.0,1467.6500244140625,1476.050048828125,1360.243896484375,6103494.0,1361.5800891380788,1373.0993792323097,1352.5029110424384
2023-12-12 18:30:00,1476.0,1476.050048828125,1433.1500244140625,1449.0,1335.3160400390625,8549258.0,1360.1977053814053,1360.2438275366712,1320.7096034385588
2023-12-13 18:30:00,1463.4000244140625,1511.0,1461.3499755859375,1501.449951171875,1383.651123046875,12489858.0,1348.5864684779983,1392.4519064335434,1346.6972597427207
2023-12-14 18:30:00,1523.050048828125,1588.550048828125,1521.0,1578.4000244140625,1454.5638427734375,18395389.0,1403.5564479809898,1463.917528966799,1401.6672393803897
2023-12-17 18:30:00,1567.949951171875,1593.0,1560.300048828125,1564.3499755859375,1441.6160888671875,6467243.0,1444.9336219034078,1468.0183241638513,1437.88390638634
2023-12-18 18:30:00,1570.0999755859375,1573.949951171875,1543.25,1558.300048828125,1436.0408935546875,4221721.0,1446.915036424613,1450.4629554436433,1422.1716226248461
2023-12-19 18:30:00,1565.050048828125,1583.5,1530.0,1536.4000244140625,1415.85888671875,6592367.0,1442.2611198785871,1459.2635456213156,1409.9609881911038
2023-12-20 18:30:00,1521.25,1546.6500244140625,1521.25,1536.0,1415.490478515625,5319038.0,1401.8977151314416,1425.3049369492605,1401.8977151314416
2023-12-21 18:30:00,1534.949951171875,1566.0,1523.0,1562.9000244140625,1440.280029296875,6741060.0,1414.5228268659648,1443.136790994993,1403.510429556433
2023-12-25 18:30:00,1535.0,1548.0,1523.0,1543.949951171875,1422.8167724609375,6878067.0,1414.5690046946413,1426.549067926583,1403.5104847882335
2023-12-26 18:30:00,1544.0,1570.0,1544.0,1567.0999755859375,1444.150390625,4225849.0,1422.8627642542663,1446.8228885227966,1422.8627642542663
2023-12-27 18:30:00,1568.949951171875,1568.949951171875,1555.0,1562.6500244140625,1440.049560546875,5702253.0,1445.8552154390939,1445.8552154390939,1432.9997322913293
2023-12-28 18:30:00,1541.050048828125,1559.449951171875,1540.0,1542.9000244140625,1421.8489990234375,4388990.0,1420.144166634131,1437.1004712006081,1419.1765012951132
2023-12-31 18:30:00,1539.0,1557.0,1535.25,1551.3499755859375,1429.635986328125,2808451.0,1418.254950581332,1434.8427277811138,1414.799163664711
2024-01-01 18:30:00,1546.0,1549.1500244140625,1523.0,1534.4000244140625,1414.0157470703125,5396313.0,1424.7056244707057,1427.608507717753,1403.5101332916463
2024-01-02 18:30:00,1519.949951171875,1519.949951171875,1488.0,1490.0,1373.099365234375,7550363.0,1400.6995390215577,1400.6995390215577,1371.2562788380874
2024-01-03 18:30:00,1504.949951171875,1519.75,1492.9000244140625,1512.699951171875,1394.0184326171875,7056038.0,1386.8764724125788,1400.5153575424802,1375.771943719321
2024-01-04 18:30:00,1506.75,1539.699951171875,1506.25,1532.550048828125,1412.31103515625,8895403.0,1388.5351762892633,1418.8999788505123,1388.07440470264
2024-01-07 18:30:00,1528.949951171875,1536.0,1513.25,1522.800048828125,1403.3260498046875,4440136.0,1408.9934505703893,1415.4903752195028,1394.52526712299
2024-01-08 18:30:00,1541.9000244140625,1553.0,1525.8499755859375,1529.300048828125,1409.3160400390625,4412074.0,1420.9274616897512,1431.1565685607613,1406.1366485499625
2024-01-09 18:30:00,1524.949951171875,1535.449951171875,1505.0,1519.9000244140625,1400.653564453125,4096845.0,1405.3072902245185,1414.983494047482,1386.9225479581153
2024-01-10 18:30:00,1524.9000244140625,1525.0,1486.5999755859375,1494.199951171875,1376.9698486328125,11296088.0,1405.261293276588,1405.3534251009314,1369.9661425866611
2024-01-11 18:30:00,1562.0,1618.0,1555.4000244140625,1612.75,1486.2188720703125,26754401.0,1439.450552270239,1491.056974118596,1433.3683893367258
2024-01-14 18:30:00,1644.949951171875,1664.949951171875,1636.0,1652.0999755859375,1522.4814453125,13228305.0,1515.8923891628679,1534.3232525223632,1507.6446228067189
2024-01-15 18:30:00,1644.800048828125,1648.5,1625.0,1631.550048828125,1503.5439453125,6500917.0,1515.7543934625273,1519.1640585147397,1497.5077919845023
2024-01-16 18:30:00,1620.25,1647.5,1620.25,1640.199951171875,1511.51513671875,9209876.0,1493.1303945709744,1518.2424471875822,1493.1303945709744
2024-01-17 18:30:00,1642.6500244140625,1649.0,1628.25,1642.5999755859375,1513.726806640625,6375464.0,1513.7729287969016,1519.6247054977496,1500.5026844916376
2024-01-18 18:30:00,1651.5999755859375,1665.5,1644.1500244140625,1659.199951171875,1529.0244140625,4522736.0,1522.0207083253042,1534.830181149936,1515.1552565650597
2024-01-22 18:30:00,1650.0999755859375,1674.699951171875,1637.699951171875,1642.1500244140625,1513.312255859375,9401255.0,1520.6384796288353,1543.3084208611072,1509.2113209406687
2024-01-23 18:30:00,1659.9000244140625,1680.0,1645.0,1675.4000244140625,1543.953369140625,8999681.0,1529.6694507492252,1548.1924450033323,1515.9384357324295
2024-01-24 18:30:00,1672.949951171875,1680.550048828125,1658.0,1669.0999755859375,1538.1478271484375,8865304.0,1541.695746187862,1548.6995649327355,1527.9187194984197
2024-01-28 18:30:00,1665.1500244140625,1679.3499755859375,1647.5999755859375,1656.5999755859375,1526.62841796875,4253785.0,1534.5076571987393,1547.5935254301967,1518.3345293026832
2024-01-29 18:30:00,1662.449951171875,1690.0,1648.25,1651.449951171875,1521.8824462890625,4995943.0,1532.0194213135253,1557.4079810311105,1518.9335530973535
2024-01-30 18:30:00,1648.25,1667.25,1638.0999755859375,1660.9000244140625,1530.5911865234375,6763779.0,1518.93364206389,1536.4429635862402,1509.5799556993886
2024-01-31 18:30:00,1659.550048828125,1677.0,1650.3499755859375,1657.050048828125,1527.0433349609375,5760011.0,1529.3471931576782,1545.4280783736983,1520.8689274978267
2024-02-01 18:30:00,1666.050048828125,1718.5,1665.0,1693.3499755859375,1560.4952392578125,7858483.0,1535.3371760388302,1583.6720744845543,1534.3695106294924
2024-02-04 18:30:00,1694.75,1700.75,1681.8499755859375,1687.199951171875,1554.82763671875,3634135.0,1561.7853328521521,1567.3145920332188,1549.8974031142452
2024-02-05 18:30:00,1686.75,1733.0,1673.949951171875,1729.449951171875,1593.7628173828125,7694265.0,1554.4129683538292,1597.034340689009,1542.6171705805966
2024-02-06 18:30:00,1729.0,1729.0,1686.8499755859375,1693.75,1560.86376953125,4613877.0,1593.3481668011993,1593.3481668011993,1554.5050990563916
2024-02-07 18:30:00,1698.0,1706.3499755859375,1682.800048828125,1692.0999755859375,1559.34326171875,5919715.0,1564.7803892211357,1572.4752526176906,1550.7729772594932
2024-02-08 18:30:00,1684.699951171875,1692.9000244140625,1659.800048828125,1669.3499755859375,1538.378173828125,4600004.0,1552.5238399589869,1560.080561966992,1529.577503446997
2024-02-11 18:30:00,1670.3499755859375,1692.949951171875,1670.3499755859375,1680.0999755859375,1548.2847900390625,3555808.0,1539.2997433619348,1560.126598289278,1539.2997433619348
2024-02-12 18:30:00,1683.0,1689.0999755859375,1663.5,1684.550048828125,1552.3856201171875,2696481.0,1550.9571831806093,1556.5785741207376,1532.9870910403704
2024-02-13 18:30:00,1660.199951171875,1669.449951171875,1635.5,1666.199951171875,1535.4752197265625,3768579.0,1529.9459605809961,1538.4702350970776,1507.1838887623073
2024-02-14 18:30:00,1677.0,1687.75,1661.5999755859375,1676.3499755859375,1544.8289794921875,4834391.0,1545.428005093551,1555.3345948697918,1531.2362167759502
2024-02-15 18:30:00,1689.0,1709.0,1687.949951171875,1701.6500244140625,1568.14404296875,4880654.0,1556.486498735968,1574.917363137815,1555.5188333576436
2024-02-18 18:30:00,1705.0,1711.5,1687.699951171875,1699.75,1566.39306640625,3690993.0,1571.2311682439513,1577.2211990906292,1555.2884257624896
2024-02-19 18:30:00,1685.0,1694.25,1668.75,1685.25,1553.0306396484375,3706389.0,1552.800253854097,1561.3245282446908,1537.825177221973
2024-02-20 18:30:00,1674.0,1674.0,1645.300048828125,1655.550048828125,1525.6610107421875,4300508.0,1542.663439133254,1542.663439133254,1516.2151921931338
2024-02-21 18:30:00,1665.0,1684.5999755859375,1644.4000244140625,1681.3499755859375,1549.4366455078125,5841277.0,1534.3694366019563,1552.4316609246032,1515.3856690741432
2024-02-22 18:30:00,1697.0,1698.449951171875,1671.9000244140625,1676.8499755859375,1545.289794921875,5373072.0,1563.858914132195,1565.1951068635992,1540.7282007765268
2024-02-25 18:30:00,1674.949951171875,1674.949951171875,1645.0,1660.1500244140625,1529.9000244140625,2782438.0,1543.5387967991637,1543.5387967991637,1515.938621902185
2024-02-26 18:30:00,1661.0,1671.0999755859375,1652.800048828125,1663.5999755859375,1533.079345703125,5159088.0,1530.6833557243867,1539.9909201570279,1523.1267459853489
2024-02-27 18:30:00,1670.0,1687.800048828125,1662.050048828125,1671.25,1540.129150390625,3188916.0,1538.9772213327412,1555.380736114235,1531.6509975218291
2024-02-28 18:30:00,1665.0,1682.25,1653.300048828125,1673.9000244140625,1542.5711669921875,7814722.0,1534.369410109207,1550.2660301238518,1523.5873997921522
2024-02-29 18:30:00,1669.0,1671.949951171875,1651.0,1654.699951171875,1524.87744140625,6387291.0,1538.05555376044,1540.774061120071,1521.467776667757
2024-03-03 18:30:00,1657.8499755859375,1664.449951171875,1633.6500244140625,1637.199951171875,1508.75048828125,4445156.0,1527.7803779385492,1533.8625405850848,1505.479077403563
2024-03-04 18:30:00,1634.0,1637.3499755859375,1602.0,1606.5,1480.4591064453125,4596579.0,1505.8015436860508,1508.8886908149464,1476.3121621695554
2024-03-05 18:30:00,1602.800048828125,1620.1500244140625,1576.0,1617.550048828125,1490.6422119140625,6420684.0,1477.049450044554,1493.0382016771937,1452.352047887815
2024-03-06 18:30:00,1616.5999755859375,1628.449951171875,1604.199951171875,1616.449951171875,1489.6285400390625,6348359.0,1489.7667940250446,1500.6870590284748,1478.3396352373709
2024-03-10 18:30:00,1608.1500244140625,1613.800048828125,1588.0,1600.5999755859375,1475.0220947265625,6752895.0,1481.9797912201366,1487.186533050453,1463.4106723438592
2024-03-11 18:30:00,1600.0,1625.0,1597.6500244140625,1612.949951171875,1486.4029541015625,4614222.0,1474.469015504546,1497.5075938718044,1472.3034116366352
2024-03-12 18:30:00,1612.9000244140625,1624.5,1598.550048828125,1611.4000244140625,1484.9747314453125,5688997.0,1486.3570462420234,1497.046924837975,1473.1329238521018
2024-03-13 18:30:00,1614.4000244140625,1657.75,1608.0,1653.300048828125,1523.5875244140625,8803799.0,1487.7394689212454,1527.6883469444472,1481.8415695289827
2024-03-14 18:30:00,1641.0999755859375,1645.800048828125,1618.3499755859375,1634.0,1505.8016357421875,11809997.0,1512.344570167545,1516.6758908384104,1491.3794617139743
2024-03-17 18:30:00,1630.0,1632.6500244140625,1598.8499755859375,1602.6500244140625,1476.9112548828125,4958904.0,1502.11543929507,1504.5575513115562,1473.4093456712776
2024-03-18 18:30:00,1592.3499755859375,1599.0,1558.0,1561.449951171875,1438.943603515625,6870411.0,1467.4193112677192,1473.5475961267095,1435.764324431153
2024-03-19 18:30:00,1563.0,1574.949951171875,1552.3499755859375,1554.949951171875,1432.95361328125,4759059.0,1440.3720813461923,1451.3844780457566,1430.5576233604784
2024-03-20 18:30:00,1564.0,1576.949951171875,1543.4000244140625,1554.699951171875,1432.7230224609375,11062497.0,1441.293418347309,1453.2273565774512,1422.3096528549004
2024-03-21 18:30:00,1521.0,1528.9000244140625,1498.199951171875,1508.8499755859375,1390.470458984375,14673890.0,1401.6672315575609,1408.9474454626866,1380.6560012352104
2024-03-25 18:30:00,1492.0,1507.449951171875,1487.9000244140625,1492.6500244140625,1375.54150390625,8351081.0,1374.9424783172167,1389.1802760076575,1371.164173630106
2024-03-26 18:30:00,1496.0,1499.0,1481.550048828125,1483.8499755859375,1367.431884765625,6857402.0,1378.628657389427,1381.3932870499673,1365.3124028550521
2024-03-27 18:30:00,1487.1500244140625,1511.800048828125,1487.1500244140625,1498.050048828125,1380.517822265625,12499530.0,1370.4729789851785,1393.189041141791,1370.4729789851785
2024-03-31 18:30:00,1525.0,1529.949951171875,1492.800048828125,1495.449951171875,1378.1217041015625,6580002.0,1405.3533500790074,1409.9149438246613,1375.6797046680076
2024-04-01 18:30:00,1484.8499755859375,1493.1500244140625,1480.8499755859375,1482.8499755859375,1366.5103759765625,7279400.0,1368.353462463362,1376.0023163808078,1364.6672894897633
2024-04-02 18:30:00,1479.0,1495.0999755859375,1475.0,1480.6500244140625,1364.4830322265625,8736248.0,1362.9624633692197,1377.799287158803,1359.2762903783632
2024-04-03 18:30:00,1490.550048828125,1495.6500244140625,1468.0,1486.699951171875,1370.058349609375,11186915.0,1373.6063812324333,1378.306229462609,1352.825535267705
2024-04-04 18:30:00,1480.050048828125,1486.699951171875,1476.050048828125,1479.0999755859375,1363.0545654296875,5072482.0,1363.93009899174,1370.0582714607572,1360.24392608138
2024-04-07 18:30:00,1483.0,1490.949951171875,1474.0999755859375,1476.699951171875,1360.8427734375,6610887.0,1366.6485404880466,1373.9747637962018,1358.4467836601393
2024-04-08 18:30:00,1490.0,1513.800048828125,1487.300048828125,1494.8499755859375,1377.56884765625,9423230.0,1373.0993855776476,1395.0321590156452,1370.6112639030227
2024-04-09 18:30:00,1500.3499755859375,1509.8499755859375,1484.550048828125,1506.800048828125,1388.5814208984375,6744595.0,1382.6373994109804,1391.3920603288602,1368.0770834855082
2024-04-11 18:30:00,1504.0,1506.800048828125,1479.5,1484.75,1368.2613525390625,12275616.0,1386.001060258461,1388.581426378512,1363.423250433772
2024-04-14 18:30:00,1480.0,1491.949951171875,1461.050048828125,1468.1500244140625,1352.963623046875,8531224.0,1363.8838870765444,1374.8962829242955,1346.420689060188
2024-04-15 18:30:00,1451.0,1455.1500244140625,1413.050048828125,1414.449951171875,1303.4766845703125,16173541.0,1337.1591322439795,1340.9835588768526,1302.1866141339272
2024-04-17 18:30:00,1421.0999755859375,1444.699951171875,1407.5,1419.25,1307.9002685546875,22107945.0,1309.6051010829012,1331.3534994670702,1297.072135276183
2024-04-18 18:30:00,1385.0,1426.8499755859375,1378.75,1411.25,1300.52783203125,20603621.0,1276.3373231980736,1314.903883353496,1270.5776782377934
2024-04-21 18:30:00,1419.9000244140625,1436.8499755859375,1413.050048828125,1432.75,1320.341064453125,5859087.0,1308.4992564312556,1324.1193692022916,1302.1867077963823
2024-04-22 18:30:00,1443.0,1446.8499755859375,1433.0,1442.4000244140625,1329.2337646484375,4856174.0,1329.786667999307,1333.334586368193,1320.571237174641
2024-04-23 18:30:00,1444.300048828125,1444.300048828125,1427.050048828125,1430.75,1318.498046875,4268213.0,1330.985003306902,1330.985003306902,1315.0883817387778
2024-04-24 18:30:00,1420.0,1444.9000244140625,1420.0,1438.449951171875,1325.59375,9089398.0,1308.5913232271268,1331.5377710414832,1308.5913232271268
2024-04-25 18:30:00,1439.699951171875,1445.4000244140625,1427.0,1430.25,1318.037109375,8062444.0,1326.745647271391,1331.9985107982977,1315.042094094127
2024-04-28 18:30:00,1429.949951171875,1439.800048828125,1428.25,1434.75,1322.1842041015625,5055957.0,1317.7607514168,1326.838042603384,1316.1941728580287
2024-04-29 18:30:00,1434.699951171875,1436.550048828125,1417.550048828125,1420.550048828125,1309.098388671875,6936588.0,1322.1381364606618,1323.8430815716633,1306.3337587531646
2024-05-01 18:30:00,1413.0,1424.0,1411.8499755859375,1414.449951171875,1303.4766845703125,10076354.0,1302.1404919784582,1312.2774667921617,1301.0806948402314
2024-05-02 18:30:00,1422.0999755859375,1424.800048828125,1403.199951171875,1416.300048828125,1305.181640625,8842345.0,1310.526523531366,1313.0147575937467,1293.1093350669514
2024-05-05 18:30:00,1420.0,1445.699951171875,1417.0999755859375,1425.9000244140625,1314.028564453125,6445422.0,1308.5914366893924,1332.27505360971,1305.9189387214822
2024-05-06 18:30:00,1424.949951171875,1443.3499755859375,1415.5999755859375,1440.949951171875,1327.8975830078125,6080661.0,1313.1528923189749,1330.1093091097507,1304.5364861962978
2024-05-07 18:30:00,1435.25,1439.75,1425.5999755859375,1427.300048828125,1315.3187255859375,6234983.0,1322.6449494254493,1326.7918940500197,1313.7520345652563
2024-05-08 18:30:00,1427.550048828125,1449.949951171875,1424.8499755859375,1439.550048828125,1326.6075439453125,6088406.0,1315.5490256671164,1336.1915031252968,1313.0607915586831
2024-05-09 18:30:00,1435.050048828125,1435.949951171875,1413.0,1424.9000244140625,1313.1068115234375,8777481.0,1322.4604966710783,1323.289795482951,1302.1404259190676
2024-05-12 18:30:00,1425.0,1425.0,1411.199951171875,1423.449951171875,1311.7705078125,3735954.0,1313.198944644248,1313.198944644248,1300.4816046041549
2024-05-13 18:30:00,1426.4000244140625,1433.75,1418.050048828125,1424.699951171875,1312.9224853515625,3463230.0,1314.4891762078207,1321.2624958851497,1306.7943133773022
2024-05-14 18:30:00,1426.0,1431.800048828125,1418.550048828125,1419.949951171875,1308.545166015625,4327544.0,1314.120547134986,1319.4655424641765,1307.255095585117
2024-05-15 18:30:00,1433.949951171875,1455.75,1427.0,1453.3499755859375,1339.3248291015625,9249145.0,1321.4468679639122,1341.5365553493355,1315.0421875208667
2024-05-16 18:30:00,1457.0,1457.0,1439.25,1444.300048828125,1330.98486328125,7542860.0,1342.6884167000094,1342.6884167000094,1326.3310252131012
2024-05-20 18:30:00,1430.0,1444.699951171875,1428.4000244140625,1434.1500244140625,1321.63134765625,6752663.0,1317.8069204584017,1331.3535619861623,1316.3324736753857
2024-05-21 18:30:00,1428.75,1459.949951171875,1428.0,1454.800048828125,1340.6612548828125,7173285.0,1316.6550066153582,1345.40711294369,1315.9638491315707
2024-05-22 18:30:00,1454.699951171875,1478.1500244140625,1450.0,1472.4000244140625,1356.8802490234375,8641428.0,1340.5688666610595,1362.17912249703,1336.2376585581328
2024-05-23 18:30:00,1468.25,1475.5,1460.0,1465.0999755859375,1350.15283203125,5277938.0,1353.0557154211108,1359.7369031866842,1345.4529845154584
2024-05-26 18:30:00,1471.8499755859375,1479.5999755859375,1460.25,1471.3499755859375,1355.91259765625,5821844.0,1356.373369267408,1363.5153292403581,1345.6834903871545
2024-05-27 18:30:00,1475.5,1476.0,1460.300048828125,1467.050048828125,1351.9500732421875,6186922.0,1359.7370687266528,1360.1978403527887,1345.7296562893546
2024-05-28 18:30:00,1465.4000244140625,1465.5,1450.0,1450.949951171875,1337.1131591796875,7401634.0,1350.4295268928772,1350.521658721026,1336.237738072663
2024-05-29 18:30:00,1442.800048828125,1449.8499755859375,1421.550048828125,1427.449951171875,1315.4569091796875,9663150.0,1329.6026885129104,1336.0995011368218,1310.0198938256992
2024-05-30 18:30:00,1409.800048828125,1436.75,1400.0,1406.9000244140625,1322.4595947265625,37113815.0,1325.1855631996355,1350.5180110539181,1315.9737013923686
2024-06-02 18:30:00,1440.0,1440.0,1404.0,1405.9000244140625,1321.519775390625,10589244.0,1353.5731158092904,1353.5731158092904,1319.7337879140582
2024-06-03 18:30:00,1409.0,1415.0,1358.3499755859375,1393.6500244140625,1310.0048828125,13736134.0,1324.4335719499218,1330.0734594103187,1276.8234990229753
2024-06-04 18:30:00,1400.1500244140625,1438.0,1400.1500244140625,1430.0999755859375,1344.2672119140625,9233424.0,1316.1148183429186,1351.6930870098186,1316.1148183429186
2024-06-05 18:30:00,1444.949951171875,1474.300048828125,1437.5,1472.25,1383.8875732421875,12660930.0,1358.2260359203012,1385.8145809499692,1351.2232206049546
2024-06-06 18:30:00,1481.0,1539.699951171875,1477.25,1533.5999755859375,1441.555419921875,24075302.0,1392.1124223339962,1447.289283385155,1388.5874921626576
2024-06-09 18:30:00,1525.300048828125,1529.800048828125,1497.300048828125,1499.75,1409.7371826171875,6810606.0,1433.7537546129818,1437.9836711469225,1407.4342739573517
2024-06-10 18:30:00,1500.050048828125,1506.449951171875,1493.949951171875,1495.75,1405.97705078125,4853054.0,1410.0190163300265,1416.0348049461413,1404.2850385180848
2024-06-11 18:30:00,1507.0,1508.75,1482.75,1485.199951171875,1396.060302734375,9564320.0,1416.5519427607585,1418.1969101793593,1393.7573942458623
2024-06-12 18:30:00,1495.0,1505.0,1489.3499755859375,1493.949951171875,1404.2850341796875,7307565.0,1405.27206045412,1414.6718735675256,1399.9611430962834
2024-06-13 18:30:00,1503.699951171875,1503.699951171875,1486.050048828125,1488.9000244140625,1399.5382080078125,4237727.0,1413.4498626747718,1413.4498626747718,1396.8592841989566
2024-06-17 18:30:00,1497.0,1507.0,1495.4000244140625,1498.199951171875,1408.2799072265625,5420939.0,1407.151975588544,1416.5517883847267,1405.6480284899164
2024-06-18 18:30:00,1505.0,1515.6500244140625,1496.699951171875,1511.3499755859375,1420.6407470703125,5493456.0,1414.6718886285164,1424.6827126496337,1406.8699977638037
2024-06-19 18:30:00,1516.300048828125,1517.5,1499.0999755859375,1515.4000244140625,1424.4476318359375,7927010.0,1425.2936379231433,1426.4215695435462,1409.125891319924
2024-06-20 18:30:00,1545.0,1557.75,1523.699951171875,1532.699951171875,1440.70947265625,17301941.0,1452.2712899886412,1464.256053061363,1432.2496398990345
2024-06-23 18:30:00,1524.550048828125,1529.0999755859375,1515.4000244140625,1527.1500244140625,1435.492431640625,5564989.0,1433.0485032665965,1437.3253492351942,1424.4476516241698
2024-06-24 18:30:00,1526.0,1543.9000244140625,1520.3499755859375,1541.949951171875,1449.4041748046875,4551525.0,1434.4115183965616,1451.237207255743,1429.1006009006553
2024-06-25 18:30:00,1541.0,1548.8499755859375,1535.0,1540.699951171875,1448.2291259765625,4851004.0,1448.5111662607692,1455.889996430208,1442.8712785271127
2024-06-26 18:30:00,1538.449951171875,1578.4000244140625,1532.050048828125,1573.3499755859375,1478.9195556640625,14757754.0,1446.1141853395814,1483.6665071274144,1440.0983968135813
2024-06-27 18:30:00,1572.550048828125,1588.5,1564.25,1566.75,1472.7156982421875,8197544.0,1478.1676356666337,1493.1602914681441,1470.3657449978248
2024-06-30 18:30:00,1559.5,1599.9000244140625,1559.5,1590.800048828125,1495.3223876953125,6801771.0,1465.900925341744,1503.8761950899986,1465.900925341744
2024-07-01 18:30:00,1596.199951171875,1633.800048828125,1586.5,1621.050048828125,1523.7567138671875,10493173.0,1500.3980870491325,1535.7414752975033,1491.2803144467298
2024-07-02 18:30:00,1625.0,1636.0,1606.0,1627.4000244140625,1529.7257080078125,7269965.0,1527.469729765856,1537.8095248596555,1509.6100836947476
2024-07-03 18:30:00,1628.199951171875,1660.0,1628.0,1650.6500244140625,1551.5802001953125,8008311.0,1530.4775505601317,1560.3690026530594,1530.2896001922775
2024-07-04 18:30:00,1651.449951171875,1665.8499755859375,1633.3499755859375,1647.449951171875,1548.572265625,7065022.0,1552.332191113537,1565.8679458210338,1535.3185512266714
2024-07-07 18:30:00,1643.0999755859375,1666.0,1640.0,1661.6500244140625,1561.9200439453125,5880533.0,1544.483343885064,1566.008939897241,1541.5694246287367
2024-07-08 18:30:00,1659.9000244140625,1666.75,1651.0,1657.1500244140625,1557.68994140625,5191182.0,1560.2748898271884,1566.7137383996742,1551.9090338070268
2024-07-09 18:30:00,1657.0,1674.0,1637.550048828125,1648.25,1549.32421875,9852770.0,1557.5490553427878,1573.5287378659184,1539.2664644712022
2024-07-10 18:30:00,1656.0,1665.0,1642.050048828125,1652.699951171875,1553.507080078125,8857679.0,1556.6090643284788,1565.0688961998292,1543.4963708254108
2024-07-11 18:30:00,1680.0,1719.75,1666.6500244140625,1711.75,1609.0130615234375,17078316.0,1579.1686539269024,1616.5329122564228,1566.6199259649964
2024-07-14 18:30:00,1726.199951171875,1728.0,1702.6500244140625,1707.050048828125,1604.5950927734375,6942230.0,1622.5956425223837,1624.2876547269145,1600.4591521853247
2024-07-15 18:30:00,1718.5999755859375,1737.9000244140625,1700.0,1726.050048828125,1622.454833984375,6886281.0,1615.4519041715741,1633.593589888385,1597.9682742375035
2024-07-17 18:30:00,1719.0,1765.4000244140625,1719.0,1758.050048828125,1652.5343017578125,11248896.0,1615.827983176718,1659.4431419133819,1615.827983176718
2024-07-18 18:30:00,1844.0,1844.0,1786.449951171875,1792.949951171875,1685.3394775390625,29819116.0,1733.3255702708213,1733.3255702708213,1679.2295989019908
2024-07-21 18:30:00,1800.1500244140625,1823.0,1792.949951171875,1810.8499755859375,1702.1651611328125,8462126.0,1692.1074068427617,1713.5859571917674,1685.3394724496927
2024-07-22 18:30:00,1810.0,1839.949951171875,1783.25,1836.9000244140625,1726.6517333984375,7113056.0,1701.3662125939957,1729.5186076175692,1676.2217119382558
2024-07-23 18:30:00,1837.5,1842.3499755859375,1819.5999755859375,1833.949951171875,1723.8787841796875,6002845.0,1727.2157639340674,1731.7746506207213,1710.3900744958235
2024-07-24 18:30:00,1820.0,1830.9000244140625,1812.0,1824.8499755859375,1715.324951171875,5815599.0,1710.7660645530111,1721.0118842620095,1703.246213719811
2024-07-25 18:30:00,1825.3499755859375,1883.0,1825.3499755859375,1878.9000244140625,1766.130859375,11369047.0,1715.794815664594,1769.984759694825,1715.794815664594
2024-07-28 18:30:00,1893.5999755859375,1903.0,1864.0,1871.0999755859375,1758.799072265625,4635931.0,1779.9486525351583,1788.78450012986,1752.1252276626687
2024-07-29 18:30:00,1871.0999755859375,1879.949951171875,1860.0,1877.1500244140625,1764.48583984375,2721265.0,1758.7989073403546,1767.1177185175402,1748.3651383345386
2024-07-30 18:30:00,1877.0,1885.1500244140625,1865.050048828125,1868.25,1756.1201171875,5004209.0,1764.344953812893,1772.0058245898792,1753.1122228334534
2024-07-31 18:30:00,1856.0999755859375,1867.9000244140625,1845.0999755859375,1852.5999755859375,1741.4095458984375,7475014.0,1744.6994808498382,1755.7913074406626,1734.3596852882927
2024-08-01 18:30:00,1843.0,1859.5,1816.1500244140625,1821.199951171875,1711.8939208984375,7400938.0,1732.3855594141,1747.895251074617,1707.147084115294
2024-08-04 18:30:00,1784.949951171875,1797.5,1718.550048828125,1751.9000244140625,1646.7532958984375,10736703.0,1677.8196096487513,1689.6164211011132,1615.4049418548652
2024-08-05 18:30:00,1760.199951171875,1796.949951171875,1744.8499755859375,1751.0999755859375,1646.0013427734375,7690163.0,1654.5551502330297,1689.0994653436978,1640.126459251215
2024-08-06 18:30:00,1796.0,1797.9000244140625,1762.0999755859375,1791.6500244140625,1684.11767578125,5094329.0,1688.2065718679119,1689.9925594528395,1656.341179884447
2024-08-07 18:30:00,1779.949951171875,1779.949951171875,1727.0999755859375,1743.1500244140625,1638.5284423828125,6227910.0,1673.1196857214622,1673.1196857214622,1623.4416964698462
2024-08-08 18:30:00,1771.25,1780.75,1756.0,1770.75,1664.471923828125,4258524.0,1664.9419144885312,1673.8717370362467,1650.6071993461458
2024-08-11 18:30:00,1773.050048828125,1803.5,1768.0999755859375,1797.4000244140625,1689.5223388671875,4315329.0,1666.633818145862,1695.2562016016923,1661.980842064797
2024-08-12 18:30:00,1810.0,1810.0,1789.050048828125,1797.449951171875,1689.5693359375,4176918.0,1701.366147109179,1701.366147109179,1681.673584839887
2024-08-13 18:30:00,1802.0,1825.0,1797.449951171875,1823.25,1713.821044921875,7450718.0,1693.8464406687062,1715.4660123309595,1689.5694795075585
2024-08-15 18:30:00,1850.0,1861.8499755859375,1829.5,1858.949951171875,1747.378173828125,7335657.0,1738.9653871768742,1750.1041425189478,1719.6957707243737
2024-08-18 18:30:00,1860.0,1867.550048828125,1849.199951171875,1864.800048828125,1752.8773193359375,2585989.0,1748.3653628246682,1755.46226812506,1738.2135180462226
2024-08-19 18:30:00,1880.0,1885.699951171875,1868.199951171875,1872.199951171875,1759.8330078125,3870333.0,1767.1649081160394,1772.5227558229078,1756.0730824760828
2024-08-20 18:30:00,1875.0999755859375,1879.0,1867.0999755859375,1872.699951171875,1760.3028564453125,1966902.0,1762.5588344138969,1766.2247842698705,1755.0389843478197
2024-08-21 18:30:00,1884.0,1893.6500244140625,1869.699951171875,1880.25,1767.39990234375,4300287.0,1770.9248323444356,1779.9956751616294,1757.4830533776285
2024-08-22 18:30:00,1878.199951171875,1882.5999755859375,1857.0,1862.0999755859375,1750.3392333984375,5015935.0,1765.4729100507645,1769.6088509029312,1745.5453515046195
2024-08-25 18:30:00,1870.0,1888.75,1864.0,1876.1500244140625,1763.5460205078125,3728589.0,1757.7651122966831,1775.3897624868237,1752.125224235838
2024-08-26 18:30:00,1876.1500244140625,1902.75,1873.9000244140625,1900.0999755859375,1786.05859375,3830679.0,1763.5460856398784,1788.5495673509674,1761.431127538951
2024-08-27 18:30:00,1906.9000244140625,1951.0,1897.4000244140625,1939.0999755859375,1822.7177734375,6514531.0,1792.450420519267,1833.903574209478,1783.5205978872887
2024-08-28 18:30:00,1933.0,1950.5,1920.9000244140625,1933.3499755859375,1817.3128662109375,7228284.0,1816.9838956969513,1833.4335688344042,1805.610144647818
2024-08-29 18:30:00,1938.0,1950.0,1928.0,1943.699951171875,1827.0416259765625,13466759.0,1821.6837784081808,1832.9635541258785,1812.2839653100993
2024-09-01 18:30:00,1943.3499755859375,1975.75,1942.800048828125,1964.5,1846.5933837890625,5573739.0,1826.712755054023,1857.1681741009113,1826.195834151735
2024-09-02 18:30:00,1967.0,1967.0,1936.449951171875,1941.25,1824.7388916015625,4694322.0,1848.943412636329,1848.943412636329,1820.226934986873
2024-09-03 18:30:00,1921.0999755859375,1927.199951171875,1900.050048828125,1922.449951171875,1807.0670166015625,4778310.0,1805.7980647866775,1811.5319278069883,1786.0115271331308
2024-09-04 18:30:00,1926.25,1940.0,1909.5999755859375,1933.1500244140625,1817.1248779296875,4081810.0,1810.638983993486,1823.5637269032381,1794.9882723576418
2024-09-05 18:30:00,1922.0,1936.5,1896.8499755859375,1901.8499755859375,1787.70361328125,5848106.0,1806.644261552745,1820.2739919338662,1783.0037062532772
2024-09-08 18:30:00,1890.0,1920.8499755859375,1889.0,1894.6500244140625,1780.9356689453125,4772612.0,1776.564732765143,1805.5631341580754,1775.6247514250556
2024-09-09 18:30:00,1904.9000244140625,1935.0,1896.0,1912.300048828125,1797.5263671875,6909600.0,1790.5704823041315,1818.8638977650467,1782.2046254069915
2024-09-10 18:30:00,1914.699951171875,1926.0,1905.0,1910.1500244140625,1795.50537109375,5312946.0,1799.7822173243185,1810.4040523138208,1790.6644442667855
2024-09-11 18:30:00,1925.0,1956.4000244140625,1910.800048828125,1950.449951171875,1833.3865966796875,8555092.0,1809.464116978717,1838.9795546148218,1796.1164275717779
2024-09-12 18:30:00,1950.449951171875,1958.5999755859375,1935.6500244140625,1944.0999755859375,1827.4176025390625,3843127.0,1833.38646078049,1841.0473312410704,1819.47480653783
2024-09-15 18:30:00,1945.75,1952.0,1933.050048828125,1950.25,1833.1986083984375,1570181.0,1828.9686923682912,1834.8435757434945,1817.0309752474043
2024-09-16 18:30:00,1947.75,1958.449951171875,1942.1500244140625,1952.550048828125,1835.3604736328125,2793127.0,1830.8485176417557,1840.906271327735,1825.5846454813945
2024-09-17 18:30:00,1938.75,1938.75,1881.300048828125,1892.1500244140625,1778.5855712890625,6385468.0,1822.388675234394,1822.388675234394,1768.386797525358
2024-09-18 18:30:00,1910.5999755859375,1924.9000244140625,1878.800048828125,1894.199951171875,1780.5125732421875,7976570.0,1795.9282898631557,1809.370068657787,1766.036952686509
2024-09-19 18:30:00,1905.0,1915.0,1867.4000244140625,1905.75,1791.3695068359375,15242974.0,1790.664520804125,1800.0643345616268,1755.3212440246816
2024-09-22 18:30:00,1909.0,1918.9000244140625,1878.449951171875,1896.449951171875,1782.6275634765625,3636672.0,1794.4243751721033,1803.73021337189,1765.7078993837924
2024-09-23 18:30:00,1888.0,1910.9000244140625,1871.4000244140625,1898.5999755859375,1784.6485595703125,7277616.0,1774.6847802570394,1796.210376017183,1759.0811128709156
2024-09-24 18:30:00,1886.3499755859375,1901.5999755859375,1876.800048828125,1895.300048828125,1781.546630859375,4268341.0,1773.1337292502485,1787.4684442930745,1764.156976545127
2024-09-25 18:30:00,1897.800048828125,1917.949951171875,1893.0,1900.25,1786.1995849609375,8952803.0,1783.8966765192179,1802.8372091877666,1779.384720079492
2024-09-26 18:30:00,1932.0999755859375,1974.5999755859375,1903.300048828125,1906.75,1792.3094482421875,14908931.0,1816.137952637302,1856.0871602157958,1789.0665584656958
2024-09-29 18:30:00,1880.0,1901.25,1870.5,1875.5999755859375,1763.0289306640625,6986955.0,1767.1648713969455,1787.1394743316184,1758.2350489085036
2024-09-30 18:30:00,1875.0,1908.949951171875,1875.0,1904.3499755859375,1790.0533447265625,4029072.0,1762.464916843665,1794.3772357071236,1762.464916843665
2024-10-02 18:30:00,1889.5,1911.8499755859375,1881.0,1893.4000244140625,1779.7606201171875,7503887.0,1776.0946700907043,1797.1032292411892,1768.1048290238766
2024-10-03 18:30:00,1889.550048828125,1954.0999755859375,1886.0,1918.1500244140625,1803.025146484375,10001483.0,1776.141704358394,1836.8174281895435,1772.8047248589348
2024-10-06 18:30:00,1923.199951171875,1942.0,1916.050048828125,1934.300048828125,1818.2059326171875,6112575.0,1807.772048058558,1825.4437429610623,1801.0512733437376
2024-10-07 18:30:00,1937.9000244140625,1957.949951171875,1906.3499755859375,1948.550048828125,1831.6005859375,5637391.0,1821.5897622643915,1840.4363182559603,1791.933306709296
2024-10-08 18:30:00,1952.550048828125,1977.0,1945.0999755859375,1952.75,1835.548583984375,4857163.0,1835.3606336116181,1858.3431317562972,1828.3577036972526
2024-10-09 18:30:00,1957.9000244140625,1964.0,1914.0999755859375,1919.0,1803.82421875,4782119.0,1840.3895163779584,1846.1233796899428,1799.2182871655539
2024-10-10 18:30:00,1918.0,1947.0,1910.0999755859375,1935.0999755859375,1818.9578857421875,4709431.0,1802.8842276209207,1830.1436867455332,1795.4583520140732
2024-10-13 18:30:00,1932.1500244140625,1969.5,1931.0999755859375,1958.9000244140625,1841.3294677734375,3751378.0,1816.1849669571325,1851.2932470173037,1815.1979406537325
2024-10-14 18:30:00,1960.0,1991.449951171875,1951.75,1959.300048828125,1841.70556640625,5353705.0,1842.3635074756771,1871.9258760220825,1834.6086610794148
2024-10-15 18:30:00,1955.0,1959.550048828125,1916.3499755859375,1920.0999755859375,1804.8582763671875,3111512.0,1837.66365041544,1841.9406117141925,1801.3333460914546
2024-10-16 18:30:00,1935.199951171875,1978.0,1930.1500244140625,1968.0999755859375,1849.977294921875,8162822.0,1819.0518851747047,1859.2831333510103,1814.3050481446446
2024-10-17 18:30:00,1893.800048828125,1936.8499755859375,1869.25,1879.5999755859375,1766.788818359375,10526196.0,1780.1366215888147,1820.6027474745542,1757.0600349091483
2024-10-20 18:30:00,1891.0999755859375,1898.800048828125,1838.0,1852.75,1741.5504150390625,4654601.0,1777.5986762175419,1784.8366013292746,1727.6856903747387
2024-10-21 18:30:00,1858.199951171875,1877.800048828125,1846.949951171875,1851.5999755859375,1740.46923828125,4125240.0,1746.6730915066728,1765.0968155765634,1736.0983025734054
2024-10-22 18:30:00,1845.25,1886.0,1844.0,1873.4000244140625,1760.9610595703125,4311910.0,1734.500561986716,1772.804801466981,1733.3255853155424
2024-10-23 18:30:00,1861.4000244140625,1884.0,1860.0,1863.3499755859375,1751.51416015625,2906475.0,1749.6812424897346,1770.9247972575436,1748.3652457001226
2024-10-24 18:30:00,1863.449951171875,1876.3499755859375,1846.4000244140625,1862.050048828125,1750.2923583984375,4689120.0,1751.6082405232555,1763.7340231622866,1735.5816269882255
2024-10-27 18:30:00,1859.699951171875,1881.9000244140625,1857.0,1865.3499755859375,1753.394287109375,7018940.0,1748.0833692337449,1768.951025226307,1745.5454653432146
2024-10-28 18:30:00,1846.0,1851.5999755859375,1829.0,1839.300048828125,1748.59326171875,4621252.0,1754.9627985871089,1760.2866061853301,1738.8011693476826
2024-10-29 18:30:00,1832.0,1839.0,1796.3499755859375,1802.0999755859375,1713.227783203125,5919715.0,1741.6532608340028,1748.308049494395,1707.7613496606602
2024-10-30 18:30:00,1787.9000244140625,1787.9000244140625,1746.5,1757.25,1670.5897216796875,7395236.0,1699.7282140714156,1699.7282140714156,1660.369867072741
2024-10-31 18:30:00,1764.5,1766.0,1752.050048828125,1760.8499755859375,1674.011962890625,371966.0,1677.4819828348002,1678.9080088899161,1665.6460129974564
2024-11-03 18:30:00,1724.5,1767.0,1718.0,1763.6500244140625,1676.6739501953125,7336722.0,1639.4546463788554,1679.8587185569368,1633.275200045737
2024-11-04 18:30:00,1760.0,1768.449951171875,1745.0,1754.199951171875,1667.68994140625,3160880.0,1673.2039554066878,1681.2371893406507,1658.9436944231081
2024-11-05 18:30:00,1764.0,1827.199951171875,1762.6500244140625,1823.699951171875,1733.7625732421875,10421494.0,1677.0067780250674,1737.089967643031,1675.7233776805178
2024-11-06 18:30:00,1812.949951171875,1825.699951171875,1787.0,1803.050048828125,1714.1309814453125,4550965.0,1723.5426610222241,1735.6638830746192,1698.8724555004114
2024-11-07 18:30:00,1818.0,1840.5999755859375,1813.1500244140625,1829.949951171875,1739.704345703125,4210960.0,1728.3437169759088,1749.829154713953,1723.7329222391422
2024-11-10 18:30:00,1829.0,1868.0,1822.550048828125,1860.0999755859375,1768.367431640625,3804234.0,1738.8011800020988,1775.8778590726738,1732.669314114394
2024-11-11 18:30:00,1871.0999755859375,1881.0,1861.0,1868.800048828125,1776.6383056640625,5012450.0,1778.8248092339409,1788.2366040442323,1769.2229240437619
2024-11-12 18:30:00,1861.0999755859375,1873.199951171875,1856.300048828125,1868.4000244140625,1776.2581787109375,4257495.0,1769.3181384269985,1780.8213927172376,1764.7549244206982
2024-11-13 18:30:00,1865.5999755859375,1876.0,1856.0,1864.550048828125,1772.5980224609375,4311431.0,1773.5961711004963,1783.4833086013102,1764.469627272938
2024-11-17 18:30:00,1849.199951171875,1849.199951171875,1795.0,1811.449951171875,1722.11669921875,4839244.0,1758.005024675079,1758.005024675079,1706.477991896976
2024-11-18 18:30:00,1825.5,1859.699951171875,1820.550048828125,1824.75,1734.7607421875,4669769.0,1735.4737552340218,1767.987103735295,1730.7679155470983
2024-11-20 18:30:00,1842.0,1867.0,1820.5999755859375,1834.050048828125,1743.6021728515625,5436504.0,1751.16006482196,1774.9271666789355,1730.8154024223286
2024-11-21 18:30:00,1854.0999755859375,1914.050048828125,1834.0,1902.25,1808.438720703125,6301486.0,1762.6632608249854,1819.6568388300636,1743.5545347717343
2024-11-24 18:30:00,1916.0,1919.300048828125,1882.0,1889.699951171875,1796.5076904296875,12764638.0,1821.5107285834974,1824.6480325215346,1789.1874693080074
2024-11-25 18:30:00,1904.949951171875,1938.5999755859375,1897.300048828125,1924.1500244140625,1829.2586669921875,6850495.0,1811.0054643107326,1842.9960045611826,1803.7328244508496
2024-11-26 18:30:00,1930.0999755859375,1941.4000244140625,1911.75,1924.5,1829.591552734375,4447143.0,1834.9153604909611,1845.6581372544963,1817.4703304442407
2024-11-27 18:30:00,1914.9000244140625,1914.9000244140625,1851.6500244140625,1856.6500244140625,1765.0875244140625,8468790.0,1820.4648690644453,1820.4648690644453,1760.3341042723987
2024-11-28 18:30:00,1851.0999755859375,1877.0,1845.0,1857.8499755859375,1766.2283935546875,5244346.0,1759.811276019277,1784.4340168837268,1754.0121263454853
2024-12-01 18:30:00,1859.0,1882.800048828125,1835.199951171875,1879.800048828125,1787.0960693359375,2868263.0,1767.321793063357,1789.9481217185034,1744.6954644082105
2024-12-02 18:30:00,1887.0,1899.75,1871.1500244140625,1892.0999755859375,1798.789306640625,4715792.0,1793.9408410909798,1806.0620629902432,1778.8725217831325
2024-12-03 18:30:00,1884.0,1913.949951171875,1875.0,1889.25,1796.079833984375,4705573.0,1791.0887427426558,1819.5616835014869,1782.53258632828
2024-12-04 18:30:00,1900.0,1949.9000244140625,1888.949951171875,1934.8499755859375,1839.4310302734375,9050038.0,1806.2997139926326,1853.7388717964993,1795.7946087095554
2024-12-05 18:30:00,1932.800048828125,1937.949951171875,1912.4000244140625,1922.4000244140625,1827.5950927734375,3573331.0,1837.4822303839658,1842.3781605401093,1818.088252003757
2024-12-08 18:30:00,1924.199951171875,1930.199951171875,1897.199951171875,1923.6500244140625,1828.783447265625,4274645.0,1829.3062538776032,1835.0103583375276,1803.6377838079438
2024-12-09 18:30:00,1939.0,1965.5999755859375,1932.0,1948.550048828125,1852.4554443359375,6174921.0,1843.3763652761136,1868.6645376907804,1836.7215769538172
2024-12-10 18:30:00,1955.0,1978.0,1952.0,1974.1500244140625,1876.79296875,5025612.0,1858.5873457085745,1880.4530791874988,1855.7352935156714
2024-12-11 18:30:00,1975.199951171875,1998.800048828125,1970.550048828125,1987.0,1889.00927734375,6462130.0,1877.7911587179638,1900.2273959695365,1873.3705705619063
2024-12-12 18:30:00,1969.75,2006.449951171875,1953.800048828125,1999.699951171875,1901.0828857421875,5362693.0,1872.6099443049989,1907.500003205855,1857.4465798294907
2024-12-15 18:30:00,1995.449951171875,1999.5999755859375,1977.5999755859375,1980.050048828125,1882.402099609375,3119221.0,1897.042541916786,1900.9879041439099,1880.0728539329739
2024-12-16 18:30:00,1968.0,1982.0,1958.0,1976.5999755859375,1879.1221923828125,5811050.0,1870.9463322304846,1884.2559097971648,1861.439491111427
2024-12-17 18:30:00,1966.800048828125,1984.949951171875,1961.5999755859375,1979.1500244140625,1881.54638671875,3064095.0,1869.8054617493733,1887.060284654621,1864.8618349910091
2024-12-18 18:30:00,1934.0,1959.75,1920.0,1946.199951171875,1850.2213134765625,5323592.0,1838.623014099366,1863.1031292043601,1825.3134369549032
2024-12-19 18:30:00,1975.1500244140625,1979.949951171875,1911.25,1922.1500244140625,1827.357421875,11056720.0,1877.7436779576376,1882.3068918972044,1816.9949422253026
2024-12-22 18:30:00,1930.050048828125,1940.0,1909.0,1924.300048828125,1829.4013671875,2781793.0,1834.8678004850174,1844.3270603797318,1814.8558547757257
2024-12-23 18:30:00,1927.050048828125,1942.0,1840.0,1909.050048828125,1814.9034423828125,2360544.0,1832.015755380025,1846.2284355881454,1749.2586619372746
2024-12-25 18:30:00,1909.050048828125,1919.75,1902.300048828125,1907.4000244140625,1813.3348388671875,3623321.0,1814.9034908105154,1825.0757640546135,1808.4863732653307
2024-12-26 18:30:00,1909.4000244140625,1924.1500244140625,1903.9000244140625,1916.75,1822.2237548828125,3937500.0,1815.236249934069,1829.25884045684,1810.007487366256
2024-12-29 18:30:00,1915.699951171875,1916.0,1886.5,1906.0,1812.0037841796875,7789055.0,1821.2253729676181,1821.5106246003575,1793.4654453593812
2024-12-30 18:30:00,1892.300048828125,1897.0,1845.050048828125,1880.0,1787.2860107421875,3613063.0,1798.9794709559926,1803.4476395627287,1754.0596496753712
2024-12-31 18:30:00,1874.0,1892.949951171875,1874.0,1882.5,1789.662841796875,1838368.0,1781.5820268405544,1799.597444352464,1781.5820268405544
2025-01-01 18:30:00,1887.0,1962.6500244140625,1885.300048828125,1957.8499755859375,1861.296875,7083645.0,1793.9409285299619,1865.8602051810894,1792.3248119514092
2025-01-02 18:30:00,1952.949951171875,1952.949951171875,1922.0,1938.75,1843.1387939453125,6218003.0,1856.6384617090841,1856.6384617090841,1827.214835312903
2025-01-05 18:30:00,1952.0,1973.0,1928.0,1937.8499755859375,1842.283203125,7164403.0,1855.7354066651392,1875.6997732327457,1832.9189877307317
2025-01-06 18:30:00,1945.0,1958.550048828125,1923.6500244140625,1930.8499755859375,1835.6282958984375,4294832.0,1849.08049857111,1861.9623140172655,1828.7834170796311
2025-01-07 18:30:00,1930.0,1938.5999755859375,1888.75,1933.1500244140625,1837.81494140625,5482050.0,1834.8202633622047,1842.9961231909604,1795.6045452981161
2025-01-08 18:30:00,1934.050048828125,1951.8499755859375,1910.550048828125,1917.300048828125,1822.7467041015625,6833503.0,1838.670663062687,1855.5927707165636,1816.3295863112587
2025-01-09 18:30:00,1937.0,1977.800048828125,1932.25,1966.949951171875,1869.947998046875,8036913.0,1841.475056372847,1880.2630131182193,1836.9593070090002
2025-01-12 18:30:00,1956.0,1982.800048828125,1949.0,1962.199951171875,1865.4322509765625,5804152.0,1859.538056114521,1885.0164358188285,1852.8832675701437
2025-01-13 18:30:00,1968.8499755859375,1971.800048828125,1931.0999755859375,1940.050048828125,1844.374755859375,5792162.0,1871.7543886244132,1874.5589763818855,1835.8660634362316
2025-01-14 18:30:00,1947.0,1958.050048828125,1937.0999755859375,1949.6500244140625,1853.501220703125,2985439.0,1850.981884706997,1861.4869901029845,1841.5700892018165
2025-01-15 18:30:00,1965.949951171875,1966.949951171875,1916.8499755859375,1928.449951171875,1833.3466796875,7533579.0,1868.9973329214629,1869.948017007702,1822.3187674971882
2025-01-16 18:30:00,1851.0,1858.0,1812.0,1815.449951171875,1725.9193115234375,16409953.0,1759.7161759087412,1766.3709642563163,1722.6394979722525
2025-01-19 18:30:00,1822.949951171875,1827.949951171875,1793.1500244140625,1813.300048828125,1723.8756103515625,4333011.0,1733.0496195308024,1737.8030402662885,1704.7193015774908
2025-01-20 18:30:00,1819.050048828125,1831.6500244140625,1793.050048828125,1800.699951171875,1711.896728515625,7169109.0,1729.3418737355341,1741.3204695981628,1704.6240883474466
2025-01-21 18:30:00,1807.4000244140625,1865.800048828125,1805.1500244140625,1856.449951171875,1764.8974609375,8373913.0,1718.2664752007781,1773.7864501626696,1716.1274359637641
2025-01-22 18:30:00,1858.0,1879.550048828125,1852.699951171875,1865.449951171875,1773.4534912109375,5907471.0,1766.370941552174,1786.8582289789933,1761.3322697336553
2025-01-23 18:30:00,1865.5,1894.9000244140625,1864.25,1875.449951171875,1782.96044921875,4887027.0,1773.501188842313,1801.4513245969808,1772.312833717117
2025-01-26 18:30:00,1848.75,1863.0,1812.0,1822.0,1732.146484375,7652371.0,1757.5772848453794,1771.1245336940863,1722.639643077662
2025-01-27 18:30:00,1830.0,1863.5,1824.9000244140625,1829.75,1739.51416015625,6999495.0,1739.7518311714375,1771.599747206543,1734.9033656716754
2025-01-28 18:30:00,1845.0,1888.6500244140625,1840.5,1881.25,1788.474365234375,5145155.0,1754.0120684956396,1795.5094503993766,1749.7339902797964
2025-01-29 18:30:00,1873.1500244140625,1887.199951171875,1844.0,1859.949951171875,1768.2247314453125,7336056.0,1780.7738303869369,1794.1308715011382,1753.0613674474346
2025-01-30 18:30:00,1871.0,1897.449951171875,1871.0,1879.800048828125,1787.0960693359375,5820470.0,1778.7300025936208,1803.8755513464537,1778.7300025936208
2025-01-31 18:30:00,1880.300048828125,1890.5999755859375,1846.0,1851.3499755859375,1760.0489501953125,1701402.0,1787.571323971164,1797.3633003755383,1754.9628135718901
2025-02-02 18:30:00,1836.0,1876.550048828125,1832.4000244140625,1863.300048828125,1771.40966796875,4823228.0,1745.4559465267448,1784.0062318529979,1742.0335070965566
2025-02-03 18:30:00,1889.0,1911.199951171875,1875.0,1898.800048828125,1805.1590576171875,7334787.0,1795.8423067996916,1816.9474478919842,1782.5327290891591
2025-02-04 18:30:00,1906.0,1919.699951171875,1894.300048828125,1897.050048828125,1803.4952392578125,4996744.0,1812.0038151596648,1825.0281403385413,1800.88085809743
2025-02-05 18:30:00,1917.0,1924.0,1900.0,1915.6500244140625,1821.177978515625,4765255.0,1822.46137881177,1829.116167362465,1806.2997494743677
2025-02-06 18:30:00,1919.300048828125,1923.699951171875,1889.449951171875,1903.6500244140625,1809.7696533203125,4126260.0,1824.647881405861,1828.8307982430788,1796.2698706401704
2025-02-09 18:30:00,1905.0,1905.0,1878.5999755859375,1880.300048828125,1787.5712890625,3828734.0,1811.0531389851265,1811.0531389851265,1785.9550565261386
2025-02-10 18:30:00,1883.0999755859375,1903.0,1870.0,1875.6500244140625,1783.150634765625,4411601.0,1790.2331848086437,1809.1518213900456,1777.7792464526458
2025-02-11 18:30:00,1885.0,1894.5999755859375,1847.0,1863.1500244140625,1771.2672119140625,5633947.0,1792.0396375530902,1801.1661822584174,1755.9136395546725
2025-02-12 18:30:00,1868.5,1873.5,1835.6500244140625,1843.25,1752.3485107421875,5237744.0,1776.3532848619434,1781.106705479717,1745.1233346132335
2025-02-13 18:30:00,1854.0,1859.300048828125,1828.3499755859375,1856.4000244140625,1764.8499755859375,5292961.0,1762.568310549922,1767.6069826690268,1738.1832403249714
2025-02-16 18:30:00,1838.550048828125,1852.75,1822.1500244140625,1842.300048828125,1751.4451904296875,4428956.0,1747.8801254076848,1761.3797918708847,1732.2888845014002
2025-02-17 18:30:00,1842.300048828125,1861.6500244140625,1837.5999755859375,1851.949951171875,1760.619384765625,4365260.0,1751.445375977347,1769.8410902296603,1746.977091046225
2025-02-18 18:30:00,1847.4000244140625,1849.199951171875,1805.9000244140625,1810.800048828125,1721.498779296875,4611411.0,1756.2937934312417,1758.004955145868,1716.840404092615
2025-02-19 18:30:00,1805.550048828125,1831.0,1805.550048828125,1825.1500244140625,1735.14111328125,2218020.0,1716.5077280780874,1740.7025920720746,1716.5077280780874
2025-02-20 18:30:00,1821.800048828125,1829.8499755859375,1806.199951171875,1815.0,1725.4915771484375,3379879.0,1731.956275207461,1739.6092122968646,1717.1255109603246
2025-02-23 18:30:00,1800.050048828125,1808.0,1750.25,1764.0999755859375,1677.1016845703125,7594720.0,1711.2788452920981,1718.8367369576058,1663.9347338827708
2025-02-24 18:30:00,1745.1500244140625,1778.449951171875,1745.1500244140625,1767.699951171875,1680.5242919921875,5092963.0,1659.0864344677666,1690.7441464007027,1659.0864344677666
2025-02-26 18:30:00,1755.199951171875,1775.8499755859375,1751.0999755859375,1764.300048828125,1677.2919921875,5757079.0,1668.640674098442,1688.2723238346587,1664.7428925260701
2025-02-27 18:30:00,1755.050048828125,1755.0999755859375,1682.449951171875,1687.699951171875,1604.469482421875,12182167.0,1668.4981483304996,1668.5456129045258,1599.478390980019
2025-03-02 18:30:00,1692.300048828125,1728.5999755859375,1692.300048828125,1708.5999755859375,1624.3388671875,7504969.0,1608.8427856333933,1643.3525496222132,1608.8427856333933
2025-03-03 18:30:00,1695.0,1699.0,1670.0,1688.300048828125,1605.0400390625,6759673.0,1611.4095762179882,1615.2123126810395,1587.6424733239176
2025-03-04 18:30:00,1692.449951171875,1732.949951171875,1692.449951171875,1711.5,1627.0958251953125,8180782.0,1608.9852468032536,1647.4879525703643,1608.9852468032536
2025-03-05 18:30:00,1715.0,1722.300048828125,1691.0999755859375,1715.8499755859375,1631.2313232421875,10610547.0,1630.42326495067,1637.3633054431778,1607.7018912844446
2025-03-06 18:30:00,1703.0999755859375,1705.0,1675.5,1686.0,1602.853271484375,8019331.0,1619.109945155919,1620.9162680194895,1592.8710891886537
2025-03-09 18:30:00,1686.0,1719.0,1676.199951171875,1701.449951171875,1617.5413818359375,7558981.0,1602.8533592169706,1634.225933863566,1593.5366088108908
2025-03-10 18:30:00,1680.0,1680.0,1637.050048828125,1661.5999755859375,1579.656494140625,12671234.0,1597.149102761885,1597.149102761885,1556.3172718227022
2025-03-11 18:30:00,1636.9000244140625,1636.9000244140625,1563.800048828125,1590.8499755859375,1512.395751953125,14870008.0,1556.174800445261,1556.174800445261,1486.6798171088662
2025-03-12 18:30:00,1599.25,1606.050048828125,1570.300048828125,1579.8499755859375,1501.938232421875,7822888.0,1520.381526929375,1526.8462251444753,1492.8592690164621
2025-03-16 18:30:00,1545.1500244140625,1594.0,1545.1500244140625,1590.050048828125,1511.6353759765625,7526032.0,1468.9496345204805,1515.3905319411103,1468.9496345204805
2025-03-17 18:30:00,1590.050048828125,1590.050048828125,1590.050048828125,1590.050048828125,1511.6353759765625,0.0,1511.6353759765625,1511.6353759765625,1511.6353759765625
2025-03-18 18:30:00,1603.0,1603.0,1572.800048828125,1586.550048828125,1508.307861328125,7387068.0,1523.9465678973438,1523.9465678973438,1495.2359553339961
2025-03-19 18:30:00,1592.0,1631.9000244140625,1592.0,1615.550048828125,1535.8778076171875,7186750.0,1513.4891497172634,1551.4214700841842,1513.4891497172634
2025-03-20 18:30:00,1577.949951171875,1603.9000244140625,1563.6500244140625,1592.550048828125,1514.011962890625,10074677.0,1500.131882621123,1524.8022038807094,1486.5371700431922
2025-03-23 18:30:00,1597.949951171875,1607.0999755859375,1572.699951171875,1592.75,1514.2021484375,8857726.0,1519.1456594946171,1527.844442496362,1495.140885206093
2025-03-24 18:30:00,1605.0,1636.1500244140625,1605.0,1628.449951171875,1548.141357421875,9890140.0,1525.8478634077803,1555.461694060302,1525.8478634077803
2025-03-25 18:30:00,1626.0,1637.75,1595.0,1599.449951171875,1520.5716552734375,6651302.0,1545.8123648464964,1556.9829031533513,1516.3411573986234
2025-03-26 18:30:00,1595.550048828125,1619.949951171875,1586.0,1603.550048828125,1524.469482421875,9426573.0,1516.8640098840594,1540.0606082841557,1507.7849306219216
2025-03-27 18:30:00,1590.0,1598.449951171875,1560.0,1570.6500244140625,1493.1920166015625,6799047.0,1511.5877308709687,1519.620965158934,1483.0672076469882
2025-03-31 18:30:00,1539.25,1547.4000244140625,1517.8499755859375,1526.5,1451.21923828125,12680733.0,1463.3404602190724,1471.0885586286036,1442.9957978349414
2025-04-01 18:30:00,1535.199951171875,1555.6500244140625,1535.199951171875,1550.1500244140625,1473.7030029296875,6193478.0,1459.4902057913214,1478.9317655581158,1459.4902057913214
2025-04-02 18:30:00,1534.6500244140625,1534.6500244140625,1485.050048828125,1496.5,1422.6986083984375,10459504.0,1458.967226269639,1458.967226269639,1411.8133230002038
2025-04-03 18:30:00,1460.5,1472.0,1448.0,1451.6500244140625,1380.060546875,9590254.0,1388.4740776445042,1399.4069443976105,1376.5905268259103
2025-04-06 18:30:00,1352.0,1405.9000244140625,1307.0,1396.75,1327.8680419921875,21715252.0,1285.3249277060586,1336.5668248830998,1242.5441423903983
2025-04-07 18:30:00,1431.0,1456.5,1415.0,1428.800048828125,1358.3375244140625,12805001.0,1360.4289830692378,1384.671428260199,1345.218037067066
2025-04-08 18:30:00,1405.050048828125,1409.449951171875,1381.9000244140625,1403.699951171875,1334.4752197265625,8546854.0,1335.758736096975,1339.9416532809853,1313.7503760547593
2025-04-10 18:30:00,1411.25,1438.800048828125,1397.050048828125,1409.449951171875,1339.9417724609375,12567440.0,1341.653050406826,1367.8444460129276,1328.1533814570482
2025-04-14 18:30:00,1445.5999755859375,1447.699951171875,1409.0,1426.0,1355.675537109375,10178530.0,1374.3089224037624,1376.3053358191778,1339.513907284088
2025-04-15 18:30:00,1425.0,1427.5,1396.800048828125,1413.0999755859375,1343.4117431640625,12022740.0,1354.7249077086744,1357.1016180730755,1327.9156612183533
2025-04-16 18:30:00,1398.0,1429.800048828125,1378.300048828125,1419.5,1349.4959716796875,14264227.0,1329.0562651695689,1359.2880635441882,1310.3278363222762
2025-04-20 18:30:00,1410.0,1471.800048828125,1410.0,1451.0,1379.442626953125,15648970.0,1340.4645789137878,1399.2169026224717,1340.4645789137878
2025-04-21 18:30:00,1440.0,1440.0,1419.300048828125,1422.800048828125,1352.6334228515625,9399738.0,1368.985143422317,1368.985143422317,1349.3060284057444
2025-04-22 18:30:00,1446.0,1487.800048828125,1439.5999755859375,1474.9000244140625,1402.1639404296875,11136642.0,1374.6891479419496,1414.4277879886072,1368.6047467603623
2025-04-23 18:30:00,1469.9000244140625,1482.9000244140625,1461.5,1471.4000244140625,1398.8365478515625,7114292.0,1397.4105217628291,1409.7694145318515,1389.4247524558623
2025-04-24 18:30:00,1475.5,1501.699951171875,1463.5,1480.199951171875,1407.2025146484375,8329979.0,1402.7343459374797,1427.642222162945,1391.3261370921732
2025-04-27 18:30:00,1480.199951171875,1489.5999755859375,1465.300048828125,1482.0999755859375,1409.0087890625,5886253.0,1407.2024661808139,1416.1389193452367,1393.0373668593481
2025-04-28 18:30:00,1482.0,1509.800048828125,1474.0999755859375,1497.5,1423.6495361328125,8056743.0,1408.9139315851942,1435.3429977745961,1401.403503476668
2025-04-29 18:30:00,1496.800048828125,1508.800048828125,1482.5999755859375,1500.0999755859375,1426.1212158203125,7704183.0,1422.9840278751349,1434.3922372400868,1409.4842438297574
2025-05-01 18:30:00,1499.699951171875,1523.199951171875,1496.199951171875,1506.9000244140625,1432.5859375,7402310.0,1425.740942139582,1448.082019175758,1422.4135476873855
2025-05-04 18:30:00,1515.0,1523.0,1502.800048828125,1508.5999755859375,1434.2020263671875,4282493.0,1440.2864278864722,1447.8919007730015,1428.6881281546378
2025-05-05 18:30:00,1506.0,1515.5999755859375,1499.0999755859375,1511.5,1436.9588623046875,4270530.0,1431.730100318134,1440.8566434846055,1425.1703575249446
2025-05-06 18:30:00,1500.0,1518.800048828125,1496.5999755859375,1508.300048828125,1433.9168701171875,5691799.0,1426.026145690909,1443.8990531370239,1422.7937965506155
2025-05-07 18:30:00,1508.0,1516.5,1501.199951171875,1511.4000244140625,1436.864013671875,8424409.0,1433.631664427957,1441.7124795125974,1427.1669659401214
2025-05-08 18:30:00,1500.699951171875,1511.4000244140625,1494.0999755859375,1507.5999755859375,1433.2513427734375,4478653.0,1426.6915991963783,1436.8639888159648,1420.4171072727893
2025-05-11 18:30:00,1537.0,1632.0,1532.0,1626.9000244140625,1546.66796875,11372857.0,1461.2014458755218,1551.516434397431,1456.4480254270004
2025-05-12 18:30:00,1609.0,1612.199951171875,1564.5999755859375,1568.5999755859375,1491.2430419921875,12846210.0,1529.6507024801845,1532.6928451513845,1487.4403056280353
2025-05-13 18:30:00,1574.0,1595.0,1569.5,1592.4000244140625,1513.869384765625,4870057.0,1496.3767741072957,1516.3411402167324,1492.0986956552736
2025-05-14 18:30:00,1589.800048828125,1618.5999755859375,1571.0,1613.0,1533.453369140625,11151167.0,1511.3975456512203,1538.7771765983814,1493.5246391320036
2025-05-15 18:30:00,1612.5999755859375,1612.5999755859375,1581.5,1589.9000244140625,1511.49267578125,4576751.0,1533.0731584594146,1533.0731584594146,1503.5069061207216
2025-05-18 18:30:00,1576.5,1585.0,1555.699951171875,1559.800048828125,1482.8770751953125,8855798.0,1498.7534529196623,1506.8342676039738,1478.9791776249906
2025-05-19 18:30:00,1570.0,1583.5,1558.0,1560.5999755859375,1483.6375732421875,7143998.0,1492.5740269319685,1505.4082621953962,1481.1658178089215
2025-05-20 18:30:00,1567.9000244140625,1571.0,1552.0999755859375,1568.5,1491.14794921875,4157309.0,1490.577561992386,1493.5246593705174,1475.556707413097
2025-05-21 18:30:00,1555.5,1560.800048828125,1540.0,1547.5,1471.1834716796875,6158990.0,1478.7889435849781,1483.82761514235,1464.0533417684774
2025-05-22 18:30:00,1550.0,1587.199951171875,1550.0,1564.800048828125,1487.6304931640625,5038421.0,1473.5603223754533,1508.9257236923431,1473.5603223754533
2025-05-25 18:30:00,1566.5999755859375,1583.800048828125,1562.699951171875,1580.5,1502.55615234375,3170102.0,1489.3416207391451,1505.693456152503,1485.6339297061554
2025-05-26 18:30:00,1579.9000244140625,1582.9000244140625,1556.4000244140625,1570.0999755859375,1492.669189453125,7775714.0,1501.985940722686,1504.8379932276155,1479.6448627674063
2025-05-27 18:30:00,1581.0,1587.699951171875,1570.0,1571.800048828125,1494.2852783203125,3623370.0,1503.0315254066693,1509.4010623010483,1492.5740005619675
2025-05-28 18:30:00,1589.0,1608.9000244140625,1576.5999755859375,1585.5999755859375,1507.40478515625,8609500.0,1510.6371345194693,1529.5557725671263,1498.8486276920114
2025-05-29 18:30:00,1571.0,1572.0,1555.0999755859375,1562.699951171875,1506.5369873046875,13148092.0,1514.5387348868949,1515.5027951891782,1499.2101525439637
2025-06-01 18:30:00,1560.0,1560.0,1539.0,1553.800048828125,1497.9569091796875,4374509.0,1503.9340358386107,1503.9340358386107,1483.6887699715526
2025-06-02 18:30:00,1559.0,1567.300048828125,1535.5999755859375,1543.0,1487.5450439453125,6853403.0,1502.9700087561519,1510.9717563250315,1480.410974183671
2025-06-03 18:30:00,1543.0,1557.300048828125,1541.4000244140625,1551.199951171875,1495.4503173828125,4548307.0,1487.545069852834,1501.3311794658816,1486.0025968815146
2025-06-04 18:30:00,1547.9000244140625,1567.699951171875,1541.5999755859375,1554.300048828125,1498.43896484375,6948539.0,1492.2689554139665,1511.3572786610305,1486.195328477135
2025-06-05 18:30:00,1554.699951171875,1568.9000244140625,1543.0999755859375,1563.800048828125,1507.5975341796875,3960020.0,1498.8244913615613,1512.5142181403369,1487.641415492617
2025-06-08 18:30:00,1578.0,1588.0,1571.0,1572.9000244140625,1516.3704833984375,2903202.0,1521.2871674371763,1530.9277705261318,1514.5387452749073
2025-06-09 18:30:00,1584.0,1607.5,1577.5,1596.0,1538.6402587890625,8591925.0,1527.0715350387688,1549.726952383094,1520.8051430073597
2025-06-10 18:30:00,1590.0999755859375,1634.5999755859375,1590.0999755859375,1631.0999755859375,1572.478759765625,10597410.0,1532.9522867625028,1575.8529708756475,1532.9522867625028
2025-06-11 18:30:00,1617.0,1628.0,1598.0999755859375,1608.5999755859375,1550.787353515625,10483574.0,1558.8854834598367,1569.4901466126246,1540.6647205061456
2025-06-12 18:30:00,1576.0,1609.0,1570.199951171875,1602.0,1544.424560546875,6968315.0,1519.3589933969258,1551.1729824718614,1513.7673967286814
2025-06-15 18:30:00,1600.0,1634.800048828125,1597.0999755859375,1623.800048828125,1565.441162109375,5591842.0,1542.4964798976407,1576.0458254086714,1539.7006814911979
2025-06-16 18:30:00,1620.699951171875,1647.4000244140625,1615.5999755859375,1639.9000244140625,1580.9625244140625,7622083.0,1562.45249586964,1588.192976732241,1557.5358118299073
2025-06-17 18:30:00,1621.0,1644.699951171875,1621.0,1632.9000244140625,1574.214111328125,5629707.0,1562.7417700471647,1585.589952431105,1562.7417700471647
2025-06-18 18:30:00,1623.9000244140625,1630.0,1611.5,1618.4000244140625,1560.2352294921875,5147760.0,1565.5375611980423,1571.4183055533617,1553.5831898154863
2025-06-19 18:30:00,1619.0,1630.699951171875,1608.9000244140625,1622.9000244140625,1564.573486328125,9202821.0,1560.8136276168789,1572.0930860674746,1551.076642111549
2025-06-22 18:30:00,1601.0,1601.0,1575.4000244140625,1584.0,1527.071533203125,7943676.0,1543.4605584963404,1543.4605584963404,1518.7806380620095
2025-06-23 18:30:00,1601.0,1609.0,1576.5999755859375,1581.5999755859375,1524.7576904296875,8083992.0,1543.4604830931148,1551.172965207259,1519.9373891083474
2025-06-24 18:30:00,1590.0,1619.9000244140625,1585.0999755859375,1614.9000244140625,1556.8609619140625,7813533.0,1532.8558375256184,1561.6812632899293,1528.1319186406413
2025-06-25 18:30:00,1608.800048828125,1624.0,1606.5999755859375,1616.0,1557.92138671875,6519233.0,1550.9801998907828,1565.6338688312192,1548.8591966999713
2025-06-26 18:30:00,1619.0,1629.5999755859375,1602.4000244140625,1608.0,1550.208984375,8912268.0,1560.8136478253264,1571.0326636135578,1544.8102701550988
2025-06-29 18:30:00,1615.0,1615.0,1594.0999755859375,1601.800048828125,1544.2318115234375,6294505.0,1556.9573602116636,1556.9573602116636,1536.8084767193552
2025-06-30 18:30:00,1609.0,1617.699951171875,1600.5,1606.800048828125,1549.05224609375,4178937.0,1551.1731318297038,1559.5604099565173,1542.9786187031953
2025-07-01 18:30:00,1618.0,1649.0,1603.4000244140625,1610.5,1552.619140625,8653641.0,1559.8495930029494,1589.735462831807,1545.7743359105034
2025-07-02 18:30:00,1618.5,1632.4000244140625,1615.0,1618.699951171875,1560.5244140625,5259695.0,1560.331649069145,1573.7321112354073,1556.9574379034102
2025-07-03 18:30:00,1625.0,1643.4000244140625,1612.300048828125,1640.699951171875,1581.733642578125,4411273.0,1566.5979433677658,1584.3366759246808,1554.3544249759318
2025-07-06 18:30:00,1640.0,1644.0,1623.0,1627.0,1568.5262451171875,3294523.0,1581.0590301119776,1584.915271648836,1564.670003580329
2025-07-07 18:30:00,1628.0,1646.199951171875,1621.5,1638.699951171875,1579.8055419921875,4590681.0,1569.490144015709,1587.035994129852,1563.2237521630664
2025-07-08 18:30:00,1637.800048828125,1638.0,1623.5999755859375,1633.699951171875,1574.9853515625,4580828.0,1578.9380931561673,1579.1308581535004,1565.2483655342028
2025-07-09 18:30:00,1638.9000244140625,1638.9000244140625,1607.0999755859375,1615.800048828125,1557.728759765625,5330179.0,1579.9985303020203,1579.9985303020203,1549.3413641152463
2025-07-10 18:30:00,1579.0999755859375,1607.0999755859375,1563.0,1594.9000244140625,1537.5797119140625,11391755.0,1522.3475129338776,1549.341199857552,1506.826166489392
2025-07-13 18:30:00,1591.800048828125,1591.800048828125,1559.800048828125,1570.300048828125,1513.8638916015625,9173426.0,1534.5911874414394,1534.5911874414394,1503.7412587495296
2025-07-14 18:30:00,1565.0999755859375,1603.5999755859375,1564.0,1585.5999755859375,1528.614013671875,7614807.0,1508.8507771918205,1545.967099361679,1507.790334380739
2025-07-15 18:30:00,1579.0,1612.0,1578.5,1607.9000244140625,1550.1126708984375,6223491.0,1522.2513030563432,1554.0652948238287,1521.769272878048
2025-07-16 18:30:00,1598.0,1610.0,1580.0999755859375,1583.5,1526.589599609375,7374814.0,1540.5684750083872,1552.1371994765352,1523.3117708067696
2025-07-17 18:30:00,1592.0999755859375,1599.300048828125,1580.0,1586.0999755859375,1529.095947265625,5161833.0,1534.8803087969368,1541.821613244393,1523.2152032454187
2025-07-20 18:30:00,1580.0,1589.0,1566.800048828125,1584.300048828125,1527.36083984375,3682661.0,1523.2153333190533,1531.8918763569468,1510.4897839367352
2025-07-21 18:30:00,1565.0,1585.800048828125,1565.0,1570.9000244140625,1514.4423828125,8473741.0,1508.7544033781517,1528.806905141675,1508.7544033781517
2025-07-22 18:30:00,1576.300048828125,1591.9000244140625,1550.0,1574.5,1517.9129638671875,8035026.0,1519.648319505044,1534.6876368616054,1494.2934861823694
2025-07-23 18:30:00,1580.0,1582.0,1548.199951171875,1552.5,1496.70361328125,14169664.0,1523.21527148752,1525.14339208434,1492.558106924831
2025-07-24 18:30:00,1543.4000244140625,1549.5,1511.300048828125,1515.699951171875,1461.2261962890625,10851259.0,1487.930738061539,1493.8114825426642,1456.9844249801497
2025-07-27 18:30:00,1513.9000244140625,1519.300048828125,1482.5,1516.0,1461.515380859375,6439855.0,1459.4908778130184,1464.6968268487494,1429.2193615593824
2025-07-28 18:30:00,1512.9000244140625,1517.199951171875,1496.0999755859375,1513.699951171875,1459.2979736328125,7070448.0,1458.5267960319763,1462.6721845547067,1442.3305365336291
2025-07-29 18:30:00,1519.9000244140625,1521.699951171875,1506.0,1519.0,1464.40771484375,5719051.0,1465.2753927209724,1467.0106307922656,1451.8749299240865
2025-07-30 18:30:00,1509.699951171875,1527.0999755859375,1497.0,1509.0,1454.76708984375,6851407.0,1455.4418850255533,1472.21655890233,1443.198365471235
2025-07-31 18:30:00,1493.9000244140625,1498.699951171875,1465.5,1469.5999755859375,1416.782958984375,8702978.0,1440.2096707795008,1444.8370894973941,1412.83033538686
2025-08-03 18:30:00,1461.5,1482.800048828125,1451.0,1480.5,1427.291259765625,8610216.0,1408.9741142502269,1429.5086455065348,1398.8514812022438
2025-08-04 18:30:00,1478.699951171875,1478.699951171875,1455.0,1460.300048828125,1407.8172607421875,10213323.0,1425.5558755811649,1425.5558755811649,1402.7076942328947
2025-08-05 18:30:00,1452.0,1456.0999755859375,1430.300048828125,1436.699951171875,1385.0654296875,10566934.0,1399.8155998166778,1403.768223634903,1378.895537719122
2025-08-06 18:30:00,1430.0,1442.0,1414.199951171875,1436.9000244140625,1385.2581787109375,9892020.0,1378.60613953599,1390.1748623852432,1363.3739407112198
2025-08-07 18:30:00,1425.0,1433.199951171875,1417.0999755859375,1423.0999755859375,1371.9542236328125,10048009.0,1373.785961785155,1381.6912093691872,1366.169861688454
2025-08-10 18:30:00,1419.9000244140625,1433.4000244140625,1414.0,1428.199951171875,1376.870849609375,6625368.0,1368.8692198674414,1381.884033692687,1363.1812406590395
2025-08-11 18:30:00,1428.199951171875,1441.0,1421.0,1424.0999755859375,1372.9183349609375,9899184.0,1376.8709588997938,1389.2109785794498,1369.9297713819558
2025-08-12 18:30:00,1425.0,1434.0,1422.4000244140625,1426.5999755859375,1375.3284912109375,10318063.0,1373.7860181657672,1382.462561438393,1371.279484756972
2025-08-13 18:30:00,1426.199951171875,1470.0,1426.199951171875,1447.699951171875,1395.6700439453125,12902347.0,1374.9427475738962,1417.1686356270611,1374.9427475738962
2025-08-17 18:30:00,1464.699951171875,1464.699951171875,1429.5999755859375,1435.800048828125,1384.19775390625,7254561.0,1412.0590009823861,1412.0590009823861,1378.2205097468736
2025-08-18 18:30:00,1432.699951171875,1449.4000244140625,1432.699951171875,1440.0,1388.2469482421875,3986094.0,1381.2092603896435,1397.309139357621,1381.2092603896435
2025-08-19 18:30:00,1440.699951171875,1499.0,1440.699951171875,1496.199951171875,1442.427001953125,10413061.0,1388.921654258322,1445.1264179190935,1388.921654258322
2025-08-20 18:30:00,1508.0,1508.0,1484.300048828125,1496.4000244140625,1442.619873046875,6565539.0,1453.802949118853,1453.802949118853,1430.9547668193538
2025-08-21 18:30:00,1498.0999755859375,1504.300048828125,1486.0999755859375,1487.5,1434.0396728515625,5543397.0,1444.258688328196,1450.2359327005538,1432.6899649169563
2025-08-24 18:30:00,1506.699951171875,1539.0,1506.699951171875,1532.0999755859375,1477.0367431640625,10694531.0,1452.549588321255,1483.6887826854402,1452.549588321255
2025-08-25 18:30:00,1523.0,1538.4000244140625,1518.5999755859375,1529.5999755859375,1474.6265869140625,15994798.0,1468.2638125760993,1483.1103644867733,1464.021923789744
2025-08-27 18:30:00,1529.5999755859375,1529.5999755859375,1498.0,1500.0999755859375,1446.1868896484375,5443364.0,1474.6266696224122,1474.6266696224122,1444.162386475055
2025-08-28 18:30:00,1501.9000244140625,1501.9000244140625,1467.699951171875,1469.5999755859375,1416.782958984375,8169075.0,1447.922152992462,1447.922152992462,1414.951220922169
2025-08-31 18:30:00,1476.699951171875,1503.4000244140625,1476.199951171875,1499.4000244140625,1445.5120849609375,4546057.0,1423.6278448203498,1449.368326287933,1423.1458146544753
2025-09-01 18:30:00,1499.4000244140625,1512.800048828125,1486.300048828125,1498.699951171875,1444.837158203125,5218763.0,1445.5120710387366,1458.4305028963795,1432.8829043510907
2025-09-02 18:30:00,1500.0,1501.9000244140625,1473.0,1479.0999755859375,1425.9415283203125,4623483.0,1446.0904115917858,1447.9221496497632,1420.0607841831338
2025-09-03 18:30:00,1484.0,1484.0,1460.0999755859375,1463.0,1410.4202880859375,5787724.0,1430.665555379037,1430.665555379037,1407.6244895421655
2025-09-04 18:30:00,1470.0,1472.699951171875,1433.0,1444.5999755859375,1392.681396484375,5466487.0,1417.1685500698275,1419.771465639559,1381.4983212585462
2025-09-07 18:30:00,1451.0,1458.0,1428.300048828125,1432.9000244140625,1381.402099609375,3811567.0,1398.8515684147906,1405.5999908675153,1376.967445534214
2025-09-08 18:30:00,1481.0,1507.199951171875,1472.5,1504.300048828125,1450.2359619140625,13072640.0,1427.7733097648295,1453.0316426482493,1419.5787971834648
2025-09-09 18:30:00,1510.0999755859375,1534.9000244140625,1509.300048828125,1532.5999755859375,1477.518798828125,7281071.0,1455.8274419814547,1479.7361846012639,1455.056264347903
2025-09-10 18:30:00,1523.9000244140625,1527.5,1506.5,1509.699951171875,1455.4417724609375,8003662.0,1469.1314991861996,1472.6020926929066,1452.3568266067848
2025-09-11 18:30:00,1537.0,1542.9000244140625,1521.0999755859375,1525.5999755859375,1470.7703857421875,12856963.0,1481.7606968153777,1487.4486761823323,1466.4321143461764
2025-09-14 18:30:00,1525.5999755859375,1527.5,1501.199951171875,1508.4000244140625,1454.1885986328125,6167414.0,1470.7703889313757,1472.6021270614033,1447.2472937742573
2025-09-15 18:30:00,1508.4000244140625,1514.0,1503.5,1511.300048828125,1456.9844970703125,8923112.0,1454.18869843609,1459.5874130189484,1449.4647790449067
2025-09-16 18:30:00,1516.9000244140625,1526.699951171875,1514.0,1522.4000244140625,1467.685546875,4795698.0,1462.3832147820146,1471.830935901443,1459.58741614181
2025-09-17 18:30:00,1550.0,1555.0,1538.5,1540.5999755859375,1485.2313232421875,9331945.0,1494.2935138953433,1499.1138155530703,1483.2068200825713
2025-09-18 18:30:00,1544.5999755859375,1551.300048828125,1520.0999755859375,1540.199951171875,1484.845703125,12988129.0,1489.0875921991392,1495.546867150236,1465.4681136380061
2025-09-21 18:30:00,1482.699951171875,1514.699951171875,1482.0,1499.5,1445.6083984375,15655204.0,1429.4121385641438,1460.2620677071914,1428.7373434373958
2025-09-22 18:30:00,1493.0,1513.0,1493.0,1497.5,1443.6802978515625,9832164.0,1439.3420265057648,1458.6232324870878,1439.3420265057648
2025-09-23 18:30:00,1487.199951171875,1496.699951171875,1482.699951171875,1494.5999755859375,1440.884521484375,4937004.0,1433.7504516255494,1442.909024606748,1429.4121802134027
2025-09-24 18:30:00,1489.0,1502.699951171875,1476.5,1484.800048828125,1431.436767578125,9491867.0,1435.4857737282794,1448.6933526456728,1423.4350200871756
2025-09-25 18:30:00,1475.0,1478.699951171875,1441.199951171875,1448.9000244140625,1396.8270263671875,8597058.0,1421.9889772759154,1425.555953399892,1389.4036912657584
2025-09-28 18:30:00,1460.0,1465.0,1436.5,1441.800048828125,1389.982177734375,10513117.0,1407.5280279964163,1412.3483294621576,1384.872611107433
2025-09-29 18:30:00,1443.0,1452.199951171875,1438.0999755859375,1441.800048828125,1389.982177734375,7556305.0,1391.1390030128964,1400.0083106366037,1386.4150840398418
2025-09-30 18:30:00,1446.0,1449.5,1427.4000244140625,1445.800048828125,1393.83837890625,6250692.0,1394.031143886091,1397.405354815276,1376.099646484765
2025-10-02 18:30:00,1439.0,1448.300048828125,1433.199951171875,1446.5999755859375,1394.609619140625,6877533.0,1387.282784330546,1396.2485922754322,1381.6911874663804
2025-10-05 18:30:00,1446.5999755859375,1478.800048828125,1442.300048828125,1476.0,1422.9530029296875,4630590.0,1394.6096065704758,1425.6524188431904,1390.4642178899833
2025-10-06 18:30:00,1477.699951171875,1482.9000244140625,1454.0,1458.5,1406.0819091796875,5570320.0,1424.5918193613172,1429.6050033943986,1401.743637948074
2025-10-07 18:30:00,1457.0,1498.0,1455.0,1495.0,1441.2701416015625,4657192.0,1404.6358503769075,1444.1623224877194,1402.707729786136
2025-10-08 18:30:00,1502.0,1514.0,1487.0,1509.300048828125,1455.0562744140625,7028753.0,1448.0185870707542,1459.5873108023447,1433.557682406266
2025-10-09 18:30:00,1510.0,1521.699951171875,1498.800048828125,1514.9000244140625,1460.4549560546875,3738353.0,1455.7310370996563,1467.0104954131987,1444.933608930849
2025-10-12 18:30:00,1497.0,1504.699951171875,1483.4000244140625,1493.199951171875,1439.5347900390625,5859355.0,1443.1982662450723,1450.6214834671307,1430.087069727637
2025-10-13 18:30:00,1499.0,1514.4000244140625,1486.5,1489.9000244140625,1436.353515625,5600789.0,1445.1264411305913,1459.9729938155936,1433.075686951717
2025-10-14 18:30:00,1483.9000244140625,1488.5999755859375,1467.5,1474.4000244140625,1421.41064453125,6986098.0,1430.569218120133,1435.1002548224249,1414.7586043879573
2025-10-15 18:30:00,1473.9000244140625,1474.5,1460.5,1471.5,1418.61474609375,8005748.0,1420.9285143742625,1421.5069270236047,1408.0100826842827
2025-10-16 18:30:00,1454.9000244140625,1458.4000244140625,1434.0,1441.0999755859375,1389.307373046875,16959378.0,1402.6114532010124,1405.9856644896408,1382.4625679694304
2025-10-19 18:30:00,1453.699951171875,1467.0,1450.0,1460.9000244140625,1408.395751953125,6994246.0,1401.4544470050912,1414.276496397426,1397.8874708768014
2025-10-20 18:30:00,1478.0,1486.0,1470.0,1472.4000244140625,1419.482421875,1698704.0,1424.881136066363,1432.5936185349226,1417.1686535978035
2025-10-22 18:30:00,1510.0,1546.0,1506.0,1528.5,1473.566162109375,20358624.0,1455.7310466373283,1490.4372172856354,1451.8748054541832
2025-10-23 18:30:00,1539.5,1543.0,1518.0,1525.4000244140625,1470.57763671875,8652257.0,1484.1708637038648,1487.5450748262833,1463.4435668090073
2025-10-26 18:30:00,1510.0,1515.300048828125,1498.0999755859375,1504.5,1472.633056640625,7273211.0,1478.0165606695539,1483.2043487095048,1466.3685916918344
2025-10-27 18:30:00,1499.699951171875,1506.5,1490.5,1500.199951171875,1468.4241943359375,8211019.0,1467.9347848431598,1474.5908017388306,1458.9296979699484
2025-10-28 18:30:00,1500.199951171875,1520.199951171875,1496.9000244140625,1510.4000244140625,1478.408203125,4884976.0,1468.4241778932897,1488.0005573851865,1465.1941469679696
2025-10-29 18:30:00,1507.0,1508.199951171875,1489.0999755859375,1493.800048828125,1462.1597900390625,5608867.0,1475.0801523386458,1476.2546872805226,1457.5592692997866
2025-10-30 18:30:00,1490.0,1497.0999755859375,1480.699951171875,1482.300048828125,1450.9034423828125,4819814.0,1458.4403008415877,1465.3898918009988,1449.3372364048548
2025-11-02 18:30:00,1482.300048828125,1491.4000244140625,1474.199951171875,1485.5,1454.0355224609375,5470600.0,1450.9033496746388,1459.8105780526128,1442.974820743242
2025-11-03 18:30:00,1479.699951171875,1481.9000244140625,1462.9000244140625,1467.9000244140625,1436.808349609375,8691330.0,1448.3583414401685,1450.511814804534,1431.9142548968182
2025-11-05 18:30:00,1478.5999755859375,1483.0,1461.9000244140625,1466.699951171875,1435.6336669921875,7944752.0,1447.2816360762577,1451.58846323567,1430.9354078512456
2025-11-06 18:30:00,1470.0,1480.9000244140625,1449.0999755859375,1476.800048828125,1445.5198974609375,8765759.0,1438.8638806951196,1449.533031326473,1418.4065403991735
2025-11-09 18:30:00,1490.0999755859375,1520.0,1490.0,1513.5,1481.4425048828125,9787975.0,1458.5381171839108,1487.8048281611332,1458.4402591842686
2025-11-10 18:30:00,1525.0,1533.4000244140625,1511.0999755859375,1530.300048828125,1497.88671875,13692989.0,1492.6989304110698,1500.9210336624128,1479.0933228205395
2025-11-11 18:30:00,1540.0,1559.199951171875,1538.0999755859375,1551.699951171875,1518.8333740234375,14635417.0,1507.3812396717751,1526.1745164244364,1505.5214596999074
2025-11-12 18:30:00,1557.0999755859375,1557.5,1530.300048828125,1541.800048828125,1509.14306640625,19655689.0,1524.1189242683809,1524.5104757353395,1497.8866487683968
2025-11-13 18:30:00,1520.0,1530.0,1488.800048828125,1502.800048828125,1470.9691162109375,9739549.0,1487.8047537888665,1497.59294295853,1457.2656513734084
2025-11-16 18:30:00,1496.0,1510.199951171875,1492.5,1507.5999755859375,1475.66748046875,7910354.0,1464.3132041198487,1478.212385937251,1460.8873376663598
2025-11-17 18:30:00,1506.0,1506.0,1483.199951171875,1486.4000244140625,1454.91650390625,7525119.0,1474.1013313334302,1474.1013313334302,1451.784211591062
2025-11-18 18:30:00,1490.5,1543.0,1490.5,1541.0999755859375,1508.4578857421875,10981126.0,1458.9296699222182,1510.317665675936,1458.9296699222182
2025-11-19 18:30:00,1555.0,1555.0,1534.0,1536.5,1503.955322265625,7387584.0,1522.0634729079381,1522.0634729079381,1501.5082748815287
2025-11-20 18:30:00,1531.0,1551.5,1526.300048828125,1545.0,1512.2752685546875,9186302.0,1498.5718033380108,1518.6375916910017,1493.9714020948772
2025-11-23 18:30:00,1563.5999755859375,1585.0,1541.0,1548.0,1515.2117919921875,19270381.0,1530.4813442936104,1551.4280945139647,1508.3600590826622
2025-11-24 18:30:00,1549.0,1550.5999755859375,1525.9000244140625,1530.5999755859375,1498.1802978515625,8107952.0,1516.1905908718425,1517.7566773334454,1493.5798964672151
2025-11-25 18:30:00,1532.0999755859375,1560.300048828125,1532.0999755859375,1557.9000244140625,1524.902099609375,7575038.0,1499.6485223505715,1527.251289037942,1499.6485223505715
2025-11-26 18:30:00,1564.0,1574.300048828125,1552.199951171875,1566.4000244140625,1533.2220458984375,7552252.0,1530.8728564928056,1540.954739594805,1519.3227449478784
2025-11-27 18:30:00,1565.0,1568.4000244140625,1557.0,1560.0999755859375,1527.055419921875,4453221.0,1531.8516566735827,1535.179665000364,1524.0211050739736
2025-11-30 18:30:00,1562.5,1574.0,1556.0,1564.0,1530.872802734375,5341800.0,1529.4045743430058,1540.6609920101703,1523.042251313739
2025-12-01 18:30:00,1567.0,1579.9000244140625,1556.0999755859375,1561.0,1527.9364013671875,6335969.0,1533.8093151456649,1546.4361036663386,1523.1401645511503
2025-12-02 18:30:00,1555.0999755859375,1586.0,1554.0999755859375,1578.699951171875,1545.261474609375,12895312.0,1522.1613705980963,1552.406900951154,1521.182551618934
2025-12-03 18:30:00,1568.0,1599.0,1568.0,1597.5999755859375,1563.7611083984375,12609619.0,1534.7880917871573,1565.1314788059085,1534.7880917871573
2025-12-04 18:30:00,1610.0,1631.800048828125,1600.0,1616.199951171875,1581.9671630859375,10344725.0,1575.8985332981872,1597.2368345243183,1566.1103436503722
2025-12-07 18:30:00,1617.0999755859375,1630.0,1600.199951171875,1610.800048828125,1576.681640625,7550413.0,1582.8481284293375,1595.4749170068917,1566.306063981828
2025-12-08 18:30:00,1601.199951171875,1606.9000244140625,1582.4000244140625,1599.0,1565.1314697265625,6957599.0,1567.2848235795727,1572.8641631737528,1548.883099378693
2025-12-09 18:30:00,1608.0,1608.0,1582.800048828125,1584.800048828125,1551.2322998046875,5116140.0,1573.9408513587562,1573.9408513587562,1549.2746619298632
2025-12-10 18:30:00,1598.0,1607.4000244140625,1580.5,1598.0,1564.1527099609375,5159319.0,1564.1527099609375,1573.3536321517727,1547.023378030827
2025-12-11 18:30:00,1601.4000244140625,1601.800048828125,1582.5999755859375,1598.199951171875,1564.348388671875,4633912.0,1567.4806809838458,1567.8722324584342,1549.0788370408115
2025-12-14 18:30:00,1585.0,1610.800048828125,1585.0,1606.800048828125,1572.766357421875,4190558.0,1551.4280562362142,1576.6816332735752,1551.4280562362142
2025-12-15 18:30:00,1600.0,1603.0,1585.5999755859375,1592.9000244140625,1559.1607666015625,5499258.0,1566.1103574156468,1569.0468143358012,1552.0153403019585
2025-12-16 18:30:00,1587.199951171875,1606.9000244140625,1586.0,1602.0,1568.0679931640625,4817628.0,1553.5814245843821,1572.8642300238714,1552.4068896118622
2025-12-17 18:30:00,1610.5,1630.0,1606.699951171875,1626.800048828125,1592.3427734375,6577293.0,1576.3879761796316,1595.4749463972676,1572.6684162407605
2025-12-18 18:30:00,1650.0,1654.9000244140625,1629.800048828125,1638.699951171875,1603.9906005859375,13149023.0,1615.0513027562847,1619.847539612933,1595.2792073285575
2025-12-21 18:30:00,1664.0,1693.199951171875,1664.0,1689.5999755859375,1653.8125,23098923.0,1628.7547583833573,1657.3362243784013,1628.7547583833573
2025-12-22 18:30:00,1679.0,1679.0,1656.4000244140625,1668.300048828125,1632.9637451171875,6593060.0,1643.4370603643276,1643.4370603643276,1621.3157754082474
2025-12-23 18:30:00,1661.0,1667.5999755859375,1652.5,1663.4000244140625,1628.16748046875,4271167.0,1625.8182910699556,1632.2784723030877,1617.4983299175808
2025-12-25 18:30:00,1663.4000244140625,1668.800048828125,1651.699951171875,1656.0999755859375,1621.0220947265625,2006491.0,1628.167521100225,1633.453167508233,1616.7152673020842
2025-12-28 18:30:00,1658.0,1673.0999755859375,1637.0999755859375,1644.699951171875,1609.863525390625,4062817.0,1622.8818655924697,1637.6620082639456,1602.4245250544589
2025-12-29 18:30:00,1647.0,1647.9000244140625,1616.800048828125,1621.5999755859375,1587.2528076171875,9395937.0,1612.1148331917736,1612.9957941560388,1582.554548282334
2025-12-30 18:30:00,1621.0,1628.5999755859375,1609.199951171875,1615.4000244140625,1581.1842041015625,6538656.0,1586.6655664923117,1594.1045668429529,1575.1154547350545
2025-12-31 18:30:00,1615.4000244140625,1639.5999755859375,1614.0999755859375,1629.800048828125,1595.2791748046875,3658165.0,1581.184158007412,1604.8715288376811,1579.9116455766828
2026-01-01 18:30:00,1635.9000244140625,1643.5,1627.5,1640.4000244140625,1605.6546630859375,2524526.0,1601.2499777187402,1608.6889779975038,1593.0278744696911
2026-01-04 18:30:00,1637.0,1637.0,1583.0999755859375,1606.4000244140625,1572.374755859375,5917885.0,1602.3265912739637,1602.3265912739637,1549.568226955718
2026-01-05 18:30:00,1600.0999755859375,1619.9000244140625,1599.0,1612.199951171875,1578.0518798828125,4466729.0,1566.2081943610224,1585.5888575673962,1565.1315174017209
2026-01-06 18:30:00,1615.0,1642.0,1615.0,1639.0,1604.2843017578125,4508079.0,1580.7926463324388,1607.2207586859843,1580.7926463324388
2026-01-07 18:30:00,1638.9000244140625,1644.300048828125,1608.5999755859375,1613.300048828125,1579.128662109375,3942131.0,1604.186403368615,1609.472049603195,1574.5281413468902
2026-01-08 18:30:00,1610.0,1631.300048828125,1607.0,1614.0999755859375,1579.91162109375,6816681.0,1575.898487352098,1596.747378487979,1572.9620305433675
2026-01-11 18:30:00,1610.0999755859375,1613.300048828125,1592.5999755859375,1595.9000244140625,1562.09716796875,6985362.0,1575.996349102621,1579.1286413969012,1558.867017677559
2026-01-12 18:30:00,1618.0,1618.0,1586.4000244140625,1599.0,1565.1314697265625,8080618.0,1583.7290294043642,1583.7290294043642,1552.7983751003353
2026-01-13 18:30:00,1588.0,1617.0,1583.0999755859375,1599.800048828125,1565.91455078125,7557157.0,1554.3644397699236,1582.7501883551427,1549.5682031809922
2026-01-14 18:30:00,1599.800048828125,1599.800048828125,1599.800048828125,1599.800048828125,1565.91455078125,0.0,1565.91455078125,1565.91455078125,1565.91455078125
2026-01-15 18:30:00,1663.699951171875,1694.0,1653.4000244140625,1689.800048828125,1654.00830078125,19335957.0,1628.461030733189,1658.119292555676,1618.3792672921977
2026-01-18 18:30:00,1685.0,1685.0,1666.5,1681.199951171875,1645.59033203125,5104958.0,1649.309891747184,1649.309891747184,1631.201741600405
2026-01-19 18:30:00,1673.0,1680.199951171875,1652.9000244140625,1658.9000244140625,1623.7628173828125,6406503.0,1637.5641409981627,1644.6115898062917,1617.889903547792
2026-01-20 18:30:00,1651.0,1657.0,1631.199951171875,1654.4000244140625,1619.358154296875,6224582.0,1616.0301458476063,1621.9030597634667,1596.6494821313709
2026-01-21 18:30:00,1666.0,1671.199951171875,1653.800048828125,1663.5,1628.265380859375,6228892.0,1630.712428320841,1635.8022392467942,1618.7708845027832
2026-01-22 18:30:00,1667.199951171875,1675.699951171875,1662.199951171875,1670.800048828125,1635.4107666015625,5869137.0,1631.8869227568262,1640.2068839190629,1626.9928279555104
2026-01-26 18:30:00,1685.800048828125,1689.4000244140625,1661.0999755859375,1682.699951171875,1647.05859375,10673087.0,1650.0930280724322,1653.6167523834592,1625.9161283991023
2026-01-27 18:30:00,1680.0,1688.800048828125,1650.0,1666.5,1631.2017822265625,8588664.0,1644.4158380681818,1653.029492632909,1615.05126953125
2026-01-28 18:30:00,1658.0,1666.5,1642.0999755859375,1659.5,1624.35009765625,4749582.0,1622.8818691859371,1631.2018305177105,1607.318623503672
2026-01-29 18:30:00,1655.0,1655.0,1618.0999755859375,1641.0,1606.241943359375,9207926.0,1619.9454090553113,1619.9454090553113,1583.8269648597889
2026-02-01 18:30:00,1662.0,1662.0,1618.0,1629.4000244140625,1594.8875732421875,6784887.0,1626.7970461591942,1626.7970461591942,1583.7290136495644
2026-02-02 18:30:00,1727.199951171875,1728.0,1653.0,1656.0,1620.9241943359375,8805868.0,1690.616056346825,1691.3991593070652,1617.9877374621406
2026-02-03 18:30:00,1574.0,1584.9000244140625,1510.0999755859375,1535.800048828125,1503.2701416015625,28828622.0,1540.66097646391,1551.3301265638145,1478.1144237257668
2026-02-04 18:30:00,1534.0,1551.0,1515.699951171875,1520.199951171875,1488.00048828125,10628127.0,1501.5082372972433,1518.1481590925844,1483.5958031001303
2026-02-05 18:30:00,1522.0999755859375,1525.0,1480.0,1507.0999755859375,1475.177978515625,13900866.0,1489.86026239605,1492.6988611765453,1448.6520095352703
2026-02-08 18:30:00,1522.0999755859375,1528.0,1493.0,1497.199951171875,1465.4876708984375,8294615.0,1489.8602864300617,1495.6353420798034,1461.376679139494
2026-02-09 18:30:00,1500.0,1515.9000244140625,1491.0,1497.800048828125,1466.0750732421875,8657000.0,1468.2284271414342,1483.7916723660803,1459.4190565785855
2026-02-10 18:30:00,1501.199951171875,1505.9000244140625,1469.0,1471.9000244140625,1440.7236328125,7934411.0,1469.4029562852068,1474.003477029586,1437.885033967625
2026-02-11 18:30:00,1428.9000244140625,1435.699951171875,1380.5,1386.0,1356.64306640625,26048896.0,1398.6344233110094,1405.2903204885395,1351.259562174479
2026-02-12 18:30:00,1293.9000244140625,1377.300048828125,1281.5,1369.0999755859375,1340.1009521484375,45785709.0,1266.493817560756,1348.1273389393946,1254.3564391221673
2026-02-15 18:30:00,1373.699951171875,1376.0,1338.300048828125,1365.5999755859375,1336.6751708984375,14621891.0,1344.6035807140283,1346.854912154694,1309.953484521095
2026-02-16 18:30:00,1370.0,1431.0,1367.0,1391.199951171875,1361.73291015625,25347684.0,1340.9819956812096,1400.6899531531467,1338.0455387563604
2026-02-17 18:30:00,1390.9000244140625,1401.0,1345.300048828125,1373.699951171875,1344.603515625,20241373.0,1361.4392729027982,1371.3253201935424,1316.805153615715
2026-02-18 18:30:00,1385.0,1402.0,1363.199951171875,1370.5,1341.471435546875,14574228.0,1355.6643110050506,1372.3042339560152,1334.326009074035
2026-02-19 18:30:00,1359.199951171875,1365.0,1338.199951171875,1353.199951171875,1324.5377197265625,12633552.0,1330.4106332686276,1336.0878308198503,1309.8554358713993
2026-02-22 18:30:00,1352.0,1352.0,1318.0,1327.5,1299.3822021484375,12887826.0,1323.3632672728343,1323.3632672728343,1290.0834217940796
2026-02-23 18:30:00,1301.0,1303.5999755859375,1264.0999755859375,1275.5,1248.4835205078125,27839061.0,1273.4434027288626,1275.988307999553,1237.3249610296912
2026-02-24 18:30:00,1286.199951171875,1323.5999755859375,1286.199951171875,1290.0999755859375,1262.7742919921875,16669618.0,1258.9568742250233,1295.564726518415,1258.9568742250233
2026-02-25 18:30:00,1305.5,1314.0,1286.300048828125,1289.0999755859375,1261.7955322265625,11493914.0,1277.848187510079,1286.168148899459,1259.054910753846
2026-02-26 18:30:00,1326.300048828125,1335.0,1294.199951171875,1300.0999755859375,1272.5625,23141724.0,1298.207628321947,1306.723305439908,1266.7874442662774
2026-03-01 18:30:00,1291.0,1298.800048828125,1273.0,1288.9000244140625,1261.5997314453125,9700361.0,1263.6552272829085,1271.290062662244,1246.0364867011174
2026-03-03 18:30:00,1292.0,1317.0,1292.0,1307.4000244140625,1279.7078857421875,15154950.0,1264.6340504084835,1289.104523520103,1264.6340504084835
2026-03-04 18:30:00,1320.0,1320.0,1290.0999755859375,1305.800048828125,1278.141845703125,10362147.0,1292.0410271405913,1292.0410271405913,1262.7743163409898
2026-03-05 18:30:00,1303.0,1327.199951171875,1303.0,1308.4000244140625,1280.686767578125,8724291.0,1275.4011212294208,1299.0884925711757,1275.4011212294208
2026-03-08 18:30:00,1290.0,1318.0,1282.5,1315.0,1287.14697265625,10068514.0,1262.676497890922,1290.0834296280893,1255.3353554613236
2026-03-09 18:30:00,1320.0,1321.0,1284.0999755859375,1295.5999755859375,1268.1578369140625,9600171.0,1292.0410437407636,1293.0198627132945,1256.9014187299574
2026-03-10 18:30:00,1288.0,1299.5,1271.300048828125,1276.300048828125,1249.2667236328125,7868891.0,1260.7188580118502,1271.975276386956,1244.3726286871142
2026-03-11 18:30:00,1272.5,1278.5999755859375,1258.0,1265.800048828125,1238.9891357421875,7599940.0,1245.5471752363726,1251.5179472285731,1231.3542997621664
2026-03-12 18:30:00,1251.0,1269.5999755859375,1242.5999755859375,1248.300048828125,1221.8597412109375,7366098.0,1224.5025045780033,1242.7085131232232,1216.280401513626
2026-03-15 18:30:00,1240.199951171875,1254.300048828125,1224.199951171875,1249.800048828125,1223.3280029296875,12314450.0,1213.931245180508,1227.7326883178384,1198.2701415781937
2026-03-16 18:30:00,1245.0,1245.0,1215.0999755859375,1232.9000244140625,1206.785888671875,11223276.0,1218.6295738865974,1218.6295738865974,1189.3628638376754
2026-03-17 18:30:00,1238.0,1290.800048828125,1234.9000244140625,1267.0999755859375,1240.261474609375,12365381.0,1211.7778669014497,1263.459555545422,1208.7435520363658
2026-03-18 18:30:00,1244.199951171875,1255.0,1215.0999755859375,1220.800048828125,1194.9422607421875,9156461.0,1217.846529327881,1228.4178221249233,1189.3629208552388
2026-03-19 18:30:00,1242.0,1264.800048828125,1229.199951171875,1255.9000244140625,1229.2987060546875,27299975.0,1215.6930991638783,1238.0102183433878,1203.1641691885866
2026-03-22 18:30:00,1238.199951171875,1261.0999755859375,1227.4000244140625,1256.800048828125,1230.1796875,12420293.0,1211.9735596886824,1234.3885372371806,1201.4023868626336
2026-03-23 18:30:00,1269.0,1297.0,1251.0,1278.300048828125,1251.224365234375,13613495.0,1242.1213008151199,1269.5282325903943,1224.5025589595862
2026-03-24 18:30:00,1270.0,1290.5999755859375,1257.0999755859375,1279.0999755859375,1252.00732421875,10824030.0,1243.100095463166,1263.263742406015,1230.4733068170258
2026-03-26 18:30:00,1285.199951171875,1294.800048828125,1263.199951171875,1269.699951171875,1242.806396484375,13092541.0,1257.9780904958054,1267.3748481809973,1236.444073189259
2026-03-29 18:30:00,1250.0,1265.5,1243.0,1250.5999755859375,1224.1109619140625,14108486.0,1223.5236944376795,1238.6953882487069,1216.6719617488286
2026-03-31 18:30:00,1290.0,1303.0,1269.5,1275.699951171875,1248.6793212890625,8137156.0,1262.6764804554484,1275.4011271577126,1242.610691424955
2026-04-01 18:30:00,1260.0,1305.4000244140625,1259.800048828125,1300.800048828125,1273.247802734375,12873492.0,1233.3119397486187,1277.7503462365091,1233.116223742555
2026-04-05 18:30:00,1301.4000244140625,1320.0,1299.0,1306.199951171875,1278.5333251953125,10208682.0,1273.8350657038357,1292.041075138383,1271.4858762157266
2026-04-06 18:30:00,1302.0,1345.0999755859375,1293.5,1339.4000244140625,1311.0301513671875,15355792.0,1274.4222980187042,1316.609371698259,1266.1023367797188
2026-04-07 18:30:00,1349.0,1376.9000244140625,1331.0,1346.199951171875,1317.68603515625,16030133.0,1320.4267760360608,1347.7358488962445,1302.8080347694565
2026-04-08 18:30:00,1329.9000244140625,1337.5,1314.0,1331.5999755859375,1303.395263671875,14894607.0,1301.7313192842819,1309.170319257509,1286.1680743957882
2026-04-09 18:30:00,1318.0,1318.9000244140625,1283.300048828125,1292.5,1265.12353515625,19233369.0,1290.0834192154255,1290.9643801968148,1256.1184483091881
2026-04-12 18:30:00,1272.0,1289.0,1265.699951171875,1276.800048828125,1249.756103515625,10366082.0,1245.0577246851824,1261.6976471062894,1238.8911174058185
2026-04-14 18:30:00,1306.300048828125,1322.5,1300.5,1305.300048828125,1277.6524658203125,12098912.0,1278.631284802942,1294.4881045276459,1272.9540869097948
2026-04-15 18:30:00,1322.0999755859375,1331.0,1309.0,1319.199951171875,1291.2579345703125,18527029.0,1294.0965334739733,1302.808046184627,1281.2740288923192
2026-04-16 18:30:00,1313.0,1328.300048828125,1306.0999755859375,1318.699951171875,1290.7685546875,12064048.0,1285.1893342368037,1300.165312581974,1278.4354593069281
2026-04-19 18:30:00,1320.0,1324.9000244140625,1308.0999755859375,1312.5999755859375,1284.7977294921875,7172300.0,1292.0410136169874,1296.8372503675125,1280.3930442184933
2026-04-20 18:30:00,1310.0,1325.0,1299.300048828125,1313.199951171875,1285.385009765625,10057440.0,1282.2528368892558,1296.9351212811175,1271.7795218169556
2026-04-21 18:30:00,1295.0,1297.699951171875,1255.9000244140625,1268.5999755859375,1241.729736328125,20088378.0,1267.5705813427946,1270.2133447995752,1229.2987830540255
2026-04-22 18:30:00,1254.0,1265.699951171875,1226.0,1240.5999755859375,1214.32275390625,14792854.0,1227.438951608261,1238.891085420282,1200.0320212693207
2026-04-23 18:30:00,1200.0,1223.9000244140625,1152.199951171875,1154.5999755859375,1130.144287109375,42078914.0,1174.5826894228176,1197.9764852174349,1127.7950978335834
2026-04-26 18:30:00,1154.5999755859375,1179.9000244140625,1154.5,1170.300048828125,1145.5118408203125,19579883.0,1130.1443119385692,1154.9084786451926,1130.04645394258
2026-04-27 18:30:00,1162.699951171875,1169.4000244140625,1149.800048828125,1152.0999755859375,1127.697265625,12720276.0,1138.0727223885278,1144.6308809119316,1125.4460537763027
2026-04-28 18:30:00,1158.5,1178.199951171875,1156.800048828125,1167.5,1142.7711181640625,8303109.0,1133.961747660014,1153.2444330805374,1132.2978032475876
2026-04-29 18:30:00,1167.5,1189.800048828125,1159.5999755859375,1181.800048828125,1156.768310546875,12205669.0,1142.7711514334947,1164.5988623339997,1135.0384576467616
2026-04-30 18:30:00,1181.800048828125,1181.800048828125,1181.800048828125,1181.800048828125,1156.768310546875,0.0,1156.768310546875,1156.768310546875,1156.768310546875
2026-05-03 18:30:00,1195.0,1195.0,1165.199951171875,1168.4000244140625,1143.652099609375,7735811.0,1169.6886601132755,1169.6886601132755,1140.5198072387318
2026-05-04 18:30:00,1169.5,1185.199951171875,1160.0999755859375,1178.0999755859375,1153.1466064453125,8164108.0,1144.728787187228,1160.0961972461241,1135.5278649580357
2026-05-05 18:30:00,1187.0,1191.5,1164.0999755859375,1167.199951171875,1142.4774169921875,9856963.0,1161.8580797644604,1166.2627649868193,1139.443102180398
2026-05-06 18:30:00,1173.0,1175.4000244140625,1159.199951171875,1162.699951171875,1138.07275390625,12013987.0,1148.1546369607545,1150.5038263553197,1134.6468875555572
2026-05-07 18:30:00,1161.0,1183.5,1158.800048828125,1179.199951171875,1154.2232666015625,7582770.0,1136.4088093734103,1158.4322359116547,1134.2554554613432
2026-05-10 18:30:00,1176.0,1187.0,1172.0999755859375,1177.0,1152.0699462890625,7336288.0,1151.0911273032605,1161.8581361470833,1147.2737093616843
2026-05-11 18:30:00,1162.0,1162.0,1123.0,1140.300048828125,1116.1473388671875,16891948.0,1137.3876630949442,1137.3876630949442,1099.2137225952
2026-05-12 18:30:00,1136.5999755859375,1142.5999755859375,1121.0,1123.0999755859375,1099.3115234375,6664111.0,1112.5255790772605,1118.398492694932,1097.2560275682617
2026-05-13 18:30:00,1119.800048828125,1121.9000244140625,1089.0,1095.0,1071.8067626953125,16914842.0,1096.0815207310736,1098.137016652994,1065.933848927119
2026-05-14 18:30:00,1102.0,1133.199951171875,1101.5999755859375,1119.0,1095.2984619140625,17482450.0,1078.658538900176,1109.1976439317652,1078.266987402901
2026-05-17 18:30:00,1119.0,1146.0999755859375,1118.0,1142.5,1118.3006591796875,12096377.0,1095.2984136735845,1121.8243835304838,1094.319594715878
2026-05-18 18:30:00,1162.0,1198.4000244140625,1162.0,1196.9000244140625,1171.5484619140625,32175705.0,1137.3876555901809,1173.0166903851343,1137.3876555901809
2026-05-19 18:30:00,1187.0,1206.9000244140625,1184.9000244140625,1193.699951171875,1168.4161376953125,15121010.0,1161.8580984968487,1181.3366195800531,1159.802602590221
2026-05-20 18:30:00,1196.0999755859375,1201.800048828125,1177.0,1181.199951171875,1156.180908203125,10021033.0,1170.7653346096859,1176.3446743746752,1152.0699163634372
2026-05-21 18:30:00,1182.5,1191.800048828125,1172.5,1174.5,1149.622802734375,8803066.0,1157.4533539662823,1166.5564175672662,1147.6651649263981
2026-05-24 18:30:00,1183.0,1185.0,1166.0999755859375,1168.5,1143.75,5856136.0,1157.9428754813864,1159.900513478819,1141.4008105061328
2026-05-25 18:30:00,1166.300048828125,1180.699951171875,1162.9000244140625,1167.699951171875,1142.966796875,8005767.0,1141.5965459846338,1155.6914427435413,1138.2685377836078
2026-05-26 18:30:00,1161.0,1167.300048828125,1155.0,1159.9000244140625,1135.3321533203125,6371871.0,1136.4088302961693,1142.5754376343073,1130.5359164445094
2026-05-27 18:30:00,1159.9000244140625,1159.9000244140625,1159.9000244140625,1159.9000244140625,1135.3321533203125,0.0,1135.3321533203125,1135.3321533203125,1135.3321533203125
2026-05-28 18:30:00,1182.0,1210.0,1153.5999755859375,1160.9000244140625,1136.3109130859375,69085430.0,1156.96396849116,1184.370898370815,1129.1654871448488
2026-05-31 18:30:00,1175.0,1217.0,1173.699951171875,1202.5,1177.02978515625,19439331.0,1150.1122640819906,1191.222659904496,1148.8397516554953
2026-06-01 18:30:00,1232.5,1278.9000244140625,1232.5,1270.800048828125,1243.8831787109375,36032600.0,1206.3943648530496,1251.811588367994,1206.3943648530496
2026-06-02 18:30:00,1242.0999755859375,1249.9000244140625,1216.0,1222.5999755859375,1196.7039794921875,18534303.0,1215.7909483013548,1223.425783618914,1190.2437985614154
2026-06-03 18:30:00,1208.0,1215.199951171875,1196.199951171875,1201.300048828125,1175.855224609375,12755957.0,1182.4132636253246,1189.4607121046952,1170.8631524946943
2026-06-04 18:30:00,1220.0,1223.800048828125,1194.300048828125,1197.5,1172.1357421875,8692290.0,1194.159169493737,1197.8787294549086,1169.0035692089534
2026-06-07 18:30:00,1177.5,1200.699951171875,1176.5,1187.5999755859375,1162.4453125,8631711.0,1152.559265415463,1175.26781631171,1151.5804465064052
2026-06-08 18:30:00,1193.5999755859375,1193.5999755859375,1167.300048828125,1180.300048828125,1155.300048828125,10984054.0,1168.3182691086097,1168.3182691086097,1142.5754025403635
2026-06-09 18:30:00,1160.0999755859375,1171.4000244140625,1143.300048828125,1145.300048828125,1145.300048828125,8887626.0,1160.0999755859375,1171.4000244140625,1143.300048828125
2026-06-10 18:30:00,1129.699951171875,1133.699951171875,1109.0,1114.5999755859375,1114.5999755859375,9372176.0,1129.699951171875,1133.699951171875,1109.0
2026-06-11 18:30:00,1120.0,1123.300048828125,1111.5,1116.4000244140625,1116.4000244140625,8075333.0,1120.0,1123.300048828125,1111.5
2026-06-14 18:30:00,1130.0,1151.0,1123.0,1134.9000244140625,1134.9000244140625,7856192.0,1130.0,1151.0,1123.0
2026-06-15 18:30:00,1136.9000244140625,1153.800048828125,1123.199951171875,1143.5999755859375,1143.5999755859375,10456090.0,1136.9000244140625,1153.800048828125,1123.199951171875
2026-06-16 18:30:00,1149.0,1162.5,1148.0,1157.699951171875,1157.699951171875,5995119.0,1149.0,1162.5,1148.0
2026-06-17 18:30:00,1142.9000244140625,1142.9000244140625,1125.300048828125,1127.5,1127.5,16781447.0,1142.9000244140625,1142.9000244140625,1125.300048828125
2026-06-18 18:30:00,1062.300048828125,1066.0,1030.0,1051.4000244140625,1051.4000244140625,45665442.0,1062.300048828125,1066.0,1030.0
2026-06-21 18:30:00,1055.0,1080.300048828125,1055.0,1065.4000244140625,1065.4000244140625,10178505.0,1055.0,1080.300048828125,1055.0
2026-06-22 18:30:00,1053.800048828125,1055.300048828125,1026.0,1029.300048828125,1029.300048828125,19323064.0,1053.800048828125,1055.300048828125,1026.0
2026-06-23 18:30:00,1040.9000244140625,1065.5,1037.699951171875,1056.5999755859375,1056.5999755859375,12346266.0,1040.9000244140625,1065.5,1037.699951171875
2026-06-24 18:30:00,1065.0,1068.0,1039.0999755859375,1041.199951171875,1041.199951171875,15866779.0,1065.0,1068.0,1039.0999755859375
2026-06-25 18:30:00,1041.199951171875,1041.199951171875,1041.199951171875,1041.199951171875,1041.199951171875,0.0,1041.199951171875,1041.199951171875,1041.199951171875
2026-06-28 18:30:00,1037.0999755859375,1046.5999755859375,1029.0999755859375,1036.699951171875,1036.699951171875,15080892.0,1037.0999755859375,1046.5999755859375,1029.0999755859375
2026-06-29 18:30:00,1030.0,1030.4000244140625,996.0,1000.4000244140625,1000.4000244140625,24128263.0,1030.0,1030.4000244140625,996.0
2026-06-30 18:30:00,1006.0,1014.0,982.4000244140625,985.2999877929688,985.2999877929688,13037982.0,1006.0,1014.0,982.4000244140625
2026-07-01 18:30:00,1006.4000244140625,1045.0,1006.0,1040.9000244140625,1040.9000244140625,18741111.0,1006.4000244140625,1045.0,1006.0
2026-07-02 18:30:00,1063.0,1068.699951171875,1042.0,1047.199951171875,1047.199951171875,11653534.0,1063.0,1068.699951171875,1042.0
2026-07-05 18:30:00,1050.0999755859375,1053.0,1033.0,1042.199951171875,1042.199951171875,5559747.0,1050.0999755859375,1053.0,1033.0
2026-07-06 18:30:00,1040.5999755859375,1087.5,1040.5999755859375,1071.800048828125,1071.800048828125,18866296.0,1040.5999755859375,1087.5,1040.5999755859375
2026-07-07 18:30:00,1071.9000244140625,1079.699951171875,1064.4000244140625,1069.300048828125,1069.300048828125,13022221.0,1071.9000244140625,1079.699951171875,1064.4000244140625
2026-07-08 18:30:00,1062.699951171875,1062.699951171875,1040.4000244140625,1050.800048828125,1050.800048828125,9003333.0,1062.699951171875,1062.699951171875,1040.4000244140625
2026-07-09 18:30:00,1075.0,1091.300048828125,1064.699951171875,1068.0,1068.0,9747266.0,1075.0,1091.300048828125,1064.699951171875
2026-07-12 18:30:00,1057.0999755859375,1114.9000244140625,1057.0999755859375,1102.5999755859375,1102.5999755859375,20994760.0,1057.0999755859375,1114.9000244140625,1057.0999755859375
2026-07-13 18:30:00,1107.800048828125,1113.5,1090.0,1092.9000244140625,1092.9000244140625,14819413.0,1107.800048828125,1113.5,1090.0
2026-07-14 18:30:00,1079.0,1088.0999755859375,1073.0,1076.300048828125,1076.300048828125,8501933.0,1079.0,1088.0999755859375,1073.0
2026-07-15 18:30:00,1082.5,1097.300048828125,1077.9000244140625,1082.4000244140625,1082.4000244140625,8592146.0,1082.5,1097.300048828125,1077.9000244140625
2026-07-16 18:30:00,1105.0,1116.800048828125,1092.0,1096.5,1096.5,12547728.0,1105.0,1116.800048828125,1092.0
2026-07-19 18:30:00,1102.0,1103.800048828125,1083.199951171875,1087.0999755859375,1087.0999755859375,6372645.0,1102.0,1103.800048828125,1083.199951171875
2026-07-20 18:30:00,1080.0,1094.5,1067.199951171875,1073.5,1073.5,9485229.0,1080.0,1094.5,1067.199951171875
2026-07-21 18:30:00,1064.0,1069.300048828125,1046.199951171875,1052.0999755859375,1052.0999755859375,7517203.0,1064.0,1069.300048828125,1046.199951171875
2026-07-22 18:30:00,1046.9000244140625,1058.5,1032.0,1047.4000244140625,1047.4000244140625,13794578.0,1046.9000244140625,1058.5,1032.0
2026-07-23 18:30:00,1028.0,1043.4000244140625,1013.9000244140625,1040.9000244140625,1040.9000244140625,29036900.0,1028.0,1043.4000244140625,1013.9000244140625
2026-07-26 18:30:00,1065.0,1082.0,1057.4000244140625,1079.199951171875,1079.199951171875,15956349.0,1065.0,1082.0,1057.4000244140625
2026-07-27 18:30:00,1097.0,1118.5,1097.0,1105.699951171875,1105.699951171875,28100895.0,1097.0,1118.5,1097.0
2026-07-28 18:30:00,1147.0,1164.5,1128.4000244140625,1155.5999755859375,1155.5999755859375,34400369.0,1147.0,1164.5,1128.4000244140625
2026-07-29 18:30:00,1168.0,1187.699951171875,1151.300048828125,1155.0999755859375,1155.0999755859375,22630218.0,1168.0,1187.699951171875,1151.300048828125
2026-07-30 18:30:00,1118.9000244140625,1139.300048828125,1107.199951171875,1130.0999755859375,1130.0999755859375,14367075.0,1118.9000244140625,1139.300048828125,1107.199951171875
2026-08-02 18:30:00,1145.0999755859375,1180.0,1138.0999755859375,1180.0,1180.0,8582270.0,1145.0999755859375,1180.0,1138.0999755859375
2026-08-03 18:30:00,1168.0,1175.699951171875,1153.300048828125,1167.5,1167.5,9243589.0,1168.0,1175.699951171875,1153.300048828125
2026-08-04 18:30:00,1174.699951171875,1177.5,1162.300048828125,1174.0,1174.0,9964155.0,1174.699951171875,1177.5,1162.300048828125
2026-08-05 18:30:00,1174.0999755859375,1185.800048828125,1163.0,1165.0,1165.0,8521064.0,1174.0999755859375,1185.800048828125,1163.0
2026-08-06 18:30:00,1160.0,1183.0,1155.5999755859375,1175.0999755859375,1175.0999755859375,7581410.0,1160.0,1183.0,1155.5999755859375
2026-08-09 18:30:00,1178.0999755859375,1195.0,1175.199951171875,1183.0,1183.0,9377001.0,1178.0999755859375,1195.0,1175.199951171875
2026-08-10 18:30:00,1188.0,1193.5,1182.0,1190.699951171875,1190.699951171875,10160091.0,1188.0,1193.5,1182.0
2026-08-11 18:30:00,1185.5999755859375,1190.4000244140625,1163.300048828125,1176.0999755859375,1176.0999755859375,7529777.0,1185.5999755859375,1190.4000244140625,1163.300048828125
2026-08-12 18:30:00,1170.0,1175.0,1157.0,1175.0,1175.0,6234215.0,1170.0,1175.0,1157.0
2026-08-13 18:30:00,1170.4000244140625,1174.0999755859375,1158.9000244140625,1169.199951171875,1169.199951171875,5844763.0,1170.4000244140625,1174.0999755859375,1158.9000244140625
2026-08-16 18:30:00,1163.9000244140625,1166.5,1129.699951171875,1139.9000244140625,1139.9000244140625,5817153.0,1163.9000244140625,1166.5,1129.699951171875
2026-08-17 18:30:00,1124.5,1131.9000244140625,1112.5,1115.0,1115.0,8851110.0,1124.5,1131.9000244140625,1112.5
2026-08-18 18:30:00,1125.5999755859375,1134.699951171875,1113.800048828125,1119.800048828125,1119.800048828125,8408573.0,1125.5999755859375,1134.699951171875,1113.800048828125
2026-08-19 18:30:00,1143.0,1144.699951171875,1125.699951171875,1130.0,1130.0,8559841.0,1143.0,1144.699951171875,1125.699951171875
2026-08-20 18:30:00,1133.0,1133.5,1118.0,1121.0,1121.0,6094967.0,1133.0,1133.5,1118.0
2026-08-23 18:30:00,1126.5,1144.5,1122.0,1130.0,1130.0,8565354.0,1126.5,1144.5,1122.0
2026-08-24 18:30:00,1132.0,1144.0,1119.9000244140625,1144.0,1144.0,8121237.0,1132.0,1144.0,1119.9000244140625
2026-08-25 18:30:00,1142.0,1142.0,1118.300048828125,1120.0,1120.0,6323984.0,1142.0,1142.0,1118.300048828125
2026-08-26 18:30:00,1120.0,1130.699951171875,1107.199951171875,1110.800048828125,1110.800048828125,6933998.0,1120.0,1130.699951171875,1107.199951171875
2026-08-27 18:30:00,1123.5999755859375,1145.0,1123.300048828125,1144.0,1144.0,9621969.0,1123.5999755859375,1145.0,1123.300048828125
2026-08-30 18:30:00,1138.5999755859375,1143.9000244140625,1111.0999755859375,1133.800048828125,1133.800048828125,8808120.0,1138.5999755859375,1143.9000244140625,1111.0999755859375
2026-08-31 18:30:00,1128.0,1156.0,1125.5999755859375,1156.0,1156.0,13516123.0,1128.0,1156.0,1125.5999755859375
2026-09-01 18:30:00,1137.699951171875,1147.800048828125,1118.5999755859375,1140.0,1140.0,8564358.0,1137.699951171875,1147.800048828125,1118.5999755859375
2026-09-02 18:30:00,1144.0,1144.0,1122.5,1130.300048828125,1130.300048828125,5786250.0,1144.0,1144.0,1122.5
2026-09-03 18:30:00,1133.0,1146.699951171875,1125.4000244140625,1130.0,1130.0,5881388.0,1133.0,1146.699951171875,1125.4000244140625
2026-09-06 18:30:00,1109.5,1109.9000244140625,1085.0,1087.5,1087.5,7668346.0,1109.5,1109.9000244140625,1085.0
2026-09-07 18:30:00,1095.0,1095.0,1078.9000244140625,1082.0,1082.0,6269037.0,1095.0,1095.0,1078.9000244140625
2026-09-08 18:30:00,1059.0,1059.0,1026.5,1035.0,1035.0,13530457.0,1059.0,1059.0,1026.5
2026-09-09 18:30:00,1039.5999755859375,1046.5999755859375,1027.300048828125,1036.5,1036.5,8998529.0,1039.5999755859375,1046.5999755859375,1027.300048828125
2026-09-10 18:30:00,1032.0,1047.300048828125,1029.699951171875,1037.699951171875,1037.699951171875,6168088.0,1032.0,1047.300048828125,1029.699951171875
