timestamp,open,high,low,close,adjusted_close,volume,adj_open,adj_high,adj_low
2021-01-04 05:00:00,222.52999877929688,223.0,214.80999755859375,217.69000244140625,207.5653839111328,37130100.0,212.18027520947413,212.62841698318834,204.81932615715849
2021-01-05 05:00:00,217.25999450683594,218.52000427246094,215.6999969482422,217.89999389648438,207.76564025878906,23823000.0,207.15540672652605,208.3568144503453,205.66796340095462
2021-01-06 05:00:00,212.1699981689453,216.49000549316406,211.94000244140625,212.25,202.37843322753906,35930700.0,202.30215221352643,206.4212396755141,202.08285339143748
2021-01-07 05:00:00,214.0399932861328,219.33999633789062,213.7100067138672,218.2899932861328,208.13751220703125,27694500.0,204.0851760757988,209.13868051398242,203.77053689706622
2021-01-08 05:00:00,218.67999267578125,220.5800018310547,217.02999877929688,219.6199951171875,209.40562438964844,22956200.0,208.50934079732144,210.32098186986488,206.93608695061204
2021-01-11 05:00:00,218.47000122070312,218.91000366210938,216.72999572753906,217.49000549316406,207.37469482421875,23031300.0,208.30911162404655,208.72864985432813,206.65003259041848
2021-01-12 05:00:00,216.5,217.10000610351562,213.32000732421875,214.92999267578125,204.93374633789062,23249300.0,206.43073369979606,207.00283393154243,203.39864029923487
2021-01-13 05:00:00,214.02000427246094,216.75999450683594,213.92999267578125,216.33999633789062,206.2781524658203,20087100.0,204.06606184414557,206.67861677106026,203.98023663300623
2021-01-14 05:00:00,215.91000366210938,217.4600067138672,212.74000549316406,213.02000427246094,203.1125946044922,29480800.0,205.86818216746164,207.34609567404829,202.8456183702962
2021-01-15 05:00:00,213.52000427246094,214.50999450683594,212.02999877929688,212.64999389648438,202.759765625,31746500.0,203.58931232139068,204.53325868233262,202.16860612225966
2021-01-19 05:00:00,213.75,216.97999572753906,212.6300048828125,216.44000244140625,206.3734893798828,30480900.0,203.80859756685624,206.88836785633777,202.74069284584706
2021-01-20 05:00:00,217.6999969482422,225.7899932861328,217.2899932861328,224.33999633789062,213.90609741210938,37777300.0,207.5749198269977,215.2886559996151,207.18398515320732
2021-01-21 05:00:00,224.6999969482422,226.3000030517578,222.4199981689453,224.97000122070312,214.50677490234375,30709400.0,214.2493283744459,215.7749191075521,212.075371036692
2021-01-22 05:00:00,227.0800018310547,230.07000732421875,225.8000030517578,225.9499969482422,215.4412078857422,30172700.0,216.5186569680968,219.3695992284759,215.29819010893078
2021-01-25 05:00:00,229.1199951171875,229.77999877929688,224.22000122070312,229.52999877929688,218.85467529296875,33152100.0,218.46374069262419,219.0930479201383,213.79164301974544
2021-01-26 05:00:00,231.86000061035156,234.17999267578125,230.0800018310547,232.3300018310547,221.52450561523438,49169600.0,221.07636380300931,223.28845475671793,219.3791514478603
2021-01-27 05:00:00,238.0,240.44000244140625,230.13999938964844,232.89999389648438,222.0679473876953,69870600.0,226.93075510239115,229.2572744153323,219.43631865864182
2021-01-28 05:00:00,235.61000061035156,242.63999938964844,235.08999633789062,238.92999267578125,227.8175048828125,49111200.0,224.65192361732747,231.35496145402922,224.156104425464
2021-01-29 05:00:00,235.99000549316406,238.02000427246094,231.35000610351562,231.9600067138672,221.17173767089844,42503100.0,225.01430452307213,226.94988972953718,220.5901076869927
2021-02-01 05:00:00,235.05999755859375,242.5,232.42999267578125,239.64999389648438,228.5040283203125,33314200.0,224.12750973113813,231.22148249088136,221.61982466737663
2021-02-02 05:00:00,241.3000030517578,242.30999755859375,238.69000244140625,239.50999450683594,228.3705291748047,25916300.0,230.07728550233475,231.04030577405533,227.58867444558177
2021-02-03 05:00:00,239.57000732421875,245.08999633789062,239.25999450683594,243.0,231.69822692871094,27158100.0,228.42776099720072,233.69101888663997,228.132166675749
2021-02-04 05:00:00,242.66000366210938,243.24000549316406,240.3699951171875,242.00999450683594,230.75430297851562,25296100.0,231.37408072720086,231.92710713639534,229.19057865045764
2021-02-05 05:00:00,242.22999572753906,243.27999877929688,240.4199981689453,242.1999969482422,230.93545532226562,18054800.0,230.96405888066087,231.9652270718367,229.2382429616154
2021-02-08 05:00:00,243.14999389648438,243.67999267578125,240.80999755859375,242.47000122070312,231.19287109375,22211900.0,231.84123772980857,232.34658659294607,229.61007317756622
2021-02-09 05:00:00,241.8699951171875,244.75999450683594,241.3800048828125,243.77000427246094,232.43240356445312,23565000.0,230.62076272671874,233.37634993048727,230.1535616523339
2021-02-10 05:00:00,245.0,245.9199981689453,240.88999938964844,242.82000732421875,231.52659606933594,22186700.0,233.6051986080707,234.48240822021572,229.68635163313002
2021-02-11 05:00:00,244.77999877929688,245.14999389648438,242.14999389648438,244.49000549316406,233.118896484375,15751100.0,233.3954023264637,233.74818915408628,230.88771766756295
2021-02-12 05:00:00,243.92999267578125,245.3000030517578,242.72999572753906,244.99000549316406,233.59571838378906,16561100.0,232.58500590564486,233.89129820652983,231.44081984540654
2021-02-16 05:00:00,245.02999877929688,246.1300048828125,242.9199981689453,243.6999969482422,232.36566162109375,26728500.0,233.6338058939717,234.68265139758873,231.62194010002432
2021-02-17 05:00:00,241.32000732421875,244.30999755859375,240.94000244140625,244.1999969482422,233.37869262695312,21653500.0,230.62632480699676,233.4838187487911,230.2631591892616
2021-02-18 05:00:00,241.8000030517578,243.92999267578125,240.86000061035156,243.7899932861328,232.98683166503906,16925600.0,231.08502464867303,233.12062720680663,230.18667690425352
2021-02-19 05:00:00,243.75,243.86000061035156,240.17999267578125,240.97000122070312,230.2918243408203,25262600.0,232.94863218954157,233.05375830942427,229.53682368458402
2021-02-22 05:00:00,237.4199981689453,237.92999267578125,232.39999389648438,234.50999450683594,224.11807250976562,36446900.0,226.899124179311,227.38651912425996,222.1015730817524
2021-02-23 05:00:00,230.3300018310547,234.8300018310547,228.72999572753906,233.27000427246094,222.9330291748047,30228700.0,220.12330808748274,224.4238980172316,218.59420361274584
2021-02-24 05:00:00,230.00999450683594,235.1999969482422,229.0,234.5500030517578,224.1562957763672,26339700.0,219.8174704300372,224.77748623561877,218.8522322102071
2021-02-25 05:00:00,232.0800018310547,234.58999633789062,227.8800048828125,228.99000549316406,218.84271240234375,39542200.0,221.795780936671,224.1945494104652,217.78189953492432
2021-02-26 05:00:00,231.52999877929688,235.3699951171875,229.5399932861328,232.3800048828125,222.08250427246094,37819200.0,221.27016465567323,224.9399984847322,219.3683426651767
2021-03-01 05:00:00,235.89999389648438,237.47000122070312,233.14999389648438,236.94000244140625,226.44044494628906,25324000.0,225.44652245437769,226.94695781101586,222.8183836125361
2021-03-02 05:00:00,237.00999450683594,237.3000030517578,233.4499969482422,233.8699951171875,223.50643920898438,22812500.0,226.50729480119938,226.78445210469692,223.10505255325617
2021-03-03 05:00:00,232.16000366210938,233.5800018310547,227.25999450683594,227.55999755859375,217.47605895996094,34029500.0,221.87222352894128,223.22929686707522,217.18935003891934
2021-03-04 05:00:00,226.74000549316406,232.49000549316406,224.25999450683594,226.72999572753906,216.6829071044922,44727800.0,216.69247330727052,222.18767349837387,214.32235907318207
2021-03-05 05:00:00,229.52000427246094,233.27000427246094,226.4600067138672,231.60000610351562,221.33705139160156,41872800.0,219.34922125325087,222.93304647278703,216.4248222073289
2021-03-08 05:00:00,231.3699951171875,233.3699951171875,227.1300048828125,227.38999938964844,217.31361389160156,35267400.0,221.11724315034732,223.02861668898058,217.06514058132345
2021-03-09 05:00:00,232.8800048828125,235.3800048828125,231.6699981689453,233.77999877929688,223.42044067382812,33080500.0,222.56032845718752,224.9495452618804,221.40394110736247
2021-03-10 05:00:00,237.0,237.0,232.0399932861328,232.4199981689453,222.12066650390625,29746800.0,226.4977126587879,226.4977126587879,221.75750094797291
2021-03-11 05:00:00,234.9600067138672,239.1699981689453,234.30999755859375,237.1300048828125,226.62197875976562,29907600.0,224.54814049035522,228.57157309890684,223.92693542163005
2021-03-12 05:00:00,234.00999450683594,235.82000732421875,233.22999572753906,235.75,225.3031768798828,22653700.0,223.64027649643293,225.370081959634,222.8948419134509
2021-03-15 04:00:00,234.9600067138672,235.19000244140625,231.80999755859375,234.80999755859375,224.40476989746094,26034900.0,224.54813163810934,224.76793547462583,221.53771007593699
2021-03-16 04:00:00,236.27999877929688,240.05999755859375,235.94000244140625,237.7100067138672,227.17628479003906,28092200.0,225.80964526868732,229.42213971544066,225.4847153006478
2021-03-17 04:00:00,236.14999389648438,238.5500030517578,233.22999572753906,237.0399932861328,226.53594970703125,29562100.0,225.6853891995927,227.9790458343157,222.89478602257378
2021-03-18 04:00:00,232.55999755859375,234.19000244140625,230.3300018310547,230.72000122070312,220.49603271484375,34833000.0,222.25449271210522,223.81226667216245,220.12331549170005
2021-03-19 04:00:00,231.02000427246094,232.47000122070312,229.35000610351562,230.35000610351562,220.1424560546875,46430700.0,220.78276444867765,222.16850736597712,219.18676927273987
2021-03-22 04:00:00,230.27000427246094,236.89999389648438,230.13999938964844,235.99000549316406,225.53250122070312,30127000.0,220.0659723327752,226.40216500266618,219.9417283999428
2021-03-23 04:00:00,237.49000549316406,241.0500030517578,237.07000732421875,237.5800018310547,227.05209350585938,31638400.0,226.9660851854265,230.36832818704602,226.56469844078174
2021-03-24 04:00:00,237.85000610351562,238.0,235.32000732421875,235.4600067138672,225.02601623535156,25620100.0,227.31010706233886,227.453454246672,224.89222066909963
2021-03-25 04:00:00,235.3000030517578,236.94000244140625,231.57000732421875,232.33999633789062,222.04425048828125,34061900.0,224.8730896144775,226.44041526230157,221.30838220851965
2021-03-26 04:00:00,231.5500030517578,236.7100067138672,231.5500030517578,236.47999572753906,226.00076293945312,25479900.0,221.28923500414234,226.22058135679828,221.28923500414234
2021-03-29 04:00:00,236.58999633789062,236.8000030517578,231.8800048828125,235.24000549316406,224.8157501220703,25227500.0,226.1059184494297,226.30661907775075,221.60464214728856
2021-03-30 04:00:00,233.52999877929688,233.85000610351562,231.10000610351562,231.85000610351562,221.5759735107422,24792000.0,223.18152021260835,223.48734696493838,220.85920846541862
2021-03-31 04:00:00,232.91000366210938,239.10000610351562,232.38999938964844,235.77000427246094,225.32223510742188,43623500.0,222.58897083183447,228.50467325429472,222.09200971374034
2021-04-01 04:00:00,238.47000122070312,242.83999633789062,238.0500030517578,242.35000610351562,231.61074829101562,30338000.0,227.90267809646753,232.0790255841072,227.50129130983493
2021-04-05 04:00:00,242.75999450683594,249.9600067138672,242.6999969482422,249.07000732421875,238.0328826904297,36910600.0,232.0024876345528,238.8834432319684,231.94514876834452
2021-04-06 04:00:00,247.61000061035156,249.39999389648438,246.8800048828125,247.86000061035156,236.87648010253906,22931900.0,236.63755845370582,238.34823104299898,235.9399113222464
2021-04-07 04:00:00,247.80999755859375,250.92999267578125,247.19000244140625,249.89999389648438,238.82614135742188,22719800.0,236.82875931252147,239.81049766022446,236.2362381235867
2021-04-08 04:00:00,252.77000427246094,254.13999938964844,252.0,253.25,242.02764892578125,23625200.0,241.5689234077923,242.87820947789177,240.83304058952368
2021-04-09 04:00:00,252.8699951171875,255.99000549316406,252.44000244140625,255.85000610351562,244.51243591308594,24326800.0,241.66447918870722,244.64623146115184,241.2535409277266
2021-04-12 04:00:00,254.7100067138672,257.6700134277344,254.6199951171875,255.91000366210938,244.56979370117188,27148700.0,243.42297254578972,246.25181167284637,243.3369496576039
2021-04-13 04:00:00,257.260009765625,259.19000244140625,256.8299865722656,258.489990234375,247.03543090820312,23837500.0,245.85995500358172,247.7044232241074,245.44898758168762
2021-04-14 04:00:00,257.4800109863281,258.8299865722656,255.16000366210938,255.58999633789062,244.26400756835938,23070900.0,246.07026978129798,247.36042374454075,243.85306920724872
2021-04-15 04:00:00,257.92999267578125,259.92999267578125,257.7300109863281,259.5,248.000732421875,25627500.0,246.5002970988925,248.4116707591767,246.3091772320126
2021-04-16 04:00:00,259.4700012207031,261.0,257.6000061035156,260.739990234375,249.1857452392578,24878600.0,247.9720336082455,249.43423311853752,246.18490411402684
2021-04-19 04:00:00,260.19000244140625,261.4800109863281,257.82000732421875,258.739990234375,247.2743682861328,23209300.0,248.66012567205544,249.89296968561638,246.39515285160775
2021-04-20 04:00:00,257.82000732421875,260.20001220703125,256.8399963378906,258.260009765625,246.81561279296875,19722900.0,246.39510838617096,248.66964699605762,245.45852508644163
2021-04-21 04:00:00,258.94000244140625,260.67999267578125,257.25,260.5799865722656,249.03280639648438,24030400.0,247.46549550693396,249.12838089145183,245.8503827872793
2021-04-22 04:00:00,260.2099914550781,261.7799987792969,255.63999938964844,257.1700134277344,245.77395629882812,25606200.0,248.67922280670476,250.1796578937831,244.31174226259176
2021-04-23 04:00:00,257.8800048828125,261.510009765625,257.2699890136719,261.1499938964844,249.5775604248047,21462600.0,246.45247560871377,249.9216227814362,245.86949159186986
2021-04-26 04:00:00,261.6600036621094,262.44000244140625,260.1700134277344,261.54998779296875,249.95982360839844,19763300.0,250.06496430244533,250.8103986988795,248.64100057258497
2021-04-27 04:00:00,261.5799865722656,263.19000244140625,260.1199951171875,261.9700012207031,250.3612518310547,31014200.0,249.98852001000546,251.52719079897994,248.5932255615848
2021-04-28 04:00:00,256.0799865722656,256.5400085449219,252.9499969482422,254.55999755859375,243.2795867919922,46903100.0,244.7322199736426,245.171856823487,241.74093073064057
2021-04-29 04:00:00,255.4600067138672,256.1000061035156,249.0,252.50999450683594,241.3204345703125,40589000.0,244.13972189863736,244.7513607810362,237.96597962533752
2021-04-30 04:00:00,249.74000549316406,253.0800018310547,249.60000610351562,252.17999267578125,241.00506591796875,30945100.0,238.6732026105505,241.86519270079532,238.53940705534927
2021-05-03 04:00:00,253.39999389648438,254.35000610351562,251.1199951171875,251.86000061035156,240.6992645263672,19626600.0,242.17101569943725,243.07892977459548,239.99205108430252
2021-05-04 04:00:00,250.97000122070312,251.2100067138672,245.75999450683594,247.7899932861328,236.80958557128906,32756100.0,239.84867666254803,240.07804670537047,234.8695428631059
2021-05-05 04:00:00,249.05999755859375,249.5,245.82000732421875,246.47000122070312,235.54812622070312,21901300.0,238.023351527179,238.44385605143128,234.92693563518156
2021-05-06 04:00:00,246.4499969482422,249.86000061035156,244.69000244140625,249.72999572753906,238.66366577148438,26491100.0,235.52901416460628,238.787909724678,233.84701060906457
2021-05-07 04:00:00,252.14999389648438,254.3000030517578,251.1699981689453,252.4600067138672,241.2726593017578,27032900.0,240.97638418935017,243.03111924686715,240.03981535072342
2021-05-10 04:00:00,250.8699951171875,251.72999572753906,247.1199951171875,247.17999267578125,236.2266082763672,29299900.0,239.75309418580025,240.57498525028228,236.16926941322524
2021-05-11 04:00:00,244.5500030517578,246.60000610351562,242.57000732421875,246.22999572753906,235.3187255859375,33641600.0,233.71317897375303,235.67233957139493,231.82092344292948
2021-05-12 04:00:00,242.1699981689453,244.3800048828125,238.07000732421875,239.0,228.40914916992188,36684400.0,231.43867462866248,233.55074890972617,227.52036743013335
2021-05-13 04:00:00,241.8000030517578,245.60000610351562,241.4199981689453,243.02999877929688,232.26052856445312,29624300.0,231.08503805198484,234.71665028825578,230.7218724535714
2021-05-14 04:00:00,245.5800018310547,249.17999267578125,245.49000549316406,248.14999389648438,237.15365600585938,23901100.0,234.69754869490393,238.1380121702755,234.61154038910965
2021-05-17 04:00:00,246.5500030517578,246.58999633789062,243.52000427246094,245.17999267578125,234.31529235839844,24970200.0,235.624593244974,235.66281430220755,232.7288632872878
2021-05-18 04:00:00,246.27000427246094,246.41000366210938,242.89999389648438,243.0800018310547,232.3083038330078,20168000.0,235.35694646425682,235.49074200688435,232.13627265956075
2021-05-19 04:00:00,239.30999755859375,243.22999572753906,238.60000610351562,243.1199951171875,232.88307189941406,25739800.0,229.23349986422667,232.98844077307308,228.5534036384875
2021-05-20 04:00:00,243.9600067138672,247.9499969482422,243.86000061035156,246.47999572753906,236.10154724121094,21800700.0,233.68766653903634,237.50965162562568,233.59187135815804
2021-05-21 04:00:00,247.57000732421875,248.3300018310547,244.74000549316406,245.1699981689453,234.84674072265625,21863100.0,237.14569382470793,237.8736876013957,234.43485354561165
2021-05-24 04:00:00,247.7899932861328,251.16000366210938,247.50999450683594,250.77999877929688,240.22047424316406,21411500.0,237.35636809014645,240.58447836473786,237.0881591425525
2021-05-25 04:00:00,251.77000427246094,252.75,250.82000732421875,251.72000122070312,241.12095642089844,17704300.0,241.16885401983907,242.1075855706364,240.25885810514714
2021-05-26 04:00:00,251.42999267578125,252.94000244140625,250.75,251.49000549316406,240.900634765625,17771600.0,240.84314887956268,242.28957737809495,240.19178833380082
2021-05-27 04:00:00,251.1699981689453,251.47999572753906,249.25,249.30999755859375,238.81243896484375,24426200.0,240.5941215551288,240.89106621746035,238.7549676903661
2021-05-28 04:00:00,251.0,252.0800018310547,249.55999755859375,249.67999267578125,239.1668243408203,18270200.0,240.43125068294205,241.46577734023427,239.05188180655244
2021-06-01 04:00:00,251.22999572753906,251.2899932861328,246.9600067138672,247.39999389648438,236.9827880859375,23213300.0,240.65152104749671,240.7089923048317,236.56132732671725
2021-06-02 04:00:00,248.1300048828125,249.27000427246094,245.83999633789062,247.3000030517578,236.8870849609375,19406700.0,237.6821383852985,238.77413648048068,235.48855390471664
2021-06-03 04:00:00,245.22000122070312,246.33999633789062,243.0,245.7100067138672,235.36399841308594,25307700.0,234.89462537591137,235.9674613279748,232.76810081643305
2021-06-04 04:00:00,247.75999450683594,251.64999389648438,247.50999450683594,250.7899932861328,240.23013305664062,25281100.0,237.32771657512865,241.0539221494448,237.088243171596
2021-06-07 04:00:00,249.97999572753906,254.08999633789062,249.80999755859375,253.80999755859375,243.12295532226562,23079200.0,239.45422133616353,243.39116434225733,239.2913811894754
2021-06-08 04:00:00,255.16000366210938,256.010009765625,252.50999450683594,252.57000732421875,241.93515014648438,22455000.0,244.4160906173062,245.23030587769338,241.8776642631127
2021-06-09 04:00:00,253.80999755859375,255.52999877929688,253.2100067138672,253.58999633789062,242.9122314453125,17937600.0,243.12296920395218,244.77054734442802,242.54824182099543
2021-06-10 04:00:00,254.2899932861328,257.4599914550781,253.6699981689453,257.239990234375,246.4085235595703,24563600.0,243.58274055491657,246.6192613065488,242.98885124050196
2021-06-11 04:00:00,257.989990234375,258.489990234375,256.6099853515625,257.8900146484375,247.03118896484375,18999700.0,247.1269549366099,247.60590172580916,245.80505712120518
2021-06-14 04:00:00,257.8999938964844,259.95001220703125,256.79998779296875,259.8900146484375,248.94691467285156,19150500.0,247.04068704419933,249.00438593476218,245.98699852152964
2021-06-15 04:00:00,259.7699890136719,259.989990234375,257.67999267578125,258.3599853515625,247.48135375976562,18038900.0,248.8319871197661,249.0427248617362,246.82999318734542
2021-06-16 04:00:00,259.3999938964844,260.5799865722656,254.4199981689453,257.3800048828125,246.5426483154297,27220000.0,248.47758277634668,249.60789015749845,243.70727695625772
2021-06-17 04:00:00,256.07000732421875,261.75,256.010009765625,260.8999938964844,249.9144287109375,27565500.0,245.28781559047806,250.72864409894245,245.23034431439226
2021-06-18 04:00:00,259.6300048828125,262.29998779296875,258.75,259.42999267578125,248.50628662109375,37202200.0,248.6978770009707,251.25543610006036,247.8549261016525
2021-06-21 04:00:00,259.82000732421875,263.5199890136719,257.9200134277344,262.6300048828125,251.571533203125,26696100.0,248.87985524946583,252.42404307695548,247.05986374534035
2021-06-22 04:00:00,262.7200012207031,265.7900085449219,262.3999938964844,265.510009765625,254.33033752441406,24694100.0,251.65780621174397,254.5985465614589,251.35127324580915
2021-06-23 04:00:00,265.989990234375,266.8299865722656,264.42999267578125,265.2699890136719,254.1004180908203,19518700.0,254.79010263405425,255.59472972906184,253.29579099581272
2021-06-24 04:00:00,266.1600036621094,267.8500061035156,265.4700012207031,266.69000244140625,255.4606170654297,21446900.0,254.9529346852743,256.57177702121294,254.29198583888092
2021-06-25 04:00:00,266.2300109863281,267.25,264.760009765625,265.0199890136719,253.8609619140625,25611100.0,255.02003426577036,255.9970752547018,253.61192944586074
2021-06-28 04:00:00,266.19000244140625,268.8999938964844,265.9100036621094,268.7200012207031,257.4051818847656,19590000.0,254.98171212816092,257.5775957253318,254.71350307641555
2021-06-29 04:00:00,268.8699951171875,271.6499938964844,267.9800109863281,271.3999938964844,259.9722900390625,19937800.0,257.5488206535005,260.2117634140492,256.6963106394944
2021-06-30 04:00:00,270.69000244140625,271.3599853515625,269.6000061035156,270.8999938964844,259.4933166503906,21656500.0,259.2921672211762,259.93393943000825,258.2480669213287
2021-07-01 04:00:00,269.6099853515625,271.8399963378906,269.6000061035156,271.6000061035156,260.1639404296875,16725300.0,258.2577120470281,260.3938255682609,258.24815298798524
2021-07-02 04:00:00,272.82000732421875,278.0,272.5,277.6499938964844,265.9591369628906,26458000.0,261.33252400218214,266.2944055502095,261.025991051914
2021-07-06 04:00:00,278.0299987792969,279.3699951171875,274.29998779296875,277.6600036621094,265.96875,31565600.0,266.3231659674658,267.6067399294796,262.7502121878958
2021-07-07 04:00:00,279.3999938964844,280.69000244140625,277.1499938964844,279.92999267578125,268.1430969238281,23260000.0,267.63541458265394,268.8711052744127,265.48015439666386
2021-07-08 04:00:00,276.8999938964844,278.7300109863281,274.8699951171875,277.4200134277344,265.7388000488281,24618600.0,265.24067677167557,266.9936380649696,263.2961543378193
2021-07-09 04:00:00,275.7200012207031,278.04998779296875,275.32000732421875,277.94000244140625,266.2369384765625,23916700.0,264.1104136034873,266.3422927365469,263.72726202590263
2021-07-12 04:00:00,279.1600036621094,279.7699890136719,276.5799865722656,277.32000732421875,265.6430358886719,18931700.0,267.4055564436705,267.9898574546222,264.93417481129705
2021-07-13 04:00:00,277.5199890136719,282.8500061035156,277.3900146484375,280.9800109863281,269.14892578125,26120100.0,265.83459322837217,270.94018194655666,265.7100916289199
2021-07-14 04:00:00,282.3500061035156,283.6600036621094,280.54998779296875,282.510009765625,270.614501953125,23113700.0,270.4612354852631,271.71607363125577,268.7370096462592
2021-07-15 04:00:00,282.0,282.510009765625,279.8299865722656,281.0299987792969,269.1968078613281,22604200.0,270.1259657212331,270.6145007583491,268.04732397373385
2021-07-16 04:00:00,282.07000732421875,284.1000061035156,279.4599914550781,280.75,268.9286193847656,26186800.0,270.19304591114116,272.1375686860977,267.6929284961445
2021-07-19 04:00:00,278.92999267578125,280.3699951171875,274.45001220703125,277.010009765625,265.3460388183594,32935600.0,267.18517762868595,268.5645463527231,262.8938342495344
2021-07-20 04:00:00,278.0299987792969,280.9700012207031,276.260009765625,279.32000732421875,267.5587463378906,26259700.0,266.3230558753602,269.13926433456993,264.6275953672979
2021-07-21 04:00:00,278.8999938964844,281.5199890136719,277.2900085449219,281.3999938964844,269.55120849609375,24364300.0,267.1564748931921,269.66615103181897,265.61428048456565
2021-07-22 04:00:00,283.8399963378906,286.4200134277344,283.4200134277344,286.1400146484375,274.0916748046875,23384100.0,271.88850209711006,274.3598838297518,271.48620317580924
2021-07-23 04:00:00,287.3699951171875,289.989990234375,286.5,289.6700134277344,277.4730529785156,22768100.0,275.2698801509867,277.7795567148543,274.43651739318557
2021-07-26 04:00:00,289.0,289.69000244140625,286.6400146484375,289.04998779296875,276.8791198730469,23176100.0,276.8312368884211,277.4921857787689,274.5706221344017
2021-07-27 04:00:00,289.42999267578125,289.5799865722656,282.95001220703125,286.5400085449219,274.4748229980469,33604100.0,277.2431201263009,277.3867983107101,271.03598869909524
2021-07-28 04:00:00,288.989990234375,290.1499938964844,283.8299865722656,286.2200012207031,274.16827392578125,33566900.0,276.8216283504645,277.9327882988668,271.8788944693324
2021-07-29 04:00:00,286.239990234375,288.6199951171875,286.0799865722656,286.5,274.4364013671875,18168300.0,274.1873397811545,276.467130270772,274.03407336148655
2021-07-30 04:00:00,285.1700134277344,286.6600036621094,283.9100036621094,284.9100036621094,272.9134826660156,20944800.0,273.1625443688404,274.58979654944085,271.9555890183441
2021-08-02 04:00:00,286.3599853515625,286.7699890136719,283.739990234375,284.82000732421875,272.8271789550781,16267400.0,274.3023136016928,274.69505336581767,271.79263781236295
2021-08-03 04:00:00,285.4200134277344,287.2300109863281,284.0,287.1199951171875,275.0303955078125,17879000.0,273.4019939880385,275.1357790008344,272.0417722643763
2021-08-04 04:00:00,286.2200012207031,287.5899963378906,284.6499938964844,286.510009765625,274.4460754394531,16191300.0,274.1682781399353,275.48058755485204,272.6643783324015
2021-08-05 04:00:00,286.8800048828125,289.6300048828125,286.1000061035156,289.5199890136719,277.3293151855469,13900200.0,274.8004915502387,277.43469867133746,274.0533357906488
2021-08-06 04:00:00,288.510009765625,289.5,287.6199951171875,289.4599914550781,277.27191162109375,16589300.0,276.3619301147874,277.3102355555204,275.5093906612259
2021-08-09 04:00:00,289.75,291.54998779296875,287.80999755859375,288.3299865722656,276.1894226074219,16117600.0,277.549644252639,279.2738408759265,275.6913285064386
2021-08-10 04:00:00,288.79998779296875,289.25,285.20001220703125,286.44000244140625,274.3789978027344,18616600.0,276.6396122772204,277.0706760159155,273.19121929801037
2021-08-11 04:00:00,287.2099914550781,288.6600036621094,285.8599853515625,286.95001220703125,274.8675537109375,13955900.0,275.1165861447633,276.50554342388034,273.82342406292844
2021-08-12 04:00:00,286.6300048828125,289.9700012207031,286.3399963378906,289.80999755859375,277.60711669921875,14561300.0,274.5610223433131,277.76038316922904,274.28322503938256
2021-08-13 04:00:00,289.4800109863281,292.8999938964844,289.29998779296875,292.8500061035156,280.5190734863281,18249000.0,277.29097757297944,280.5669564608098,277.118534553158
2021-08-16 04:00:00,293.19000244140625,294.82000732421875,290.0199890136719,294.6000061035156,282.1954650878906,22507600.0,280.84483158157366,282.4062028526903,277.8082959568594
2021-08-17 04:00:00,292.3900146484375,293.42999267578125,291.0799865722656,293.0799865722656,280.7394104003906,20075300.0,280.0784907881244,281.07467896746925,278.82362342575755
2021-08-18 04:00:00,292.0400085449219,294.82000732421875,290.2699890136719,290.7300109863281,279.0215759277344,21813000.0,280.2788165614765,282.946857737704,278.5800802068885
2021-08-19 04:00:00,288.69000244140625,297.4700012207031,288.6400146484375,296.7699890136719,284.8182373046875,29850500.0,277.0636542331081,285.490058075922,277.01567958739867
2021-08-20 04:00:00,299.7200012207031,305.8399963378906,298.05999755859375,304.3599853515625,292.1025390625,40817600.0,287.64942035089217,293.52294577742174,286.0562697795544
2021-08-23 04:00:00,303.25,305.3999938964844,301.8500061035156,304.6499938964844,292.3808898925781,22830200.0,291.03727765066435,293.1006853030909,289.6936654087505
2021-08-24 04:00:00,305.0199890136719,305.6499938964844,302.0,302.6199951171875,290.43267822265625,18175800.0,292.7360179434968,293.34065084403505,289.83765196769906
2021-08-25 04:00:00,304.29998779296875,304.5899963378906,300.4200134277344,302.010009765625,289.8472900390625,20006100.0,292.0450447624562,292.32337391750315,288.321326942451
2021-08-26 04:00:00,300.989990234375,302.42999267578125,298.95001220703125,299.0899963378906,287.0448303222656,17666100.0,288.8683063071112,290.2503159413958,286.9104837323351
2021-08-27 04:00:00,298.989990234375,300.8699951171875,296.8299865722656,299.7200012207031,287.6495056152344,22605700.0,286.9488940495873,288.75318629866223,284.8758792924729
2021-08-30 04:00:00,301.1199951171875,304.2200012207031,301.05999755859375,303.5899963378906,291.3635559082031,16348100.0,288.99302872534867,291.968188686325,288.9354474406273
2021-08-31 04:00:00,304.4200134277344,304.5,301.5,301.8800048828125,289.7224426269531,26285300.0,292.16015783837884,292.23692312498054,289.35774161636004
2021-09-01 04:00:00,302.8699951171875,305.19000244140625,301.489990234375,301.8299865722656,289.6744079589844,18983800.0,290.67253231019225,292.899106136523,289.34810427058954
2021-09-02 04:00:00,302.20001220703125,303.3599853515625,300.17999267578125,301.1499938964844,289.0218811035156,16285600.0,290.02961237848854,291.14287031326114,288.0909444169398
2021-09-03 04:00:00,300.989990234375,302.6000061035156,300.260009765625,301.1400146484375,289.01226806640625,14747900.0,288.8682855530755,290.41346160185293,288.16770342962735
2021-09-07 04:00:00,301.010009765625,301.0899963378906,298.20001220703125,300.17999267578125,288.0909118652344,17180400.0,288.8875018649386,288.96426715610795,286.1906707011484
2021-09-08 04:00:00,299.7799987792969,300.6099853515625,297.4700012207031,300.2099914550781,288.1197204589844,15046800.0,287.70704475507114,288.50360551584674,285.49007706649724
2021-09-09 04:00:00,300.82000732421875,302.1400146484375,297.0,297.25,285.2789611816406,19927000.0,288.705194927188,289.97204208683576,285.0390293387629
2021-09-10 04:00:00,298.4200134277344,299.9200134277344,295.3800048828125,295.7099914550781,283.80096435546875,19633400.0,286.40184654237044,287.84143755665605,283.48426721928973
2021-09-13 04:00:00,297.54998779296875,298.5400085449219,294.0799865722656,296.989990234375,285.0294189453125,23652900.0,285.56686392320825,286.51701392472955,282.2366088163071
2021-09-14 04:00:00,299.55999755859375,301.3900146484375,298.1000061035156,299.7900085449219,287.7166748046875,21853400.0,287.49592696697243,289.2522444456008,286.0947332155957
2021-09-15 04:00:00,303.260009765625,305.32000732421875,301.82000732421875,304.82000732421875,292.5441589355469,28356300.0,291.0469863000417,293.024022710736,289.6649762844122
2021-09-16 04:00:00,303.760009765625,305.30999755859375,300.760009765625,305.2200012207031,292.927978515625,19550800.0,291.5267848065768,293.01435046119434,288.6476028000496
2021-09-17 04:00:00,304.1700134277344,304.5,299.5299987792969,299.8699951171875,287.7934265136719,41372500.0,291.9202715592397,292.23696868760265,287.4671227397801
2021-09-20 04:00:00,296.3299865722656,298.7200012207031,289.5199890136719,294.29998779296875,282.44775390625,38278700.0,284.395999300158,286.6897617780861,277.86025823894886
2021-09-21 04:00:00,295.69000244140625,297.5400085449219,294.07000732421875,294.79998779296875,282.9275817871094,22364100.0,283.78175309872546,285.5572543702067,282.22699963878074
2021-09-22 04:00:00,296.7300109863281,300.2200012207031,294.510009765625,298.5799865722656,286.5553894042969,26626300.0,284.7799171748866,288.12935637243464,282.64932121103874
2021-09-23 04:00:00,298.8500061035156,300.8999938964844,297.5299987792969,299.55999755859375,287.4958801269531,18604600.0,286.81448200996863,288.781911071233,285.5476350659735
2021-09-24 04:00:00,298.2300109863281,299.79998779296875,296.92999267578125,299.3500061035156,287.29437255859375,14999000.0,286.2194826708354,287.72623226962907,284.9718196101101
2021-09-27 04:00:00,296.1400146484375,296.4700012207031,292.94000244140625,294.1700134277344,282.322998046875,23571700.0,284.21366203503686,284.53035916304015,281.142522901756
2021-09-28 04:00:00,289.79998779296875,290.7799987792969,282.75,283.5199890136719,272.10186767578125,43186200.0,278.12895381807755,279.0694970956445,271.3628882146194
2021-09-29 04:00:00,285.1000061035156,286.7699890136719,283.010009765625,284.0,272.5625305175781,26353700.0,273.61823631743374,275.22096437346653,271.6124099419833
2021-09-30 04:00:00,285.7099914550781,287.8299865722656,281.6199951171875,281.9200134277344,270.5663146972656,32343600.0,274.20365982638276,276.23827687630234,270.278378953934
2021-10-01 04:00:00,282.1199951171875,289.9800109863281,281.2900085449219,289.1000061035156,277.45721435546875,30086300.0,270.7583061453329,278.301779205865,269.9617452410387
2021-10-04 04:00:00,287.3999938964844,287.75,280.25,283.1099853515625,271.7084655761719,31350700.0,275.8257051627655,276.1616156789927,268.9636587108174
2021-10-05 04:00:00,284.04998779296875,290.3999938964844,284.04998779296875,288.760009765625,277.13079833984375,24993000.0,272.6104627485689,278.70473550593067,272.6104627485689
2021-10-06 04:00:00,285.7799987792969,293.6300048828125,285.510009765625,293.1099853515625,281.3056335449219,28002600.0,274.270845855537,281.80471044780717,274.0117300480355
2021-10-07 04:00:00,295.17999267578125,296.6400146484375,293.9200134277344,294.8500061035156,282.9755859375,20430500.0,283.2922830435044,284.6935059183277,282.08304662293614
2021-10-08 04:00:00,296.2200012207031,296.6400146484375,293.760009765625,294.8500061035156,282.9755859375,17685700.0,284.2904075857707,284.6935059183277,281.92948674808355
2021-10-11 04:00:00,292.9200134277344,297.9700012207031,292.75,294.2300109863281,282.3805236816406,19298600.0,281.1232834858587,285.9698937714107,280.96011698698385
2021-10-12 04:00:00,295.3399963378906,295.44000244140625,292.3500061035156,292.8800048828125,281.0849304199219,17974100.0,283.44585132765303,283.54182991335233,280.57627613312303
2021-10-13 04:00:00,294.9100036621094,297.2799987792969,293.489990234375,296.30999755859375,284.37677001953125,23416300.0,283.0331577701654,285.307706593833,281.67033223174053
2021-10-14 04:00:00,299.2099914550781,303.2699890136719,297.8299865722656,302.75,290.55743408203125,27262900.0,287.1599913093113,291.05648172385895,285.83556297646015
2021-10-15 04:00:00,302.3399963378906,304.45001220703125,300.5199890136719,304.2099914550781,291.9586486816406,25384800.0,290.1639632249141,292.1890031616516,288.4172524202229
2021-10-18 04:00:00,303.57000732421875,308.2099914550781,302.69000244140625,307.2900085449219,294.9145812988281,22729300.0,291.34439492137415,295.79751392665924,290.4998302940227
2021-10-19 04:00:00,308.3500061035156,309.29998779296875,307.2200012207031,308.2300109863281,295.8166809082031,17682100.0,295.93184346871436,296.8435665984587,294.84734720965776
2021-10-20 04:00:00,309.2099914550781,309.70001220703125,306.1099853515625,307.4100036621094,295.0297546386719,16537100.0,296.75725195686545,297.2275382211196,293.7820916523756
2021-10-21 04:00:00,307.1700134277344,311.0199890136719,306.3599853515625,310.760009765625,298.2447814941406,16918100.0,294.7993649678428,298.49429060596367,294.0219591273545
2021-10-22 04:00:00,310.3999938964844,311.0899963378906,307.79998779296875,309.1600036621094,296.7093200683594,17449300.0,297.89937264623074,298.5615868809637,295.40407560259746
2021-10-25 04:00:00,309.3599853515625,309.3999938964844,306.4599914550781,308.1300048828125,295.720703125,17554500.0,296.9011486618996,296.93954594501974,294.1179460508695
2021-10-26 04:00:00,311.0,312.3999938964844,308.6000061035156,310.1099853515625,297.6210021972656,28107300.0,298.4751735047065,299.81878579139044,296.1718339720267
2021-10-27 04:00:00,316.0,326.1000061035156,316.0,323.1700134277344,310.1551208496094,52588700.0,303.27386241357704,312.96711513957035,303.27386241357704
2021-10-28 04:00:00,324.3299865722656,324.8699951171875,321.3599853515625,324.3500061035156,311.28753662109375,26297900.0,311.2683233315921,311.7865842427679,308.417932252952
2021-10-29 04:00:00,324.1300048828125,332.0,323.8999938964844,331.6199951171875,318.2647705078125,34766000.0,311.0764222231841,318.62947157711153,310.8556743947785
2021-11-01 04:00:00,331.3599853515625,331.489990234375,326.3699951171875,329.3699951171875,316.1053161621094,27073200.0,318.01516375454963,318.1399329660543,313.2261348081766
2021-11-02 04:00:00,330.30999755859375,333.45001220703125,330.0,333.1300048828125,319.71392822265625,26487100.0,317.0074904775489,320.02104795725353,316.7099773873297
2021-11-03 04:00:00,333.8999938964844,334.8999938964844,330.6499938964844,334.0,320.54888916015625,21500100.0,320.45291058114077,321.4126377941951,317.3337971387141
2021-11-04 04:00:00,332.8900146484375,336.5400085449219,329.510009765625,336.44000244140625,322.8907165527344,23992200.0,319.4836957053107,322.9866951586953,316.23981212831796
2021-11-05 04:00:00,338.510009765625,338.7900085449219,334.4200134277344,336.05999755859375,322.5260009765625,22570100.0,324.87734491876967,325.14606743028844,320.952063205826
2021-11-08 05:00:00,337.29998779296875,337.6499938964844,334.44000244140625,336.989990234375,323.41845703125,20897000.0,323.7159701176598,324.05188049254014,320.9711644072854
2021-11-09 05:00:00,337.1099853515625,338.7200012207031,334.5299987792969,335.95001220703125,322.4203796386719,21307400.0,323.5336374688277,325.078813563159,321.0575540639552
2021-11-10 05:00:00,334.57000732421875,334.6300048828125,329.9200134277344,330.79998779296875,317.4777526855469,25500900.0,321.09594304990367,321.15352434002415,316.6332173342628
2021-11-11 05:00:00,331.25,333.7699890136719,330.510009765625,332.42999267578125,319.0421142578125,16849800.0,317.90964316198944,320.328145224204,317.1994543880921
2021-11-12 05:00:00,333.9200134277344,337.2300109863281,333.7900085449219,336.7200012207031,323.15936279296875,23831000.0,320.47213819174647,323.64883306583664,320.34736896230555
2021-11-15 05:00:00,337.5400085449219,337.8800048828125,334.0299987792969,336.07000732421875,322.5354919433594,16723000.0,323.94629194497753,324.2725956427505,320.5776404681747
2021-11-16 05:00:00,335.67999267578125,340.6700134277344,335.510009765625,339.510009765625,325.8370361328125,20886800.0,322.16126404658087,326.95032335349225,321.99812680159425
2021-11-17 05:00:00,338.94000244140625,342.19000244140625,338.0,339.1199951171875,326.05816650390625,19053400.0,325.8851065761686,329.0099268651389,324.9813100529108
2021-11-18 05:00:00,338.17999267578125,342.45001220703125,337.1199951171875,341.2699890136719,328.1252746582031,22463500.0,325.15429587394624,329.2598468353323,324.1351262978114
2021-11-19 05:00:00,342.6400146484375,345.1000061035156,342.20001220703125,343.1099853515625,329.89447021484375,21963400.0,329.44260130183307,331.8078416400719,329.01954636756113
2021-11-22 05:00:00,344.6199951171875,349.6700134277344,339.54998779296875,339.8299865722656,326.7407531738281,31031100.0,331.34626493417426,336.20177166262135,326.4715391090011
2021-11-23 05:00:00,337.04998779296875,339.45001220703125,333.55999755859375,337.67999267578125,324.673583984375,30427600.0,324.06784497801704,326.3754277340728,320.7122785777508
2021-11-24 05:00:00,336.2799987792969,338.1600036621094,333.9100036621094,337.9100036621094,324.8947448730469,21661300.0,323.3275227878649,325.13511563845185,321.04881262656716
2021-11-26 05:00:00,334.3500061035156,337.92999267578125,328.1199951171875,329.67999267578125,316.9817810058594,24217200.0,321.4719205549108,324.91401757282057,315.48186952965966
2021-11-29 05:00:00,334.94000244140625,339.0299987792969,334.739990234375,336.6300048828125,323.6640625,28563500.0,322.03915370433015,325.9716160847785,321.84684534637535
2021-11-30 05:00:00,335.32000732421875,337.7799987792969,328.989990234375,330.5899963378906,317.8566589355469,42885600.0,322.40448405275345,324.7697239982536,316.31828027928486
2021-12-01 05:00:00,335.1300048828125,339.2799987792969,329.3900146484375,330.0799865722656,317.3663024902344,33337600.0,322.22180934894953,326.21195801552415,316.70290620086416
2021-12-02 05:00:00,330.29998779296875,333.489990234375,327.79998779296875,329.489990234375,316.7990417480469,30766000.0,317.57784067361735,320.6449739601022,315.1741330410827
2021-12-03 05:00:00,331.989990234375,332.70001220703125,318.0299987792969,323.010009765625,310.56866455078125,41779300.0,319.20276398285586,319.8854381080619,305.7804681645628
2021-12-06 05:00:00,323.95001220703125,327.45001220703125,319.2300109863281,326.19000244140625,313.6261901855469,30032600.0,311.4724773249387,314.8376683407075,306.93427569570224
2021-12-07 05:00:00,331.6400146484375,335.79998779296875,330.1000061035156,334.9200134277344,322.01995849609375,31021900.0,318.8662948497607,322.8660390443126,317.38560254163633
2021-12-08 05:00:00,335.30999755859375,335.5,330.79998779296875,334.9700012207031,322.0679626464844,24761000.0,322.3948633464057,322.57754746432244,318.05856561396024
2021-12-09 05:00:00,334.4100036621094,336.489990234375,332.1199951171875,333.1000061035156,320.27001953125,22214200.0,321.5295600175577,323.5294319116375,319.3277555505204
2021-12-10 05:00:00,334.9800109863281,343.0,334.7900085449219,342.5400085449219,329.3464050292969,38095700.0,322.0775956761069,329.7886790069199,321.894911553193
2021-12-13 05:00:00,340.67999267578125,343.7900085449219,339.0799865722656,339.3999938964844,326.3273620605469,28899400.0,327.55805926915104,330.54828700278097,326.0196804228618
2021-12-14 05:00:00,333.2200012207031,334.6400146484375,324.1099853515625,328.3399963378906,315.6933288574219,44438700.0,320.3853706539691,321.75068944249216,311.6262451506804
2021-12-15 05:00:00,328.6099853515625,335.19000244140625,324.5,334.6499938964844,321.7603454589844,35381100.0,315.9529787432078,322.2795546002779,312.0012968945024
2021-12-16 05:00:00,335.7099914550781,336.760009765625,323.0199890136719,324.8999938964844,312.3858947753906,35034800.0,322.77952611826163,323.7891011125143,310.5783016127801
2021-12-17 05:00:00,320.8800048828125,324.9200134277344,317.25,323.79998779296875,311.3282775878906,47750300.0,308.5207628124847,312.4051635201681,305.03057377478706
2021-12-20 05:00:00,320.04998779296875,322.79998779296875,317.57000732421875,319.9100036621094,307.5880432128906,28326500.0,307.722635580741,310.3667139438823,305.3381764176737
2021-12-21 05:00:00,323.2900085449219,327.7300109863281,319.79998779296875,327.2900085449219,314.68377685546875,24740600.0,310.8378448851712,315.1068317195721,307.4822492884366
2021-12-22 05:00:00,328.29998779296875,333.6099853515625,325.75,333.20001220703125,320.3661193847656,24831500.0,315.6548296221217,320.7603015592964,313.20305992289275
2021-12-23 05:00:00,332.75,336.3900146484375,332.7300109863281,334.69000244140625,321.7988586425781,19617800.0,319.93357863165926,323.43339204336854,319.9143595281961
2021-12-27 05:00:00,335.4599914550781,342.4800109863281,335.42999267578125,342.45001220703125,329.2598876953125,19947000.0,322.539101111183,329.28873101360773,322.51025779288784
2021-12-28 05:00:00,343.1499938964844,343.80999755859375,340.32000732421875,341.25,328.1060791015625,15661500.0,329.93289096293216,330.5674732743384,327.21190693909
2021-12-29 05:00:00,341.29998779296875,344.29998779296875,339.67999267578125,341.95001220703125,328.7791442871094,15042000.0,328.15415682405353,331.0386060056612,326.59655896072684
2021-12-30 05:00:00,341.9100036621094,343.1300048828125,338.82000732421875,339.32000732421875,326.25042724609375,15994500.0,328.7406647610165,329.91367522578065,325.76968573335654
2021-12-31 05:00:00,338.510009765625,339.3599853515625,335.8500061035156,336.32000732421875,323.3659973144531,18000800.0,325.47164761227714,326.288884758608,322.9140990920403
2022-01-03 05:00:00,335.3500061035156,338.0,329.7799987792969,334.75,321.8564758300781,28865100.0,322.4333715730328,324.9812959837682,317.0779035290574
2022-01-04 05:00:00,334.8299865722656,335.20001220703125,326.1199951171875,329.010009765625,316.3376159667969,32674300.0,321.93342622590194,322.28919967860554,313.5589152681552
2022-01-05 05:00:00,325.8599853515625,326.07000732421875,315.9800109863281,316.3800048828125,304.1939697265625,40054300.0,313.30880899330907,313.5107415320477,303.80938242850283
2022-01-06 05:00:00,313.1499938964844,318.70001220703125,311.489990234375,313.8800048828125,301.79034423828125,39646100.0,301.0884509560254,306.4247001927171,299.49238536143025
2022-01-07 05:00:00,314.1499938964844,316.5,310.0899963378906,314.0400085449219,301.94415283203125,32720000.0,302.0499018859666,304.30939297872214,298.1462829521569
2022-01-10 05:00:00,309.489990234375,314.7200012207031,304.69000244140625,314.2699890136719,302.16522216796875,44289500.0,297.56933505306506,302.59790121232373,292.9542288432168
2022-01-11 05:00:00,313.3800048828125,316.6099853515625,309.8900146484375,314.9800109863281,302.84796142578125,29386800.0,301.30958257691026,304.4151542522141,297.95401590280085
2022-01-12 05:00:00,319.6700134277344,323.4100036621094,317.0799865722656,318.2699890136719,306.01116943359375,34372200.0,307.35726904389804,310.95320590504565,304.8670023701138
2022-01-13 05:00:00,320.4700012207031,320.8800048828125,304.0,304.79998779296875,293.06005859375,45366000.0,308.1265127840826,308.52072440499325,292.2908837943043
2022-01-14 05:00:00,304.25,310.82000732421875,303.75,310.20001220703125,298.2520446777344,39846400.0,292.53120896925554,298.84815945566663,292.0504674590349
2022-01-18 05:00:00,304.07000732421875,309.79998779296875,301.739990234375,302.6499938964844,290.9928894042969,42333200.0,292.358208481325,297.86748852909545,290.1179361568295
2022-01-19 05:00:00,306.2900085449219,313.9100036621094,302.70001220703125,303.3299865722656,291.64666748046875,45933900.0,294.4926786966677,301.8191755170397,291.04095775062984
2022-01-20 05:00:00,309.07000732421875,311.6499938964844,301.1400146484375,301.6000061035156,289.9832763671875,35380700.0,297.1655554938759,299.64616870365205,289.5410024064944
2022-01-21 05:00:00,302.69000244140625,304.1099853515625,295.6099853515625,296.0299987792969,284.62786865234375,57984400.0,291.0313502433303,292.39663994676283,284.22403280045586
2022-01-24 05:00:00,292.20001220703125,297.1099853515625,276.04998779296875,296.3699951171875,284.9547119140625,85731500.0,280.9453442370806,285.6661999443274,265.41737031888897
2022-01-25 05:00:00,291.5199890136719,294.989990234375,285.1700134277344,288.489990234375,277.3782653808594,72848600.0,280.2915581603582,283.6279058744891,274.1861636133682
2022-01-26 05:00:00,307.989990234375,308.5,293.0299987792969,296.7099914550781,285.2817077636719,90428900.0,296.12723844347425,296.6176043263356,281.7434561869176
2022-01-27 05:00:00,302.6600036621094,307.29998779296875,297.92999267578125,299.8399963378906,288.2910461425781,53481300.0,291.0024351218943,295.46370078193985,286.4546101746923
2022-01-28 05:00:00,300.2300109863281,308.4800109863281,294.45001220703125,308.260009765625,296.38677978515625,49743700.0,288.666071926605,296.5983072336974,283.1087009699881
2022-01-31 05:00:00,308.95001220703125,312.3800048828125,306.3699951171875,310.9800109863281,299.00201416015625,46444500.0,297.05020471160907,300.34808458292423,294.56956197195456
2022-02-01 05:00:00,310.4100036621094,310.6300048828125,305.1300048828125,308.760009765625,296.8675231933594,40950400.0,298.45396439636784,298.6654918462446,293.37733494145994
2022-02-02 05:00:00,309.6300048828125,315.1199951171875,308.8800048828125,313.4599914550781,301.3864440917969,36636000.0,297.703977220742,302.9825093458668,296.9828649919706
2022-02-03 05:00:00,309.489990234375,311.2300109863281,299.9599914550781,301.25,289.6467590332031,43730000.0,297.5693697082304,299.2423701113963,288.40643772478234
2022-02-04 05:00:00,300.2099914550781,308.79998779296875,299.9700012207031,305.94000244140625,294.1561279296875,35096500.0,288.64681946632084,296.9059553802916,288.4160729228112
2022-02-07 05:00:00,306.1700134277344,307.8399963378906,299.8999938964844,300.95001220703125,289.3583679199219,28533300.0,294.37731117460294,295.98297161566165,288.3487929994967
2022-02-08 05:00:00,301.25,305.55999755859375,299.95001220703125,304.55999755859375,292.8292236328125,32421200.0,289.64671764686784,293.7907065129681,288.39680163951715
2022-02-09 05:00:00,309.8699951171875,311.92999267578125,307.3900146484375,311.2099914550781,299.22314453125,31284700.0,297.9347607103794,299.9154135304483,295.5503014236904
2022-02-10 05:00:00,304.0400085449219,309.1199951171875,300.70001220703125,302.3800048828125,290.7332458496094,45386200.0,292.3293112144285,297.21363213902004,289.1179613871902
2022-02-11 05:00:00,303.19000244140625,304.2900085449219,294.2200012207031,295.0400085449219,283.6759948730469,39175600.0,291.5120766241171,292.5697139503908,282.8875716532668
2022-02-14 05:00:00,293.7699890136719,296.760009765625,291.3500061035156,295.0,283.6374816894531,36359500.0,282.45484705008886,285.3297011391844,280.1280746488406
2022-02-15 05:00:00,300.010009765625,300.79998779296875,297.0199890136719,300.4700012207031,288.8968811035156,27058300.0,288.4546070123702,289.2141576740427,285.5797520645728
2022-02-16 05:00:00,298.3699951171875,300.8699951171875,293.67999267578125,299.5,288.5596618652344,29982100.0,287.4709345634299,289.8796128761614,282.9522516965207
2022-02-17 05:00:00,296.3599853515625,296.79998779296875,290.0,290.7300109863281,280.1099548339844,32461600.0,285.5342722610437,285.9582018841707,279.4066103677046
2022-02-18 05:00:00,293.04998779296875,293.8599853515625,286.30999755859375,287.92999267578125,277.4122009277344,34264000.0,282.3451677958216,283.1255769619088,275.8513825955601
2022-02-22 05:00:00,285.0,291.5400085449219,284.5,287.7200012207031,277.2099304199219,41736100.0,274.58928762159644,280.8903974019096,274.1075520292779
2022-02-23 05:00:00,290.17999267578125,291.70001220703125,280.1000061035156,280.2699890136719,270.0320739746094,37811200.0,279.58007749575995,281.04457259903455,269.86830032930663
2022-02-24 05:00:00,272.510009765625,295.1600036621094,271.5199890136719,294.5899963378906,283.8290100097656,56989700.0,262.55557639782796,284.3781957137695,261.6017198059236
2022-02-25 05:00:00,295.1400146484375,297.6300048828125,291.6499938964844,297.30999755859375,286.44964599609375,32546700.0,284.35892976880194,286.75796386461934,280.9963949831395
2022-02-28 05:00:00,294.30999755859375,299.1400146484375,293.0,298.7900085449219,287.8756103515625,34627500.0,283.5592481567503,288.2128312016405,282.29710305164537
2022-03-01 05:00:00,296.3999938964844,299.9700012207031,292.1499938964844,294.95001220703125,284.17584228515625,31217800.0,285.5728578838848,289.01245712557574,281.47810528267394
2022-03-02 05:00:00,295.3599853515625,301.4700012207031,293.70001220703125,300.19000244140625,289.2243957519531,31873000.0,284.57081381078126,290.45763760043087,282.97147763773455
2022-03-03 05:00:00,302.8900146484375,303.1300048828125,294.04998779296875,295.9200134277344,285.1103515625,27314500.0,291.82574561580225,292.0569692471533,283.3086360922176
2022-03-04 05:00:00,294.2900085449219,295.6600036621094,287.1700134277344,289.8599853515625,279.27178955078125,32356500.0,283.5399899491922,284.8599409855132,276.68007868700784
2022-03-07 05:00:00,288.5299987792969,289.69000244140625,278.5299987792969,278.9100036621094,268.7218322753906,43157200.0,277.9904231485337,279.1080535864359,268.3557084109104
2022-03-08 05:00:00,277.79998779296875,283.9599914550781,270.0,275.8500061035156,265.77349853515625,48159500.0,267.6522494658014,273.5872347405663,260.13718693761393
2022-03-09 05:00:00,283.44000244140625,289.6000061035156,280.7799987792969,288.5,277.96148681640625,35204500.0,273.0863240965653,279.0213111908961,270.52348675563985
2022-03-10 05:00:00,283.0199890136719,286.6000061035156,280.5799865722656,285.5899963378906,275.15771484375,30628000.0,272.68158699777644,276.13083008813146,270.33071510240313
2022-03-11 05:00:00,287.9599914550781,289.510009765625,279.42999267578125,280.07000732421875,269.8393859863281,27209300.0,277.44115846333716,278.93455646472097,269.2227503051047
2022-03-14 04:00:00,280.3399963378906,285.3999938964844,275.82000732421875,276.44000244140625,266.34197998046875,30660700.0,270.0995117672135,274.9746736705197,265.74463254293596
2022-03-15 04:00:00,280.3500061035156,287.82000732421875,278.7300109863281,287.1499938964844,276.6607360839844,34245100.0,270.10914399569396,277.3062746946172,268.5483254301358
2022-03-16 04:00:00,289.1099853515625,294.57000732421875,283.20001220703125,294.3900146484375,283.63623046875,37826300.0,278.54907556535204,283.8096481851476,272.854988057363
2022-03-17 04:00:00,293.2900085449219,295.6099853515625,289.3699951171875,295.2200012207031,284.43597412109375,30816600.0,282.5764817272433,284.81171260660994,278.7996616158856
2022-03-18 04:00:00,295.3699951171875,301.0,292.7300109863281,300.42999267578125,289.4556884765625,43390600.0,284.5805258339528,290.0048741986634,282.0369767782839
2022-03-21 04:00:00,298.8900146484375,300.1400146484375,294.8999938964844,299.1600036621094,288.23199462890625,28351200.0,287.9718680378315,289.17620681599607,284.12759866402473
2022-03-22 04:00:00,299.79998779296875,305.0,298.7699890136719,304.05999755859375,292.95306396484375,27599700.0,288.8486670583763,293.85872928601555,287.85629285362114
2022-03-23 04:00:00,300.510009765625,303.2300109863281,297.7200012207031,299.489990234375,288.54998779296875,25715400.0,289.53274726035676,292.1533901687108,286.84465430957243
2022-03-24 04:00:00,299.1400146484375,304.20001220703125,298.32000732421875,304.1000061035156,292.9915771484375,24484500.0,288.21276856606795,293.08793014220737,287.42271518108265
2022-03-25 04:00:00,305.2300109863281,305.5,299.2900085449219,303.67999267578125,292.5869445800781,22566500.0,294.0803426717011,294.3404693263562,288.3573210468133
2022-03-28 04:00:00,304.3299865722656,310.79998779296875,304.3299865722656,310.70001220703125,299.3504333496094,29578200.0,293.21309875258146,299.4467569215403,293.21309875258146
2022-03-29 04:00:00,313.9100036621094,315.82000732421875,309.04998779296875,315.4100036621094,303.88848876953125,30393400.0,302.443281807603,304.2835155341289,297.7607959614938
2022-03-30 04:00:00,313.760009765625,315.95001220703125,311.5799865722656,313.8599853515625,302.39501953125,28163600.0,302.2986959453416,304.40869996608586,300.1983066415058
2022-03-31 04:00:00,313.8999938964844,315.1400146484375,307.8900146484375,308.30999755859375,297.0477600097656,33422100.0,302.43355970417105,303.6282838118876,296.6431186303352
2022-04-01 04:00:00,309.3699951171875,310.1300048828125,305.5400085449219,309.4200134277344,298.1172790527344,27110500.0,298.0690878498517,298.8013353889546,294.3790059993479
2022-04-04 04:00:00,310.0899963378906,315.1099853515625,309.7099914550781,314.9700012207031,303.4645080566406,24289600.0,298.76276415932574,303.5993787276326,298.39664041936675
2022-04-05 04:00:00,313.2699890136719,314.8699951171875,309.8699951171875,310.8800048828125,299.52392578125,23156700.0,301.82660661689823,303.3681663887453,298.5508104784777
2022-04-06 04:00:00,305.19000244140625,307.0,296.7099914550781,299.5,288.5596618652344,40110400.0,294.0418160572362,295.7856968034289,285.8715686354388
2022-04-07 04:00:00,296.6600036621094,303.6499938964844,296.3500061035156,301.3699951171875,290.36126708984375,31411200.0,285.8233266543766,292.5579799187454,285.5246529796034
2022-04-08 04:00:00,300.44000244140625,301.1199951171875,296.2799987792969,296.9700012207031,286.1220397949219,24361900.0,289.4652859924413,290.1204393434208,285.4572423231668
2022-04-11 04:00:00,291.7900085449219,292.6099853515625,285.0,285.260009765625,274.83978271484375,34569300.0,281.13124798929533,281.921271966205,274.5892708132743
2022-04-12 04:00:00,289.239990234375,290.739990234375,280.489990234375,282.05999755859375,271.7567443847656,30966700.0,278.6744620730792,280.1196691925059,270.24408720975697
2022-04-13 04:00:00,282.7300109863281,288.5799865722656,281.29998779296875,287.6199951171875,277.11358642578125,21907200.0,272.4022274692682,278.0385105603026,271.02444128433206
2022-04-14 04:00:00,288.0899963378906,288.30999755859375,279.32000732421875,279.8299865722656,269.6081848144531,28221600.0,277.56646786602556,277.7784327469066,269.1168344018573
2022-04-18 04:00:00,278.9100036621094,282.4599914550781,278.3399963378906,280.5199890136719,270.27294921875,20778000.0,268.72177459231517,272.1420858288505,268.1725889134815
2022-04-19 04:00:00,279.3800048828125,286.1700134277344,278.4100036621094,285.29998779296875,274.8783264160156,22297700.0,269.17459327763214,275.71657107306396,268.2400250211419
2022-04-20 04:00:00,289.3999938964844,289.70001220703125,285.3699951171875,286.3599853515625,275.8996276855469,22906700.0,278.8285886738467,279.11764770587973,274.94580050630236
2022-04-21 04:00:00,288.5799865722656,293.29998779296875,280.05999755859375,280.80999755859375,270.55230712890625,29454600.0,278.03846671115735,282.5860513093376,269.82970383090816
2022-04-22 04:00:00,281.67999267578125,283.20001220703125,273.3800048828125,274.0299987792969,264.0199279785156,29405800.0,271.3904744390606,272.8549690161298,263.39367777780495
2022-04-25 04:00:00,273.2900085449219,281.1099853515625,270.7699890136719,280.7200012207031,270.4656677246094,35678900.0,263.3070829372568,270.84140624661075,260.8791164146194
2022-04-26 04:00:00,277.5,278.3599853515625,270.0,270.2200012207031,260.34918212890625,46518400.0,267.3632511079873,268.19182220528097,260.13721729425794
2022-04-27 04:00:00,282.1000061035156,290.9700012207031,279.1600036621094,283.2200012207031,272.8743591308594,63477700.0,271.7952759145788,280.34126215377194,268.962667770436
2022-04-28 04:00:00,285.19000244140625,290.9800109863281,281.4599914550781,289.6300048828125,279.0501708984375,33646600.0,274.77235637930573,280.35086291082894,271.1785981856094
2022-04-29 04:00:00,288.6099853515625,289.8800048828125,276.5,277.5199890136719,267.38250732421875,37073900.0,278.0673990236614,279.2910262219157,266.3997773201998
2022-05-02 04:00:00,277.7099914550781,284.94000244140625,276.2200012207031,284.4700012207031,274.0786437988281,35151100.0,267.56556930704056,274.5314764230111,266.1300066784379
2022-05-03 04:00:00,283.9599914550781,284.1300048828125,280.1499938964844,281.7799987792969,271.4869384765625,25978600.0,273.5872988286567,273.7511018849256,269.9164755719785
2022-05-04 04:00:00,282.5899963378906,290.8800048828125,276.7300109863281,289.9800109863281,279.3874206542969,33599300.0,272.2673535703565,280.2545389514792,266.6214258152803
2022-05-05 04:00:00,285.5400085449219,286.3500061035156,274.3399963378906,277.3500061035156,267.2187805175781,43260400.0,275.109613099755,275.8900225285143,264.3187223916875
2022-05-06 04:00:00,274.80999755859375,279.25,271.2699890136719,274.7300109863281,264.6944580078125,37780300.0,264.77152276793004,269.04933732325316,261.36082642726797
2022-05-09 04:00:00,270.05999755859375,272.3599853515625,263.32000732421875,264.5799865722656,254.9152069091797,47726000.0,260.19503987214216,262.41101195577926,253.70125314465557
2022-05-10 04:00:00,271.69000244140625,273.75,265.07000732421875,269.5,259.655517578125,39336400.0,261.765522095456,263.7502706382624,255.38734673917406
2022-05-11 04:00:00,265.67999267578125,271.3599853515625,259.29998779296875,260.54998779296875,251.03237915039062,48975900.0,255.97499051527322,261.447499215182,249.82804029550908
2022-05-12 04:00:00,257.69000244140625,259.8800048828125,250.02000427246094,255.35000610351562,246.02236938476562,51033800.0,248.27688839647124,250.3868926130945,240.88706627938942
2022-05-13 04:00:00,257.3500061035156,263.0400085449219,255.35000610351562,261.1199951171875,251.5816192626953,34925100.0,247.949343073978,253.43149708204328,246.02240048844536
2022-05-16 04:00:00,259.9599914550781,265.82000732421875,255.77999877929688,261.5,251.94772338867188,32550900.0,250.46396948086246,256.10992610515103,246.43666684818785
2022-05-17 04:00:00,266.1099853515625,268.3299865722656,262.4599914550781,266.82000732421875,257.07342529296875,28828800.0,256.3893394840578,258.52824699584437,252.87267503794862
2022-05-18 04:00:00,263.0,263.6000061035156,252.77000427246094,254.0800018310547,245.3689422607422,31356000.0,253.98312086554714,254.56255593288276,244.10385759056012
2022-05-19 04:00:00,253.89999389648438,257.6700134277344,251.8800048828125,253.13999938964844,244.46115112304688,32692300.0,245.19508938818183,248.83585464293373,243.24435524609143
2022-05-20 04:00:00,257.239990234375,258.5400085449219,246.44000244140625,252.55999755859375,243.90101623535156,39199300.0,248.4205560699694,249.67600344933274,237.9908442252686
2022-05-23 04:00:00,255.49000549316406,261.5,253.42999267578125,260.6499938964844,251.71363830566406,33175400.0,246.73055952174275,252.53450204595984,244.74117401105033
2022-05-24 04:00:00,257.8900146484375,261.3299865722656,253.5,259.6199951171875,250.71893310546875,29043900.0,249.0482649536474,252.3702975662189,244.80876179643943
2022-05-25 04:00:00,258.1400146484375,264.5799865722656,257.1300048828125,262.5199890136719,253.51950073242188,28547900.0,249.28969362909612,255.5088713495961,248.31431201157372
2022-05-26 04:00:00,262.2699890136719,267.1099853515625,261.42999267578125,265.8999938964844,256.78363037109375,25002100.0,253.27807996316005,257.9521373499767,252.46688284359203
2022-05-27 04:00:00,268.4800109863281,273.3399963378906,267.55999755859375,273.239990234375,263.8720397949219,26910800.0,259.2752549960121,263.96861721941957,258.3867839504424
2022-05-31 04:00:00,272.5299987792969,274.7699890136719,268.92999267578125,271.8699951171875,262.5490417480469,37827700.0,263.1864174502178,265.34961052088613,259.70983610714705
2022-06-01 04:00:00,275.20001220703125,277.69000244140625,270.0400085449219,272.4200134277344,263.08013916015625,25292200.0,265.7648261496329,268.16944748829445,260.78173234380733
2022-06-02 04:00:00,264.45001220703125,274.6499938964844,261.6000061035156,274.5799865722656,265.16607666015625,44008200.0,255.38340607068776,265.2336837998182,252.63111175251524
2022-06-03 04:00:00,270.30999755859375,273.45001220703125,268.4100036621094,270.0199890136719,260.7624206542969,28059000.0,261.0424863281772,264.074846353105,259.20763325124227
2022-06-06 04:00:00,272.05999755859375,274.17999267578125,267.2200012207031,268.75,259.5359191894531,22400300.0,262.7324336411163,264.779744827782,258.0583763446399
2022-06-07 04:00:00,266.6400146484375,273.1300048828125,265.94000244140625,272.5,263.15740966796875,22860700.0,257.49833236224606,263.76581500022235,256.82231988834405
2022-06-08 04:00:00,271.7099914550781,273.0,269.6099853515625,270.4100036621094,261.1390686035156,17372300.0,262.39448666074105,263.6402676057848,260.3664787079768
2022-06-09 04:00:00,267.7799987792969,272.7099914550781,264.6300048828125,264.7900085449219,255.7117919921875,26439700.0,258.5992716409578,263.36024154522255,255.55727398983487
2022-06-10 04:00:00,260.5799865722656,260.5799865722656,252.52999877929688,252.99000549316406,244.31626892089844,31422800.0,251.64602827171365,251.64602827171365,243.87203349036625
2022-06-13 04:00:00,245.11000061035156,249.02000427246094,241.52999877929688,242.25999450683594,233.9541778564453,46135800.0,236.70647229198008,240.48242256411086,233.24920982974828
2022-06-14 04:00:00,243.86000061035156,245.74000549316406,241.50999450683594,244.49000549316406,236.10768127441406,28651500.0,235.49927606876005,237.31482510427205,233.22983977437005
2022-06-15 04:00:00,248.30999755859375,255.3000030517578,246.4199981689453,251.75999450683594,243.12844848632812,33111700.0,239.79673406143797,246.54708847653447,237.97153296010552
2022-06-16 04:00:00,245.97999572753906,247.4199981689453,243.02000427246094,244.97000122070312,236.57125854492188,33169200.0,237.5466256119709,238.9372578860195,234.6881168136664
2022-06-17 04:00:00,244.6999969482422,250.5,244.02999877929688,247.64999389648438,239.1593475341797,43084800.0,236.31049083013178,241.9116415660145,235.6634634572943
2022-06-21 04:00:00,250.25999450683594,254.75,249.50999450683594,253.74000549316406,245.04055786132812,29928300.0,241.67985866138912,246.0159248197663,240.95557232727793
2022-06-22 04:00:00,251.88999938964844,257.1700134277344,250.3699951171875,253.1300048828125,244.45147705078125,25939900.0,243.253984977507,248.35297445153836,241.78609384504884
2022-06-23 04:00:00,255.57000732421875,259.3699951171875,253.6300048828125,258.8599853515625,249.98501586914062,25861400.0,246.80783416507126,250.4775400388381,244.9343443692557
2022-06-24 04:00:00,261.80999755859375,267.9800109863281,261.7200012207031,267.70001220703125,258.52197265625,33923200.0,252.8338959418169,258.79237173531016,252.74698510975713
2022-06-27 04:00:00,268.2099914550781,268.29998779296875,263.2799987792969,264.8900146484375,255.8082733154297,24615100.0,259.01442487792315,259.1013356957246,254.25345676244666
2022-06-28 04:00:00,263.9800109863281,266.9100036621094,256.32000732421875,256.4800109863281,247.68666076660156,27295500.0,254.9295252245594,257.7590638663584,247.53214278827687
2022-06-29 04:00:00,257.5899963378906,261.9700012207031,255.75999450683594,260.260009765625,251.33702087402344,20069800.0,248.75854859461052,252.98838543989126,246.99128819672805
2022-06-30 04:00:00,257.04998779296875,259.5299987792969,252.89999389648438,256.8299865722656,248.02462768554688,31730900.0,248.23708621339836,250.63207057542505,244.22937393334024
2022-07-01 04:00:00,256.3900146484375,259.7699890136719,254.61000061035156,259.5799865722656,250.6803436279297,22837700.0,247.59973919232516,250.86383187727745,245.88075254538774
2022-07-05 04:00:00,256.1600036621094,262.9800109863281,254.74000549316406,262.8500061035156,253.83822631835938,22941000.0,247.3775897790424,253.96377399992517,246.00627607080364
2022-07-06 04:00:00,263.75,267.989990234375,262.3999938964844,266.2099914550781,257.0830993652344,23824400.0,254.70744763170356,258.8020716718211,253.40372589174646
2022-07-07 04:00:00,265.1199951171875,269.05999755859375,265.0199890136719,268.3999938964844,259.19793701171875,20859900.0,256.0303925395583,259.8353125390256,255.93381513155052
2022-07-08 04:00:00,264.7900085449219,268.1000061035156,263.2900085449219,267.6600036621094,258.4833679199219,19658800.0,255.7117696472832,258.90828502143717,254.26319665701553
2022-07-11 04:00:00,265.6499938964844,266.5299987792969,262.17999267578125,264.510009765625,255.44134521484375,19455200.0,256.5422452532518,257.3920793720454,253.1912122224075
2022-07-12 04:00:00,265.8800048828125,265.94000244140625,252.0399932861328,253.6699981689453,244.9729766845703,35868500.0,256.76436593684815,256.82230649201273,243.39885616958918
2022-07-13 04:00:00,250.19000244140625,253.5500030517578,248.11000061035156,252.72000122070312,244.0555419921875,29497400.0,241.61228376039588,244.8570873615849,239.603594413408
2022-07-14 04:00:00,250.57000732421875,255.13999938964844,245.94000244140625,254.0800018310547,245.3689422607422,25102800.0,241.97928690307253,246.39259810880876,237.5080204020861
2022-07-15 04:00:00,255.72000122070312,260.3699951171875,254.77000427246094,256.7200012207031,247.9183807373047,29774100.0,246.95266564086322,251.44323494505886,246.0352392463724
2022-07-18 04:00:00,259.75,260.8399963378906,253.3000030517578,254.25,245.53309631347656,20975000.0,250.84453005870418,251.89715611893087,244.6156697955208
2022-07-19 04:00:00,257.5799865722656,259.7200012207031,253.67999267578125,259.5299987792969,250.63209533691406,25012600.0,248.74893867803232,250.81558360506327,244.98265483156152
2022-07-20 04:00:00,259.8999938964844,264.8699951171875,258.9100036621094,262.2699890136719,253.27809143066406,22788300.0,250.98935133409913,255.78895661231545,250.0333028054799
2022-07-21 04:00:00,259.7900085449219,264.8900146484375,257.0299987792969,264.8399963378906,255.75999450683594,22404700.0,250.88314483137592,255.80829794667736,248.21776161035194
2022-07-22 04:00:00,265.239990234375,265.3299865722656,259.07000732421875,260.3599853515625,251.43360900878906,21881300.0,256.14630415666,256.23321499283503,250.18785755232344
2022-07-25 04:00:00,261.0,261.5,256.80999755859375,258.8299865722656,249.95602416992188,21056000.0,252.05163888587902,252.5344964316374,248.00529029472085
2022-07-26 04:00:00,259.8599853515625,259.8800048828125,249.57000732421875,251.89999389648438,243.2636260986328,39348000.0,250.95070998904438,250.97004315253255,241.01352289869635
2022-07-27 04:00:00,261.1600036621094,270.04998779296875,258.8500061035156,268.739990234375,259.52630615234375,45994000.0,252.20619754450755,260.7913907687193,249.97539768074358
2022-07-28 04:00:00,269.75,277.8399963378906,267.8699951171875,276.4100036621094,266.933349609375,33459300.0,260.5016826567174,268.31431531179504,258.68613331334205
2022-07-29 04:00:00,277.70001220703125,282.0,276.6300048828125,280.739990234375,271.1148986816406,32152800.0,268.17914544538223,272.33170936707273,267.1458230211277
2022-08-01 04:00:00,277.82000732421875,281.2799987792969,275.8399963378906,278.010009765625,268.4785461425781,21539600.0,268.29505785999686,271.6364248715957,266.38293077002675
2022-08-02 04:00:00,276.0,277.8900146484375,272.3800048828125,274.82000732421875,265.3978576660156,22754200.0,266.5373945260248,268.3626103956282,263.0415102262708
2022-08-03 04:00:00,276.760009765625,283.5,276.6099853515625,282.4700012207031,272.7855529785156,23518900.0,267.27132785781305,273.7802383800219,267.1264470117995
2022-08-04 04:00:00,281.79998779296875,283.79998779296875,280.1700134277344,283.6499938964844,273.925048828125,18098700.0,272.13847021665924,274.0699001812098,270.5643795514278
2022-08-05 04:00:00,279.1499938964844,283.6499938964844,278.67999267578125,282.9100036621094,273.21051025390625,16774600.0,269.5794114121241,273.9251301220604,269.1255240569013
2022-08-08 04:00:00,284.04998779296875,285.9200134277344,279.32000732421875,280.32000732421875,270.7093200683594,18739200.0,274.31141927705306,276.11733164460054,269.74360476800535
2022-08-09 04:00:00,279.6400146484375,283.0799865722656,277.6099853515625,282.29998779296875,272.6214294433594,23405200.0,270.0526525666318,273.37468623177955,268.0922221285978
2022-08-10 04:00:00,288.1700134277344,289.80999755859375,286.94000244140625,289.1600036621094,279.2462158203125,24687800.0,278.29016718582943,279.8739248174104,277.1023268586765
2022-08-11 04:00:00,290.8500061035156,291.2099914550781,286.510009765625,287.0199890136719,277.1795349121094,20065900.0,280.8782402159332,281.22588350260514,276.6870402559907
2022-08-12 04:00:00,288.4800109863281,291.9100036621094,286.94000244140625,291.9100036621094,281.9019775390625,22619700.0,278.5895808890098,281.9019775390625,277.1023709654231
2022-08-15 04:00:00,291.0,294.17999267578125,290.1099853515625,293.4700012207031,283.408447265625,18085700.0,281.02312948938925,284.09409682100915,280.1636287959346
2022-08-16 04:00:00,291.989990234375,294.0400085449219,290.4200134277344,292.7099914550781,282.6744384765625,18102900.0,281.97912247538005,283.95885597173196,280.4629722748616
2022-08-17 04:00:00,289.739990234375,293.3500061035156,289.4700012207031,291.32000732421875,281.9293212890625,18253400.0,280.4002359720042,283.8938831580585,280.1389500408416
2022-08-18 04:00:00,290.19000244140625,291.9100036621094,289.0799865722656,290.1700134277344,280.8164367675781,17186200.0,280.8357814390951,282.5003387388935,279.76154672598557
2022-08-19 04:00:00,288.8999938964844,289.25,285.55999755859375,286.1499938964844,276.9259948730469,20570000.0,279.5873490654093,279.9260727784797,276.3550169722019
2022-08-22 04:00:00,282.0799865722656,282.4599914550781,277.2200012207031,277.75,268.79669189453125,25061100.0,272.98710077508116,273.35485615007224,268.28377769621216
2022-08-23 04:00:00,276.44000244140625,278.8599853515625,275.3999938964844,276.44000244140625,267.5289611816406,17527400.0,267.5289611816406,269.87093596211275,266.52247730381634
2022-08-24 04:00:00,275.4100036621094,277.2300109863281,275.1099853515625,275.7900085449219,266.8999328613281,18137000.0,266.5321774149117,268.29351690361904,266.24183017802443
2022-08-25 04:00:00,277.3299865722656,279.0199890136719,274.5199890136719,278.8500061035156,269.8612976074219,16583400.0,268.39027578883355,270.0258011315452,265.67085828538086
2022-08-26 04:00:00,279.0799865722656,280.3399963378906,267.9800109863281,268.0899963378906,259.4480895996094,27549300.0,270.08381644498274,271.3032096749944,259.34164963640063
2022-08-29 04:00:00,265.8500061035156,267.3999938964844,263.8500061035156,265.2300109863281,256.68035888671875,20338500.0,257.28036854850586,258.78039270297364,255.34483826720634
2022-08-30 04:00:00,266.6700134277344,267.04998779296875,260.6600036621094,262.9700012207031,254.49313354492188,22767100.0,258.07387544076863,258.44160128944475,252.2575990184028
2022-08-31 04:00:00,265.3900146484375,267.1099853515625,261.3299865722656,261.4700012207031,253.04156494140625,24791800.0,256.83521747406513,258.49974524528255,252.90606363880963
2022-09-01 04:00:00,258.8699951171875,260.8900146484375,255.41000366210938,260.3999938964844,252.00604248046875,23263400.0,250.52536296277327,252.48026749324697,247.17690376904113
2022-09-02 04:00:00,261.70001220703125,264.739990234375,254.47000122070312,256.05999755859375,247.80592346191406,22855400.0,253.2641326770218,256.20611724920184,246.26718053225406
2022-09-06 04:00:00,256.20001220703125,257.8299865722656,251.94000244140625,253.25,245.0865020751953,21328200.0,247.94142082307454,249.51885306650013,243.81873220604314
2022-09-07 04:00:00,254.6999969482422,258.8299865722656,253.22000122070312,258.0899963378906,249.7704620361328,24126700.0,246.48973931975843,250.4865986759276,245.057451273247
2022-09-08 04:00:00,257.510009765625,260.42999267578125,254.7899932861328,258.5199890136719,250.1865997314453,20319900.0,249.20917715444372,252.03503444444726,246.57684037919475
2022-09-09 04:00:00,260.5,265.2300109863281,260.2900085449219,264.4599914550781,255.93516540527344,22084700.0,252.10282364921977,256.68036347856776,251.89960123552532
2022-09-12 04:00:00,265.7799987792969,267.45001220703125,265.1600036621094,266.6499938964844,258.0545349121094,18747700.0,257.2125840758803,258.82876464312335,256.6125744929972
2022-09-13 04:00:00,258.8399963378906,260.3999938964844,251.58999633789062,251.99000549316406,243.86712646484375,33353300.0,250.49630836570796,252.0060195193781,243.4800115748494
2022-09-14 04:00:00,253.52999877929688,254.22999572753906,249.86000061035156,252.22000122070312,244.08970642089844,23913000.0,245.3574762961727,246.03490888980133,241.80578027171973
2022-09-15 04:00:00,249.77000427246094,251.39999389648438,244.02000427246094,245.3800048828125,237.47019958496094,31530900.0,241.71868768706014,243.2961347228246,236.1540384880937
2022-09-16 04:00:00,244.25999450683594,245.3000030517578,242.05999755859375,244.74000549316406,236.85084533691406,39791800.0,236.386307438201,237.39279145182186,234.2572270866671
2022-09-19 04:00:00,242.47000122070312,245.13999938964844,240.85000610351562,244.52000427246094,236.637939453125,26826900.0,234.65401793519453,237.2379491228401,233.08624311204258
2022-09-20 04:00:00,242.07000732421875,243.50999450683594,239.63999938964844,242.4499969482422,234.63462829589844,26660300.0,234.26688762643548,235.66045686379198,231.91521092748422
2022-09-21 04:00:00,244.27000427246094,247.66000366210938,238.89999389648438,238.9499969482422,231.24746704101562,28625600.0,236.3959844466539,239.67670753574686,231.19907583276708
2022-09-22 04:00:00,237.8699951171875,243.86000061035156,237.57000732421875,240.97999572753906,233.21200561523438,31061200.0,230.20225587391255,235.99917354124665,229.91193818738796
2022-09-23 04:00:00,239.5399932861328,241.1300048828125,235.1999969482422,237.9199981689453,230.2506561279297,34176000.0,231.8184307644762,233.35718839815166,227.61833404254136
2022-09-26 04:00:00,237.0500030517578,241.4499969482422,236.89999389648438,237.4499969482422,229.79583740234375,27694200.0,229.40873723986832,233.66689809479655,229.26356360374658
2022-09-27 04:00:00,239.97999572753906,241.8000030517578,234.5,236.41000366210938,228.78933715820312,27018700.0,232.2442506798707,234.0055901447024,226.94090238363955
2022-09-28 04:00:00,236.80999755859375,242.3300018310547,234.72999572753906,241.07000732421875,233.29910278320312,29029700.0,229.1764146595356,234.5184812999227,227.16346179841986
2022-09-29 04:00:00,238.88999938964844,239.9499969482422,234.41000366210938,237.5,229.8441925048828,27484200.0,231.18938529349765,232.21521385312766,226.853802133828
2022-09-30 04:00:00,238.2899932861328,240.5399932861328,232.72999572753906,232.89999389648438,225.39247131347656,35694800.0,230.60872427461211,232.78619560885667,225.22795302914213
2022-10-03 04:00:00,235.41000366210938,241.61000061035156,234.66000366210938,240.74000549316406,232.97975158691406,28880400.0,227.8215623611014,233.82170241211634,227.0957386105692
2022-10-04 04:00:00,245.08999633789062,250.36000061035156,244.97999572753906,248.8800048828125,240.85736083984375,34888400.0,237.18952317598578,242.2896489224366,237.08306843402076
2022-10-05 04:00:00,245.99000549316406,250.5800018310547,244.10000610351562,249.1999969482422,241.1670379638672,20347100.0,238.06052054576585,242.5025584054372,236.23144526431753
2022-10-06 04:00:00,247.92999267578125,250.33999633789062,246.0800018310547,246.7899932861328,238.83470153808594,20239900.0,239.93795297204747,242.2702700067914,238.14759670449743
2022-10-07 04:00:00,240.89999389648438,241.32000732421875,233.1699981689453,234.24000549316406,226.68930053710938,37769600.0,233.1346048289845,233.5410791626443,225.65378480022213
2022-10-10 04:00:00,233.0500030517578,234.55999755859375,226.72999572753906,229.25,221.86012268066406,29743600.0,225.53763257488384,226.99895238528188,219.42135078516142
2022-10-11 04:00:00,227.6199951171875,229.05999755859375,224.11000061035156,225.41000366210938,218.14395141601562,30474000.0,220.28270418108383,221.6762883943557,216.88585373642715
2022-10-12 04:00:00,225.39999389648438,227.86000061035156,223.9600067138672,225.75,218.47296142578125,21903900.0,218.13423774935973,220.5149462849339,216.74066847271945
2022-10-13 04:00:00,219.85000610351562,236.10000610351562,219.1300048828125,234.24000549316406,226.68930053710938,42551800.0,212.76316144954848,228.4893441994696,212.06636940173655
2022-10-14 04:00:00,235.5399932861328,237.24000549316406,228.33999633789062,228.55999755859375,221.19241333007812,30198600.0,227.94741033961475,229.59262300491255,220.97950380320253
2022-10-17 04:00:00,235.82000732421875,238.9600067138672,235.13999938964844,237.52999877929688,229.8732147216797,28142300.0,228.21834487388986,231.2571263231049,227.5602570081076
2022-10-18 04:00:00,243.24000549316406,243.92999267578125,235.3699951171875,238.5,230.81195068359375,26329600.0,235.39916206358598,236.06690750411659,227.7828415320167
2022-10-19 04:00:00,237.0399932861328,239.61000061035156,234.2899932861328,236.47999572753906,228.85708618164062,19985700.0,229.39903227367395,231.88619566301972,226.73767825485612
2022-10-20 04:00:00,235.77000427246094,241.30999755859375,234.8699951171875,236.14999389648438,228.53770446777344,21811000.0,228.16996380022994,233.53137553473397,227.29896641864062
2022-10-21 04:00:00,234.74000549316406,243.0,234.5,242.1199951171875,234.31527709960938,26299700.0,227.17318083073934,235.166915097807,226.9409118947973
2022-10-24 04:00:00,243.75999450683594,247.83999633789062,241.3000030517578,247.25,239.27989196777344,24911200.0,235.90238686212638,239.85086976349376,233.52169327420833
2022-10-25 04:00:00,247.25999450683594,251.0399932861328,245.8300018310547,250.66000366210938,242.58001708984375,34775500.0,239.2896067054904,242.9477578069221,237.90570962314226
2022-10-26 04:00:00,231.1699981689453,238.3000030517578,230.05999755859375,231.32000732421875,223.86338806152344,82543200.0,223.71821446357913,230.6183830586996,222.6439948132426
2022-10-27 04:00:00,231.0399932861328,233.69000244140625,225.77999877929688,226.75,219.44073486328125,40424600.0,223.59244061528798,226.15702697219044,218.50200154160817
2022-10-28 04:00:00,226.24000549316406,236.60000610351562,226.0500030517578,235.8699951171875,228.26675415039062,40647700.0,218.94718608542487,228.97323332024203,218.7633083498998
2022-10-31 04:00:00,233.75999450683594,234.9199981689453,231.14999389648438,232.1300048828125,224.64732360839844,28357300.0,226.22477072356645,227.34738181471067,223.69890315195386
2022-11-01 04:00:00,234.60000610351562,235.74000549316406,227.3300018310547,228.1699981689453,220.81492614746094,30592300.0,227.03766243441322,228.14091388312903,220.00200713618008
2022-11-02 04:00:00,229.4600067138672,231.3000030517578,220.0399932861328,220.10000610351562,213.0050811767578,38407000.0,222.0633621151271,223.84404616078317,212.94700287287873
2022-11-03 04:00:00,220.08999633789062,220.41000366210938,213.97999572753906,214.25,207.3436737060547,36633900.0,212.9954183740974,213.3051102957607,207.08237299301675
2022-11-04 04:00:00,217.5500030517578,221.58999633789062,213.42999267578125,221.38999938964844,214.2534942626953,36789100.0,210.5372801806807,214.447044310669,206.5500783111964
2022-11-07 05:00:00,221.99000549316406,228.41000366210938,221.27999877929688,227.8699951171875,220.5246124267578,33498000.0,214.83416409790135,221.04721381188003,214.14704442988435
2022-11-08 05:00:00,228.6999969482422,231.64999389648438,225.83999633789062,228.8699951171875,221.4923553466797,28192500.0,221.32783708020688,224.18274067732156,218.56002878294467
2022-11-09 05:00:00,227.3699951171875,228.6300048828125,224.3300018310547,224.50999450683594,217.27293395996094,27852900.0,220.04074269428185,221.26013615245242,217.09874333274988
2022-11-10 05:00:00,235.42999267578125,243.3300018310547,235.0,242.97999572753906,235.14755249023438,46268000.0,227.84092326094827,235.48627617138314,227.42479136911933
2022-11-11 05:00:00,242.99000549316406,247.99000549316406,241.92999267578125,247.11000061035156,239.1444091796875,34620200.0,235.15722211445575,239.99604710310476,234.1313788126477
2022-11-14 05:00:00,241.99000549316406,243.91000366210938,239.2100067138672,241.5500030517578,233.76365661621094,31123300.0,234.1894756115481,236.0475827819004,231.49908988674315
2022-11-15 05:00:00,245.66000366210938,247.0,240.02999877929688,241.97000122070312,234.17010498046875,31390100.0,237.74116029609917,239.03796188941354,232.29263846364998
2022-11-16 05:00:00,242.7899932861328,243.8000030517578,240.4199981689453,241.72999572753906,234.5971221923828,24093300.0,235.62584176038104,236.60604855552322,233.3257795259496
2022-11-17 05:00:00,237.77999877929688,243.25,237.6300048828125,241.67999267578125,234.5485382080078,23123500.0,230.76362470601305,236.07221800787184,230.61805680537293
2022-11-18 05:00:00,243.50999450683594,243.74000549316406,239.02999877929688,241.22000122070312,234.10215759277344,27613500.0,236.32457848011174,236.547802374884,231.97677705188883
2022-11-21 05:00:00,241.42999267578125,244.6699981689453,241.19000244140625,242.0500030517578,234.90769958496094,26394700.0,234.30598419845745,237.45038505549468,234.07307548881437
2022-11-22 05:00:00,243.58999633789062,245.30999755859375,240.7100067138672,245.02999877929688,237.79974365234375,19665700.0,236.40223227361014,238.07148033059326,233.6072243246812
2022-11-23 05:00:00,245.11000061035156,248.27999877929688,244.27000427246094,247.5800018310547,240.27447509765625,19508500.0,237.87735803486538,240.95381671678922,237.0621480919058
2022-11-25 05:00:00,247.30999755859375,248.6999969482422,246.72999572753906,247.49000549316406,240.18716430664062,9200800.0,240.01246797791015,241.3614517929226,239.44958062083853
2022-11-28 05:00:00,246.0800018310547,246.64999389648438,240.8000030517578,241.75999450683594,234.62620544433594,24778200.0,238.81873915133238,239.3719120438035,233.69454115958348
2022-11-29 05:00:00,241.39999389648438,242.7899932861328,238.2100067138672,240.3300018310547,233.23843383789062,17956300.0,234.27685297681788,235.6258367832805,231.18099474535325
2022-11-30 05:00:00,240.57000732421875,255.3300018310547,239.86000061035156,255.13999938964844,247.61143493652344,47594200.0,233.47136810668408,247.79583086530997,232.7823119741459
2022-12-01 05:00:00,253.8699951171875,256.1199951171875,250.9199981689453,254.69000244140625,247.17471313476562,26041500.0,246.37890225412923,248.56251016658027,243.51595261951238
2022-12-02 05:00:00,249.82000732421875,256.05999755859375,249.69000244140625,255.02000427246094,247.4949493408203,21528500.0,242.44839236600893,248.50425481236772,242.32222362886404
2022-12-05 05:00:00,252.00999450683594,253.82000732421875,248.05999755859375,250.1999969482422,242.8171844482422,23435300.0,244.57377324279298,246.33037684588194,240.7403313992676
2022-12-06 05:00:00,250.82000732421875,251.86000061035156,243.77999877929688,245.1199951171875,237.8870849609375,22463700.0,243.41890331596056,244.42820886485632,236.58662873937655
2022-12-07 05:00:00,244.8300018310547,246.16000366210938,242.2100067138672,244.3699951171875,237.1592254638672,20481500.0,237.60565848816955,238.89641517033584,235.06297311301404
2022-12-08 05:00:00,244.83999633789062,248.74000549316406,243.05999755859375,247.39999389648438,240.0997772216797,22611800.0,237.61531942592248,241.40024809384906,235.8878444020433
2022-12-09 05:00:00,244.6999969482422,248.30999755859375,244.16000366210938,245.4199981689453,238.17823791503906,20609700.0,237.47948221736485,240.98296029845363,236.95542284837845
2022-12-12 05:00:00,247.4499969482422,252.5399932861328,247.1699981689453,252.50999450683594,245.05899047851562,30665100.0,240.14830210772652,245.08810406106682,239.87656546489097
2022-12-13 05:00:00,261.69000244140625,263.9200134277344,253.07000732421875,256.9200134277344,249.33889770507812,42196900.0,253.96813536884156,256.13234388565945,245.6024963823434
2022-12-14 05:00:00,257.1300048828125,262.5899963378906,254.30999755859375,257.2200012207031,249.63003540039062,35410900.0,249.54269464575677,254.8415744130712,246.80589919892807
2022-12-15 05:00:00,253.72000122070312,254.1999969482422,247.33999633789062,249.00999450683594,241.6623077392578,35560400.0,246.2333334693487,246.69916567601095,240.04158720461845
2022-12-16 05:00:00,248.5500030517578,249.83999633789062,243.50999450683594,244.69000244140625,237.46978759765625,86102000.0,241.21588885198315,242.4678175315528,236.32459886583192
2022-12-19 05:00:00,244.86000061035156,245.2100067138672,238.7100067138672,240.4499969482422,233.35488891601562,29696400.0,237.63476384948163,237.97444210459676,231.66624165874438
2022-12-20 05:00:00,239.39999389648438,242.91000366210938,238.4199981689453,241.8000030517578,234.66505432128906,25150800.0,232.33586378495446,235.74230142731602,231.38478542376703
2022-12-21 05:00:00,241.69000244140625,245.6199951171875,240.11000061035156,244.42999267578125,237.21742248535156,23690600.0,234.55828309775762,238.37231067567322,233.02490350803566
2022-12-22 05:00:00,241.25999450683594,241.99000549316406,233.8699951171875,238.19000244140625,231.16159057617188,28651700.0,234.14099458820857,234.84946471293264,226.96905623748663
2022-12-23 05:00:00,236.11000061035156,238.8699951171875,233.94000244140625,238.72999572753906,231.6856231689453,21207000.0,229.1429380757911,231.82149149891836,227.03697155694044
2022-12-27 05:00:00,238.6999969482422,238.92999267578125,235.8300018310547,236.9600067138672,229.9678955078125,16688600.0,231.65654287895535,231.87975199416192,228.87123430992634
2022-12-28 05:00:00,236.88999938964844,239.72000122070312,234.1699981689453,234.52999877929688,227.60958862304688,17457100.0,229.89995135219928,232.64644670853528,227.26021075559856
2022-12-29 05:00:00,235.64999389648438,241.9199981689453,235.64999389648438,241.00999450683594,233.8983612060547,19770700.0,228.69652150065144,234.7815128184782,228.69652150065144
2022-12-30 05:00:00,238.2100067138672,239.9600067138672,236.66000366210938,239.82000732421875,232.7435302734375,21938500.0,231.18103667677514,232.87939863799332,229.67677026370225
2023-01-03 05:00:00,243.0800018310547,245.75,237.39999389648438,239.5800018310547,232.5105743408203,25740000.0,235.90729779007853,238.49851075863083,230.39489317769917
2023-01-04 05:00:00,232.27999877929688,232.8699951171875,225.9600067138672,229.10000610351562,222.33978271484375,50623400.0,225.4259409938991,225.9985278733158,219.2924376104367
2023-01-05 05:00:00,227.1999969482422,227.5500030517578,221.75999450683594,222.30999755859375,215.75013732910156,39585600.0,220.49584400645332,220.83552222933494,215.21636361108918
2023-01-06 05:00:00,223.0,225.75999450683594,219.35000610351562,224.92999267578125,218.2928466796875,43613600.0,216.4198034707522,219.09835714227594,212.87751216247153
2023-01-09 05:00:00,226.4499969482422,231.24000549316406,226.41000366210938,227.1199951171875,220.41819763183594,27369800.0,219.76796959383623,224.41663581790868,219.72915641914315
2023-01-10 05:00:00,227.75999450683594,231.30999755859375,227.3300018310547,228.85000610351562,222.09718322753906,27033900.0,221.0393352972296,224.48458614807703,220.62203068917864
2023-01-11 05:00:00,231.2899932861328,235.9499969482422,231.11000061035156,235.77000427246094,228.81295776367188,28669300.0,224.46514190067145,228.98763925739453,224.29046040694882
2023-01-12 05:00:00,235.25999450683594,239.89999389648438,233.55999755859375,238.50999450683594,231.47213745117188,27269500.0,228.3180371449277,232.8211212975009,226.66820302336927
2023-01-13 05:00:00,237.0,239.3699951171875,234.9199981689453,239.22999572753906,232.1708984375,21333300.0,230.00670447846073,232.3067667845128,227.98807845959973
2023-01-17 05:00:00,237.97000122070312,240.91000366210938,237.08999633789062,240.35000610351562,233.2578582763672,29831300.0,230.9480815858975,233.80133166035085,230.0940435204723
2023-01-18 05:00:00,241.57000732421875,242.3800048828125,235.52000427246094,235.80999755859375,228.85182189941406,30028700.0,234.44186787994613,235.22796439382358,228.57038560512123
2023-01-19 05:00:00,233.77999877929688,235.52000427246094,230.67999267578125,231.92999267578125,225.08628845214844,28623000.0,226.8817052615486,228.57036731781892,223.8731729886452
2023-01-20 05:00:00,234.86000061035156,240.74000549316406,234.50999450683594,240.22000122070312,233.13165283203125,35389800.0,227.92981370488926,233.6363129556783,227.5901354890902
2023-01-23 05:00:00,241.10000610351562,245.1699981689453,239.64999389648438,242.5800018310547,235.4220428466797,31934000.0,233.98571827354252,237.93561455180438,232.57849247852556
2023-01-24 05:00:00,242.5,243.9499969482422,240.44000244140625,242.0399932861328,234.89796447753906,40234400.0,235.34439747923588,236.75160844059997,233.3451855854794
2023-01-25 05:00:00,234.47999572753906,243.3000030517578,230.89999389648438,240.61000061035156,233.5101776123047,66526600.0,227.56105444486033,236.12080454500452,224.0866898660757
2023-01-26 05:00:00,243.64999389648438,248.30999755859375,242.0,248.0,240.68209838867188,33454500.0,236.46045082013288,240.9829486422917,234.85914439539755
2023-01-27 05:00:00,248.99000549316406,249.8300018310547,246.8300018310547,248.16000366210938,240.83737182617188,26498900.0,241.6428822092,242.45809218411858,239.54661529494882
2023-01-30 05:00:00,244.50999450683594,245.60000610351562,242.1999969482422,242.7100067138672,235.54818725585938,25867400.0,237.2950615090347,238.35290934630353,235.0532267167277
2023-01-31 05:00:00,243.4499969482422,247.9499969482422,242.9499969482422,247.80999755859375,240.4977264404297,26541100.0,236.26637885801222,240.63359478813643,235.78113264355397
2023-02-01 05:00:00,248.0,255.17999267578125,245.47000122070312,252.75,245.29193115234375,31259900.0,240.68209268360533,247.65022035562143,238.22674832599188
2023-02-02 05:00:00,258.82000732421875,264.69000244140625,257.25,264.6000061035156,256.7923278808594,39940400.0,251.18288227448434,256.879668654006,249.65920190306966
2023-02-03 05:00:00,259.5400085449219,264.20001220703125,257.1000061035156,258.3500061035156,250.72666931152344,29077300.0,251.88155741509414,256.40405468460085,249.51355404450143
2023-02-06 05:00:00,257.44000244140625,258.29998779296875,254.77999877929688,256.7699890136719,249.1933135986328,22518000.0,249.84355651391297,250.67816573061054,247.26204327207444
2023-02-07 05:00:00,260.5299987792969,268.7699890136719,260.0799865722656,267.55999755859375,259.6649475097656,50841400.0,252.84238703481986,260.8392350360664,252.40565360237943
2023-02-08 05:00:00,273.20001220703125,276.760009765625,266.2099914550781,266.7300109863281,258.85943603515625,54686000.0,265.13852274513965,268.59347315321855,258.35476105655573
2023-02-09 05:00:00,273.79998779296875,273.9800109863281,262.79998779296875,263.6199951171875,255.84120178222656,42375100.0,265.72080730740066,265.8955184484022,255.0453909060254
2023-02-10 05:00:00,261.5299987792969,264.0899963378906,260.6600036621094,263.1000061035156,255.33656311035156,25818500.0,253.81288289399168,256.29734113427406,252.96855922241394
2023-02-13 05:00:00,267.6400146484375,274.6000061035156,267.1499938964844,271.32000732421875,263.31396484375,44630900.0,259.74256046553177,266.4971782446964,259.26699912258107
2023-02-14 05:00:00,272.6700134277344,274.9700012207031,269.2799987792969,272.1700134277344,264.138916015625,37047900.0,264.62416219078045,266.856282749665,261.33417890703004
2023-02-15 05:00:00,268.32000732421875,270.7300109863281,266.17999267578125,269.32000732421875,262.0277099609375,28922400.0,261.05478666212923,263.39953537520864,258.9727165508735
2023-02-16 05:00:00,264.0199890136719,266.739990234375,261.8999938964844,262.1499938964844,255.05181884765625,29603600.0,256.87118053744996,259.51753291113,254.80858804011677
2023-02-17 05:00:00,259.3900146484375,260.0899963378906,256.0,258.05999755859375,251.0725555419922,30000100.0,252.36656000925092,253.047588426155,249.06833614983722
2023-02-21 05:00:00,254.47999572753906,255.49000549316406,251.58999633789062,252.6699981689453,245.82846069335938,28397400.0,247.5894490058314,248.5721107692705,244.77770203741215
2023-02-22 05:00:00,254.08999633789062,254.33999633789062,250.33999633789062,251.50999450683594,244.69985961914062,22491100.0,247.21000275326983,247.45323350449598,243.56154148487744
2023-02-23 05:00:00,255.55999755859375,256.8399963378906,250.47999572753906,254.77000427246094,247.87164306640625,29219100.0,248.64024584758673,249.88558633204974,243.69779430491118
2023-02-24 05:00:00,249.9600067138672,251.0,248.10000610351562,249.22000122070312,242.47193908691406,24990900.0,243.19190765277392,244.20374132379087,241.3822697726449
2023-02-27 05:00:00,252.4600067138672,252.82000732421875,249.38999938964844,250.16000366210938,243.38645935058594,21190000.0,245.62418557007777,245.97443849874284,242.63730436651332
2023-02-28 05:00:00,249.07000732421875,251.49000549316406,248.72999572753906,249.4199981689453,242.66648864746094,22491000.0,242.3259744546454,244.68044668021838,241.99516930320846
2023-03-01 05:00:00,250.75999450683594,250.92999267578125,245.7899932861328,246.27000427246094,239.60179138183594,27565300.0,243.97020688018864,244.13560203633548,239.1347775749903
2023-03-02 05:00:00,246.5500030517578,251.39999389648438,245.61000061035156,251.11000061035156,244.3107147216797,24808200.0,239.87418786109544,244.5928558822364,238.95963779243274
2023-03-03 05:00:00,252.19000244140625,255.6199951171875,251.38999938964844,255.2899932861328,248.37754821777344,30760100.0,245.3614953141732,248.69861464364337,244.58315381318207
2023-03-06 05:00:00,256.42999267578125,260.1199951171875,255.97999572753906,256.8699951171875,249.91473388671875,24109800.0,249.48664537835333,253.076733733222,249.0488329841168
2023-03-07 05:00:00,256.29998779296875,257.69000244140625,253.38999938964844,254.14999389648438,247.26841735839844,21473200.0,249.36019623261095,250.71257368875254,246.5290010946981
2023-03-08 05:00:00,254.0399932861328,254.5399932861328,250.80999755859375,253.6999969482422,246.83059692382812,17340200.0,247.16138722750551,247.64784879607657,244.0188496513126
2023-03-09 05:00:00,255.82000732421875,259.55999755859375,251.5800018310547,252.32000732421875,245.4879608154297,26653400.0,248.8931916251687,252.53191447494493,244.76799238551584
2023-03-10 05:00:00,251.0800018310547,252.7899932861328,247.60000610351562,248.58999633789062,241.85897827148438,28333900.0,244.28156241943404,245.9452528022764,240.89579379056408
2023-03-13 04:00:00,247.39999389648438,257.9100036621094,245.72999572753906,253.9199981689453,247.0446319580078,33339700.0,240.70116918441778,250.92660047438005,239.07638938766013
2023-03-14 04:00:00,256.75,261.07000732421875,255.86000061035156,260.7900085449219,253.72865295410156,33620300.0,249.79803486123274,254.00107026600773,248.93213379575317
2023-03-15 04:00:00,259.9800109863281,266.4800109863281,259.2099914550781,265.44000244140625,258.2527160644531,46028000.0,252.9405641280701,259.26456442561187,252.19139432118732
2023-03-16 04:00:00,265.2099914550781,276.55999755859375,263.2799987792969,276.20001220703125,268.7213439941406,54768800.0,258.0289000532813,269.0715820217102,256.1511657925528
2023-03-17 04:00:00,278.260009765625,283.3299865722656,276.32000732421875,279.42999267578125,271.8638610839844,69527400.0,270.72555782486927,275.6582547664565,268.8380848690044
2023-03-20 04:00:00,276.9800109863281,277.4800109863281,269.8500061035156,272.2300109863281,264.85888671875,43466600.0,269.4802718017387,269.96673338942173,262.5433248107774
2023-03-21 04:00:00,274.8800048828125,275.0,269.5199890136719,273.7799987792969,266.36688232421875,34558700.0,267.43710366119547,267.5538496813645,262.2222204606799
2023-03-22 04:00:00,273.3999938964844,281.0400085449219,272.17999267578125,272.2900085449219,264.9172058105469,34873300.0,265.99713606358097,273.4302818621783,264.8101688435891
2023-03-23 04:00:00,277.94000244140625,281.05999755859375,275.20001220703125,277.6600036621094,270.141845703125,36610900.0,270.41426299778846,273.44977847868375,267.7484630649204
2023-03-24 04:00:00,277.239990234375,280.6300048828125,275.2799987792969,280.57000732421875,272.97308349609375,28172000.0,269.7332324450906,273.03145651581804,267.8263111878216
2023-03-27 04:00:00,280.5,281.4599914550781,275.5199890136719,276.3800048828125,268.896484375,26840200.0,272.90492269572303,273.8389205347129,268.0597550905618
2023-03-28 04:00:00,275.7900085449219,276.1400146484375,272.04998779296875,275.2300109863281,267.7776184082031,21878600.0,268.32245293412296,268.66298193563654,264.68370058234905
2023-03-29 04:00:00,278.9599914550781,281.1400146484375,278.4100036621094,280.510009765625,272.9146728515625,25087000.0,271.4066242065595,273.527619165426,270.8715283691032
2023-03-30 04:00:00,284.2300109863281,284.4599914550781,281.4800109863281,284.04998779296875,276.3587951660156,25053400.0,276.53394388967973,276.7576972006701,273.8584053599599
2023-03-31 04:00:00,283.7300109863281,289.2699890136719,283.0,288.29998779296875,280.4937438964844,32766000.0,276.04750748202,281.4374805787577,275.33726286422353
2023-04-03 04:00:00,286.5199890136719,288.2699890136719,283.95001220703125,287.2300109863281,279.4527587890625,24883300.0,278.7619618964318,280.4645776022263,276.2615716824238
2023-04-04 04:00:00,287.2300109863281,290.45001220703125,285.6700134277344,287.17999267578125,279.404052734375,25824300.0,279.4527167048261,282.58553031935185,277.9349590223858
2023-04-05 04:00:00,285.8500061035156,287.1499938964844,282.9200134277344,284.3399963378906,276.6409912109375,22064800.0,278.11011480832366,279.3749031470758,275.2594568336865
2023-04-06 04:00:00,283.2099914550781,292.0799865722656,282.0299987792969,291.6000061035156,283.704345703125,29770300.0,275.5415076837403,284.1713297291427,274.3934656981096
2023-04-10 04:00:00,289.2099914550781,289.6000061035156,284.7099914550781,289.3900146484375,281.5542297363281,23103000.0,281.37908101323706,281.7585352734682,277.00092706983764
2023-04-11 04:00:00,285.75,285.9800109863281,281.6400146484375,282.8299865722656,275.171875,27276600.0,278.0128240085293,278.2366070491665,274.01412362630157
2023-04-12 04:00:00,284.7900085449219,287.010009765625,281.9599914550781,283.489990234375,275.8139953613281,27403400.0,277.0788133677007,279.23870411334195,274.32542401576865
2023-04-13 04:00:00,283.5899963378906,289.8999938964844,283.1700134277344,289.8399963378906,281.99200439453125,24222700.0,275.9112355229667,282.0503774003979,275.50262448189994
2023-04-14 04:00:00,287.0,288.4800109863281,283.69000244140625,286.1400146484375,278.3922119140625,20987900.0,279.22891147364464,280.6688482565068,276.00853859815146
2023-04-17 04:00:00,289.92999267578125,291.6000061035156,286.1600036621094,288.79998779296875,280.98016357421875,23836200.0,282.0795713658837,283.7043659155023,278.41166217437114
2023-04-18 04:00:00,291.57000732421875,291.760009765625,287.010009765625,288.3699951171875,280.56182861328125,20161800.0,283.6751943988744,283.86005216252715,279.23866745372095
2023-04-19 04:00:00,285.989990234375,289.04998779296875,284.5400085449219,288.45001220703125,280.63970947265625,17150300.0,278.2462970182061,281.2234396408052,276.8355761901663
2023-04-20 04:00:00,285.25,289.0299987792969,285.0799865722656,286.1099853515625,278.36297607421875,23244400.0,277.5262765736857,281.20392420443534,277.3608666050033
2023-04-21 04:00:00,285.010009765625,286.2699890136719,283.05999755859375,285.760009765625,278.0224914550781,21676400.0,277.2927991907115,278.5186620047946,275.3955874268566
2023-04-24 04:00:00,282.0899963378906,284.95001220703125,278.7200012207031,281.7699890136719,274.1405944824219,26611000.0,274.4519370721957,277.2345132199959,271.173190218911
2023-04-25 04:00:00,279.510009765625,281.6000061035156,275.3699951171875,275.4200134277344,267.9624938964844,45772200.0,271.941745821894,273.9751515427264,267.91382992661585
2023-04-26 04:00:00,296.70001220703125,299.57000732421875,292.7300109863281,295.3699951171875,287.37225341796875,64599200.0,288.6662575975103,291.45854177585926,284.80375221197545
2023-04-27 04:00:00,295.9700012207031,305.20001220703125,295.25,304.8299865722656,296.576171875,46462600.0,287.95608640380885,296.9361784067996,287.2555804982626
2023-04-28 04:00:00,304.010009765625,308.92999267578125,303.30999755859375,307.260009765625,298.9403991699219,36469600.0,295.77839869337646,300.56516432614853,295.0973405603856
2023-05-01 04:00:00,306.9700012207031,308.6000061035156,305.1499938964844,305.55999755859375,297.28631591796875,21294100.0,298.6581407559336,300.24400981736625,296.88741397008533
2023-05-02 04:00:00,307.760009765625,309.17999267578125,303.9100036621094,305.4100036621094,297.1404113769531,26404400.0,299.426786321991,300.80832032877777,295.6810269045357
2023-05-03 04:00:00,306.6199951171875,308.6099853515625,304.0899963378906,304.3999938964844,296.15777587890625,22360800.0,298.31766627691815,300.25377368049993,295.85617210321027
2023-05-04 04:00:00,306.239990234375,307.760009765625,303.3999938964844,305.4100036621094,297.1404113769531,22519900.0,297.9479243875394,299.426786321991,295.1848266827128
2023-05-05 04:00:00,305.7200012207031,311.9700012207031,304.2699890136719,310.6499938964844,302.2386169433594,28197100.0,297.44211220444237,303.52288282414327,296.03136154416666
2023-05-08 04:00:00,310.1300048828125,310.20001220703125,306.0899963378906,308.6499938964844,300.2927551269531,21318600.0,301.7326922255804,301.8008039789724,297.80207398264633
2023-05-09 04:00:00,308.0,310.0400085449219,306.30999755859375,307.0,298.6873779296875,21340800.0,299.66030098483304,301.6450723308815,298.0160586463366
2023-05-10 04:00:00,308.6199951171875,313.0,307.6700134277344,312.30999755859375,303.85369873046875,30078000.0,300.26360907944695,304.5250182386283,299.33934968229977
2023-05-11 04:00:00,310.1000061035156,311.1199951171875,306.260009765625,310.1099853515625,301.71319580078125,31680200.0,301.7034867589505,302.695857722587,297.9674652772338
2023-05-12 04:00:00,310.54998779296875,310.6499938964844,306.6000061035156,308.9700012207031,300.6040344238281,19774700.0,302.1412397708911,302.2385380136494,298.2982115576061
2023-05-15 04:00:00,309.1000061035156,309.8999938964844,307.5899963378906,309.4599914550781,301.080810546875,16336500.0,300.7305724404115,301.50889913783726,299.26144888091557
2023-05-16 04:00:00,309.8299865722656,313.7099914550781,309.8299865722656,311.739990234375,303.299072265625,26730300.0,301.4407853698495,305.21573217875385,301.4407853698495
2023-05-17 04:00:00,312.2900085449219,314.42999267578125,310.739990234375,314.0,306.1656799316406,24315000.0,304.49835287265563,306.58494426267947,302.9870076180216
2023-05-18 04:00:00,314.5299987792969,319.0400085449219,313.7200012207031,318.5199890136719,310.5729675292969,27276000.0,306.68252689685806,311.0800126585323,305.8927386445008
2023-05-19 04:00:00,316.739990234375,318.75,316.3699951171875,318.3399963378906,310.3974304199219,27546700.0,308.83734438329236,310.7972045125446,308.47658062453104
2023-05-22 04:00:00,318.6000061035156,322.5899963378906,318.010009765625,321.17999267578125,313.1666259765625,24115700.0,310.65100947389675,314.54145037268586,310.07573340848427
2023-05-23 04:00:00,320.0299987792969,322.7200012207031,315.25,315.260009765625,307.394287109375,30797200.0,312.04526511786804,314.66815212283035,307.3845270869392
2023-05-24 04:00:00,314.7300109863281,316.5,312.6099853515625,313.8500061035156,306.0194396972656,23384900.0,306.8774884337067,308.6033161721185,304.8103574976606
2023-05-25 04:00:00,323.239990234375,326.8999938964844,320.0,325.9200134277344,317.7883605957031,43301700.0,315.1752035575117,318.74389070661766,312.01605056749
2023-05-26 04:00:00,324.0199890136719,333.3999938964844,323.8800048828125,332.8900146484375,324.58441162109375,36630600.0,315.935693050292,325.0816668912498,315.7992015223041
2023-05-30 04:00:00,335.2300109863281,335.739990234375,330.5199890136719,331.2099914550781,322.9463195800781,29503100.0,326.866039835357,327.3632951279749,322.2735326633113
2023-05-31 04:00:00,332.2900085449219,335.94000244140625,327.3299865722656,328.3900146484375,320.1966857910156,45950600.0,323.9993748636306,327.5583014347169,319.16310540886235
2023-06-01 04:00:00,325.92999267578125,333.5299987792969,324.7200012207031,332.5799865722656,324.2821044921875,26773900.0,317.7980281716673,325.2084138620462,316.61822604492374
2023-06-02 04:00:00,334.25,337.5,332.54998779296875,335.3999938964844,327.03173828125,25873800.0,325.9104368208326,329.07934907114736,324.2528400489723
2023-06-05 04:00:00,335.2200012207031,338.55999755859375,334.6600036621094,335.94000244140625,327.558349609375,21307100.0,326.8563123114757,330.1129762401236,326.3102866082395
2023-06-06 04:00:00,335.3299865722656,335.3699951171875,332.1700134277344,333.67999267578125,325.35467529296875,20396200.0,326.9635018339944,327.00251216553283,323.8823700342451
2023-06-07 04:00:00,331.6499938964844,334.489990234375,322.5,323.3800048828125,315.3116760253906,40717100.0,323.37532887108034,326.1444673202271,314.45362725824225
2023-06-08 04:00:00,323.94000244140625,326.6400146484375,323.3500061035156,325.260009765625,317.1447448730469,23277700.0,315.8576718437754,318.49031851672504,315.2823959646681
2023-06-09 04:00:00,324.989990234375,329.989990234375,324.4100036621094,326.7900085449219,318.6365661621094,22529000.0,316.8814584828526,321.7567079982965,316.3159426317722
2023-06-12 04:00:00,328.5799865722656,332.1000061035156,325.1600036621094,331.8500061035156,323.5704040527344,24260300.0,320.381970960897,323.8141665946219,317.04731605133065
2023-06-13 04:00:00,334.4700012207031,336.9800109863281,330.3900146484375,334.2900085449219,325.94952392578125,22951300.0,326.12502581181246,328.5724112174238,322.1468342809254
2023-06-14 04:00:00,334.3399963378906,339.0400085449219,332.80999755859375,337.3399963378906,328.92340087890625,26003800.0,325.9982505458626,330.58099797009817,324.50642506625707
2023-06-15 04:00:00,337.4800109863281,349.8399963378906,337.20001220703125,348.1000061035156,339.4149169921875,38899100.0,329.0598905688736,341.1114945004108,328.78687775426107
2023-06-16 04:00:00,351.32000732421875,351.4700012207031,341.95001220703125,342.3299865722656,333.7888488769531,46552000.0,342.5545684921727,342.70082003895476,333.41835487715986
2023-06-20 04:00:00,339.30999755859375,342.0799865722656,335.8599853515625,338.04998779296875,329.6156005859375,26375400.0,330.8441729587754,333.54505041870027,327.48023896465304
2023-06-21 04:00:00,336.3699951171875,337.7300109863281,332.07000732421875,333.55999755859375,325.2376403808594,25117800.0,327.97752820350655,329.3036115330344,323.78482556024073
2023-06-22 04:00:00,334.1199951171875,340.1199951171875,333.3399963378906,339.7099914550781,331.23419189453125,23556800.0,325.78366654570755,331.63396592269834,325.0231288169452
2023-06-23 04:00:00,334.3599853515625,337.9599914550781,333.45001220703125,335.0199890136719,326.66119384765625,23146900.0,326.01765736840554,329.52784282060935,325.1303881799699
2023-06-26 04:00:00,333.7200012207031,336.1099853515625,328.489990234375,328.6000061035156,320.4014892578125,21520600.0,325.3937413274087,327.72409574191425,320.2942182667598
2023-06-27 04:00:00,331.8599853515625,336.1499938964844,329.29998779296875,334.57000732421875,326.22247314453125,24354100.0,323.58006632131827,327.76303899280276,321.0839407974331
2023-06-28 04:00:00,334.6600036621094,337.9800109863281,333.80999755859375,335.8500061035156,327.4705505371094,20259500.0,326.3102386492254,329.5474118113246,325.48144019271336
2023-06-29 04:00:00,334.7099914550781,336.1099853515625,332.6199951171875,335.04998779296875,326.6904602050781,16997000.0,326.358946806659,327.72401072843235,324.32109606698276
2023-06-30 04:00:00,337.75,342.7300109863281,337.20001220703125,340.5400085449219,332.04351806640625,26832800.0,329.32312037613315,334.17887983586667,328.78685480648323
2023-07-03 04:00:00,339.19000244140625,340.8999938964844,336.57000732421875,337.989990234375,329.55718994140625,12508700.0,330.72726202126387,332.39458944231734,328.1726353949494
2023-07-05 04:00:00,335.0899963378906,341.6499938964844,334.7300109863281,338.1499938964844,329.713134765625,18172400.0,326.72948429799266,333.1258095919121,326.37848059881856
2023-07-06 04:00:00,337.29998779296875,342.989990234375,335.5,341.2699890136719,332.75531005859375,28161200.0,328.88436028376566,334.43239728548525,327.1292821478824
2023-07-07 04:00:00,339.32000732421875,341.7900085449219,337.0,337.2200012207031,328.8063659667969,21214800.0,330.8539769415479,333.26235165945616,328.5918537740865
2023-07-10 04:00:00,334.6000061035156,335.2300109863281,327.5899963378906,331.8299865722656,323.55084228515625,32791400.0,326.25174994494995,326.8660362322845,319.41663962980306
2023-07-11 04:00:00,331.05999755859375,332.8599853515625,327.0,332.4700012207031,324.1749267578125,26698200.0,322.8001024662545,324.5551808456817,318.84140121091826
2023-07-12 04:00:00,336.6000061035156,341.6499938964844,335.6700134277344,337.20001220703125,328.7868347167969,29995300.0,328.2017988317313,333.12578887236407,327.29500957576835
2023-07-13 04:00:00,339.55999755859375,343.739990234375,339.0199890136719,342.6600036621094,334.1106262207031,20567200.0,331.0879653631058,335.16366709536976,330.5614300476907
2023-07-14 04:00:00,347.5899963378906,351.42999267578125,344.30999755859375,345.239990234375,336.6262512207031,28352700.0,338.9176246633776,342.66181307865304,335.71946186556954
2023-07-17 04:00:00,345.67999267578125,346.989990234375,342.20001220703125,345.7300109863281,337.10400390625,20363900.0,337.05523355881655,338.33254651423374,333.66207903866245
2023-07-18 04:00:00,345.8299865722656,366.7799987792969,342.1700134277344,359.489990234375,350.52069091796875,64738600.0,337.20150526147,357.62881326178683,333.63284869185065
2023-07-19 04:00:00,361.75,362.4599914550781,352.44000244140625,355.0799865722656,346.2207336425781,39732900.0,352.72433009882633,353.4166072525743,343.64661716979606
2023-07-20 04:00:00,353.57000732421875,357.9700012207031,345.3699951171875,346.8699951171875,338.2156677246094,33778400.0,344.74851615273167,349.0387312034192,336.7530923830451
2023-07-21 04:00:00,349.1499938964844,350.29998779296875,339.8299865722656,343.7699890136719,335.1929626464844,69405400.0,340.4387369530099,341.56003861838775,331.35126286647005
2023-07-24 04:00:00,345.8500061035156,346.9200134277344,342.30999755859375,345.1099853515625,336.4994812011719,26678100.0,337.2210384138867,338.2643490243122,333.76935318489967
2023-07-25 04:00:00,347.1099853515625,351.8900146484375,345.07000732421875,350.9800109863281,342.2230224609375,41637700.0,338.44955437650464,343.11032143509397,336.4604740174563
2023-07-26 04:00:00,341.44000244140625,344.6700134277344,333.1099853515625,337.7699890136719,329.3426513671875,58383700.0,332.92109821610006,336.0705206538034,324.79891447113727
2023-07-27 04:00:00,340.4800109863281,341.3299865722656,329.04998779296875,330.7200012207031,322.4685363769531,39635300.0,331.9850338749244,332.8138025679025,320.8401897883476
2023-07-28 04:00:00,333.6700134277344,340.010009765625,333.1700134277344,338.3699951171875,329.9276428222656,28484900.0,325.3449259664994,331.52673900384514,324.85740099740747
2023-07-31 04:00:00,336.9200134277344,337.70001220703125,333.3599853515625,335.9200134277344,327.538818359375,25446000.0,328.51386838696095,329.2744062182313,325.0426629130829
2023-08-01 04:00:00,335.19000244140625,338.5400085449219,333.70001220703125,336.3399963378906,327.9483337402344,18311900.0,326.8270321220212,330.093455775555,325.374217054016
2023-08-02 04:00:00,333.6300048828125,333.6300048828125,326.3599853515625,327.5,319.32891845703125,27761300.0,325.3059805314277,325.3059805314277,318.2173470228
2023-08-03 04:00:00,326.0,329.8800048828125,325.95001220703125,326.6600036621094,318.5098571777344,18253700.0,317.86632056535905,321.6495195711113,317.81757996467144
2023-08-04 04:00:00,331.8800048828125,335.1400146484375,327.239990234375,327.7799987792969,319.6018981933594,23741500.0,323.5996092744747,326.7782818997198,319.0753628445266
2023-08-07 04:00:00,328.3699951171875,331.1099853515625,327.5199890136719,330.1099853515625,321.873779296875,17741500.0,320.1772016181311,322.84882941223,319.34840306884576
2023-08-08 04:00:00,326.9599914550781,328.75,323.0,326.04998779296875,317.9150085449219,22327600.0,318.802307526203,320.54765518196075,314.94111824721926
2023-08-09 04:00:00,326.4700012207031,327.1099853515625,321.04998779296875,322.2300109863281,314.1904296875,22373300.0,318.32463292180273,318.9486495627494,313.03984786233747
2023-08-10 04:00:00,326.0199890136719,328.260009765625,321.17999267578125,322.92999267578125,314.8728942871094,20113700.0,317.8857952635295,320.0699275319088,313.16655676040074
2023-08-11 04:00:00,320.260009765625,322.4100036621094,319.2099914550781,321.010009765625,313.0008544921875,24355500.0,312.2695668882884,314.3659187348988,311.2457463891283
2023-08-14 04:00:00,321.3900146484375,324.05999755859375,320.0799865722656,324.0400085449219,315.9552307128906,18836100.0,313.3713539974467,315.97472100192863,312.09401103937836
2023-08-15 04:00:00,323.0,325.0899963378906,320.8999938964844,321.8599853515625,313.82958984375,16966300.0,314.9411611661193,316.9790121676308,312.89355014228914
2023-08-16 04:00:00,320.79998779296875,324.4200134277344,319.79998779296875,320.3999938964844,313.06744384765625,20698900.0,313.4582836388938,316.9954627703804,312.4811692512175
2023-08-17 04:00:00,320.5400085449219,321.8699951171875,316.2099914550781,316.8800048828125,309.6279602050781,21257200.0,313.2042018447522,314.50375064279973,308.9732805542869
2023-08-18 04:00:00,314.489990234375,318.3800048828125,311.54998779296875,316.4800109863281,309.2371826171875,24755000.0,307.29270464284144,311.0936940527994,304.4199858602723
2023-08-21 04:00:00,317.92999267578125,322.7699890136719,317.0400085449219,321.8800048828125,314.5136413574219,24040000.0,310.6540268930442,315.3832578154209,309.7844104350452
2023-08-22 04:00:00,325.5,326.0799865722656,321.4599914550781,322.4599914550781,315.0802917480469,16084600.0,318.0507277854862,318.61744100027846,314.1031773769701
2023-08-23 04:00:00,323.82000732421875,329.20001220703125,323.4599914550781,327.0,319.51641845703125,21166400.0,316.40920172771865,321.66608212966844,316.05742502712076
2023-08-24 04:00:00,332.8500061035156,332.9800109863281,319.9599914550781,319.9700012207031,312.64727783203125,23281400.0,325.2325153533981,325.35954498918005,312.63749714645934
2023-08-25 04:00:00,321.4700012207031,325.3599853515625,318.79998779296875,322.9800109863281,315.5884094238281,21684100.0,314.11295718549064,317.91391657239774,311.5040487015702
2023-08-28 04:00:00,325.6600036621094,326.1499938964844,321.7200012207031,323.70001220703125,316.29193115234375,14808500.0,318.207066953983,318.68584344960186,314.3572339791844
2023-08-29 04:00:00,321.8800048828125,328.9800109863281,321.8800048828125,328.4100036621094,320.8941955566406,19284600.0,314.51363868595456,321.45115801127633,314.51363868595456
2023-08-30 04:00:00,328.6700134277344,329.80999755859375,326.45001220703125,328.7900085449219,321.2654724121094,15222100.0,321.14822344769897,322.262118428765,318.97902814860515
2023-08-31 04:00:00,329.20001220703125,330.9100036621094,326.7799987792969,327.760009765625,320.2590637207031,26411000.0,321.6661110110973,323.33696848625215,319.3014807588833
2023-09-01 04:00:00,331.30999755859375,331.989990234375,326.7799987792969,328.6600036621094,321.138427734375,14942000.0,323.7277749745022,324.3922056211829,319.3014478601216
2023-09-05 04:00:00,329.0,334.8500061035156,328.6600036621094,333.54998779296875,325.91650390625,18553900.0,321.47064520868975,327.18677054781415,321.13842988312655
2023-09-06 04:00:00,333.3800048828125,334.4599914550781,330.17999267578125,332.8800048828125,325.2618713378906,17535800.0,325.7504285755841,326.8056990885685,322.6236503266788
2023-09-07 04:00:00,331.2900085449219,333.0799865722656,329.0299987792969,329.9100036621094,322.3598327636719,18381000.0,323.70825547986243,325.4572688809115,321.4999672739755
2023-09-08 04:00:00,330.0899963378906,336.1600036621094,329.4599914550781,334.2699890136719,326.6200256347656,19530100.0,322.5356945258159,328.4667861972207,321.92010767166425
2023-09-11 04:00:00,337.239990234375,338.4200134277344,335.42999267578125,337.94000244140625,330.2060546875,16583300.0,329.5220626550476,330.67508035139593,327.7534879124914
2023-09-12 04:00:00,335.82000732421875,336.7900085449219,331.4800109863281,331.7699890136719,324.17724609375,17565500.0,328.1345774558951,329.08237965274225,323.8939043767627
2023-09-13 04:00:00,331.30999755859375,336.8500061035156,331.1700134277344,336.05999755859375,328.3690490722656,16544400.0,323.7277558674077,329.1409777651763,323.59097536312447
2023-09-14 04:00:00,339.1499938964844,340.8599853515625,336.57000732421875,338.70001220703125,330.9486389160156,20267000.0,331.388322477558,333.05917964974554,328.86738060055865
2023-09-15 04:00:00,336.9200134277344,337.3999938964844,329.6499938964844,330.2200012207031,322.6627197265625,37679800.0,329.20939816193993,329.6783939916595,322.1057573596053
2023-09-18 04:00:00,327.79998779296875,330.3999938964844,326.3599853515625,329.05999755859375,321.529296875,16834200.0,320.2981230556272,322.8386267343985,318.8910757818205
2023-09-19 04:00:00,326.1700134277344,329.3900146484375,324.510009765625,328.6499938964844,321.1286315917969,16505900.0,318.7054070395551,321.8517165023023,317.0833936077872
2023-09-20 04:00:00,329.510009765625,329.5899963378906,320.510009765625,320.7699890136719,313.428955078125,21436500.0,321.9689546587249,322.0471106852366,313.1749256275898
2023-09-21 04:00:00,319.260009765625,325.3500061035156,315.0,319.5299987792969,312.2173767089844,35560400.0,311.95356654433346,317.9041899225686,307.79104947595397
2023-09-22 04:00:00,321.32000732421875,321.45001220703125,316.1499938964844,317.010009765625,309.7550354003906,21447900.0,313.96639594173394,314.0934255806642,308.9147015377864
2023-09-25 04:00:00,316.5899963378906,317.6700134277344,315.0,317.5400085449219,310.2729187011719,17836000.0,309.34464808220946,310.39994834578414,307.7910397456029
2023-09-26 04:00:00,315.1300048828125,315.8800048828125,310.0199890136719,312.1400146484375,304.9964904785156,26297600.0,307.9180528712019,308.6508886408052,302.92498298833925
2023-09-27 04:00:00,312.29998779296875,314.29998779296875,309.69000244140625,312.7900085449219,305.63165283203125,19410100.0,305.15284644995364,307.10707545013054,302.60259191792346
2023-09-28 04:00:00,310.989990234375,315.4800109863281,309.45001220703125,313.6400146484375,306.462158203125,19683600.0,303.87278132742597,308.26004502387354,302.36804670236813
2023-09-29 04:00:00,317.75,319.4700012207031,314.9800109863281,315.75,308.5238342285156,24147300.0,310.4780627905331,312.15870054663463,307.771466967037
2023-10-02 04:00:00,316.2799987792969,321.8900146484375,315.17999267578125,321.79998779296875,314.4354248046875,20570000.0,309.0417636602757,314.5233913479347,307.96693177846345
2023-10-03 04:00:00,320.8299865722656,321.3900146484375,311.2099914550781,313.3900146484375,306.2179260253906,21033500.0,313.48763043750324,314.03484198855955,304.0877937628594
2023-10-04 04:00:00,314.0299987792969,320.0400085449219,314.0,318.9599914550781,311.6603698730469,20720100.0,306.84320351373003,312.7156700194833,306.81389127739357
2023-10-05 04:00:00,319.0899963378906,319.9800109863281,314.8999938964844,319.3599853515625,312.05126953125,16965600.0,311.78745935358154,312.6571055637684,307.6933472507753
2023-10-06 04:00:00,316.54998779296875,329.19000244140625,316.29998779296875,327.260009765625,319.7704772949219,25673600.0,309.3055602997531,321.65630098463043,309.06128169271835
2023-10-09 04:00:00,324.75,330.29998779296875,323.17999267578125,329.82000732421875,322.27191162109375,19891200.0,317.3179339483483,322.7409074969346,315.7838570263933
2023-10-10 04:00:00,330.9599914550781,331.1000061035156,327.6700134277344,328.3900146484375,320.8746337890625,20557100.0,323.38579530400693,323.5226056424412,320.17111018080624
2023-10-11 04:00:00,331.2099914550781,332.82000732421875,329.1400146484375,332.4200134277344,324.8123779296875,20063200.0,323.6300480505899,325.20321772099476,321.60744393030456
2023-10-12 04:00:00,330.57000732421875,333.6300048828125,328.7200012207031,331.1600036621094,323.5812072753906,19313100.0,323.00471335948436,325.99468102864705,321.1970457612764
2023-10-13 04:00:00,332.3800048828125,333.8299865722656,326.3599853515625,327.7300109863281,320.22967529296875,21072400.0,324.7732507534645,326.1900485749301,318.89100367469473
2023-10-16 04:00:00,331.04998779296875,336.1400146484375,330.6000061035156,332.6400146484375,325.0273132324219,22158000.0,323.47367526332005,328.4472132631376,323.03399172229655
2023-10-17 04:00:00,329.5899963378906,333.4599914550781,327.4100036621094,332.05999755859375,324.46063232421875,18338500.0,322.0471583622745,325.828586634413,319.9170559493173
2023-10-18 04:00:00,332.489990234375,335.5899963378906,328.29998779296875,330.1099853515625,322.55523681640625,23153600.0,324.8807739787621,327.909834737972,320.7866620472197
2023-10-19 04:00:00,332.1499938964844,336.8800048828125,330.9100036621094,331.32000732421875,323.7375793457031,25052100.0,324.5485712503718,329.1703335138683,323.33695882729216
2023-10-20 04:00:00,331.7200012207031,331.9200134277344,325.45001220703125,326.6700134277344,319.1939697265625,25027700.0,324.1283854502297,324.32382025517603,318.0018889823848
2023-10-23 04:00:00,325.4700012207031,332.7300109863281,324.3900146484375,329.32000732421875,321.7833251953125,24374700.0,318.0214287466955,325.1152889172781,316.96615830256553
2023-10-24 04:00:00,331.29998779296875,331.8399963378906,327.6000061035156,330.5299987792969,322.96563720703125,31153600.0,323.71800459686386,324.24565474799095,320.1026990318568
2023-10-25 04:00:00,345.0199890136719,346.20001220703125,337.6199951171875,340.6700134277344,332.87359619140625,55053800.0,337.1240202368528,338.2770379621599,329.89337919706037
2023-10-26 04:00:00,340.5400085449219,341.6300048828125,326.94000244140625,327.8900146484375,320.3861083984375,37828500.0,332.74660165744723,333.81165295289384,319.45783763585234
2023-10-27 04:00:00,330.42999267578125,336.7200012207031,328.3999938964844,329.80999755859375,322.2620849609375,29856500.0,322.867891093588,329.0139487725961,320.8843501338627
2023-10-30 04:00:00,333.4100036621094,339.45001220703125,331.8299865722656,337.30999755859375,329.5904846191406,22828100.0,325.77974409067264,331.6815239306809,324.235886505314
2023-10-31 04:00:00,338.8500061035156,339.0,334.69000244140625,338.1099853515625,330.3721008300781,20265300.0,331.09518568729226,331.24174686809175,327.0303866312015
2023-11-01 04:00:00,339.7900085449219,347.4200134277344,339.6499938964844,346.07000732421875,338.1500244140625,28158800.0,332.01374650613616,339.4691349616439,331.8769361620282
2023-11-02 04:00:00,347.239990234375,348.8299865722656,344.7699890136719,348.32000732421875,340.34844970703125,24348100.0,339.29314959662656,340.8467577077369,336.8796761567897
2023-11-03 04:00:00,349.6300048828125,354.3900146484375,347.3299865722656,352.79998779296875,344.7259826660156,23637700.0,341.62854640879175,346.2796209573482,339.3811651738514
2023-11-06 05:00:00,353.45001220703125,357.5400085449219,353.3500061035156,356.5299987792969,348.37060546875,23828300.0,345.36110615399525,349.3575005821622,345.2633887474612
2023-11-07 05:00:00,359.3999938964844,362.4599914550781,357.6300048828125,360.5299987792969,352.279052734375,25833900.0,351.1749086935178,354.16487636600215,349.4454269438777
2023-11-08 05:00:00,361.67999267578125,363.8699951171875,360.54998779296875,363.20001220703125,354.8879089355469,26767800.0,353.40267618539207,355.54255878691407,352.2985323074461
2023-11-09 05:00:00,362.29998779296875,364.7900085449219,360.3599853515625,360.69000244140625,352.4354248046875,24847300.0,354.00856480709007,356.441600143659,352.11296032697913
2023-11-10 05:00:00,361.489990234375,370.1000061035156,361.07000732421875,369.6700134277344,361.2099304199219,28042100.0,353.2171111454846,361.63008249841977,352.8067397541227
2023-11-13 05:00:00,368.2200012207031,368.4700012207031,365.8999938964844,366.67999267578125,358.2883605957031,19986500.0,359.7931253712149,360.03740401182273,357.5262124297735
2023-11-14 05:00:00,371.010009765625,371.95001220703125,367.3500061035156,370.2699890136719,361.796142578125,27683900.0,362.5192275200011,363.4377174527681,358.9429851939613
2023-11-15 05:00:00,371.2799987792969,373.1300048828125,367.1099853515625,369.6700134277344,361.9429931640625,26860100.0,363.5193258281366,365.3306622150657,359.436476024947
2023-11-16 05:00:00,370.9599914550781,376.3500061035156,370.17999267578125,376.1700134277344,368.30718994140625,27182300.0,363.20606948048294,368.48342035388106,362.4423744800686
2023-11-17 05:00:00,373.6099853515625,374.3699951171875,367.0,369.8500061035156,362.1192626953125,40157000.0,365.80064944827456,366.54477320500723,359.32882848725313
2023-11-20 05:00:00,371.2200012207031,378.8699951171875,371.0,377.44000244140625,369.5505676269531,52465100.0,363.4605799020616,370.950669899153,363.2451772540551
2023-11-21 05:00:00,375.6700134277344,376.2200012207031,371.1199951171875,373.07000732421875,365.2719421386719,28423100.0,367.81760182816333,368.35609354646346,363.36268990163154
2023-11-22 05:00:00,378.0,379.7900085449219,374.9700012207031,377.8500061035156,369.95208740234375,23345300.0,370.09894608755127,371.8515394102055,367.13228112759265
2023-11-24 05:00:00,377.3299865722656,377.9700012207031,375.1400146484375,377.42999267578125,369.5408020019531,10176600.0,369.44288626548433,370.0695230751344,367.2986899991627
2023-11-27 05:00:00,376.7799987792969,380.6400146484375,376.20001220703125,378.6099853515625,370.69610595703125,22179200.0,368.9043706026068,372.68370265137486,368.33650717542696
2023-11-28 05:00:00,378.3500061035156,383.0,378.1600036621094,382.70001220703125,374.7006530761719,20453100.0,370.4415726583984,374.994370396148,370.25554172918464
2023-11-29 05:00:00,383.760009765625,384.29998779296875,377.44000244140625,378.8500061035156,370.9311218261719,28963400.0,375.738494499301,376.2671856758015,369.5505906614915
2023-11-30 05:00:00,378.489990234375,380.0899963378906,375.4700012207031,378.9100036621094,370.9898376464844,30554400.0,370.57860354905085,372.14516552640623,367.6217398530599
2023-12-01 05:00:00,376.760009765625,378.1600036621094,371.30999755859375,374.510009765625,366.6818542480469,33040500.0,368.8848238631299,370.25555453657734,363.54872995472044
2023-12-04 05:00:00,369.1000061035156,369.5199890136719,362.8999938964844,369.1400146484375,361.42413330078125,32063300.0,361.3849610271203,361.79616532164505,355.31454343634607
2023-12-05 05:00:00,366.45001220703125,373.0799865722656,365.6199951171875,372.5199890136719,364.73345947265625,23065000.0,358.7903592232799,365.2817517868028,357.9776914107373
2023-12-06 05:00:00,373.5400085449219,374.17999267578125,368.0299987792969,368.79998779296875,361.0911865234375,21182100.0,365.73212951183393,366.35873644463544,360.3372921206186
2023-12-07 05:00:00,368.2300109863281,371.45001220703125,366.32000732421875,370.95001220703125,363.1962585449219,23118900.0,360.5331119373255,363.68580733396766,358.6630319776083
2023-12-08 05:00:00,369.20001220703125,374.4599914550781,368.2300109863281,374.2300109863281,366.40771484375,20154400.0,361.4828549867559,366.6328881744278,360.53312909562084
2023-12-11 05:00:00,368.4800109863281,371.6000061035156,366.1000061035156,371.29998779296875,363.5389099121094,27708800.0,360.7778775179064,363.8326571061726,358.44762055822775
2023-12-12 05:00:00,370.8500061035156,374.4200134277344,370.4599914550781,374.3800048828125,366.5545959472656,24838300.0,363.09838231575895,366.5937682209635,362.7165198765075
2023-12-13 05:00:00,376.0199890136719,377.6400146484375,370.7699890136719,374.3699951171875,366.5447692871094,30955500.0,368.16027437565873,369.7464376106383,363.0200118977458
2023-12-14 05:00:00,373.30999755859375,373.760009765625,364.1300048828125,365.92999267578125,358.2811584472656,43277500.0,365.50690312981,365.94750897813526,356.5187948133364
2023-12-15 05:00:00,366.8500061035156,372.3999938964844,366.2799987792969,370.7300109863281,362.9808349609375,78502300.0,359.1819317961551,364.6159110894826,358.6238390376856
2023-12-18 05:00:00,369.45001220703125,373.0,368.67999267578125,372.6499938964844,364.8606872558594,21802900.0,361.7275930990288,365.20337736605416,360.9736688806633
2023-12-19 05:00:00,371.489990234375,373.260009765625,369.8399963378906,373.260009765625,365.45794677734375,20603700.0,363.7249250586426,365.45794677734375,362.1094201402803
2023-12-20 05:00:00,375.0,376.0299987792969,370.5299987792969,370.6199951171875,362.8731689453125,26316700.0,367.1616214647713,368.1700908565403,362.78505374172363
2023-12-21 05:00:00,372.55999755859375,374.4100036621094,370.0400085449219,373.5400085449219,365.73211669921875,17708000.0,364.77259031859234,366.5839268091088,362.3052751851502
2023-12-22 05:00:00,373.67999267578125,375.17999267578125,372.7099914550781,374.5799865722656,366.7503356933594,17107500.0,365.8691539017797,367.3378001809741,364.9194281127133
2023-12-26 05:00:00,375.0,376.94000244140625,373.5,374.6600036621094,366.8287353515625,12673100.0,367.1616249726416,369.0610768362086,365.69297847275107
2023-12-27 05:00:00,373.69000244140625,375.05999755859375,372.80999755859375,374.07000732421875,366.2510681152344,14905400.0,365.87900622442777,367.2203652351963,365.01739550459973
2023-12-28 05:00:00,375.3699951171875,376.4599914550781,374.1600036621094,375.2799987792969,367.43572998046875,14327000.0,367.5238451750327,368.59105792655595,366.3391454974242
2023-12-29 05:00:00,376.0,377.1600036621094,373.4800109863281,376.0400085449219,368.1799011230469,18730800.0,368.14072884940924,369.2764857473798,365.6734134446601
2024-01-02 05:00:00,373.8599853515625,375.8999938964844,366.7699890136719,370.8699951171875,363.1179504394531,25258600.0,366.04544293017665,368.04281055620135,359.10364399056556
2024-01-03 05:00:00,369.010009765625,373.260009765625,368.510009765625,370.6000061035156,362.85357666015625,23083500.0,361.2968150611858,365.45797986261033,360.8072662610182
2024-01-04 05:00:00,370.6700134277344,373.1000061035156,367.1700134277344,367.94000244140625,360.2491760253906,20901500.0,362.9221232500447,365.30132326469203,359.49528162444665
2024-01-05 05:00:00,368.9700012207031,372.05999755859375,366.5,367.75,360.06317138671875,21004600.0,361.25767175006894,364.28307999206555,358.8392992881915
2024-01-08 05:00:00,369.29998779296875,375.20001220703125,369.010009765625,374.69000244140625,366.85809326171875,23134000.0,361.58074269539895,367.35744261436474,361.2968258961624
2024-01-09 05:00:00,372.010009765625,375.989990234375,371.19000244140625,375.7900085449219,367.9350891113281,20830000.0,364.2341014424794,368.1308907001316,363.4312342532303
2024-01-10 05:00:00,376.3699951171875,384.1700134277344,376.32000732421875,382.7699890136719,374.7691955566406,25514200.0,368.50297659226095,376.1399561660862,368.45403366179033
2024-01-11 05:00:00,386.0,390.67999267578125,380.3800048828125,384.6300048828125,376.59033203125,27850800.0,377.9316910243427,382.5138608324762,372.4291670394017
2024-01-12 05:00:00,385.489990234375,388.67999267578125,384.6499938964844,388.4700012207031,380.3500061035156,21661200.0,377.43228480386114,380.55560821170843,376.6098464914054
2024-01-16 05:00:00,393.6600036621094,394.0299987792969,387.6199951171875,390.2699890136719,382.1124267578125,27202300.0,385.43158211314164,385.7938434606626,379.51782397721394
2024-01-17 05:00:00,387.9800109863281,390.1099853515625,384.80999755859375,389.4700012207031,381.32916259765625,22234100.0,379.87031666196907,381.9557695556543,376.7665639671979
2024-01-18 05:00:00,391.7200012207031,393.989990234375,390.1199951171875,393.8699951171875,385.6371765136719,23392100.0,383.5321225973024,385.75466344784127,381.96556042243856
2024-01-19 05:00:00,395.760009765625,398.6700134277344,393.5,398.6700134277344,390.33685302734375,29331100.0,387.48767542805655,390.33685302734375,385.2749052923237
2024-01-22 05:00:00,400.0199890136719,400.6199951171875,393.5899963378906,396.510009765625,388.2220153808594,27016900.0,391.6586277842315,392.2460923450514,385.36303712070327
2024-01-23 05:00:00,395.75,399.3800048828125,393.92999267578125,398.8999938964844,390.5620422363281,20525900.0,387.47789064929606,391.03201985975426,385.6959257751216
2024-01-24 05:00:00,401.5400085449219,405.6300048828125,400.45001220703125,402.55999755859375,394.1455383300781,24867000.0,393.14686950723774,397.1513752160577,392.079656679383
2024-01-25 05:00:00,404.32000732421875,407.010009765625,402.5299987792969,404.8699951171875,396.4072570800781,21021200.0,395.8687653294727,398.5025403738,394.1161721859946
2024-01-26 05:00:00,404.3699951171875,406.1700134277344,402.42999267578125,403.92999267578125,395.48687744140625,17803300.0,395.917682766026,397.68007633393063,394.01823107466254
2024-01-29 05:00:00,406.05999755859375,409.9800109863281,404.3299865722656,409.7200012207031,401.1558837890625,24510200.0,397.57238286313674,401.41045873539736,395.8785331996652
2024-01-30 05:00:00,412.260009765625,413.04998779296875,406.45001220703125,408.5899963378906,400.04949951171875,33477600.0,403.64280098293807,404.41626660201007,397.9542461080957
2024-01-31 05:00:00,406.9599914550781,415.32000732421875,397.2099914550781,397.5799865722656,389.2696228027344,47871100.0,398.45356335794276,406.6388350866889,388.907361460185
2024-02-01 05:00:00,401.8299865722656,408.0,401.79998779296875,403.7799987792969,395.3399963378906,30657700.0,393.430744217634,399.4717890769623,393.401372487154
2024-02-02 05:00:00,403.80999755859375,412.6499938964844,403.55999755859375,411.2200012207031,402.62451171875,28256700.0,395.36939499914837,404.0246140998081,395.12462060191353
2024-02-05 05:00:00,409.8999938964844,411.1600036621094,403.989990234375,405.6499938964844,397.1709289550781,25352300.0,401.3320936868834,402.5657662041655,395.5456233801517
2024-02-06 05:00:00,405.8800048828125,407.9700012207031,402.9100036621094,405.489990234375,397.0143127441406,18382600.0,397.39617518548,399.44248577195293,394.48825385108364
2024-02-07 05:00:00,407.44000244140625,414.29998779296875,407.3999938964844,414.04998779296875,405.3952941894531,22340500.0,398.92347427594905,405.6400685561608,398.88430201096446
2024-02-08 05:00:00,414.04998779296875,415.55999755859375,412.5299987792969,414.1099853515625,405.45404052734375,21225300.0,405.39529706929125,406.87374381620714,403.9070796658224
2024-02-09 05:00:00,415.25,420.82000732421875,415.0899963378906,420.54998779296875,411.759521484375,22032800.0,406.5703156804263,412.0238969836169,406.4136564644989
2024-02-12 05:00:00,420.55999755859375,420.739990234375,414.75,415.260009765625,406.5800476074219,21202900.0,411.76925253567924,411.94548291897434,406.0806983084005
2024-02-13 05:00:00,404.94000244140625,410.07000732421875,403.3900146484375,406.32000732421875,397.8269958496094,27824900.0,396.4758362047706,401.49861232810986,394.95824667886694
2024-02-14 05:00:00,408.07000732421875,409.8399963378906,404.57000732421875,409.489990234375,401.6720886230469,20401200.0,400.27921574475005,402.01541247950905,396.8460370500132
2024-02-15 05:00:00,408.1400146484375,409.1300048828125,404.2900085449219,406.55999755859375,398.79803466796875,21825500.0,400.34788638470263,401.3189759217452,396.5713838346197
2024-02-16 05:00:00,407.9599914550781,408.2900085449219,403.44000244140625,404.05999755859375,396.3457946777344,22296500.0,400.17133095818804,400.49504745207923,395.73763633762957
2024-02-20 05:00:00,403.239990234375,404.489990234375,398.010009765625,402.7900085449219,395.1000061035156,24307900.0,395.5413968145009,396.7675320143623,390.41126629664336
2024-02-21 05:00:00,400.1700134277344,402.2900085449219,397.2200012207031,402.17999267578125,394.5016784667969,18518900.0,392.53007321174096,394.60959394201785,389.63638185870155
2024-02-22 05:00:00,410.19000244140625,412.8299865722656,408.57000732421875,411.6499938964844,403.79083251953125,27009900.0,402.3587150074255,404.9482969480148,400.76964859968683
2024-02-23 05:00:00,415.6700134277344,415.8599853515625,408.9700012207031,410.3399963378906,402.505859375,16295900.0,407.73411674298126,407.92046175721333,401.162019956702
2024-02-26 05:00:00,411.4599914550781,412.1600036621094,407.3599853515625,407.5400085449219,399.75933837890625,16193500.0,403.60448178020243,404.2911294979053,399.5827521513917
2024-02-27 05:00:00,407.989990234375,408.32000732421875,403.8500061035156,407.4800109863281,399.7005310058594,14835800.0,400.2007738907874,400.524490398334,396.13982903252327
2024-02-28 05:00:00,408.17999267578125,409.29998779296875,405.32000732421875,407.7200012207031,399.9358825683594,13183100.0,400.38709194736896,401.48570431449235,397.5817089338175
2024-02-29 05:00:00,408.6400146484375,414.20001220703125,405.9200134277344,413.6400146484375,405.7428894042969,31947300.0,400.83834831741547,406.29219561123216,398.17027676875426
2024-03-01 05:00:00,411.2699890136719,415.8699951171875,410.8800048828125,415.5,407.5673522949219,17823400.0,403.4180998812608,407.93028353505224,403.03556125394095
2024-03-04 05:00:00,413.44000244140625,417.3500061035156,412.32000732421875,414.9200134277344,406.99847412109375,17596000.0,405.54671909934444,409.3820740419509,404.4481066223211
2024-03-05 05:00:00,413.9599914550781,414.25,400.6400146484375,402.6499938964844,394.962646484375,26919200.0,406.056714869292,406.3411866044012,392.9910415291509
2024-03-06 05:00:00,402.9700012207031,405.1600036621094,398.3900146484375,402.0899963378906,394.4133605957031,22344100.0,395.27656457076307,397.4247558475786,390.7840183450358
2024-03-07 05:00:00,406.1199951171875,409.7799987792969,402.239990234375,409.1400146484375,401.3288269042969,18718500.0,398.3664647487739,401.9565926355365,394.5605358436286
2024-03-08 05:00:00,407.9599914550781,410.4200134277344,404.3299865722656,406.2200012207031,398.4645080566406,18002200.0,400.1712786506048,402.58433424165736,396.61057729290076
2024-03-11 04:00:00,403.760009765625,405.67999267578125,401.260009765625,404.5199890136719,396.7970275878906,16120800.0,396.051557611515,397.9348848449285,393.5992867821094
2024-03-12 04:00:00,407.6199951171875,415.57000732421875,406.7900085449219,415.2799987792969,407.35162353515625,22457000.0,399.8378618870692,407.63609534203414,399.023721117664
2024-03-13 04:00:00,418.1000061035156,418.17999267578125,411.45001220703125,415.1000061035156,407.1750183105469,17115900.0,410.1177430442753,410.19620253246603,403.5947092048327
2024-03-14 04:00:00,420.239990234375,427.82000732421875,417.989990234375,425.2200012207031,417.1017761230469,34157300.0,412.21684262615895,419.6521433696343,410.009799228429
2024-03-15 04:00:00,419.2900085449219,422.6000061035156,412.7900085449219,416.4200134277344,408.4698181152344,45079900.0,411.28501994441507,414.53182378938754,404.9091164524236
2024-03-18 04:00:00,414.25,420.7300109863281,413.7799987792969,417.32000732421875,409.3526306152344,20106000.0,406.34123515822085,412.69753127897746,405.8802070917239
2024-03-19 04:00:00,417.8299865722656,421.6700134277344,415.54998779296875,421.4100036621094,413.364501953125,19837900.0,409.8528340561438,413.61954764814055,407.61636469929994
2024-03-20 04:00:00,422.0,425.9599914550781,420.6600036621094,425.2300109863281,417.1116027832031,17860100.0,413.94325853489937,417.8276466076136,412.62884514501485
2024-03-21 04:00:00,429.8299865722656,430.82000732421875,427.1600036621094,429.3699951171875,421.17254638671875,21296200.0,421.6237557740876,422.5948752417206,419.004747660182
2024-03-22 04:00:00,429.70001220703125,429.8599853515625,426.07000732421875,428.739990234375,420.5545959472656,17648500.0,421.4962894258474,421.65320840400005,417.93558766825475
2024-03-25 04:00:00,425.239990234375,427.4100036621094,421.6099853515625,422.8599853515625,414.78680419921875,18060500.0,417.1213703760103,419.24995422394994,413.5606690168653
2024-03-26 04:00:00,425.6099853515625,425.989990234375,421.3500061035156,421.6499938964844,413.59991455078125,16725600.0,417.48430243445387,417.85705232022457,413.3056540804049
2024-03-27 04:00:00,424.44000244140625,424.45001220703125,419.010009765625,421.42999267578125,413.3841247558594,16705000.0,416.33666794000516,416.34648660093063,411.0103437373624
2024-03-28 04:00:00,420.9599914550781,421.8699951171875,419.1199951171875,420.7200012207031,412.6876525878906,21871200.0,412.9230609501764,413.81569090376234,411.1181936577938
2024-04-01 04:00:00,423.95001220703125,427.8900146484375,422.2200012207031,424.57000732421875,416.46417236328125,16316000.0,415.8560141116514,419.72079454258875,414.15903226844193
2024-04-02 04:00:00,420.1099853515625,422.3800048828125,417.8399963378906,421.44000244140625,413.39398193359375,17912000.0,412.0893571765106,414.31603809824145,409.86270618972446
2024-04-03 04:00:00,419.7300109863281,423.260009765625,419.0899963378906,420.45001220703125,412.4228820800781,16502300.0,411.7166269488562,415.17923184367993,411.0888313055727
2024-04-04 04:00:00,424.989990234375,428.6700134277344,417.57000732421875,417.8800048828125,409.9019470214844,19370900.0,416.8761903565226,420.4859554910503,409.59786785676073
2024-04-05 04:00:00,420.010009765625,426.510009765625,418.32000732421875,425.5199890136719,417.3960876464844,16554800.0,411.9913032872843,418.3672072160066,410.3335658710208
2024-04-08 04:00:00,425.1700134277344,427.2799987792969,423.29998779296875,424.5899963378906,416.48382568359375,14272400.0,417.0527692258899,419.12247124179834,415.21844567326013
2024-04-09 04:00:00,426.44000244140625,427.739990234375,421.6199951171875,426.2799987792969,418.1415710449219,12496900.0,418.2985199584035,419.5736887198931,413.5705349702072
2024-04-10 04:00:00,422.19000244140625,424.0299987792969,419.70001220703125,423.260009765625,415.17919921875,16216600.0,414.12962029851764,415.9344877287147,411.68716854848634
2024-04-11 04:00:00,425.82000732421875,429.3699951171875,422.3599853515625,427.92999267578125,419.76007080078125,17966400.0,417.6903687099733,421.1725811111206,414.2964045264092
2024-04-12 04:00:00,424.04998779296875,425.17999267578125,419.7699890136719,421.8999938964844,413.84515380859375,19253800.0,415.95410040174403,417.06253143112855,411.75581460240056
2024-04-15 04:00:00,426.6000061035156,426.82000732421875,413.42999267578125,413.6400146484375,405.7428894042969,20273500.0,418.4554515197094,418.6712525249299,405.5368771254888
2024-04-16 04:00:00,414.57000732421875,418.3999938964844,413.7300109863281,414.5799865722656,406.6648864746094,16765600.0,406.6550977488978,410.4119627811132,405.8311384974836
2024-04-17 04:00:00,417.25,418.8800048828125,410.3299865722656,411.8399963378906,403.9772033691406,15855500.0,409.2839199801292,410.88280503231437,402.49602250375233
2024-04-18 04:00:00,410.6300048828125,411.8900146484375,403.95001220703125,404.2699890136719,396.5517272949219,21029900.0,402.79031869935466,404.02627254838046,396.2378594372626
2024-04-19 04:00:00,404.0299987792969,405.4800109863281,397.7699890136719,399.1199951171875,391.5001220703125,30565800.0,396.31638549133476,397.73871452270663,390.1758898574742
2024-04-22 04:00:00,400.0799865722656,402.8500061035156,395.75,400.9599914550781,393.304931640625,20286900.0,392.441727661041,395.1588624515417,388.1944084543801
2024-04-23 04:00:00,404.239990234375,408.20001220703125,403.05999755859375,407.57000732421875,399.7887878417969,15734500.0,396.52234656320184,400.40676483693346,395.3648819975192
2024-04-24 04:00:00,409.55999755859375,412.4700012207031,406.7799987792969,409.05999755859375,401.2503662109375,15065300.0,401.74082038465986,404.5952672679176,399.0138963761614
2024-04-25 04:00:00,394.0299987792969,399.8900146484375,388.0299987792969,399.0400085449219,391.4216613769531,40586500.0,386.50730115245716,392.2554394295144,380.6218512778305
2024-04-26 04:00:00,412.1700134277344,413.0,405.760009765625,406.32000732421875,398.5626220703125,29694700.0,404.30094095620495,405.1150815807432,398.01331587991365
2024-04-29 04:00:00,405.25,406.32000732421875,399.19000244140625,402.25,394.5703430175781,19582100.0,397.5130677635141,398.56264677395114,391.56876617151903
2024-04-30 04:00:00,401.489990234375,402.1600036621094,389.1700134277344,389.3299865722656,381.89697265625,28781400.0,393.82481984555585,394.4820415046003,381.74005368851095
2024-05-01 04:00:00,392.6099853515625,401.7200012207031,390.30999755859375,394.94000244140625,387.39990234375,23562500.0,385.11436938308555,394.05045900742965,382.85829240714
2024-05-02 04:00:00,397.6600036621094,399.92999267578125,394.6499938964844,397.8399963378906,390.2445373535156,17709400.0,390.067981051651,392.2946320183516,387.1154376190438
2024-05-03 04:00:00,402.2799987792969,407.1499938964844,401.8599853515625,406.6600036621094,398.8961181640625,17446700.0,394.5997356096934,399.37675358596374,394.18774100881984
2024-05-06 04:00:00,408.760009765625,413.92999267578125,406.3699951171875,413.5400085449219,405.6448059082031,16996600.0,400.9560656726651,406.02734455936377,398.61168058742396
2024-05-07 04:00:00,414.6600036621094,414.6700134277344,409.0899963378906,409.3399963378906,401.52496337890625,20018200.0,406.74340224425765,406.75322090554647,401.27973632622934
2024-05-08 04:00:00,408.1700134277344,412.2300109863281,406.7099914550781,410.5400085449219,402.70208740234375,11792300.0,400.37733960441915,404.3598247646084,398.9451919846881
2024-05-09 04:00:00,410.57000732421875,412.7200012207031,409.1000061035156,412.32000732421875,404.4481201171875,14689700.0,402.7315305808264,404.84047745279514,401.28959417288524
2024-05-10 04:00:00,412.94000244140625,415.3800048828125,411.79998779296875,414.739990234375,406.8218688964844,13402300.0,405.0562460600837,407.44966453116945,403.93799631140473
2024-05-13 04:00:00,418.010009765625,418.3500061035156,410.82000732421875,413.7200012207031,405.8212890625,15440200.0,410.02939307645266,410.36289822900073,402.9766616384639
2024-05-14 04:00:00,412.0199890136719,417.489990234375,411.54998779296875,416.55999755859375,408.6070861816406,15109300.0,404.1537549120692,409.51932355356394,403.6927268958918
2024-05-15 04:00:00,417.8999938964844,423.80999755859375,417.2699890136719,423.0799865722656,415.7511901855469,22239500.0,410.66092785109674,416.46855556809163,410.0418362179186
2024-05-16 04:00:00,421.79998779296875,425.4200134277344,420.3500061035156,420.989990234375,413.6973876953125,17530100.0,414.49335406459187,418.05067177577746,413.0684896947791
2024-05-17 04:00:00,422.5400085449219,422.9200134277344,418.0299987792969,420.2099914550781,412.9308776855469,15352200.0,415.2205329091171,415.5939551336606,410.7886480687753
2024-05-20 04:00:00,420.2099914550781,426.7699890136719,419.989990234375,425.3399963378906,417.9720764160156,16272100.0,412.9309356548489,419.3772981518083,412.71474538865465
2024-05-21 04:00:00,426.8299865722656,432.9700012207031,424.8500061035156,429.0400085449219,421.60797119140625,21453300.0,419.43623228216074,425.46988664412265,417.49054998726376
2024-05-22 04:00:00,430.0899963378906,432.4100036621094,427.1300048828125,430.5199890136719,423.0623474121094,18073700.0,422.6398032435963,424.919622461389,419.7310859592396
2024-05-23 04:00:00,432.9700012207031,433.6000061035156,425.4200134277344,427.0,419.603271484375,17211700.0,425.4698570651074,426.0889486573305,418.05065430726955
2024-05-24 04:00:00,427.19000244140625,431.05999755859375,424.4100036621094,430.1600036621094,422.7085876464844,11855300.0,419.7900340603218,423.59299146281916,417.0581916118114
2024-05-28 04:00:00,429.6300048828125,430.82000732421875,426.6000061035156,430.32000732421875,422.8658142089844,15718000.0,422.18776429444347,423.3571529882785,419.210252491479
2024-05-29 04:00:00,425.69000244140625,430.94000244140625,425.69000244140625,429.1700134277344,421.7356872558594,15517100.0,418.31595899186647,423.4750155168305,418.31595899186647
2024-05-30 04:00:00,424.29998779296875,424.29998779296875,414.239990234375,414.6700134277344,407.48687744140625,28394500.0,416.95003623481153,416.95003623481153,407.0643033400361
2024-05-31 04:00:00,416.75,416.75,404.510009765625,415.1300048828125,407.93896484375,47995300.0,409.5308977885728,409.5308977885728,397.50293332640854
2024-06-03 04:00:00,415.5299987792969,416.42999267578125,408.9200134277344,413.5199890136719,406.3567810058594,17484700.0,408.3319723384426,409.21637607324783,401.83648858598
2024-06-04 04:00:00,412.42999267578125,416.44000244140625,409.67999267578125,416.07000732421875,408.862548828125,14348900.0,405.2855890840112,409.22613462860147,402.58322652606506
2024-06-05 04:00:00,417.80999755859375,424.0799865722656,416.29998779296875,424.010009765625,416.6651306152344,16988000.0,410.5725176189358,416.73389525429343,409.0886648755249
2024-06-06 04:00:00,424.010009765625,425.30999755859375,420.5799865722656,424.5199890136719,417.16619873046875,14861300.0,416.66505364933033,417.942522272772,413.294447378338
2024-06-07 04:00:00,426.20001220703125,426.2799987792969,423.0,423.8500061035156,416.5078430175781,13621700.0,418.81714102196315,418.8957420228007,415.67256118761725
2024-06-10 04:00:00,424.70001220703125,428.0799865722656,423.8900146484375,427.8699951171875,420.45819091796875,13982900.0,417.3431202309482,420.66454478320344,416.5471539046789
2024-06-11 04:00:00,425.4800109863281,432.82000732421875,425.25,432.67999267578125,425.18487548828125,14551100.0,418.10961578141064,425.3224647271418,417.8835891699695
2024-06-12 04:00:00,435.32000732421875,443.3999938964844,433.25,441.05999755859375,433.4197692871094,22366200.0,427.7792095971262,435.7192312163597,425.74505981738713
2024-06-13 04:00:00,440.8500061035156,443.3900146484375,439.3699951171875,441.5799865722656,433.93072509765625,15960600.0,433.21338970261115,435.7093989946261,431.75901618030764
2024-06-14 04:00:00,438.2799987792969,443.1400146484375,436.7200012207031,442.57000732421875,434.903564453125,13582000.0,430.68786981308114,435.4636977946633,429.15489539650804
2024-06-17 04:00:00,442.5899963378906,450.94000244140625,440.7200012207031,448.3699951171875,440.60308837890625,20790000.0,434.9232138540311,443.1285766509554,433.08561180023855
2024-06-18 04:00:00,449.7099914550781,450.1400146484375,444.8900146484375,446.3399963378906,438.6082763671875,17112500.0,441.9198947788086,442.34246889984814,437.18341197055486
2024-06-20 04:00:00,446.29998779296875,446.5299987792969,441.2699890136719,445.70001220703125,437.9793701171875,19877400.0,438.5689526211533,438.79497924029823,433.6260860366594
2024-06-21 04:00:00,447.3800048828125,450.5799865722656,446.510009765625,449.7799987792969,441.9886779785156,34187100.0,439.63025801243765,442.774807970896,438.77533339876635
2024-06-24 04:00:00,449.79998779296875,452.75,446.4100036621094,447.6700134277344,439.9152526855469,15913700.0,442.00833058442447,444.9072412251996,438.677069430459
2024-06-25 04:00:00,448.25,451.4200134277344,446.75,450.95001220703125,443.1383972167969,16413400.0,440.48515617122325,443.6002568065394,439.01114003233465
2024-06-26 04:00:00,449.0,453.6000061035156,448.19000244140625,452.1600036621094,444.32745361328125,16507000.0,441.2221891732116,445.7425115856911,440.42622281234816
2024-06-27 04:00:00,452.17999267578125,456.1700134277344,451.7699890136719,452.8500061035156,445.0054931640625,14806300.0,444.3470860716105,448.267989524247,443.9441847148766
2024-06-28 04:00:00,453.07000732421875,455.3800048828125,446.4100036621094,446.95001220703125,439.2077331542969,28362300.0,445.22171482768863,447.4916975183524,438.6770788922511
2024-07-01 04:00:00,448.6600036621094,457.3699951171875,445.6600036621094,456.7300109863281,448.818359375,17662800.0,440.88814379845337,449.4472574564246,437.9401109437319
2024-07-02 04:00:00,453.20001220703125,459.5899963378906,453.1099853515625,459.2799987792969,451.32415771484375,13979800.0,445.3494912239479,451.62878536550966,445.26102385148636
2024-07-03 04:00:00,458.19000244140625,461.0199890136719,457.8800048828125,460.7699890136719,452.78826904296875,9932800.0,450.2529744663604,453.0339384006955,449.94834686189404
2024-07-05 04:00:00,459.6099853515625,468.3500061035156,458.9700012207031,467.55999755859375,459.460693359375,16000300.0,451.6483951731934,460.2370169877969,451.01949716215944
2024-07-08 04:00:00,466.54998779296875,467.70001220703125,464.4599914550781,466.239990234375,458.1635437011719,12962300.0,458.46817132419625,459.598274429734,456.4143789671548
2024-07-09 04:00:00,467.0,467.3299865722656,458.0,459.5400085449219,451.57965087890625,17207200.0,458.9104170237532,459.23468742094946,450.0663190511327
2024-07-10 04:00:00,461.2200012207031,466.4599914550781,458.8599853515625,466.25,458.17333984375,18196100.0,453.23047369871955,458.3796937017914,450.9113394298758
2024-07-11 04:00:00,462.9800109863281,464.7799987792969,451.54998779296875,454.70001220703125,446.82342529296875,23111200.0,454.95999295662324,456.728800279139,443.72796749516465
2024-07-12 04:00:00,454.3299865722656,456.3599853515625,450.6499938964844,453.54998779296875,445.69342041015625,16324300.0,446.4599077505093,448.45474210994985,442.84366132366125
2024-07-15 04:00:00,453.29998779296875,457.260009765625,451.42999267578125,453.9599914550781,446.0963134765625,14429400.0,445.44774266395785,449.3391675395858,443.61014035604813
2024-07-16 04:00:00,454.2200012207031,454.29998779296875,446.6600036621094,449.5199890136719,441.7331848144531,17175700.0,446.3517811207802,446.43038212668165,438.92274152217504
2024-07-17 04:00:00,442.5899963378906,444.8500061035156,439.17999267578125,443.5199890136719,435.83709716796875,21778000.0,434.92321432561624,437.1440749862863,431.5722805813875
2024-07-18 04:00:00,444.3399963378906,444.6499938964844,434.3999938964844,440.3699951171875,432.7417297363281,20794800.0,436.6429610062861,436.94758866304596,426.87514326717604
2024-07-19 04:00:00,433.1000061035156,441.1400146484375,432.0,437.1099853515625,429.5381774902344,20940400.0,425.59766083378145,433.49839687991425,424.5167095108502
2024-07-22 04:00:00,441.7900085449219,444.6000061035156,438.9100036621094,442.94000244140625,435.26715087890625,15808800.0,434.1370778123692,436.89839903999433,431.3069619660928
2024-07-23 04:00:00,443.8999938964844,448.3900146484375,443.1000061035156,444.8500061035156,437.1440734863281,13107100.0,436.21051790501895,440.6227600869156,435.4243879336588
2024-07-24 04:00:00,440.45001220703125,441.4800109863281,427.5899963378906,428.8999938964844,421.4703674316406,26805800.0,432.82031037979385,433.8324669900576,420.18306232506063
2024-07-25 04:00:00,428.79998779296875,429.79998779296875,417.510009765625,418.3999938964844,411.1523132324219,29943800.0,421.3721545577555,422.35483218497876,410.27774573844266
2024-07-26 04:00:00,418.20001220703125,428.9200134277344,417.2699890136719,425.2699890136719,417.90325927734375,23583800.0,410.95575198353527,421.490056226304,410.0418390958428
2024-07-29 04:00:00,431.5799865722656,432.1499938964844,424.70001220703125,426.7300109863281,419.3379821777344,15125800.0,424.10394408211863,424.66407745687695,417.34314804369717
2024-07-30 04:00:00,427.7200012207031,429.04998779296875,417.3599853515625,422.9200134277344,415.5939636230469,32687600.0,420.3108034246303,421.6177512482942,410.13024936818454
2024-07-31 04:00:00,420.5,421.7799987792969,412.2099914550781,418.3500061035156,411.10308837890625,42891400.0,413.2158387504739,414.47366459871824,405.06943486429435
2024-08-01 04:00:00,420.7900085449219,427.4599914550781,413.0899963378906,417.1099853515625,409.8846130371094,30296400.0,413.50088916463085,420.05533154219523,405.9342601346404
2024-08-02 04:00:00,412.489990234375,415.0,404.3399963378906,408.489990234375,401.4139099121094,29437900.0,405.3446197900361,407.81114983489476,397.3358044115477
2024-08-05 04:00:00,389.1700134277344,401.0400085449219,385.5799865722656,395.1499938964844,388.30499267578125,40709200.0,382.42860065253456,394.09297731515574,378.9007621776494
2024-08-06 04:00:00,400.0,405.6700134277344,398.5,399.6099853515625,392.6877746582031,24946500.0,393.07103331037194,398.64282840268,391.59701693545804
2024-08-07 04:00:00,408.6400146484375,410.0799865722656,397.4700012207031,398.42999267578125,391.5281677246094,20650900.0,401.56132604317764,402.9763539760022,390.58480577308114
2024-08-08 04:00:00,402.44000244140625,405.8599853515625,399.94000244140625,402.69000244140625,395.7144470214844,20203000.0,395.46877762031824,398.8295182344643,393.01208360865684
2024-08-09 04:00:00,404.0299987792969,408.04998779296875,402.260009765625,406.0199890136719,398.9867248535156,19276700.0,397.0312061411671,400.9815590644515,395.2918776876415
2024-08-12 04:00:00,407.05999755859375,408.760009765625,404.239990234375,406.80999755859375,399.7630310058594,16762900.0,400.008700380632,401.6792641246606,397.23754263585204
2024-08-13 04:00:00,409.5899963378906,414.95001220703125,409.57000732421875,414.010009765625,406.8382568359375,19414300.0,402.49480977979294,407.7619759385257,402.47516702892625
2024-08-14 04:00:00,414.79998779296875,417.7200012207031,412.45001220703125,416.8599853515625,409.638916015625,18267000.0,407.61460282522484,410.484034234621,405.30533476037385
2024-08-15 04:00:00,419.79998779296875,421.1099853515625,417.6600036621094,421.0299987792969,414.4823913574219,20752100.0,413.27150876832536,414.5611340262228,411.16480439429694
2024-08-16 04:00:00,420.6000061035156,421.3399963378906,417.29998779296875,418.4700012207031,411.9622497558594,22775600.0,414.05913029915934,414.787612725286,410.8104315549657
2024-08-19 04:00:00,418.9599914550781,421.75,416.4599914550781,421.5299987792969,414.97467041015625,15234000.0,412.4446299731582,415.19125033166955,409.9835081573214
2024-08-20 04:00:00,421.70001220703125,425.8599853515625,421.6400146484375,424.79998779296875,418.1938171386719,16387600.0,415.14205004692775,419.2373304106215,415.08298552534507
2024-08-21 04:00:00,424.0799865722656,426.3999938964844,421.7200012207031,424.1400146484375,417.5440979003906,16067300.0,417.48500333716095,419.76893159636126,415.1617187597954
2024-08-22 04:00:00,424.3599853515625,426.7900085449219,414.6099853515625,415.54998779296875,409.08758544921875,19361900.0,417.7605748245769,420.1528076484466,408.16220140309326
2024-08-23 04:00:00,416.9800109863281,419.260009765625,412.0899963378906,416.7900085449219,410.308349609375,18493800.0,410.4953972510095,412.73993890763575,405.68142906839694
2024-08-26 04:00:00,416.3699951171875,417.2799987792969,411.3399963378906,413.489990234375,407.0596923828125,13152800.0,409.89490950861074,410.7907614506505,404.94313363943934
2024-08-27 04:00:00,412.8599853515625,414.3599853515625,410.25,413.8399963378906,407.4042663574219,13492900.0,406.43949576869113,407.9161688910183,403.8700989564779
2024-08-28 04:00:00,414.8800048828125,415.0,407.30999755859375,410.6000061035156,404.2146301269531,14882700.0,408.4280692350888,408.5461982686738,400.97578558888256
2024-08-29 04:00:00,414.94000244140625,422.04998779296875,410.6000061035156,413.1199951171875,406.6954650878906,17045200.0,408.48716903331825,415.4865852646763,404.2146650393698
2024-08-30 04:00:00,415.6000061035156,417.489990234375,412.1300048828125,417.1400146484375,410.6529541015625,24308300.0,409.1368946584357,410.9974871196902,405.72085639315753
2024-09-03 04:00:00,417.9100036621094,419.8800048828125,407.0299987792969,409.44000244140625,403.0726318359375,20313600.0,411.4109125689516,413.35027748692255,400.7001071362785
2024-09-04 04:00:00,405.9100036621094,411.239990234375,404.3699951171875,408.8999938964844,402.541015625,15135800.0,399.5975240045065,404.8446216814279,398.08146478954603
2024-09-05 04:00:00,407.6199951171875,413.1000061035156,406.1300048828125,408.3900146484375,402.0390319824219,14195500.0,401.2809872314555,406.67577709695456,399.8141682348964
2024-09-06 04:00:00,409.05999755859375,410.6499938964844,400.79998779296875,401.70001220703125,395.4530334472656,19609500.0,402.6985610672717,404.26383081056673,394.5670056307313
2024-09-09 04:00:00,407.239990234375,408.6499938964844,402.1499938964844,405.7200012207031,399.4105224609375,15295100.0,400.9068736495872,402.2949499033103,395.89603343829765
2024-09-10 04:00:00,408.20001220703125,416.3299865722656,407.70001220703125,414.20001220703125,407.7586669921875,19594300.0,401.8519747424291,409.85551750473985,401.3597503882825
2024-09-11 04:00:00,415.5,423.989990234375,409.5799865722656,423.0400085449219,416.4611511230469,19266900.0,409.03840014283475,417.3963592828998,403.21045111442425
2024-09-12 04:00:00,423.30999755859375,427.3699951171875,419.75,427.0,420.3595886230469,17395700.0,416.72697057085117,420.7238298297295,413.2223356546228
2024-09-13 04:00:00,425.8299865722656,431.8299865722656,425.4599914550781,430.5899963378906,423.8937683105469,15874600.0,419.20778281644255,425.11447510259467,418.84354159900835
2024-09-16 04:00:00,430.6000061035156,433.5299987792969,428.2200012207031,431.3399963378906,424.6320495605469,13834700.0,423.90356722052456,426.7879943677343,421.5605747785227
2024-09-17 04:00:00,440.2300109863281,441.8500061035156,432.2699890136719,435.1499938964844,428.3828125,18874200.0,433.38382833136643,434.9786302945307,425.5475956574911
2024-09-18 04:00:00,435.0,436.0299987792969,430.4100036621094,430.80999755859375,424.11029052734375,18898000.0,428.23513248274287,429.2491133188561,423.71651710377296
2024-09-19 04:00:00,441.2300109863281,441.5,436.8999938964844,438.69000244140625,431.8677978515625,21706600.0,434.36830593406904,434.63409626466625,430.1056262859268
2024-09-20 04:00:00,437.2200012207031,439.239990234375,434.2200012207031,435.2699890136719,428.5009460449219,55167100.0,430.4206328981448,432.409208323067,427.4672869965637
2024-09-23 04:00:00,434.2799987792969,436.4599914550781,430.3900146484375,433.510009765625,426.7684020996094,15128900.0,427.52641684805,429.6725079875257,423.6969266994437
2024-09-24 04:00:00,433.0,433.3500061035156,426.1000061035156,429.1700134277344,422.495849609375,17015800.0,426.2662748026867,426.61083784634445,419.4735849772464
2024-09-25 04:00:00,429.8299865722656,433.1199951171875,428.57000732421875,432.1099853515625,425.39013671875,13396400.0,423.14559476109406,426.3844395741606,421.90520976014716
2024-09-26 04:00:00,435.0899963378906,435.29998779296875,429.1300048828125,431.30999755859375,424.6025695800781,14492000.0,428.32378449228514,428.5305103087993,422.45647860828996
2024-09-27 04:00:00,431.5199890136719,431.8500061035156,427.4700012207031,428.0199890136719,421.36370849609375,14896100.0,424.80927883764434,425.1341637224931,420.8222737453315
2024-09-30 04:00:00,428.2099914550781,430.4200134277344,425.3699951171875,430.29998779296875,423.6082763671875,16807300.0,421.55078212730024,423.7264354508624,418.75495134014767
2024-10-01 04:00:00,428.45001220703125,428.4800109863281,418.80999755859375,420.69000244140625,414.1476745605469,19092900.0,421.7870051373374,421.8165373929493,412.29690642757294
2024-10-02 04:00:00,422.5799865722656,422.82000732421875,416.7099914550781,417.1300048828125,410.6430969238281,16582300.0,416.00832438993655,416.24461251055664,410.22961524498584
2024-10-03 04:00:00,417.6300048828125,419.54998779296875,414.2900085449219,416.5400085449219,410.0622863769531,13686400.0,411.1353318978847,413.0254566537122,407.84727671300476
2024-10-04 04:00:00,418.239990234375,419.75,414.9700012207031,416.05999755859375,409.5897216796875,19169700.0,411.73581262468696,413.2223397680441,408.51667620718774
2024-10-07 04:00:00,416.0,417.1099853515625,409.0,409.5400085449219,403.1711120605469,20919800.0,409.5306419831522,410.6233655735784,402.6395013728588
2024-10-08 04:00:00,410.8999938964844,415.6600036621094,408.1700134277344,414.7099914550781,408.26068115234375,19229300.0,404.50993429186275,409.19591936395466,401.82240877121177
2024-10-09 04:00:00,415.8599853515625,420.3800048828125,414.29998779296875,417.4599914550781,410.9679260253906,14974300.0,409.3928021729279,413.84252930935924,407.8570646785986
2024-10-10 04:00:00,415.2300109863281,417.3500061035156,413.1499938964844,415.8399963378906,409.3731384277344,13848400.0,408.77263914925425,410.859665558973,406.7249690560659
2024-10-11 04:00:00,416.1400146484375,417.1300048828125,413.25,416.32000732421875,409.8456726074219,14144900.0,409.6684790592566,410.6430736171545,406.8234080163179
2024-10-14 04:00:00,417.7699890136719,424.0400085449219,417.5199890136719,419.1400146484375,412.6218566894531,16653100.0,411.2731366880873,417.4456494762865,411.0270245046469
2024-10-15 04:00:00,422.17999267578125,422.4800109863281,415.260009765625,418.739990234375,412.2279968261719,18900200.0,415.61450241094855,415.90985501650863,408.80213492837686
2024-10-16 04:00:00,415.1700134277344,416.3599853515625,410.4800109863281,416.1199951171875,409.64874267578125,15508900.0,408.71353454058965,409.8850007237477,404.09646824766287
2024-10-17 04:00:00,422.3599853515625,422.5,415.5899963378906,416.7200012207031,410.239501953125,14820000.0,415.79177751966756,415.92961477123424,409.12707001088165
2024-10-18 04:00:00,417.1400146484375,419.6499938964844,416.260009765625,418.1600036621094,411.6570739746094,17145300.0,410.6529471112624,413.12389293089865,409.78662744422246
2024-10-21 04:00:00,416.1199951171875,418.9599914550781,413.75,418.7799987792969,412.2674255371094,14206100.0,409.6487883889798,412.44461909285747,407.31564977599334
2024-10-22 04:00:00,418.489990234375,430.5799865722656,418.0400085449219,427.510009765625,420.8616638183594,25482200.0,411.9819175179694,423.8838984262341,411.53893363879695
2024-10-23 04:00:00,430.8599853515625,431.0799865722656,422.5299987792969,424.6000061035156,417.9969177246094,19654400.0,424.1595460644349,424.37612597688815,415.95910173602493
2024-10-24 04:00:00,425.3299865722656,425.9800109863281,422.3999938964844,424.7300109863281,418.1248474121094,13581600.0,418.715492513308,419.3554081112495,415.8310654448401
2024-10-25 04:00:00,426.760009765625,432.5199890136719,426.57000732421875,428.1499938964844,421.49169921875,16899100.0,420.1233311665373,425.7937351729216,419.9362835126177
2024-10-28 04:00:00,431.6600036621094,431.94000244140625,426.29998779296875,426.5899963378906,419.9559631347656,14882400.0,424.9471252042487,425.2227696357769,419.670464602579
2024-10-29 04:00:00,428.0,433.1700134277344,425.79998779296875,431.95001220703125,425.23260498046875,17644100.0,421.3440208086144,426.43363353122214,419.17822176857095
2024-10-30 04:00:00,437.44000244140625,438.5,432.1000061035156,432.5299987792969,425.8036193847656,29749100.0,430.6372663836306,431.68077966192817,425.3803136298507
2024-10-31 04:00:00,415.3599853515625,416.1600036621094,406.29998779296875,406.3500061035156,400.03070068359375,53971000.0,408.90056227484143,409.6881391925744,399.981460227055
2024-11-01 04:00:00,409.010009765625,415.5,407.5,410.3699951171875,403.98822021484375,24230400.0,402.6493843637014,409.0384470027673,401.162857168779
2024-11-04 05:00:00,409.79998779296875,410.4200134277344,405.57000732421875,408.4599914550781,402.10791015625,19672300.0,403.42706781751014,404.0374512515174,399.26286901744754
2024-11-05 05:00:00,408.3699951171875,414.8999938964844,408.0799865722656,411.4599914550781,405.0612487792969,17626000.0,402.019305938334,408.4477546696806,401.73380740675793
2024-11-06 05:00:00,412.4200134277344,420.45001220703125,410.5199890136719,420.17999267578125,413.6456298828125,26681800.0,406.00632872643234,413.91145024796907,404.1358522419557
2024-11-07 05:00:00,421.2799987792969,426.8500061035156,419.8800048828125,425.42999267578125,418.8139953613281,19901800.0,414.7285393416903,420.2119257079772,413.35031719618456
2024-11-08 05:00:00,425.32000732421875,426.5,421.7799987792969,422.5400085449219,415.968994140625,16891400.0,418.70576053564287,419.8674028807744,415.2208034572557
2024-11-11 05:00:00,422.5199890136719,424.80999755859375,416.0,418.010009765625,411.5093688964844,24503300.0,415.9492116532179,418.20360735923634,409.53061759674426
2024-11-12 05:00:00,418.25,424.44000244140625,417.20001220703125,423.0299987792969,416.4513854980469,19401200.0,411.7457213133286,417.83946194732283,410.7120620636308
2024-11-13 05:00:00,421.6400146484375,429.3299865722656,418.2099914550781,425.20001220703125,418.58758544921875,21502200.0,415.0829505962656,422.65333320998997,411.70626883397995
2024-11-14 05:00:00,425.0,428.1700134277344,420.0,426.8900146484375,420.2513427734375,30246900.0,418.390720208814,421.51143597611144,413.4684764416515
2024-11-15 05:00:00,419.82000732421875,422.79998779296875,413.6400146484375,415.0,408.5462341308594,28247600.0,413.29128434963707,416.22492241780895,407.2073982420546
2024-11-18 05:00:00,414.8699951171875,418.3999938964844,412.1000061035156,415.760009765625,409.2944030761719,24727000.0,408.4182293083614,411.8933320342017,405.6913172118432
2024-11-19 05:00:00,413.1099853515625,417.94000244140625,411.54998779296875,417.7900085449219,411.2928466796875,18133500.0,406.68560375296545,411.4405079817959,405.1498661250552
2024-11-20 05:00:00,416.8699951171875,417.2900085449219,410.5799865722656,415.489990234375,409.028564453125,19191700.0,410.3871084118776,410.8005900683197,404.19491792354364
2024-11-21 05:00:00,419.5,419.7799987792969,410.2900085449219,412.8699951171875,407.2629089355469,20780200.0,413.80287334750346,414.07906953202513,404.717960528392
2024-11-22 05:00:00,411.3699951171875,417.3999938964844,411.05999755859375,417.0,411.3367919921875,24814600.0,405.7832472742104,411.73135363774225,405.4774597411712
2024-11-25 05:00:00,418.3800048828125,421.0799865722656,414.8500061035156,418.7900085449219,413.1025085449219,27691100.0,412.698073057269,415.36138685697927,409.21601445717323
2024-11-26 05:00:00,419.5899963378906,429.0400085449219,418.8500061035156,427.989990234375,422.1775207519531,23458900.0,413.8916059444426,423.21327891734404,413.16166540924917
2024-11-27 05:00:00,425.1099853515625,427.2300109863281,422.0199890136719,422.989990234375,417.2454528808594,18332400.0,419.33665679394954,421.42789081016514,416.28862504102557
2024-11-29 05:00:00,420.0899963378906,424.8800048828125,417.79998779296875,423.4599914550781,417.70904541015625,16271900.0,414.38481768654003,419.1097738504757,412.1259094010287
2024-12-02 05:00:00,421.57000732421875,433.0,421.30999755859375,430.9800109863281,425.1269226074219,20207200.0,415.8447150882336,427.11947839003886,415.5882364843767
2024-12-03 05:00:00,429.8399963378906,432.4700012207031,427.739990234375,431.20001220703125,425.343994140625,18302000.0,424.0024483022702,426.59673575541547,421.9309618493427
2024-12-04 05:00:00,433.0299987792969,439.6700134277344,432.6300048828125,437.4200134277344,431.4794921875,26009400.0,427.1490975254907,433.698935348809,426.754535872994
2024-12-05 05:00:00,437.9200134277344,444.6600036621094,436.1700134277344,442.6199951171875,436.6088562011719,21697800.0,431.97270407918,438.6211597736825,430.2464705000807
2024-12-06 05:00:00,442.29998779296875,446.1000061035156,441.7699890136719,443.57000732421875,437.54595947265625,18821000.0,436.2931878578621,440.04159877439776,435.7703869006791
2024-12-09 05:00:00,442.6000061035156,448.3299865722656,440.5,446.0199890136719,439.96270751953125,19144400.0,436.5891705079944,442.2413336019405,434.51768404131514
2024-12-10 05:00:00,444.3900146484375,449.6199951171875,441.6000061035156,443.3299865722656,437.3092041015625,18469500.0,438.3548361326827,443.51378920495125,435.6027181772746
2024-12-11 05:00:00,444.04998779296875,450.3500061035156,444.04998779296875,448.989990234375,442.892333984375,19200200.0,438.019420871054,444.2338797106506,438.019420871054
2024-12-12 05:00:00,449.1099853515625,456.1600036621094,449.1099853515625,449.55999755859375,443.45458984375,20834800.0,443.0106891858234,449.96496224230685,443.0106891858234
2024-12-13 05:00:00,448.44000244140625,451.42999267578125,445.5799865722656,447.2699890136719,441.1957092285156,20177800.0,442.34983294961415,445.2992167545738,439.5286583553318
2024-12-16 05:00:00,447.2699890136719,452.17999267578125,445.2799987792969,451.5899963378906,445.4570007324219,23598800.0,441.1956629672055,446.0389843929351,439.2326985780913
2024-12-17 05:00:00,451.010009765625,455.2900085449219,449.57000732421875,454.4599914550781,448.2880554199219,22733500.0,444.8849272856994,449.1068002031095,443.4644812477741
2024-12-18 05:00:00,451.32000732421875,452.6499938964844,437.0199890136719,437.3900146484375,431.44989013671875,24444500.0,445.19070178831043,446.50262602359174,431.08488976149135
2024-12-19 05:00:00,441.6199951171875,443.17999267578125,436.32000732421875,437.0299987792969,431.0947570800781,22963700.0,435.6224173363725,437.1612287919841,430.39440791706704
2024-12-20 05:00:00,433.1099853515625,443.739990234375,428.6300048828125,436.6000061035156,430.6706237792969,64263700.0,427.22800034083093,437.7136411325363,422.80886164173944
2024-12-23 05:00:00,436.739990234375,437.6499938964844,432.8299865722656,435.25,429.3390197753906,19152500.0,430.8087749659741,431.7064201820156,426.95187171586906
2024-12-24 05:00:00,434.6499938964844,439.6000061035156,434.19000244140625,439.3299865722656,433.363525390625,7164500.0,428.74709084992185,433.6298778354008,428.2933464556966
2024-12-26 05:00:00,439.0799865722656,440.94000244140625,436.6300048828125,438.1099853515625,432.1601257324219,8194200.0,433.1169536147247,434.9517090842379,430.70024449975995
2024-12-27 05:00:00,434.6000061035156,435.2200012207031,426.3500061035156,430.5299987792969,424.6830749511719,18117700.0,428.6978084898888,429.3093836032803,420.5598497453618
2024-12-30 05:00:00,426.05999755859375,427.54998779296875,421.8999938964844,424.8299865722656,419.06048583984375,13158700.0,420.2737923808389,421.7435474622816,416.17028459927946
2024-12-31 05:00:00,426.1000061035156,426.7300109863281,420.6600036621094,421.5,415.7756652832031,13246500.0,420.3131993235258,420.93464819489714,414.9470768224156
2025-01-02 05:00:00,425.5299987792969,426.07000732421875,414.8500061035156,418.5799865722656,412.8953552246094,16896500.0,419.7509810335182,420.2836558558519,409.21603069875914
2025-01-03 05:00:00,421.0799865722656,424.0299987792969,419.5400085449219,423.3500061035156,417.6005859375,16662900.0,415.3613950253171,418.27134378737713,413.8423310893823
2025-01-06 05:00:00,428.0,434.32000732421875,425.4800109863281,427.8500061035156,422.0394592285156,20573600.0,422.1874160873605,428.4215926337743,419.7016505493917
2025-01-07 05:00:00,429.0,430.6499938964844,420.79998779296875,422.3699951171875,416.6338806152344,18139100.0,423.1738448521772,424.801430542522,415.0851952170159
2025-01-08 05:00:00,423.4599914550781,426.9700012207031,421.5400085449219,424.55999755859375,418.7941589355469,15054600.0,417.7090917280971,421.1714329663283,415.81518360520914
2025-01-10 05:00:00,424.6300048828125,424.7099914550781,415.0199890136719,418.95001220703125,413.26031494140625,20201100.0,418.86316848876044,418.94206877538755,409.3836648034606
2025-01-13 05:00:00,415.239990234375,418.5,412.2900085449219,417.19000244140625,411.52423095703125,17604800.0,409.6007014640922,412.8164377086338,406.690782868284
2025-01-14 05:00:00,417.80999755859375,419.739990234375,410.7200012207031,415.6700134277344,410.0249328613281,16935900.0,412.1358545569882,414.039636623884,405.1421451756978
2025-01-15 05:00:00,419.1300048828125,428.1499938964844,418.2699890136719,426.30999755859375,420.5203857421875,19637800.0,413.43790279096226,422.3353935398116,412.5895665870108
2025-01-16 05:00:00,428.70001220703125,429.489990234375,424.3900146484375,424.5799865722656,418.8138427734375,15300000.0,422.8779150872359,423.6571645662551,418.6264508238549
2025-01-17 05:00:00,434.0899963378906,434.4800109863281,428.1700134277344,429.0299987792969,423.2034606933594,26197500.0,428.1947398206691,428.57945778773313,422.35515456567043
2025-01-21 05:00:00,430.20001220703125,430.8999938964844,425.6000061035156,428.5,422.6806640625,26085700.0,424.3575888899967,425.0480643283389,419.8200541536477
2025-01-22 05:00:00,437.55999755859375,447.2699890136719,436.0,446.20001220703125,440.1402893066406,27803800.0,431.61761238386987,441.1957350447454,430.0788007344463
2025-01-23 05:00:00,442.0,446.75,441.5,446.7099914550781,440.6432800292969,18389300.0,435.9972543675129,440.6827452232724,435.50404480374874
2025-01-24 05:00:00,445.1600036621094,446.6499938964844,441.3999938964844,444.05999755859375,438.029296875,15549500.0,439.1143639891968,440.5841189283991,435.40541825453283
2025-01-27 05:00:00,424.010009765625,435.20001220703125,423.5,434.55999755859375,428.6583251953125,35647800.0,418.2516146753107,429.28964793288844,417.74853125025015
2025-01-28 05:00:00,434.6000061035156,448.3800048828125,431.3800048828125,447.20001220703125,441.1266784667969,23491700.0,428.69779052094407,442.29064589853647,425.52151949148305
2025-01-29 05:00:00,446.69000244140625,446.8800048828125,440.3999938964844,442.3299865722656,436.3227844238281,23581400.0,440.6235877197962,440.81100977301065,434.41900262341227
2025-01-30 05:00:00,418.7699890136719,422.8599853515625,413.1600036621094,414.989990234375,409.3540954589844,54586300.0,413.0827588425547,417.1172097708342,407.54896156269734
2025-01-31 05:00:00,418.9800109863281,420.69000244140625,414.9100036621094,415.05999755859375,409.42315673828125,34161900.0,413.2899333042713,414.976701732093,409.27519987674
2025-02-03 05:00:00,411.6000061035156,415.4100036621094,408.6600036621094,410.9200134277344,405.33935546875,25679100.0,406.01011324135266,409.76836765650177,403.1100386386691
2025-02-04 05:00:00,412.69000244140625,413.9200134277344,409.739990234375,412.3699951171875,406.7696838378906,20532100.0,407.0853452090854,408.29865167160733,404.1753965052981
2025-02-05 05:00:00,412.3500061035156,413.8299865722656,410.3999938964844,413.2900085449219,407.6772155761719,16316700.0,406.74997908357795,408.2098602907994,404.8264495269334
2025-02-06 05:00:00,414.0,418.20001220703125,414.0,415.82000732421875,410.1728820800781,16309800.0,408.37759172263367,412.52056483933194,408.37759172263367
2025-02-07 05:00:00,416.4800109863281,418.6499938964844,408.1000061035156,409.75,404.1852722167969,22886800.0,410.82388435232116,412.96439718513943,402.5576865372201
2025-02-10 05:00:00,413.7099914550781,415.4599914550781,410.9200134277344,412.2200012207031,406.6217346191406,20817900.0,408.0914896331453,409.81772327895646,405.3394016663598
2025-02-11 05:00:00,409.6400146484375,412.489990234375,409.29998779296875,411.44000244140625,405.852294921875,18140600.0,404.0767525043344,406.88802298158646,403.74134350470337
2025-02-12 05:00:00,407.2099914550781,410.75,404.3699951171875,409.0400085449219,403.4848937988281,19121700.0,401.6797299133385,405.17166210079324,398.87830316572246
2025-02-13 05:00:00,407.0,411.0,406.3599853515625,410.5400085449219,404.9645690917969,23891700.0,401.472636502677,405.4183135199023,400.84131373042015
2025-02-14 05:00:00,407.7900085449219,408.9100036621094,405.8800048828125,408.42999267578125,402.8832092285156,22758500.0,402.25191655873215,403.35670130819824,400.3678521686821
2025-02-18 05:00:00,408.0,410.6000061035156,406.5,409.6400146484375,404.0767822265625,21423100.0,402.4590402622825,405.0237362453633,400.9794114377888
2025-02-19 05:00:00,407.8800048828125,415.489990234375,407.6499938964844,414.7699890136719,409.1371154785156,24114200.0,402.34070226719325,409.84733856693146,402.1138149948078
2025-02-20 05:00:00,415.2900085449219,419.30999755859375,412.5400085449219,416.1300048828125,411.30169677734375,23508700.0,410.47144681938056,414.4447923675228,407.75335474991726
2025-02-21 05:00:00,417.3399963378906,418.04998779296875,407.8900146484375,408.2099914550781,403.4735412597656,27524800.0,412.49761092708707,413.19936436928833,403.15727713591093
2025-02-24 05:00:00,408.510009765625,409.3699951171875,399.32000732421875,404.0,399.3124084472656,26443700.0,403.7700887978409,404.62009578289485,394.6867174896375
2025-02-25 05:00:00,401.1000061035156,401.9200134277344,396.70001220703125,397.8999938964844,393.283203125,29387400.0,396.44608593506547,397.25657880262406,392.09714469383994
2025-02-26 05:00:00,398.010009765625,403.6000061035156,394.25,399.7300109863281,395.0920104980469,19619000.0,393.3919661639477,398.91710270889797,389.6755831630129
2025-02-27 05:00:00,401.2699890136719,405.739990234375,392.1700134277344,392.5299987792969,387.97552490234375,21127400.0,396.61410618114576,401.03224256641477,387.6197164134029
2025-02-28 05:00:00,392.6600036621094,397.6300048828125,386.57000732421875,396.989990234375,392.3837585449219,32845700.0,388.1040123360274,393.0163471729864,382.0846775634414
2025-03-03 05:00:00,398.82000732421875,398.82000732421875,386.1600036621094,388.489990234375,383.9823913574219,23007700.0,394.1925506012372,394.1925506012372,381.6794393165997
2025-03-04 05:00:00,383.3999938964844,392.5799865722656,381.0,388.6099853515625,384.1009826660156,29342900.0,378.9514422192701,388.0249203607145,376.5792952112664
2025-03-05 05:00:00,389.3399963378906,401.6700134277344,388.80999755859375,401.0199890136719,396.36700439453125,23433100.0,384.82253320835395,397.00948665687173,384.29868393839774
2025-03-06 05:00:00,394.2799987792969,402.1499938964844,392.67999267578125,396.8900146484375,392.284912109375,23304600.0,389.7051801734712,397.4838599812305,388.12373889118527
2025-03-07 05:00:00,392.32000732421875,394.79998779296875,385.5400085449219,393.30999755859375,388.7464599609375,22034100.0,387.76795648683793,390.2191619837315,381.0666253730808
2025-03-10 04:00:00,385.8399963378906,386.3999938964844,377.2200012207031,380.1600036621094,375.7490234375,32840100.0,381.3631114017718,381.9166113327009,372.8431337183802
2025-03-11 04:00:00,379.0,386.0,376.9100036621094,380.45001220703125,376.03570556640625,30380200.0,374.6025176419591,381.5212976511773,372.53677123025375
2025-03-12 04:00:00,382.95001220703125,385.2200012207031,378.95001220703125,383.2699890136719,378.82293701171875,24253600.0,378.5066728711865,380.7503233781215,374.55308456142495
2025-03-13 04:00:00,383.1600036621094,385.32000732421875,377.45001220703125,378.7699890136719,374.3751525878906,20473000.0,378.71423026442886,380.8491715851453,373.07049136146827
2025-03-14 04:00:00,379.7799987792969,390.2300109863281,379.510009765625,388.55999755859375,384.05157470703125,19952800.0,375.3734493768336,385.7022111357248,375.10659301872727
2025-03-17 04:00:00,386.70001220703125,392.7099914550781,385.57000732421875,388.70001220703125,384.18994140625,22474300.0,382.2131473268013,388.1533930243756,381.09625384575537
2025-03-18 04:00:00,387.07000732421875,387.3699951171875,381.1000061035156,383.5199890136719,379.0700378417969,19486900.0,382.57886557924786,382.87537263830677,376.67813379609476
2025-03-19 04:00:00,385.5299987792969,389.67999267578125,384.0,387.82000732421875,383.3201599121094,19185500.0,381.0567221702146,385.158563988563,379.54447585576617
2025-03-20 04:00:00,385.739990234375,391.7900085449219,383.2799987792969,386.8399963378906,382.3515319824219,18470500.0,381.2642891356356,387.24410971121733,378.8328407062668
2025-03-21 04:00:00,383.2200012207031,391.739990234375,382.79998779296875,391.260009765625,386.7202453613281,39675900.0,378.77352451177876,387.194656647968,378.3583844724842
2025-03-24 04:00:00,395.3999938964844,395.3999938964844,389.80999755859375,393.0799865722656,388.51910400390625,21004500.0,390.81219242783766,390.81219242783766,385.2870564688155
2025-03-25 04:00:00,393.9200134277344,396.3599853515625,392.6400146484375,395.1600036621094,390.5749816894531,15775000.0,389.3493790004213,391.7610400507305,388.08423198363494
2025-03-26 04:00:00,395.0,395.30999755859375,388.57000732421875,389.9700012207031,385.4451904296875,16108400.0,390.4168262767483,390.7232269425197,384.061440622416
2025-03-27 04:00:00,390.1300048828125,392.239990234375,387.3999938964844,390.5799865722656,386.0481262207031,13766800.0,385.60336562359333,387.6888690270636,382.9050306805178
2025-03-28 04:00:00,388.0799865722656,389.1300048828125,376.92999267578125,378.79998779296875,374.4048156738281,21632000.0,383.5771397086297,384.6149747790714,372.5565178920864
2025-03-31 04:00:00,372.5400085449219,377.07000732421875,367.239990234375,375.3900146484375,371.0343933105469,35184700.0,368.2174556076631,372.6948931611048,362.97893300010196
2025-04-01 04:00:00,374.6499938964844,382.8500061035156,373.2300109863281,382.19000244140625,377.7554931640625,19689500.0,370.30297052308924,378.4078388750376,368.89946352111616
2025-04-02 04:00:00,377.9700012207031,385.0799865722656,376.6199951171875,382.1400146484375,377.7060852050781,16092600.0,373.584455994143,380.61194495123306,372.2501138660857
2025-04-03 04:00:00,374.7900085449219,377.4800109863281,369.3500061035156,373.1099853515625,368.78082275390625,30198000.0,370.4413527847735,373.10014336261634,365.0644702169303
2025-04-04 04:00:00,364.1300048828125,374.5899963378906,359.4800109863281,359.8399963378906,355.6648254394531,49209900.0,359.9050576420754,370.24368334469244,355.3090169453245
2025-04-07 04:00:00,350.8800048828125,371.0,344.7900085449219,357.8599853515625,353.7077941894531,50425000.0,346.808801297969,366.6953473866903,340.78946619633433
2025-04-08 04:00:00,368.260009765625,373.6499938964844,350.25,354.55999755859375,350.446044921875,35868900.0,363.98709615832223,369.3145404099518,346.1860561796805
2025-04-09 04:00:00,353.5400085449219,393.2300109863281,353.1000061035156,390.489990234375,385.95916748046875,50199700.0,349.43791334353114,388.66739600040677,349.00301621371585
2025-04-10 04:00:00,382.05999755859375,383.8999938964844,367.79998779296875,381.3500061035156,376.92523193359375,38024400.0,377.6269854135807,379.44563241847453,363.5324334212975
2025-04-11 04:00:00,380.6400146484375,390.04998779296875,378.8900146484375,388.45001220703125,383.94287109375,23839200.0,376.2234920445777,385.52428234575257,374.4937970946495
2025-04-14 04:00:00,393.2200012207031,394.6499938964844,384.2099914550781,387.80999755859375,383.3102722167969,19251200.0,388.6575040815548,390.0709046779098,379.75203666792555
2025-04-15 04:00:00,388.510009765625,391.8900146484375,384.1600036621094,385.7300109863281,381.25445556640625,17199900.0,384.0021985236263,387.3429858222691,379.70266475267175
2025-04-16 04:00:00,380.6700134277344,381.6099853515625,368.0,371.6099853515625,367.2982482910156,21967800.0,376.25315416820064,377.18221973337427,363.730149078798
2025-04-17 04:00:00,373.75,374.32000732421875,366.8900146484375,367.7799987792969,363.5126647949219,21120200.0,369.41339637295704,369.9767899290697,362.6330071079686
2025-04-21 04:00:00,362.82000732421875,364.4800109863281,355.6700134277344,359.1199951171875,354.9531555175781,20807300.0,358.6102367890087,360.25097956592975,351.54320368031085
2025-04-22 04:00:00,363.3800048828125,367.7699890136719,359.8599853515625,366.82000732421875,362.5638427734375,19485000.0,359.1637542302739,363.5028019496421,355.68457702509073
2025-04-23 04:00:00,376.05999755859375,380.3900146484375,373.0199890136719,374.3900146484375,370.0460205078125,20545500.0,371.6966268435602,375.9764033603888,368.69189108581185
2025-04-24 04:00:00,375.70001220703125,388.45001220703125,375.19000244140625,387.29998779296875,382.80615234375,22232300.0,371.34077108557176,383.9428330432701,370.8366789549492
2025-04-25 04:00:00,387.0,392.1600036621094,384.6000061035156,391.8500061035156,387.30340576171875,18973200.0,382.5096738423667,387.60980644654984,380.1375268589871
2025-04-28 04:00:00,391.9599914550781,392.739990234375,386.6400146484375,391.1600036621094,386.62139892578125,16579400.0,387.41210451108003,388.18305301396595,382.1538550582223
2025-04-29 04:00:00,391.29998779296875,395.1000061035156,390.3800048828125,394.0400085449219,389.468017578125,14974000.0,386.75978890275064,390.5157161336794,385.8504804253008
2025-04-30 04:00:00,390.29998779296875,396.6600036621094,384.44000244140625,395.260009765625,390.6738586425781,36461100.0,385.7713871677669,392.0576085897077,379.97939447353656
2025-05-01 04:00:00,431.1099853515625,436.989990234375,424.8999938964844,425.3999938964844,420.4641418457031,58938100.0,426.10788113002934,431.9196612018972,419.96994327038766
2025-05-02 04:00:00,431.739990234375,439.44000244140625,429.989990234375,435.2799987792969,430.2294921875,30757400.0,426.7305579775838,434.3412277785372,425.0008630376841
2025-05-05 04:00:00,432.8699951171875,439.5,432.1099853515625,436.1700134277344,431.1091613769531,20136100.0,427.84743296236513,434.40051033348516,427.0962415401901
2025-05-06 04:00:00,432.20001220703125,437.7300109863281,431.1700134277344,433.30999755859375,428.2823486328125,15104200.0,427.18524232094876,432.65107712392626,426.1671945058241
2025-05-07 04:00:00,433.8399963378906,438.1199951171875,431.1099853515625,433.3500061035156,428.3218994140625,23295300.0,428.80620435216304,433.0365428333408,426.1078693467033
2025-05-08 04:00:00,437.92999267578125,443.6700134277344,435.6600036621094,438.1700134277344,433.0859680175781,23491300.0,432.8487322038109,438.5221520354275,430.60508165893515
2025-05-09 04:00:00,440.0,440.739990234375,435.8800048828125,438.7300109863281,433.63946533203125,15324200.0,434.89471877509555,435.6261229679929,430.8225275981773
2025-05-12 04:00:00,445.94000244140625,449.3699951171875,439.7799987792969,449.260009765625,444.04730224609375,22821900.0,440.7658165502587,444.1560114514232,434.67728663767485
2025-05-13 04:00:00,447.7799987792969,450.6700134277344,445.3599853515625,449.1400146484375,443.9287109375,23618800.0,442.5844751269483,445.4409573721911,440.19254074927665
2025-05-14 04:00:00,448.1400146484375,453.8999938964844,448.1400146484375,452.94000244140625,447.6845703125,19902800.0,442.940276452347,448.6334230518337,442.940276452347
2025-05-15 04:00:00,450.7699890136719,456.19000244140625,450.42999267578125,453.1300048828125,448.6946105957031,21992300.0,446.3576953837484,451.7246558325709,446.0210270484144
2025-05-16 04:00:00,452.04998779296875,454.3599853515625,448.7300109863281,454.2699890136719,449.82342529296875,23849800.0,447.6251542704443,449.91254071320964,444.3376746324017
2025-05-19 04:00:00,450.8800048828125,459.5899963378906,450.79998779296875,458.8699951171875,454.37841796875,21336500.0,446.46663650360125,455.0913715701619,446.3874026485213
2025-05-20 04:00:00,455.5899963378906,458.3399963378906,454.32000732421875,458.1700134277344,453.6852722167969,15441800.0,451.13050930908776,453.8535912700005,449.87295142774695
2025-05-21 04:00:00,454.57000732421875,457.7799987792969,451.80999755859375,452.57000732421875,448.14007568359375,19216900.0,450.12049890400635,453.29906971148773,447.3875051898017
2025-05-22 04:00:00,454.95001220703125,460.25,453.8999938964844,454.8599853515625,450.40765380859375,18025600.0,450.4967994491365,455.74490907390424,449.4570590917957
2025-05-23 04:00:00,449.9800109863281,453.69000244140625,448.9100036621094,450.17999267578125,445.7734680175781,16883500.0,445.5754438212613,449.2491205375805,444.51591011589574
2025-05-27 04:00:00,456.4800109863281,460.95001220703125,456.1199951171875,460.69000244140625,456.18060302734375,20974300.0,452.0118204825961,456.4380677238799,451.65532857824905
2025-05-28 04:00:00,461.2200012207031,462.5199890136719,456.92999267578125,457.3599853515625,452.8832092285156,17086300.0,456.70544210957024,457.9927052337918,452.45742544945836
2025-05-29 04:00:00,461.54998779296875,461.7200012207031,455.30999755859375,458.67999267578125,454.1902770996094,13974800.0,457.0321797296883,457.2005290082406,450.8532686393741
2025-05-30 04:00:00,459.7200012207031,461.67999267578125,455.5400085449219,460.3599853515625,455.8537902832031,34770500.0,455.2200705832806,457.16087682654637,451.08099341488645
2025-06-02 04:00:00,457.1400146484375,462.1099853515625,456.8900146484375,461.9700012207031,457.4480895996094,16626500.0,452.6653804963421,457.5867035205711,452.41782757710985
2025-06-03 04:00:00,461.4700012207031,464.1400146484375,460.8599853515625,462.9700012207031,458.4382629394531,15743800.0,456.95294554827,459.59682380087423,456.3489007620485
2025-06-04 04:00:00,464.0,465.69000244140625,463.0199890136719,463.8699951171875,459.3294982910156,14162700.0,459.4582306475514,461.1316908447896,458.4878122988585
2025-06-05 04:00:00,464.9599914550781,469.6499938964844,464.0299987792969,467.67999267578125,463.1022033691406,20131700.0,460.4088263203011,465.0529216385449,459.4879366863286
2025-06-06 04:00:00,470.0899963378906,473.3399963378906,468.7799987792969,470.3800048828125,465.7757873535156,15285600.0,465.4886174973397,468.7068055435685,464.1914425792919
2025-06-09 04:00:00,469.70001220703125,473.42999267578125,468.6199951171875,472.75,468.1225891113281,16469900.0,465.1024554626714,468.7959258262165,464.03300988597726
2025-06-10 04:00:00,471.19000244140625,472.79998779296875,466.9599914550781,470.9200134277344,466.3104553222656,15375900.0,466.5778015728124,468.1720277278758,462.38919566775553
2025-06-11 04:00:00,470.0199890136719,475.4700012207031,469.6600036621094,472.6199951171875,467.99383544921875,16399200.0,465.4192790589967,470.81594475736864,465.0628173622344
2025-06-12 04:00:00,475.0199890136719,480.4200134277344,473.5199890136719,478.8699951171875,474.1826171875,18950600.0,470.3702965389571,475.7174632765806,468.88497916047487
2025-06-13 04:00:00,476.4100036621094,479.17999267578125,472.760009765625,474.9599914550781,470.3109130859375,16814500.0,471.74673205457395,474.48960742449077,468.13246560456287
2025-06-16 04:00:00,475.2099914550781,480.69000244140625,475.0,479.1400146484375,474.45001220703125,15626100.0,470.5584575569121,475.98482813726486,470.3505215770748
2025-06-17 04:00:00,475.3999938964844,478.739990234375,474.0799865722656,478.0400085449219,473.3608093261719,15414100.0,470.74663593423935,474.0539393845567,469.4395492382731
2025-06-18 04:00:00,478.0,481.0,474.4599914550781,480.239990234375,475.53924560546875,17526500.0,473.3211811212961,476.291816149254,469.8158233270243
2025-06-20 04:00:00,482.2300109863281,483.4599914550781,476.8699951171875,477.3999938964844,472.72705078125,37576200.0,477.50979012623617,478.72773115460745,472.2022397987241
2025-06-23 04:00:00,478.2099914550781,487.75,472.510009765625,486.0,481.24285888671875,24864000.0,473.52910172023695,482.97572926336846,467.8849134818946
2025-06-24 04:00:00,488.95001220703125,491.8500061035156,486.79998779296875,490.1099853515625,485.3126220703125,22305600.0,484.1640031375646,487.0356109071577,482.0350238939456
2025-06-25 04:00:00,492.0400085449219,494.55999755859375,489.3900146484375,492.2699890136719,487.45147705078125,17495100.0,487.2237477118272,489.71907018583636,484.59969288856837
2025-06-26 04:00:00,492.9800109863281,498.0400085449219,492.80999755859375,497.45001220703125,492.580810546875,21578900.0,488.15456314430565,493.1650318097281,487.98621386300664
2025-06-27 04:00:00,497.54998779296875,499.29998779296875,493.0299987792969,495.94000244140625,491.0855712890625,34539200.0,492.6797975508017,494.4126679494895,488.2040517426954
2025-06-30 04:00:00,497.0400085449219,500.760009765625,495.3299865722656,497.4100036621094,492.5411682128906,28369000.0,492.17479474651304,495.8583832017286,490.4815111095117
2025-07-01 04:00:00,496.4700012207031,498.04998779296875,490.9800109863281,492.04998779296875,487.2336120605469,19945400.0,491.61036068604886,493.1748817381986,486.1741086010328
2025-07-02 04:00:00,489.989990234375,493.5,488.70001220703125,491.0899963378906,486.28302001953125,16319600.0,485.1937811955959,488.66943364597034,483.9164299655294
2025-07-03 04:00:00,493.80999755859375,500.1300048828125,493.44000244140625,498.8399963378906,493.9571838378906,13984800.0,488.9764203666982,495.2345653483035,488.6100468852986
2025-07-07 04:00:00,497.3800048828125,498.75,495.2300109863281,497.7200012207031,492.8481140136719,13981600.0,492.51144569917784,493.8680307430937,490.3824968234557
2025-07-08 04:00:00,497.239990234375,498.20001220703125,494.1099853515625,496.6199951171875,491.7588806152344,11846600.0,492.37280697303856,493.3234318678901,489.2734398258723
2025-07-09 04:00:00,500.29998779296875,506.7799987792969,499.739990234375,503.510009765625,498.5815124511719,18659500.0,495.40291107466015,501.81949389446856,494.8483949293652
2025-07-10 04:00:00,503.04998779296875,504.44000244140625,497.75,501.4800109863281,496.5713195800781,16492100.0,498.12592881176073,499.50233742843255,492.877819466512
2025-07-11 04:00:00,498.4700012207031,505.0299987792969,497.79998779296875,503.32000732421875,498.393310546875,16459500.0,493.5907782355643,500.0865639242522,492.9273231662245
2025-07-14 04:00:00,501.5199890136719,503.9700012207031,501.0299987792969,503.0199890136719,498.09625244140625,12058800.0,496.6109349689791,499.0369655948213,496.1257409313552
2025-07-15 04:00:00,503.0199890136719,508.29998779296875,502.7900085449219,505.82000732421875,500.86883544921875,14927200.0,498.09622485625505,503.3245408608939,497.8684955298327
2025-07-16 04:00:00,505.17999267578125,506.7200012207031,501.8900146484375,505.6199951171875,500.67083740234375,15154400.0,500.23514183467364,501.760076321519,496.97736708309617
2025-07-17 04:00:00,505.67999267578125,513.3699951171875,505.6199951171875,511.70001220703125,506.6912841796875,17503100.0,500.730191050298,508.3449206172861,500.67078077223215
2025-07-18 04:00:00,514.47998046875,514.6400146484375,507.42999267578125,510.04998779296875,505.05743408203125,21209700.0,509.4440643876484,509.6025320949179,502.4630844244223
2025-07-21 04:00:00,506.7099914550781,512.0900268554688,505.54998779296875,510.05999755859375,505.06732177734375,14066800.0,501.7501069031347,507.0774803175347,500.60145783110823
2025-07-22 04:00:00,510.9700012207031,511.20001220703125,505.2699890136719,505.2699890136719,500.32421875,13868600.0,505.968437121084,506.19619667447284,500.32421875
2025-07-23 04:00:00,506.75,506.7900085449219,500.70001220703125,505.8699951171875,500.9183654785156,16396600.0,501.78975657062705,501.82937349813983,495.7989881406536
2025-07-24 04:00:00,508.7699890136719,513.6699829101562,507.29998779296875,510.8800048828125,505.8793640136719,16107000.0,503.79000158856684,508.6420329312165,502.33438916388565
2025-07-25 04:00:00,512.469970703125,518.2899780273438,510.3599853515625,513.7100219726562,508.6816711425781,19125700.0,507.4537578741833,513.216797186473,505.3644257046499
2025-07-28 04:00:00,514.0800170898438,515.0,510.1199951171875,512.5,507.4834289550781,14308000.0,509.04798015617376,509.9589578768102,505.1267205865717
2025-07-29 04:00:00,515.530029296875,517.6199951171875,511.55999755859375,512.5700073242188,507.55279541015625,16469200.0,510.4838436674275,512.5533521818816,506.5526719682665
2025-07-30 04:00:00,515.1699829101562,515.9500122070312,509.44000244140625,513.239990234375,508.2162170410156,26380400.0,510.12731827097724,510.89971236727115,504.4534248625209
2025-07-31 04:00:00,555.22998046875,555.4500122070312,531.9000244140625,533.5,528.2779541015625,51617300.0,549.7952354974353,550.0131135040644,526.6936395202101
2025-08-01 04:00:00,535.0,535.7999877929688,520.8599853515625,524.1099853515625,518.9797973632812,28977600.0,529.7632164041114,530.5553736121248,515.7616096000787
2025-08-04 04:00:00,528.27001953125,538.25,528.1300048828125,535.6400146484375,530.3969116210938,25349000.0,523.0990575737549,532.9813491761439,522.9604134562841
2025-08-05 04:00:00,537.1799926757812,537.2999877929688,527.239990234375,527.75,522.5841674804688,19171600.0,531.9218555369729,532.0406760929504,522.0791498987046
2025-08-06 04:00:00,530.9000244140625,531.7000122070312,524.030029296875,524.9400024414062,519.8016967773438,21355700.0,525.70337986457,526.4955370830186,518.9006307843745
2025-08-07 04:00:00,526.7999877929688,528.0900268554688,517.5499877929688,520.8400268554688,515.7418212890625,16079100.0,521.6434435727333,522.9208551796034,512.483986539974
2025-08-08 04:00:00,522.5999755859375,524.6599731445312,519.4099731445312,522.0399780273438,516.9300537109375,15531000.0,517.4845698020915,519.524403327164,514.3257923084495
2025-08-11 04:00:00,522.2999877929688,527.5900268554688,519.719970703125,521.77001953125,516.6627197265625,20194400.0,517.1875004407061,522.4257584225397,514.6327376205326
2025-08-12 04:00:00,523.75,530.97998046875,522.7000122070312,529.239990234375,524.0595703125,18667000.0,518.6233183732385,525.7825288027884,517.5836082950698
2025-08-13 04:00:00,532.1099853515625,532.7000122070312,519.3699951171875,520.5800170898438,515.484375,19619200.0,526.9014833945702,527.4857348349631,514.2861971986356
2025-08-14 04:00:00,522.5599975585938,525.9500122070312,520.1400146484375,522.47998046875,517.36572265625,20269100.0,517.4449565045493,520.8017882377586,515.0486614235291
2025-08-15 04:00:00,522.77001953125,526.0999755859375,519.0800170898438,520.1699829101562,515.078369140625,25213300.0,517.6529556536844,520.9503168823401,513.9990723038397
2025-08-18 04:00:00,521.5900268554688,522.8200073242188,514.02001953125,517.0999755859375,512.0383911132812,23760600.0,516.4844919382945,517.7024328589179,508.9885829187347
2025-08-19 04:00:00,515.0,515.1599731445312,508.54998779296875,509.7699890136719,504.78021240234375,21481000.0,509.9590305231463,510.1174378041072,503.57215290768977
2025-08-20 04:00:00,509.8699951171875,511.0,504.44000244140625,505.7200012207031,500.76983642578125,27723000.0,504.87920872605446,505.9981527246316,499.5023667236012
2025-08-21 04:00:00,503.69000244140625,507.6300048828125,502.7200012207031,504.239990234375,500.1251220703125,18443300.0,499.57962247206007,503.48747238505433,498.6175369804135
2025-08-22 04:00:00,504.25,510.7300109863281,502.4100036621094,507.2300109863281,503.09075927734375,24324200.0,500.13506667774504,506.5621975190336,498.3100856343386
2025-08-25 04:00:00,506.6300048828125,508.19000244140625,504.1199951171875,504.260009765625,500.1449890136719,21638600.0,502.4956437530773,504.04291093011733,500.00611695670057
2025-08-26 04:00:00,504.3599853515625,504.9800109863281,498.510009765625,502.0400085449219,497.9430847167969,30835700.0,500.24412923099453,500.8590951140394,494.44189267773186
2025-08-27 04:00:00,502.0,507.2900085449219,499.8999938964844,506.739990234375,502.6047058105469,17277900.0,497.90339657266526,503.1502356611414,495.82052770460996
2025-08-28 04:00:00,507.0899963378906,511.0899963378906,505.5,509.6400146484375,505.4810485839844,18015600.0,502.9518399416591,506.919197559233,501.3748189208979
2025-08-29 04:00:00,508.6600036621094,509.6000061035156,504.489990234375,506.69000244140625,502.5551452636719,20961600.0,504.5090702372647,505.44140176386463,500.3730863144936
2025-09-02 04:00:00,500.4700012207031,506.0,496.80999755859375,505.1199951171875,500.9979248046875,18128000.0,496.38587753866574,501.87074834041937,492.75574161607386
2025-09-03 04:00:00,503.7900085449219,507.7900085449219,502.32000732421875,505.3500061035156,501.22607421875,16345100.0,499.6788070917271,503.64616490840893,498.220801883355
2025-09-04 04:00:00,504.29998779296875,508.1499938964844,503.1499938964844,507.9700012207031,503.8247375488281,15509500.0,500.18467308127,504.00326140342247,499.04406365219614
2025-09-05 04:00:00,509.07000732421875,511.9700012207031,492.3699951171875,495.0,490.9605712890625,31994800.0,504.9157608525771,507.7920894589463,488.3520284612672
2025-09-08 04:00:00,498.1099853515625,501.20001220703125,495.0299987792969,498.20001220703125,494.1344299316406,16771000.0,494.0451377441344,497.1099483047291,490.990285532587
2025-09-09 04:00:00,501.42999267578125,502.25,497.70001220703125,498.4100036621094,494.34271240234375,14410500.0,497.33805669614713,498.15137232357364,493.63851485593227
2025-09-10 04:00:00,502.9800109863281,503.2300109863281,496.7200012207031,500.3699951171875,496.2867431640625,21611800.0,498.8754600894228,499.1234199731124,492.6665349159027
2025-09-11 04:00:00,502.25,503.1700134277344,497.8800048828125,501.010009765625,496.9215087890625,18881600.0,498.15138006137016,499.0638857033828,493.8170463660224
2025-09-12 04:00:00,506.6499938964844,512.5499877929688,503.8500061035156,509.8999938964844,505.73895263671875,23624900.0,502.5154742767582,508.367321245748,499.73833579713096
2025-09-15 04:00:00,508.7900085449219,515.469970703125,507.0,515.3599853515625,511.15435791015625,17143800.0,504.6379958107742,511.26344571936806,502.8625947427051
2025-09-16 04:00:00,516.8800048828125,517.22998046875,508.6000061035156,509.0400085449219,504.8859558105469,19711900.0,512.6619733694059,513.0090929577493,504.449544036503
2025-09-17 04:00:00,510.6199951171875,511.2900085449219,505.92999267578125,510.0199890136719,505.8579406738281,15816600.0,506.4530503919847,507.1175961354426,501.80132099339164
2025-09-18 04:00:00,511.489990234375,513.0700073242188,507.6600036621094,508.45001220703125,504.30078125,18913700.0,507.31595138937655,508.883074673213,503.5172196080818
2025-09-19 04:00:00,510.55999755859375,519.2999877929688,510.30999755859375,517.9299926757812,513.703369140625,52474100.0,506.39351766303514,515.0621842649809,506.1455578149837
2025-09-22 04:00:00,515.5900268554688,517.739990234375,512.5399780273438,514.4500122070312,510.2518310546875,20009300.0,511.3825425873763,513.5149611406991,508.35738375283694
2025-09-23 04:00:00,513.7999877929688,514.5900268554688,507.30999755859375,509.2300109863281,505.0744323730469,19799600.0,509.60711582016205,510.3907077578639,503.17008724169204
2025-09-24 04:00:00,510.3800048828125,512.47998046875,506.9200134277344,510.1499938964844,505.9869079589844,13533700.0,506.215041937542,508.29788064425674,502.7832857896144
2025-09-25 04:00:00,508.29998779296875,510.010009765625,505.0400085449219,507.0299987792969,502.8923645019531,15786500.0,504.15198973027213,505.84805701475193,500.9186136455738
2025-09-26 04:00:00,510.05999755859375,513.9400024414062,506.6199951171875,511.4599914550781,507.28619384765625,16213100.0,505.8976246789574,509.74596656687834,502.4856945681329
2025-09-29 04:00:00,511.5,516.8499755859375,508.8800048828125,514.5999755859375,510.40057373046875,17617800.0,507.325895548039,512.6322125671903,504.72728094557834
2025-09-30 04:00:00,513.239990234375,518.1599731445312,509.6600036621094,517.9500122070312,513.7232666015625,19728200.0,509.05168089535164,513.9315141469417,505.5009089039439
2025-10-01 04:00:00,514.7999877929688,520.510009765625,511.69000244140625,519.7100219726562,515.4689331054688,22632300.0,510.5989672146665,516.262392605391,507.5143608700387
2025-10-02 04:00:00,517.6400146484375,521.5999755859375,510.67999267578125,515.739990234375,511.53131103515625,21222900.0,513.4158303625842,517.343476169315,506.5126054199375
2025-10-03 04:00:00,517.0999755859375,520.489990234375,515.0,517.3499755859375,513.1281127929688,15112300.0,512.8801529316524,516.2425031799986,510.7973143114264
2025-10-06 04:00:00,518.6099853515625,531.030029296875,518.2000122070312,528.5700073242188,524.256591796875,21388600.0,514.377848960065,526.6965386672223,513.9712214168786
2025-10-07 04:00:00,528.2899780273438,529.7999877929688,521.4400024414062,523.97998046875,519.7039794921875,14615200.0,523.9788048028778,525.4764919541412,517.1847292577561
2025-10-08 04:00:00,523.280029296875,526.9500122070312,523.0900268554688,524.8499755859375,520.5669555664062,13363400.0,519.0098207695767,522.6498549115006,518.8213688365025
2025-10-09 04:00:00,522.3400268554688,524.3300170898438,517.4000244140625,522.4000244140625,518.136962890625,18343600.0,518.07745494396,520.0512058016051,513.1777655449532
2025-10-10 04:00:00,519.6400146484375,523.5800170898438,509.6300048828125,510.9599914550781,506.790283203125,24133800.0,515.3994727403434,519.3073226434543,505.47115003636685
2025-10-13 04:00:00,516.4099731445312,516.4099731445312,511.67999267578125,514.0499877929688,509.85504150390625,14284200.0,512.1957680051081,512.1957680051081,507.50438692257717
2025-10-14 04:00:00,510.2300109863281,515.280029296875,506.0,513.5700073242188,509.37896728515625,14684300.0,506.06622732552523,511.07503445038043,501.87073577210117
2025-10-15 04:00:00,514.9600219726562,517.1900024414062,510.0,513.4299926757812,509.2401123046875,14694700.0,510.75765569343554,512.9694382549203,505.838110317394
2025-10-16 04:00:00,512.5800170898438,516.8499755859375,508.1300048828125,511.6099853515625,507.4349670410156,15559600.0,508.3970827878481,512.6321960787722,503.9833851231019
2025-10-17 04:00:00,509.0400085449219,515.47998046875,507.30999755859375,513.5800170898438,509.38897705078125,19867800.0,504.88601698312937,511.2734358883721,503.17012365144205
2025-10-20 04:00:00,514.6099853515625,518.7000122070312,513.4299926757812,516.7899780273438,512.5726318359375,14665600.0,510.4104293345006,514.4670788802013,509.2400661752128
2025-10-21 04:00:00,517.5,518.6900024414062,513.0399780273438,517.6599731445312,513.4356079101562,15586200.0,513.2769402267872,514.4572316509175,508.8533142722573
2025-10-22 04:00:00,521.1500244140625,525.22998046875,517.7100219726562,520.5399780273438,516.2921142578125,18962700.0,516.8971823641815,520.943843958813,513.4852520447155
2025-10-23 04:00:00,522.4600219726562,523.9500122070312,518.6099853515625,520.5599975585938,516.3118896484375,14023500.0,518.1964086283891,519.6742395740552,514.3777908083965
2025-10-24 04:00:00,522.7899780273438,525.3499755859375,520.7100219726562,523.6099853515625,519.3370971679688,15532400.0,518.5237814648117,521.0628883153897,516.4607987679614
2025-10-27 04:00:00,531.780029296875,534.5800170898438,529.010009765625,531.52001953125,527.1825561523438,18734700.0,527.4404441110845,530.2175826339089,524.6930292943027
2025-10-28 04:00:00,550.0,553.719970703125,540.77001953125,542.0700073242188,537.6464233398438,29986700.0,545.511702993095,549.2013167264516,536.3570441492753
2025-10-29 04:00:00,544.9400024414062,546.27001953125,536.72998046875,541.5499877929688,537.130615234375,36023000.0,540.4929653309738,541.8121286840217,532.3499420595073
2025-10-30 04:00:00,530.47998046875,534.969970703125,522.1199951171875,525.760009765625,521.4695434570312,41023100.0,526.1509968235328,530.6043464776645,517.8592331602406
2025-10-31 04:00:00,528.8800048828125,529.3200073242188,515.0999755859375,517.8099975585938,513.5844116210938,34006400.0,524.5640822050067,525.0004940086545,510.89650476941233
2025-11-03 05:00:00,519.8099975585938,524.9600219726562,514.5900268554688,517.030029296875,512.810791015625,22374700.0,515.5680732671589,520.6760707602963,510.3907002836433
2025-11-04 05:00:00,511.760009765625,515.5499877929688,507.8399963378906,514.3300170898438,510.1328430175781,20958700.0,507.5838081580189,511.342858187808,503.6957838776707
2025-11-05 05:00:00,513.2999877929688,514.8300170898438,506.5799865722656,507.1600036621094,503.02130126953125,23024300.0,509.11117977922714,510.6287232020861,502.4460174356622
2025-11-06 05:00:00,505.6600036621094,505.70001220703125,495.80999755859375,497.1000061035156,493.0434265136719,27406500.0,501.5335702984596,501.5732523540539,491.7639450704796
2025-11-07 05:00:00,496.95001220703125,499.3800048828125,493.25,496.82000732421875,492.7657165527344,24019800.0,492.89466053302914,495.304823297102,489.22484220934433
2025-11-10 05:00:00,500.0400085449219,506.8500061035156,498.79998779296875,506.0,501.8707580566406,26101500.0,495.95940345274505,502.7138276367279,494.72950196106785
2025-11-11 05:00:00,504.79998779296875,509.6000061035156,502.3500061035156,508.67999267578125,504.5289001464844,17980000.0,500.68055811559174,505.4414057875519,498.2505695472254
2025-11-12 05:00:00,509.3599853515625,511.6700134277344,499.1199951171875,511.1400146484375,506.9688720703125,26574900.0,505.2033686484966,507.4945458106546,495.0469415436793
2025-11-13 05:00:00,510.30999755859375,513.5,501.2900085449219,503.2900085449219,499.1828918457031,25273100.0,506.1455939798088,509.3095642884979,497.1992129195551
2025-11-14 05:00:00,498.2300109863281,511.6000061035156,497.44000244140625,510.17999267578125,506.0166320800781,28505700.0,494.16416907736203,507.42505738590404,493.38060745410195
2025-11-17 05:00:00,508.45001220703125,512.1199951171875,504.9100036621094,507.489990234375,503.34857177734375,19092800.0,504.3007594029326,507.9407930820625,500.78963942134817
2025-11-18 05:00:00,495.3699951171875,502.9800109863281,486.7799987792969,493.7900085449219,489.76043701171875,33815100.0,491.3275301094218,498.87544447228873,482.8076324047851
2025-11-19 05:00:00,490.1000061035156,495.19000244140625,482.8299865722656,487.1199951171875,483.14483642578125,23245300.0,486.1005289347495,491.14898819063853,478.88983663624714
2025-11-20 05:00:00,492.7099914550781,493.57000732421875,475.5,478.42999267578125,475.41387939453125,26802500.0,489.60385435710714,490.45844852333465,472.50235794747454
2025-11-21 05:00:00,478.5,478.9200134277344,468.2699890136719,472.1199951171875,469.1436462402344,31769200.0,475.4834301610789,475.9007957312625,465.3179114267742
2025-11-24 05:00:00,475.0,476.8999938964844,468.0199890136719,474.0,471.0118103027344,34421000.0,472.0055061050608,473.89352206444323,465.0694984877541
2025-11-25 05:00:00,474.07000732421875,479.1499938964844,464.8900146484375,476.989990234375,473.98297119140625,28019800.0,471.08139630740516,476.12935785467323,461.95927573241335
2025-11-26 05:00:00,486.30999755859375,488.30999755859375,481.20001220703125,485.5,482.4393310546875,25709100.0,483.244222260298,485.23161394332453,478.1664510662567
2025-11-28 05:00:00,487.6000061035156,492.6300048828125,486.6499938964844,492.010009765625,488.9082946777344,14386700.0,484.5260924315005,489.5243812398697,483.5820692635899
2025-12-01 05:00:00,488.44000244140625,489.8599853515625,484.6499938964844,486.739990234375,483.6714782714844,23964000.0,485.3607732415945,486.7718042788117,481.59465771305275
2025-12-02 05:00:00,486.7200012207031,493.5,486.32000732421875,490.0,486.91094970703125,19562700.0,483.6516286444489,490.38888506208144,483.2541563831954
2025-12-03 05:00:00,476.32000732421875,484.239990234375,475.20001220703125,477.7300109863281,474.7182922363281,34615100.0,473.3171775583083,481.18723109312356,472.2042431453193
2025-12-04 05:00:00,479.760009765625,481.32000732421875,476.489990234375,480.8399963378906,477.8087158203125,22318200.0,476.7355376297969,478.28570075231454,473.48613274494215
2025-12-05 05:00:00,482.5199890136719,483.3999938964844,478.8800048828125,483.1600036621094,480.11407470703125,22608700.0,479.4780948278929,480.35255199911325,475.86105782216015
2025-12-08 05:00:00,484.8900146484375,492.29998779296875,484.3800048828125,491.0199890136719,487.92449951171875,21965900.0,481.8331697469475,489.19642891935564,481.3263751862239
2025-12-09 05:00:00,489.1000061035156,492.1199951171875,488.5,492.0199890136719,488.918212890625,14696100.0,486.01663804004494,489.0175885389743,485.4204144751398
2025-12-10 05:00:00,484.0299987792969,484.25,475.0799865722656,478.55999755859375,475.5430603027344,35756200.0,480.97857754952304,481.19719183884354,472.084987996716
2025-12-11 05:00:00,476.6300048828125,486.0299987792969,475.8599853515625,483.4700012207031,480.4221496582031,24669200.0,473.6252734590456,482.96600869209163,472.86010822118624
2025-12-12 05:00:00,479.82000732421875,482.45001220703125,476.3399963378906,478.5299987792969,475.5132751464844,21248100.0,476.79515128743174,479.4085762318817,473.3370788032073
2025-12-15 05:00:00,480.1000061035156,480.7200012207031,472.5199890136719,474.82000732421875,471.82666015625,23727700.0,477.0733729131614,477.6894594742654,469.5411415575728
2025-12-16 05:00:00,471.9100036621094,477.8900146484375,470.8800048828125,476.3900146484375,473.38677978515625,20705600.0,468.9350114671635,474.87732355778707,467.911505956298
2025-12-17 05:00:00,476.9100036621094,480.0,475.0,476.1199951171875,473.1184387207031,24527200.0,473.903466892556,476.9739832708393,472.0055042784347
2025-12-18 05:00:00,478.19000244140625,489.6000061035156,477.8900146484375,483.9800109863281,480.9289245605469,28573500.0,475.1754171439269,486.51349034093164,474.87732052138307
2025-12-19 05:00:00,487.3599853515625,487.8500061035156,482.489990234375,485.9200134277344,482.856689453125,70836100.0,484.2875835443981,484.7745151206103,479.44828972039977
2025-12-22 05:00:00,486.1199951171875,488.7300109863281,482.69000244140625,484.9200134277344,481.86297607421875,16963000.0,483.05539282771,485.6489546100234,479.6470235443271
2025-12-23 05:00:00,484.9800109863281,487.8299865722656,484.739990234375,486.8500061035156,483.7807922363281,14683600.0,481.922585996358,484.75459468390824,481.6840783901604
2025-12-24 05:00:00,485.67999267578125,489.1600036621094,484.8299865722656,488.0199890136719,484.94342041015625,5855900.0,482.61817584356095,486.0762481946253,481.77352833631136
2025-12-26 05:00:00,486.7099914550781,488.1199951171875,485.9599914550781,487.7099914550781,484.6354064941406,8842200.0,483.64171061957336,485.04282544173617,482.8964387136479
2025-12-29 05:00:00,484.8599853515625,488.3500061035156,484.17999267578125,487.1000061035156,484.02923583984375,10893400.0,481.80333660098637,485.27135560420123,481.1276307272214
2025-12-30 05:00:00,485.92999267578125,489.67999267578125,485.5,487.4800109863281,484.4068603515625,13944500.0,482.8666136001516,486.5929730105466,482.43933166580535
2025-12-31 05:00:00,487.8399963378906,488.1400146484375,483.29998779296875,483.6199951171875,480.5711669921875,15601600.0,484.7645645601486,485.06269150087525,480.25317705215497
2026-01-02 05:00:00,484.3900146484375,484.6600036621094,470.1600036621094,472.94000244140625,469.95849609375,25571600.0,481.3363251826272,481.6046121327098,467.1960229709088
2026-01-05 05:00:00,474.05999755859375,476.07000732421875,469.5,472.8500061035156,469.86907958984375,25250300.0,471.071443053882,473.0687813775576,466.5401924921144
2026-01-06 05:00:00,473.79998779296875,478.739990234375,469.75,478.510009765625,475.4933776855469,23037700.0,470.81304872472026,475.7219083069673,466.78859294331005
2026-01-07 05:00:00,479.760009765625,489.70001220703125,477.95001220703125,483.4700012207031,480.4221496582031,25564200.0,476.73554642416184,486.61288592496,474.9369593023546
2026-01-08 05:00:00,481.239990234375,482.6600036621094,475.8599853515625,478.1099853515625,475.0959167480469,18162600.0,478.20618966596595,479.6172511411785,472.86010104573086
2026-01-09 05:00:00,474.05999755859375,479.82000732421875,472.20001220703125,479.2799987792969,476.258544921875,18491000.0,471.07145138115897,476.7951491709672,469.2231916595613
2026-01-12 05:00:00,476.6700134277344,480.989990234375,475.67999267578125,477.17999267578125,474.1717529296875,23519900.0,473.6649886945649,477.95773148860775,472.68120923483104
2026-01-13 05:00:00,474.67999267578125,475.7799987792969,465.95001220703125,470.6700134277344,467.70281982421875,28545800.0,471.68751939768345,472.7805908527595,463.01257439213845
2026-01-14 05:00:00,466.4599914550781,468.20001220703125,457.1700134277344,459.3800048828125,456.4840087890625,28184300.0,463.51936213123724,465.24841354789686,454.2879494306214
2026-01-15 05:00:00,464.1199951171875,464.25,455.8999938964844,456.6600036621094,453.7811279296875,23225800.0,461.1940901109254,461.32327541703046,453.02590941718984
2026-01-16 05:00:00,457.8299865722656,463.19000244140625,456.4800109863281,459.8599853515625,456.9609375,34246700.0,454.9437362325269,460.26996150673693,453.60227115836847
2026-01-20 05:00:00,451.2200012207031,456.79998779296875,449.2799987792969,454.5199890136719,451.65460205078125,26130000.0,448.37541805572727,453.92022725149957,446.44764578645413
2026-01-21 05:00:00,452.6000061035156,452.69000244140625,438.67999267578125,444.1099853515625,441.3102111816406,37980500.0,449.74670883889326,449.8361378186282,435.9144504613163
2026-01-22 05:00:00,447.6199951171875,452.8399963378906,444.70001220703125,451.1400146484375,448.29595947265625,25349400.0,444.7981306791853,449.98522421932967,441.8965557848095
2026-01-23 05:00:00,451.8699951171875,471.1000061035156,450.5299987792969,465.95001220703125,463.0125732421875,38000200.0,449.02131930234236,468.1301005814363,447.6897705604439
2026-01-26 05:00:00,465.30999755859375,474.25,462.0,470.2799987792969,467.3152770996094,29291200.0,462.3766075757791,471.2602507862521,459.0874767807031
2026-01-27 05:00:00,473.70001220703125,482.8699951171875,473.1600036621094,480.5799865722656,477.5503234863281,29213900.0,470.7137217228436,479.82589540353166,470.17711748937944
2026-01-28 05:00:00,483.2099914550781,483.739990234375,478.0,481.6300048828125,478.5937194824219,36875400.0,480.16374552458444,480.69040309270366,474.9865988275796
2026-01-29 05:00:00,439.989990234375,442.5,421.0199890136719,433.5,430.76715087890625,128855300.0,437.2162272399066,439.7104135269112,418.36581575660404
2026-01-30 05:00:00,439.1700134277344,439.6000061035156,426.45001220703125,430.2900085449219,427.577392578125,58566800.0,436.4014165119217,436.8286984461687,423.7616041817895
2026-02-02 05:00:00,430.239990234375,430.739990234375,422.25,423.3699951171875,420.70098876953125,42219900.0,427.5276741085398,428.02452201181774,419.58805431821895
2026-02-03 05:00:00,422.010009765625,422.04998779296875,408.55999755859375,411.2099914550781,408.61767578125,61424100.0,419.3496095186449,419.3893355198486,405.98438775489564
2026-02-04 05:00:00,411.0,419.79998779296875,409.239990234375,414.19000244140625,411.5788879394531,45012400.0,408.4089957411405,417.15350712085007,406.6600813351222
2026-02-05 05:00:00,407.44000244140625,408.29998779296875,392.32000732421875,393.6700134277344,391.1882629394531,66289200.0,404.87144402823185,405.7260079125925,389.8467674620769
2026-02-06 05:00:00,399.1700134277344,401.7900085449219,392.9200134277344,401.1400146484375,398.6111755371094,53515300.0,396.65359346172795,399.2570717870675,390.44299427907015
2026-02-09 05:00:00,404.8500061035156,414.8900146484375,400.8699951171875,413.6000061035156,410.99261474609375,45480500.0,402.2977759502542,412.2744908996196,398.3428555009064
2026-02-10 05:00:00,419.6199951171875,423.67999267578125,412.70001220703125,413.2699890136719,410.6646423339844,44857900.0,416.9746165751398,421.009018998737,410.09825878894065
2026-02-11 05:00:00,416.17999267578125,416.4599914550781,401.010009765625,404.3699951171875,401.8207702636719,42491000.0,413.5563153661985,413.8345489802859,398.4819668946231
2026-02-12 05:00:00,405.0,406.20001220703125,398.010009765625,401.8399963378906,399.3067626953125,40802400.0,402.44684542456184,403.6392926521932,395.50092068537
2026-02-13 05:00:00,404.45001220703125,405.5400085449219,398.04998779296875,401.32000732421875,398.7900085449219,34091600.0,401.90028127287496,402.98340606348665,395.54060384789733
2026-02-17 05:00:00,399.2200012207031,400.5199890136719,394.5299987792969,396.8599853515625,394.3581237792969,32078800.0,396.7032617740463,397.9950542597942,392.04282577248057
2026-02-18 05:00:00,398.1300048828125,402.55999755859375,396.32000732421875,399.6000061035156,397.0808410644531,23223400.0,395.6201070500213,400.02217209191446,393.8215201082963
2026-02-19 05:00:00,400.69000244140625,404.42999267578125,396.6700134277344,398.4599914550781,396.8517761230469,28234000.0,399.07278661262325,402.7976819572589,395.0690225854118
2026-02-20 05:00:00,396.1099853515625,400.1199951171875,395.1600036621094,397.2300109863281,395.6267395019531,34015200.0,394.51123443489973,398.5050592846536,393.56508699389525
2026-02-23 05:00:00,395.0,395.3599853515625,383.1000061035156,384.4700012207031,382.9182434082031,43238300.0,393.405742102137,393.7642745182822,381.55377772275136
2026-02-24 05:00:00,384.1400146484375,389.3599853515625,381.7099914550781,389.0,387.429931640625,33884700.0,382.5895619940176,387.78846403174964,380.1693467763097
2026-02-25 05:00:00,390.5299987792969,401.4700012207031,390.1600036621094,400.6000061035156,398.9831237792969,43625500.0,388.95376053046306,399.84960746436826,388.5852587696308
2026-02-26 05:00:00,404.7099914550781,407.489990234375,398.739990234375,401.7200012207031,400.0986022949219,34405900.0,403.0765245044552,405.8453028142193,397.1306190557743
2026-02-27 05:00:00,390.8800048828125,396.82000732421875,389.8800048828125,392.739990234375,391.15484619140625,51367200.0,389.30236795593413,395.2183958601928,388.30640407164015
2026-03-02 05:00:00,392.8599853515625,401.19000244140625,390.6300048828125,398.54998779296875,396.9413757324219,35474900.0,391.2743390590049,399.57073485574693,389.0533591512552
2026-03-03 05:00:00,393.1400146484375,406.70001220703125,392.6700134277344,403.92999267578125,402.2996826171875,38199200.0,391.5532542396072,405.05852201627056,391.0851500003899
2026-03-04 05:00:00,401.2699890136719,411.0299987792969,400.30999755859375,405.20001220703125,403.5645751953125,35808000.0,399.6504140582061,409.3710312257941,398.69429724653685
2026-03-05 05:00:00,404.4200134277344,411.6099853515625,404.3999938964844,410.67999267578125,409.0224304199219,39001300.0,402.78771732924594,409.9486695143622,402.7677785996419
2026-03-06 05:00:00,409.20001220703125,413.04998779296875,408.510009765625,408.9599914550781,407.30938720703125,31123900.0,407.54843921074234,411.38287590243635,406.8612216895844
2026-03-09 04:00:00,404.9200134277344,410.2099914550781,403.5,409.4100036621094,407.757568359375,30131900.0,403.2857003455267,408.55432729115563,401.8714182880504
2026-03-10 04:00:00,410.0299987792969,410.20001220703125,402.92999267578125,405.760009765625,404.122314453125,31706400.0,408.37506928692744,408.5443965203919,401.30371964643086
2026-03-11 04:00:00,405.57000732421875,409.010009765625,401.5899963378906,404.8800048828125,403.245849609375,25512100.0,403.9330670994013,407.35918518479474,399.96912002302975
2026-03-12 04:00:00,404.6300048828125,406.1199951171875,401.7099914550781,401.8599853515625,400.2380065917969,27263900.0,402.9968458288957,404.4808221962511,400.0886180975
2026-03-13 04:00:00,401.0,404.79998779296875,394.25,395.54998779296875,393.9534912109375,26848000.0,399.3815063856616,403.16615688192843,392.65875035547907
2026-03-16 04:00:00,398.07000732421875,400.6300048828125,394.7900085449219,399.95001220703125,398.33575439453125,27733700.0,396.4633374914087,399.01300251860397,393.1965772756644
2026-03-17 04:00:00,400.2699890136719,404.3999938964844,397.75,399.4100036621094,397.7979431152344,26228300.0,398.6544574759768,402.7677932271478,396.1446394015159
2026-03-18 04:00:00,397.1300048828125,398.0,391.0,391.7900085449219,390.20867919921875,25908500.0,395.5271224277118,396.3936061005556,389.42185925959103
2026-03-19 04:00:00,390.1000061035156,392.489990234375,387.05999755859375,389.0199890136719,387.4498596191406,25138800.0,388.52551763585893,390.90585551603124,385.4977789148814
2026-03-20 04:00:00,386.7900085449219,387.0,380.1199951171875,381.8699951171875,380.3287048339844,50853200.0,385.2288602760525,385.43800417098345,378.58576812261686
2026-03-23 04:00:00,383.8999938964844,387.2099914550781,381.67999267578125,383.0,381.4541931152344,29680100.0,382.3505545919761,385.64719283721575,380.1395134056624
2026-03-24 04:00:00,382.3599853515625,382.4700012207031,371.8500061035156,372.739990234375,371.2355651855469,42733600.0,380.8167328036651,380.9263046350485,370.34917314154325
2026-03-25 04:00:00,376.9200134277344,377.05999755859375,369.6300048828125,371.0400085449219,369.5424499511719,31181200.0,375.39872248264555,375.5381416220395,368.13813722010167
2026-03-26 04:00:00,370.82000732421875,374.7200012207031,365.19000244140625,365.9700012207031,364.4928894042969,36836600.0,369.32332012922615,373.2075730440749,363.7160388213271
2026-03-27 04:00:00,361.8999938964844,362.45001220703125,356.510009765625,356.7699890136719,355.3300476074219,37883400.0,360.43934753557875,360.9871459448897,355.07111764854045
2026-03-30 04:00:00,361.8999938964844,365.3599853515625,356.2799987792969,358.9599914550781,357.5111999511719,44797000.0,360.43933630538186,363.88536295562653,354.84202394218255
2026-03-31 04:00:00,364.54998779296875,372.8999938964844,363.07000732421875,370.1700134277344,368.67596435546875,45244400.0,363.07862179545566,371.3949263066763,361.6046146993887
2026-04-01 04:00:00,373.489990234375,373.989990234375,368.20001220703125,369.3699951171875,367.8791809082031,29417200.0,371.98254731341393,372.48052926345224,366.7139201659809
2026-04-02 04:00:00,367.2099914550781,373.6400146484375,364.1499938964844,373.4599914550781,371.9526672363281,24099100.0,365.7278929006101,372.1319638369453,362.680245817395
2026-04-06 04:00:00,373.489990234375,373.7300109863281,369.5,372.8800048828125,371.3750305175781,16146600.0,371.9825539180967,372.22160592655575,368.0086676124431
2026-04-07 04:00:00,370.3399963378906,372.45001220703125,366.55999755859375,372.2900085449219,370.78741455078125,21443300.0,368.8452727581139,370.9467724245638,365.080530373921
2026-04-08 04:00:00,384.9800109863281,385.0,371.4100036621094,374.3299865722656,372.8191223144531,33064800.0,383.4261612830284,383.44606961738685,369.91092498913014
2026-04-09 04:00:00,372.5,373.5,367.04998779296875,373.07000732421875,371.5642395019531,30435300.0,370.9965328148009,371.9924966612836,365.5685176937085
2026-04-10 04:00:00,372.9800109863281,375.6400146484375,370.0299987792969,370.8699951171875,369.37310791015625,28111100.0,371.47460743717505,374.1238749235223,368.5365019241105
2026-04-13 04:00:00,373.6099853515625,384.5400085449219,371.0199890136719,384.3699951171875,382.8186340332031,35745800.0,372.10205289266787,382.98796126737693,369.5225100750242
2026-04-14 04:00:00,387.9200134277344,394.69000244140625,386.5199890136719,393.1099853515625,391.5233459472656,37504500.0,386.3543213772784,393.09698589720546,384.95994763093
2026-04-15 04:00:00,398.0,414.3699951171875,396.7300109863281,411.2200012207031,409.5602722167969,45063400.0,396.3936283702306,412.69755239260473,395.1287651714373
2026-04-16 04:00:00,419.8599853515625,420.82000732421875,412.1400146484375,420.260009765625,418.56378173828125,41642400.0,418.16537187855886,419.12151906860663,410.4765600541581
2026-04-17 04:00:00,424.82000732421875,431.5799865722656,420.69000244140625,422.7900085449219,421.0835876464844,48568200.0,423.10539315661504,429.83808848207923,418.99205736838906
2026-04-20 04:00:00,421.1499938964844,423.3299865722656,416.29998779296875,418.07000732421875,416.38262939453125,27582200.0,419.4501847919345,421.6213787702164,414.6197538627068
2026-04-21 04:00:00,420.239990234375,427.17999267578125,417.20001220703125,424.1600036621094,422.4480285644531,32048500.0,418.5438369146158,425.45582843737157,415.516128706763
2026-04-22 04:00:00,426.19000244140625,433.70001220703125,423.6700134277344,432.9200134277344,431.1726989746094,29378200.0,424.4698510786937,431.9495495900464,421.9600330275293
2026-04-23 04:00:00,419.8900146484375,423.6600036621094,411.4100036621094,415.75,414.0719909667969,38308000.0,418.19529609754903,421.9500690544079,409.7495112929088
2026-04-24 04:00:00,416.9700012207031,424.95001220703125,415.79998779296875,424.6199951171875,422.90618896484375,27457400.0,415.28707116170386,423.23487407473965,414.12178001797366
2026-04-27 04:00:00,422.3800048828125,427.1099853515625,417.07000732421875,424.82000732421875,423.1053771972656,30867300.0,420.6752229306716,425.38611256831246,415.3866572294081
2026-04-28 04:00:00,424.57000732421875,429.9200134277344,421.8999938964844,429.25,427.5174865722656,30438100.0,422.8563830057505,428.1847957314844,420.197146128082
2026-04-29 04:00:00,424.5799865722656,426.82000732421875,420.2900085449219,424.4599914550781,422.746826171875,38288300.0,422.8663369761165,425.0973167681131,418.59367375245296
2026-04-30 04:00:00,410.80999755859375,414.4200134277344,398.010009765625,407.7799987792969,406.1341552734375,70909400.0,409.15192465494977,412.74737011555624,396.4035989759817
2026-05-01 04:00:00,412.79998779296875,417.1099853515625,410.44000244140625,414.44000244140625,412.76727294921875,31372400.0,411.1338775963461,415.4264794885345,408.7834174283456
2026-05-04 04:00:00,411.5400085449219,420.7799987792969,410.79998779296875,413.6199951171875,411.9505615234375,28066500.0,409.87897009526375,419.0816663151199,409.14193618030583
2026-05-05 04:00:00,415.32000732421875,416.7799987792969,408.79998779296875,411.3800048828125,409.7196044921875,25700900.0,413.6437044066962,415.09780308537887,407.1500007946646
2026-05-06 04:00:00,408.0,418.4200134277344,405.1099853515625,413.9599914550781,412.2891845703125,30285900.0,406.3532485673598,416.73120520087787,403.4748984673602
2026-05-07 04:00:00,420.1099853515625,427.9800109863281,418.760009765625,420.7699890136719,419.07171630859375,34942400.0,418.41437649189606,426.25263786097554,417.06984955189336
2026-05-08 04:00:00,417.3900146484375,418.6300048828125,414.0,415.1199951171875,413.44451904296875,33383800.0,415.70537649227293,416.9403619714099,412.32904436576047
2026-05-11 04:00:00,407.8699951171875,412.69000244140625,405.5,412.6600036621094,410.99444580078125,35657900.0,406.22377045102496,411.02432350049145,403.86334099070683
2026-05-12 04:00:00,414.4800109863281,415.5,406.6400146484375,407.7699890136719,406.1241760253906,38594200.0,412.8071154720842,413.8229876767416,404.9987623844293
2026-05-13 04:00:00,403.20001220703125,406.30999755859375,401.0299987792969,405.2099914550781,403.57452392578125,29667100.0,401.57265715241186,404.6700902960666,399.41140211310335
2026-05-14 04:00:00,404.4800109863281,411.8399963378906,400.8800048828125,409.42999267578125,407.7774658203125,27077500.0,402.8474630718804,410.17774231087935,399.2619871856725
2026-05-15 04:00:00,414.2699890136719,428.1700134277344,412.9100036621094,421.9200134277344,420.2170715332031,50771200.0,412.5979239362014,426.4418454559798,411.2434277199191
2026-05-18 04:00:00,416.6199951171875,425.1199951171875,415.6099853515625,423.5400085449219,421.83056640625,32564100.0,414.93848271907115,423.40417602339767,413.9325494355234
2026-05-19 04:00:00,429.8999938964844,432.70001220703125,416.489990234375,417.4200134277344,415.7352600097656,33018700.0,428.16486989475214,430.9535870211983,414.808990493047
2026-05-20 04:00:00,414.1700134277344,422.1000061035156,411.29998779296875,421.05999755859375,419.36053466796875,27864000.0,412.49835957243755,420.3963455784958,409.63991780241736
2026-05-21 04:00:00,424.75,426.3399963378906,415.7099914550781,419.0899963378906,418.3025207519531,31393500.0,423.9518891931334,425.5388979071037,414.92886694253497
2026-05-22 04:00:00,419.5400085449219,424.3999938964844,416.3299865722656,418.57000732421875,417.7835388183594,22390300.0,418.7517174636334,423.60257118762803,415.54772693408205
2026-05-26 04:00:00,416.42999267578125,419.7699890136719,413.0199890136719,416.0299987792969,415.248291015625,30398000.0,415.6475333356961,418.9812539216563,412.24393696715845
2026-05-27 04:00:00,411.010009765625,415.94000244140625,409.5799865722656,412.6700134277344,411.8946228027344,28901500.0,410.23773822181624,415.15846763645,408.8104019854481
2026-05-28 04:00:00,412.9800109863281,429.489990234375,412.6700134277344,426.989990234375,426.18768310546875,47250500.0,412.2040283766931,428.68298564682067,411.89461329838434
2026-05-29 04:00:00,432.54998779296875,450.3299865722656,432.3599853515625,450.239990234375,449.3940124511719,79654400.0,431.7372486144539,449.48383969057267,431.54760317786213
2026-06-01 04:00:00,464.8399963378906,466.32000732421875,458.2699890136719,460.5199890136719,459.6546936035156,53628900.0,463.96658383705716,465.4438139523178,457.40892124774234
2026-06-02 04:00:00,446.8800048828125,453.5,440.42999267578125,441.30999755859375,440.48077392578125,37036800.0,446.0403151791343,452.64787129328397,439.6024225764256
2026-06-03 04:00:00,438.45001220703125,440.3900146484375,424.25,427.3399963378906,426.53704833984375,39037000.0,437.62618910935214,439.56254639446627,423.45285793258154
2026-06-04 04:00:00,435.80999755859375,436.1499938964844,426.4100036621094,428.04998779296875,427.2456970214844,26899500.0,434.9911260035114,435.33048350032107,425.60879436274143
2026-06-05 04:00:00,428.3399963378906,429.4700012207031,414.3999938964844,416.6700134277344,415.8870849609375,34782200.0,427.5351398188391,428.66302140752947,413.6213308264138
2026-06-08 04:00:00,414.1400146484375,417.1600036621094,408.55999755859375,411.739990234375,410.9663391113281,32086700.0,413.3618539280056,416.37616844333525,407.79232157753756
2026-06-09 04:00:00,409.0299987792969,411.9800109863281,398.4800109863281,403.4100036621094,402.6520080566406,35317300.0,408.26144336727174,411.20591258759293,397.7312786929967
2026-06-10 04:00:00,398.54998779296875,405.0400085449219,397.1600036621094,397.3599853515625,396.61334228515625,32576000.0,397.80110870103243,404.2789346443135,396.41373636313654
2026-06-11 04:00:00,395.2099914550781,396.8500061035156,384.0,390.3399963378906,389.6065673828125,47224100.0,394.46741202742857,396.1043451719433,383.278483574852
2026-06-12 04:00:00,391.42999267578125,391.739990234375,382.2699890136719,390.739990234375,390.00579833984375,34865800.0,390.6945042817559,391.003919361718,381.55171206615995
2026-06-15 04:00:00,396.79998779296875,401.75,392.8500061035156,399.760009765625,399.0088806152344,32266400.0,396.05442037645633,400.99513175706005,392.11186050588947
2026-06-16 04:00:00,395.7900085449219,396.8399963378906,390.69000244140625,393.8299865722656,393.0899963378906,31506800.0,395.0463355104342,396.094350419825,389.9559121071713
2026-06-17 04:00:00,390.25,390.3699951171875,377.32000732421875,378.9100036621094,378.1980285644531,41987800.0,389.51671695343225,389.6364865987809,376.6110198431126
2026-06-18 04:00:00,377.82000732421875,381.3699951171875,373.2799987792969,379.3999938964844,378.6871032714844,59714200.0,377.11008548581106,380.6534028700893,372.5786075934489
2026-06-22 04:00:00,375.739990234375,381.6300048828125,367.07000732421875,367.3399963378906,366.6497802734375,45171100.0,375.0339909424311,380.9129385065033,366.3802985575179
2026-06-23 04:00:00,372.3800048828125,377.2200012207031,370.6700134277344,373.94000244140625,373.23736572265625,40647600.0,371.6802994138851,376.51120135394876,369.9735210485466
2026-06-24 04:00:00,371.57000732421875,378.8800048828125,364.7799987792969,365.4599914550781,364.7733154296875,44509900.0,370.87185096853153,378.16811350773463,364.09460041679364
2026-06-25 04:00:00,362.7699890136719,364.2300109863281,349.20001220703125,352.8299865722656,352.1670227050781,66179000.0,362.0883479855026,363.5456265920902,348.54386902384044
2026-06-26 04:00:00,357.1499938964844,376.6099853515625,355.42999267578125,372.9700012207031,372.2691955566406,186201600.0,356.4789138154501,375.90234020580533,354.762144454129
2026-06-29 04:00:00,377.5,380.5,359.8999938964844,368.57000732421875,367.8774719238281,51229900.0,376.790685328561,379.7850483907747,359.2237492715265
2026-06-30 04:00:00,371.0299987792969,374.1499938964844,367.45001220703125,373.0199890136719,372.319091796875,44945700.0,370.3328407149792,373.44697342275583,366.7595808670141
2026-07-01 04:00:00,380.8299865722656,388.8299865722656,374.8900146484375,384.2799987792969,383.5579528808594,48065800.0,380.1144231011508,388.09939143880604,374.18561213385976
2026-07-02 04:00:00,384.4800109863281,392.20001220703125,383.70001220703125,390.489990234375,389.7562561035156,42128900.0,383.7575696594082,391.4630649298244,382.97903650468743
2026-07-06 04:00:00,387.0400085449219,389.1499938964844,381.2200012207031,386.739990234375,386.0133056640625,34224500.0,386.31276024010407,388.418780928489,380.5036887115837
2026-07-07 04:00:00,392.489990234375,395.57000732421875,388.2200012207031,388.8399963378906,388.109375,29297500.0,391.75251064257776,394.8267404517197,387.4905448392632
2026-07-08 04:00:00,384.0299987792969,385.30999755859375,381.3299865722656,383.3399963378906,382.6197204589844,25908300.0,383.3084264217563,384.58602015004215,380.6134873969759
2026-07-09 04:00:00,374.45001220703125,384.6499938964844,373.3500061035156,384.3599853515625,383.6377868652344,31083200.0,373.74643420118315,383.92725049460796,372.64849496928053
2026-07-10 04:00:00,387.79998779296875,391.9100036621094,381.5,385.1000061035156,384.37640380859375,24644600.0,387.07131223677504,391.1736053926777,380.783162110783
2026-07-13 04:00:00,387.75,393.6499938964844,384.1499938964844,390.989990234375,390.2553405761719,28914900.0,387.02143811329415,392.91034623109437,383.4281962321871
2026-07-14 04:00:00,382.82000732421875,388.19000244140625,378.6499938964844,384.92999267578125,384.20672607421875,27863900.0,382.1007052927433,387.46061042423804,377.93852713765
2026-07-15 04:00:00,387.79998779296875,398.9599914550781,386.3999938964844,395.6300048828125,394.8866271972656,36253700.0,387.07132248997675,398.2103568181361,385.6739591427675
2026-07-16 04:00:00,398.30999755859375,405.989990234375,392.04998779296875,401.1000061035156,400.3463439941406,37047400.0,397.56157784187184,405.2271399033625,391.31333055964967
2026-07-17 04:00:00,394.8599853515625,398.3900146484375,389.3900146484375,393.82000732421875,393.08001708984375,33049800.0,394.1180409920291,397.64143734197864,388.6583483977542
2026-07-20 04:00:00,391.4100036621094,403.17999267578125,389.6499938964844,402.2900085449219,401.53411865234375,27915800.0,390.67455694621333,402.4224305318551,388.91785418191677
2026-07-21 04:00:00,398.80999755859375,401.4700012207031,396.32000732421875,397.75,397.00262451171875,24126600.0,398.0606303262699,400.7156358198418,395.57531880381754
2026-07-22 04:00:00,399.5799865722656,401.0,386.9599914550781,390.3399963378906,389.6065673828125,28142500.0,398.8291961465565,400.246541441447,386.2329133568751
2026-07-23 04:00:00,389.9700012207031,391.7799987792969,377.3900146484375,381.5799865722656,380.8630065917969,30351800.0,389.23725659651495,391.04385321150613,376.68090752842744
2026-07-24 04:00:00,387.04998779296875,389.0299987792969,380.6499938964844,381.70001220703125,380.9828186035156,27659400.0,386.32274187573427,388.29903252889795,379.9347732203772
2026-07-27 04:00:00,390.0799865722656,394.20001220703125,387.989990234375,389.1000061035156,388.368896484375,27856200.0,389.3470355932277,393.45931979821836,387.2609663085435
2026-07-28 04:00:00,393.1600036621094,400.32000732421875,391.29998779296875,393.3500061035156,392.61090087890625,32367500.0,392.4212554523594,399.56780545733704,390.5647345556998
2026-07-29 04:00:00,393.3999938964844,401.25,388.739990234375,390.5400085449219,389.8061828613281,47209000.0,392.6607942930367,400.4960502148319,388.00954678983055
2026-07-30 04:00:00,437.8999938964844,458.69000244140625,432.44000244140625,451.1000061035156,450.2524108886719,110160700.0,437.07720086969465,457.8281459885008,431.6274684759506
2026-07-31 04:00:00,450.0,466.8399963378906,449.3299865722656,464.7200012207031,463.8468017578125,60846000.0,449.1544591210436,465.962813447145,448.4857046349594
2026-08-03 04:00:00,476.1300048828125,491.6499938964844,475.0,487.6499938964844,486.73370361328125,66762100.0,475.2353605631651,490.7261876465455,474.10747895013026
2026-08-04 04:00:00,480.8999938964844,499.44000244140625,479.1700134277344,492.80999755859375,491.884033203125,50455500.0,479.99640781848416,498.50158065157444,478.2696778930625
2026-08-05 04:00:00,496.3599853515625,498.239990234375,485.67999267578125,487.4599914550781,486.5440673828125,33388900.0,495.42733843271316,497.3038108374591,484.7674131728324
2026-08-06 04:00:00,488.54998779296875,501.55999755859375,488.5199890136719,499.8599853515625,498.9207458496094,36441500.0,487.6319998350186,500.61756372489685,487.60205742358346
2026-08-07 04:00:00,499.2099914550781,505.17999267578125,498.7300109863281,499.989990234375,499.0505065917969,28846200.0,498.2719734340298,504.23075699317457,497.79289485093346
2026-08-10 04:00:00,503.44000244140625,513.72998046875,502.2699890136719,506.05999755859375,505.109130859375,31206100.0,502.4940586092805,512.7647021753171,501.32624359045303
2026-08-11 04:00:00,504.3299865722656,505.3299865722656,499.54998779296875,503.80999755859375,502.86334228515625,23049800.0,503.3823542433026,504.38047525067043,498.61133704649393
2026-08-12 04:00:00,499.989990234375,501.5,491.5199890136719,492.42999267578125,491.5047302246094,29001500.0,499.0505227551261,500.557695253814,490.59643643442394
2026-08-13 04:00:00,493.2699890136719,501.3399963378906,493.010009765625,496.8800048828125,495.9463806152344,23039000.0,492.34314786956145,500.3979918654044,492.0836571155829
2026-08-14 04:00:00,496.3599853515625,500.010009765625,493.9200134277344,495.3999938964844,494.4691467285156,16217600.0,495.42733437790497,499.07050046550256,492.991947114923
2026-08-17 04:00:00,490.1400146484375,492.6600036621094,478.4100036621094,480.3500061035156,479.44744873046875,29635800.0,489.21906226283284,491.73431632358415,477.51109147171053
2026-08-18 04:00:00,481.5400085449219,484.2699890136719,477.1499938964844,481.6300048828125,480.72503662109375,24087600.0,480.6352093836093,483.36006030134655,476.2534434403709
2026-08-19 04:00:00,480.07000732421875,489.29998779296875,479.3599853515625,484.30999755859375,483.3999938964844,19961900.0,479.16797047398614,488.3806080919379,478.4592826108848
2026-08-20 04:00:00,483.29998779296875,484.1600036621094,479.5,481.1499938964844,481.1499938964844,20020800.0,483.29998779296875,484.1600036621094,479.5
2026-08-21 04:00:00,479.8800048828125,486.3599853515625,478.5299987792969,483.239990234375,483.239990234375,22510800.0,479.8800048828125,486.3599853515625,478.5299987792969
2026-08-24 04:00:00,483.2099914550781,490.6099853515625,481.8599853515625,487.30999755859375,487.30999755859375,17230800.0,483.2099914550781,490.6099853515625,481.8599853515625
2026-08-25 04:00:00,485.44000244140625,492.44000244140625,484.29998779296875,491.7099914550781,491.7099914550781,19519000.0,485.44000244140625,492.44000244140625,484.29998779296875
2026-08-26 04:00:00,487.8500061035156,497.3999938964844,487.30999755859375,496.3699951171875,496.3699951171875,20758900.0,487.8500061035156,497.3999938964844,487.30999755859375
2026-08-27 04:00:00,494.8800048828125,506.4800109863281,490.0799865722656,505.05999755859375,505.05999755859375,28688800.0,494.8800048828125,506.4800109863281,490.0799865722656
2026-08-28 04:00:00,505.3299865722656,517.780029296875,504.8699951171875,513.530029296875,513.530029296875,29207300.0,505.3299865722656,517.780029296875,504.8699951171875
2026-08-31 04:00:00,510.3800048828125,512.1900024414062,506.3900146484375,507.2900085449219,507.2900085449219,27208900.0,510.3800048828125,512.1900024414062,506.3900146484375
2026-09-01 04:00:00,497.5199890136719,505.9700012207031,496.7799987792969,501.0199890136719,501.0199890136719,21046900.0,497.5199890136719,505.9700012207031,496.7799987792969
2026-09-02 04:00:00,499.8500061035156,500.2699890136719,493.80999755859375,496.82000732421875,496.82000732421875,15336100.0,499.8500061035156,500.2699890136719,493.80999755859375
2026-09-03 04:00:00,501.6600036621094,515.6500244140625,500.79998779296875,510.1199951171875,510.1199951171875,24125900.0,501.6600036621094,515.6500244140625,500.79998779296875
2026-09-04 04:00:00,510.0,511.0,499.3599853515625,499.70001220703125,499.70001220703125,18101800.0,510.0,511.0,499.3599853515625
2026-09-08 04:00:00,493.010009765625,495.19000244140625,490.1499938964844,493.95001220703125,493.95001220703125,18882300.0,493.010009765625,495.19000244140625,490.1499938964844
2026-09-09 04:00:00,493.07000732421875,494.3900146484375,489.79998779296875,491.6499938964844,491.6499938964844,12889600.0,493.07000732421875,494.3900146484375,489.79998779296875
2026-09-10 04:00:00,488.32000732421875,494.5199890136719,486.0,492.44000244140625,492.44000244140625,16038800.0,488.32000732421875,494.5199890136719,486.0
2026-09-11 04:00:00,495.6499938964844,498.9700012207031,492.5799865722656,495.6300048828125,495.6300048828125,14510500.0,495.6499938964844,498.9700012207031,492.5799865722656
