timestamp,open,high,low,close,adjusted_close,volume,adj_open,adj_high,adj_low
2021-01-04 05:00:00,13.104249954223633,13.65250015258789,12.962499618530273,13.113499641418457,13.046196937561035,560640000.0,13.036994722740106,13.582431124501683,12.895971895425573
2021-01-05 05:00:00,13.099749565124512,13.443499565124512,13.086999893188477,13.404749870300293,13.335951805114746,322760000.0,13.032516872741898,13.374502622372711,13.019832636772176
2021-01-06 05:00:00,13.22249984741211,13.244999885559082,12.586000442504883,12.614500045776367,12.549758911132812,580424000.0,13.154638288108194,13.177022849780169,12.521405575778882
2021-01-07 05:00:00,12.967499732971191,13.377750396728516,12.886500358581543,13.343999862670898,13.275514602661133,461480000.0,12.900946780331147,13.309091919233424,12.820363118117218
2021-01-08 05:00:00,13.362500190734863,13.420999526977539,13.041999816894531,13.276749610900879,13.208608627319336,292528000.0,13.293919104792138,13.352118201712143,12.975063652438749
2021-01-11 05:00:00,13.418749809265137,13.961000442504883,13.362500190734863,13.621500015258789,13.551591873168945,518344000.0,13.349882219992052,13.88934991932038,13.293921285257271
2021-01-12 05:00:00,13.7524995803833,13.754500389099121,13.345000267028809,13.484749794006348,13.415541648864746,291476000.0,13.681917255790076,13.683907795701348,13.276509362154492
2021-01-13 05:00:00,13.489999771118164,13.625,13.385000228881836,13.531749725341797,13.462301254272461,210028000.0,13.420765571709692,13.555072944184918,13.316304914526613
2021-01-14 05:00:00,13.574999809265137,13.599749565124512,13.180500030517578,13.200249671936035,13.132503509521484,283120000.0,13.505330358708365,13.529953094168745,13.112855226974897
2021-01-15 05:00:00,13.227999687194824,13.325249671936035,12.84850025177002,12.85949993133545,12.793499946594238,277780000.0,13.160108417536335,13.256859277308203,12.782556721687804
2021-01-19 05:00:00,13.016249656677246,13.093999862670898,12.843999862670898,13.025250434875488,12.958401679992676,226188000.0,12.949447095978456,13.026798268994698,12.778081329831359
2021-01-20 05:00:00,13.111749649047852,13.430500030517578,13.056750297546387,13.365750312805176,13.29715347290039,258572000.0,13.04445641294081,13.36157087660753,12.989739333786316
2021-01-21 05:00:00,13.418499946594238,13.999250411987305,13.253000259399414,13.867500305175781,13.79632568359375,337780000.0,13.349629808870795,13.927399586057746,13.184979544956937
2021-01-22 05:00:00,13.739999771118164,13.841750144958496,13.627249717712402,13.712499618530273,13.642122268676758,246820000.0,13.669481280851628,13.770709436142702,13.557309900202496
2021-01-25 05:00:00,13.781749725341797,13.828499794006348,13.236499786376953,13.653249740600586,13.58317756652832,251112000.0,13.711018054558481,13.757528189213795,13.168566485898285
2021-01-26 05:00:00,13.580499649047852,13.644749641418457,13.387499809265137,13.435250282287598,13.366296768188477,163980000.0,13.510800674012138,13.574720917203404,13.318791364133517
2021-01-27 05:00:00,13.229999542236328,13.232749938964844,12.793749809265137,12.917750358581543,12.85145378112793,371272000.0,13.162100437127794,13.164836718249127,12.728089628381658
2021-01-28 05:00:00,12.99625015258789,13.339750289916992,12.96049976348877,13.050999641418457,12.984016418457031,228316000.0,12.929547927045675,13.271285077100378,12.893981023989753
2021-01-29 05:00:00,13.074999809265137,13.334750175476074,12.911499977111816,12.989749908447266,12.92308235168457,271552000.0,13.007894722708423,13.26631196684961,12.845234024057874
2021-02-01 05:00:00,13.053250312805176,13.270750045776367,12.902750015258789,13.237000465393066,13.169065475463867,217204000.0,12.986258366188409,13.202641846107586,12.83653046690739
2021-02-02 05:00:00,13.398750305175781,13.571999549865723,13.285499572753906,13.556750297546387,13.487174034118652,220440000.0,13.329984932916615,13.502345023877039,13.217315428489607
2021-02-03 05:00:00,13.63599967956543,13.931750297546387,13.516500473022461,13.530500411987305,13.461055755615234,245408000.0,13.566013553169237,13.860246245026833,13.447127670678036
2021-02-04 05:00:00,13.531000137329102,13.673500061035156,13.337750434875488,13.664250373840332,13.594120979309082,201340000.0,13.46155462652012,13.60332319408904,13.269296744638849
2021-02-05 05:00:00,13.725000381469727,13.737250328063965,13.54574966430664,13.590999603271484,13.521246910095215,169152000.0,13.654559959985026,13.666747036533561,13.476229206080044
2021-02-08 05:00:00,13.727250099182129,14.473750114440918,13.727250099182129,14.438750267028809,14.364646911621094,434624000.0,13.656798344420974,14.399467130873976,13.656798344420974
2021-02-09 05:00:00,14.340749740600586,14.583250045776367,14.22249984741211,14.263250350952148,14.190046310424805,287560000.0,14.267147945822208,14.50840365374763,14.149504952867572
2021-02-10 05:00:00,14.463250160217285,14.904999732971191,14.341500282287598,14.764249801635742,14.6884765625,485352000.0,14.389021714627805,14.828504135547782,14.267896682710552
2021-02-11 05:00:00,14.980250358581543,15.272250175476074,14.925000190734863,15.250749588012695,15.172477722167969,450828000.0,14.903366783802442,15.19386796154073,14.848400177999755
2021-02-12 05:00:00,15.050000190734863,15.291250228881836,14.774999618530273,14.961250305175781,14.884464263916016,374756000.0,14.972758655967848,15.212770519830906,14.699169476852274
2021-02-16 05:00:00,15.064249992370605,15.3725004196167,14.949999809265137,15.330249786376953,15.251570701599121,321960000.0,14.986936092155004,15.293604492895591,14.873272272609666
2021-02-17 05:00:00,15.170999526977539,15.22350025177002,14.779999732971191,14.906000137329102,14.829499244689941,274756000.0,15.093138598804355,15.145369878254435,14.704145502301538
2021-02-18 05:00:00,14.729000091552734,14.873250007629395,14.574999809265137,14.829000473022461,14.752893447875977,233868000.0,14.653406299348754,14.796915880160729,14.500196394226357
2021-02-19 05:00:00,15.024499893188477,15.177000045776367,14.846750259399414,14.92650032043457,14.849893569946289,271724000.0,14.947390182953654,15.099107664393724,14.770552807333134
2021-02-22 05:00:00,14.774749755859375,15.13325023651123,14.324999809265137,14.35575008392334,14.282072067260742,325884000.0,14.698921307165705,15.055581855788054,14.251479612238253
2021-02-23 05:00:00,14.075249671936035,14.238750457763672,13.38949966430664,14.142000198364258,14.069419860839844,391780000.0,14.003011915069953,14.165673573330455,13.320781350681472
2021-02-24 05:00:00,14.122750282287598,14.506750106811523,13.755999565124512,14.49899959564209,14.42458724975586,448320000.0,14.050268938182565,14.43229798344174,13.68540047372523
2021-02-25 05:00:00,14.045499801635742,14.374750137329102,13.2162504196167,13.307499885559082,13.239202499389648,824436000.0,13.973414817067304,14.300975358470478,13.148421348312327
2021-02-26 05:00:00,13.7524995803833,13.854499816894531,13.361000061035156,13.714500427246094,13.644115447998047,500932000.0,13.681919583488115,13.78339633869806,13.292429301420695
2021-03-01 05:00:00,13.875,13.925000190734863,13.553250312805176,13.841750144958496,13.770709991455078,353184000.0,13.80378919793109,13.853532772184092,13.483690829892343
2021-03-02 05:00:00,13.899999618530273,13.920499801635742,13.395999908447266,13.40625,13.337444305419922,264116000.0,13.828659823403687,13.849054792199592,13.32724682102197
2021-03-03 05:00:00,13.426250457763672,13.451499938964844,12.798749923706055,12.804750442504883,12.739032745361328,377592000.0,13.357343042088633,13.382462935621067,12.733063022967233
2021-03-04 05:00:00,12.800749778747559,12.975000381469727,12.083749771118164,12.37024974822998,12.306758880615234,573344000.0,12.735049350210273,12.908405603814646,12.021729377623881
2021-03-05 05:00:00,12.550000190734863,12.550000190734863,11.67924976348877,12.46150016784668,12.397543907165527,542840000.0,12.485589720652124,12.485589720652124,11.61930825304677
2021-03-08 05:00:00,12.449999809265137,12.4712495803833,11.566499710083008,11.593250274658203,11.533751487731934,543112000.0,12.386104019186076,12.407244732397784,11.507138212191661
2021-03-09 05:00:00,12.130249977111816,12.61674976348877,12.059249877929688,12.52025032043457,12.460290908813477,521824000.0,12.072158275042783,12.55632821655255,12.001498194954765
2021-03-10 05:00:00,12.840499877929688,12.979999542236328,12.457500457763672,12.468250274658203,12.408539772033691,384376000.0,12.779006670400841,12.917838270232659,12.397841436057153
2021-03-11 05:00:00,12.949999809265137,13.046250343322754,12.73449993133545,12.993499755859375,12.9312744140625,299916000.0,12.887982786943063,12.983772381108242,12.673514929162938
2021-03-12 05:00:00,12.648249626159668,12.888750076293945,12.59000015258789,12.855999946594238,12.794435501098633,243964000.0,12.58768004946713,12.827028797912275,12.529709519311325
2021-03-15 04:00:00,12.864749908447266,13.20674991607666,12.767250061035156,13.19124984741211,13.12807559967041,221988000.0,12.803139302382466,13.143501436917228,12.70610639173423
2021-03-16 04:00:00,13.356499671936035,13.512499809265137,13.11674976348877,13.291250228881836,13.227599143981934,272128000.0,13.29253611095089,13.447789171984342,13.053934351963948
2021-03-17 04:00:00,13.039750099182129,13.45324993133545,12.989500045776367,13.3412504196167,13.277360916137695,243864000.0,12.977304441307208,13.38882407684222,12.92729502883546
2021-03-18 04:00:00,13.136500358581543,13.184000015258789,12.717000007629395,12.72249984741211,12.661574363708496,293896000.0,13.073592309996888,13.12086450040622,12.656100861548346
2021-03-19 04:00:00,12.75,12.921500205993652,12.612500190734863,12.845749855041504,12.784235000610352,299208000.0,12.688943665971406,12.859622603426773,12.552102306453984
2021-03-22 04:00:00,12.912750244140625,13.394499778747559,12.906749725341797,13.186249732971191,13.123102188110352,297804000.0,12.850912459188029,13.330354946608361,12.844940676234321
2021-03-23 04:00:00,13.254249572753906,13.344499588012695,13.021249771118164,13.07075023651123,13.008155822753906,222048000.0,13.190776400457926,13.280594218123273,12.958892409753085
2021-03-24 04:00:00,13.151249885559082,13.159250259399414,12.636750221252441,12.642999649047852,12.582451820373535,245840000.0,13.088268026267176,13.096230085998668,12.576232321336645
2021-03-25 04:00:00,12.499500274658203,12.714750289916992,12.272000312805176,12.535249710083008,12.475218772888184,295144000.0,12.439640540443962,12.653859729796126,12.21323006912664
2021-03-26 04:00:00,12.554499626159668,12.856249809265137,12.373499870300293,12.839249610900879,12.777762413024902,363968000.0,12.494376096658991,12.7946811973975,12.314243149074345
2021-03-29 04:00:00,12.820249557495117,13.0625,12.699999809265137,12.948249816894531,12.886240005493164,273520000.0,12.758852745692685,12.999943038797916,12.63917887947875
2021-03-30 04:00:00,12.842000007629395,12.975250244140625,12.704999923706055,12.871749877929688,12.810110092163086,200204000.0,12.78050268700151,12.913114819439107,12.644158664289982
2021-03-31 04:00:00,13.01550006866455,13.470499992370605,12.982500076293945,13.348250389099121,13.284327507019043,314776000.0,12.953170680778484,13.405991674241122,12.92032872070121
2021-04-01 04:00:00,13.572250366210938,13.869999885559082,13.511249542236328,13.811750411987305,13.745606422424316,308276000.0,13.507253333989027,13.803576941304831,13.446544640826513
2021-04-05 04:00:00,13.867500305175781,14.013999938964844,13.732999801635742,13.987500190734863,13.920515060424805,255672000.0,13.801089845669066,13.946887903270396,13.667233455346796
2021-04-06 04:00:00,13.999750137329102,14.05424976348877,13.773500442504883,13.861499786376953,13.795117378234863,191744000.0,13.932705651391382,13.98694428007725,13.707539461225052
2021-04-07 04:00:00,13.880749702453613,14.243499755859375,13.71150016784668,14.143500328063965,14.07576847076416,251284000.0,13.814276132527263,14.175289010956332,13.645837117597932
2021-04-08 04:00:00,14.252750396728516,14.471500396728516,14.24899959564209,14.317000389099121,14.248438835144043,244416000.0,14.184496524494385,14.402198969872602,14.180763685323448
2021-04-09 04:00:00,14.21399974822998,14.407999992370605,14.175000190734863,14.399999618530273,14.331042289733887,195172000.0,14.145933117666383,14.339004352155884,14.107120317489345
2021-04-12 04:00:00,14.289750099182129,15.352499961853027,14.139249801635742,15.208999633789062,15.1361665725708,869324000.0,14.221319152451406,15.278979704341099,14.07153957274633
2021-04-13 04:00:00,15.231499671936035,15.699999809265137,15.125749588012695,15.679499626159668,15.604409217834473,676212000.0,15.158554772096085,15.624811223883478,15.05331113398872
2021-04-14 04:00:00,15.625,15.720499992370605,15.227499961853027,15.277000427246094,15.203839302062988,385500000.0,15.55017231465496,15.645214960249273,15.15457589300585
2021-04-15 04:00:00,15.662500381469727,16.214250564575195,15.631500244140625,16.137250900268555,16.05997085571289,598480000.0,15.587493880373994,16.13660177459163,15.556642200301264
2021-04-16 04:00:00,16.05299949645996,16.16575050354004,15.865249633789062,15.912500381469727,15.836298942565918,335208000.0,15.976125238422119,16.088336305909337,15.789274468247468
2021-04-19 04:00:00,15.536499977111816,15.807499885559082,15.232999801635742,15.361749649047852,15.288186073303223,404420000.0,15.462099565766517,15.731801723453138,15.16005277669871
2021-04-20 04:00:00,15.323249816894531,15.496999740600586,14.963000297546387,15.171250343322754,15.098596572875977,334132000.0,15.24986813446878,15.422785985221951,14.89134381807293
2021-04-21 04:00:00,15.118749618530273,15.362500190734863,15.102250099182129,15.36050033569336,15.286940574645996,216776000.0,15.046347575304525,15.28893085259979,15.029927070355269
2021-04-22 04:00:00,15.375,15.43850040435791,14.783499717712402,14.850250244140625,14.779134750366211,277788000.0,15.301371562848711,15.364567873838729,14.712703881625139
2021-04-23 04:00:00,14.934249877929688,15.335000038146973,14.900250434875488,15.265250205993652,15.192144393920898,227500000.0,14.862729237894923,15.261560191711682,14.82889261935136
2021-04-26 04:00:00,15.1850004196167,15.479000091552734,15.125,15.477999687194824,15.403876304626465,197796000.0,15.112280196193051,15.404871918096893,15.05256711564777
2021-04-27 04:00:00,15.578499794006348,15.670499801635742,15.354499816894531,15.381750106811523,15.308089256286621,164572000.0,15.503896739298003,15.595456172950886,15.280969463843478
2021-04-28 04:00:00,15.364500045776367,15.53225040435791,15.215499877929688,15.276749610900879,15.203590393066406,209416000.0,15.290920597634818,15.457867612223833,15.14263398051159
2021-04-29 04:00:00,15.399999618530273,15.43649959564209,15.071499824523926,15.324749946594238,15.251360893249512,173196000.0,15.326250200272115,15.362575381790093,14.999323566610313
2021-04-30 04:00:00,15.174500465393066,15.364999771118164,14.996999740600586,15.009499549865723,14.937620162963867,201912000.0,15.101830901269981,15.291417919862836,14.925180214363863
2021-05-03 04:00:00,15.125,15.246749877929688,14.787500381469727,14.836750030517578,14.76569938659668,203912000.0,15.0525689765553,15.173735815261006,14.716685585647
2021-05-04 04:00:00,14.637249946594238,14.637499809265137,14.010250091552734,14.351249694824219,14.282523155212402,405324000.0,14.567153783566326,14.567402449672667,13.94315656113804
2021-05-05 04:00:00,14.708999633789062,14.81350040435791,14.387499809265137,14.458499908447266,14.389260292053223,292024000.0,14.638560411281018,14.742560743124349,14.318600201838999
2021-05-06 04:00:00,14.49524974822998,14.571249961853027,14.218000411987305,14.52299976348877,14.453451156616211,193380000.0,14.42583403228446,14.501470291554716,14.1499124041879
2021-05-07 04:00:00,14.808250427246094,14.970749855041504,14.67175006866455,14.812250137329102,14.741312980651855,229328000.0,14.737332425528978,14.899053629404147,14.601485779059601
2021-05-10 04:00:00,14.787249565124512,14.805999755859375,14.25,14.26574993133545,14.197433471679688,268904000.0,14.716435724758746,14.735096123743787,14.18175896431801
2021-05-11 04:00:00,13.824999809265137,14.35474967956543,13.75,14.306249618530273,14.237736701965332,285584000.0,13.758791607695967,14.286004495234742,13.684150974022726
2021-05-12 04:00:00,14.009499549865723,14.260250091552734,13.709250450134277,13.758500099182129,13.692612648010254,303408000.0,13.942410098916847,14.191959832815755,13.64359884835176
2021-05-13 04:00:00,14.0337495803833,14.080750465393066,13.458999633789062,13.665249824523926,13.599809646606445,285404000.0,13.9665447300379,14.013320537107868,13.394547147231089
2021-05-14 04:00:00,13.890000343322754,14.32800006866455,13.748499870300293,14.243000030517578,14.17479133605957,258616000.0,13.823482138772494,14.259384315186782,13.682659301255852
2021-05-17 04:00:00,14.156999588012695,14.169249534606934,13.853500366210938,14.165499687194824,14.097662925720215,216980000.0,14.089203532423051,14.101394815593933,13.787157729474968
2021-05-18 04:00:00,14.267000198364258,14.404250144958496,14.003999710083008,14.01574993133545,13.948630332946777,186256000.0,14.19867739521661,14.335270069717708,13.936936381971368
2021-05-19 04:00:00,13.566499710083008,14.079500198364258,13.54325008392334,14.065750122070312,13.998390197753906,344000000.0,13.501530662163134,14.012074425864109,13.478392376887879
2021-05-20 04:00:00,14.302499771118164,14.68375015258789,14.270500183105469,14.612500190734863,14.542523384094238,321592000.0,14.234007504367282,14.613432141859077,14.202161157001548
2021-05-21 04:00:00,15.163749694824219,15.222000122070312,14.869500160217285,14.99174976348877,14.919957160949707,672992000.0,15.09113341773736,15.149104894905113,14.79829298748573
2021-05-24 04:00:00,15.212499618530273,15.744999885559082,15.175999641418457,15.612000465393066,15.537235260009766,554816000.0,15.139647605689639,15.669597751616458,15.10332242541384
2021-05-25 04:00:00,15.765999794006348,15.818499565124512,15.482500076293945,15.647749900817871,15.572813987731934,435408000.0,15.690497590957026,15.742745944567211,15.408355532354786
2021-05-26 04:00:00,15.73425006866455,15.793749809265137,15.586250305175781,15.699999809265137,15.624814987182617,370440000.0,15.658901227493464,15.718116033223644,15.511610211521978
2021-05-27 04:00:00,15.699749946594238,15.75,15.460000038146973,15.48799991607666,15.41383171081543,581476000.0,15.624567722750067,15.67457714106443,15.38596591738373
2021-05-28 04:00:00,15.50100040435791,16.27750015258789,15.50100040435791,16.24449920654297,16.166704177856445,644536000.0,15.426765997018279,16.19954708212294,15.426765997018279
2021-06-01 04:00:00,16.270000457763672,16.38825035095215,15.903249740600586,16.26449966430664,16.18660545349121,472804000.0,16.19207990245723,16.309763471301338,15.827085633895027
2021-06-02 04:00:00,16.25225067138672,16.918750762939453,16.23550033569336,16.778249740600586,16.697898864746094,594168000.0,16.17441879999118,16.837727029046853,16.157748681493572
2021-06-03 04:00:00,16.70075035095215,17.259000778198242,16.58300018310547,16.969749450683594,16.888479232788086,580008000.0,16.620768402840024,17.17634530010888,16.50358215503388
2021-06-04 04:00:00,17.112499237060547,17.660999298095703,17.095500946044922,17.578250885009766,17.494070053100586,617120000.0,17.030548852392332,17.576422190681168,17.013631964827372
2021-06-07 04:00:00,17.571250915527344,17.8125,17.192750930786133,17.618999481201172,17.534622192382812,575756000.0,17.48710229431981,17.727196038292035,17.110414943863784
2021-06-08 04:00:00,17.527250289916992,17.62150001525879,17.250999450683594,17.457000732421875,17.37340545654297,323848000.0,17.443318614261905,17.53711701168591,17.168390640592385
2021-06-09 04:00:00,17.515750885009766,17.575000762939453,17.25575065612793,17.35824966430664,17.27907943725586,381656000.0,17.435862301693522,17.494841943488854,17.177047922626723
2021-06-10 04:00:00,17.350000381469727,17.492000579833984,17.176000595092773,17.424999237060547,17.34552574157715,287772000.0,17.27086894747683,17.412221498632054,17.09766275489283
2021-06-11 04:00:00,17.47949981689453,17.939250946044922,17.443750381469727,17.82525062561035,17.743959426879883,416308000.0,17.399785398109145,17.85743985433239,17.364198996266346
2021-06-14 04:00:00,17.9060001373291,18.039499282836914,17.662750244140625,18.018749237060547,17.93657112121582,321376000.0,17.82433623634231,17.957226532251276,17.582195733025387
2021-06-15 04:00:00,17.915000915527344,18.016250610351562,17.72800064086914,17.78849983215332,17.707372665405273,243032000.0,17.833296821293477,17.934084751440924,17.64714938991083
2021-06-16 04:00:00,17.79075050354004,17.954750061035156,17.58449935913086,17.81024932861328,17.72901725769043,307124000.0,17.709607366236927,17.87285892613583,17.504296927782022
2021-06-17 04:00:00,17.774499893188477,18.834999084472656,17.756250381469727,18.657249450683594,18.572154998779297,809656000.0,17.693431602265857,18.749093928519862,17.675265325334816
2021-06-18 04:00:00,18.784000396728516,19.375,18.583999633789062,18.638750076293945,18.553741455078125,968856000.0,18.698329309981435,19.286633450241315,18.499240721357857
2021-06-21 04:00:00,18.43524932861328,18.536500930786133,17.822750091552734,18.427249908447266,18.343202590942383,672384000.0,18.351165525479242,18.45195531562925,17.74145991840171
2021-06-22 04:00:00,18.471500396728516,18.9637508392334,18.38599967956543,18.886749267578125,18.800613403320312,580144000.0,18.387258337480024,18.87726379771211,18.30214755921342
2021-06-23 04:00:00,19.007749557495117,19.15275001525879,18.90774917602539,19.057249069213867,18.9703311920166,332356000.0,18.92105744176349,19.065396569450836,18.821513150301545
2021-06-24 04:00:00,19.227750778198242,19.420000076293945,19.08824920654297,19.20549964904785,19.117908477783203,320924000.0,19.140058125456942,19.331430625682103,19.00119278333372
2021-06-25 04:00:00,19.280500411987305,19.345500946044922,18.894500732421875,19.0310001373291,18.944196701049805,278364000.0,19.19255896503927,19.257263021262016,18.80831989176606
2021-06-28 04:00:00,19.361249923706055,20.078750610351562,19.319000244140625,19.985000610351562,19.893856048583984,495436000.0,19.272950069531685,19.987178487793155,19.230893075901268
2021-06-29 04:00:00,19.88249969482422,20.0987491607666,19.656999588012695,20.026750564575195,19.93541145324707,367632000.0,19.79181849083902,20.007081674259897,19.567346857383377
2021-06-30 04:00:00,19.999250411987305,20.162500381469727,19.863750457763672,20.002500534057617,19.911273956298828,326568000.0,19.90803865725093,20.070544083019442,19.77315668561849
2021-07-01 04:00:00,20.125,20.45599937438965,20.018999099731445,20.211999893188477,20.119813919067383,480136000.0,20.03321082827077,20.362700530192438,19.927693393087345
2021-07-02 04:00:00,20.440250396728516,20.505250930786133,20.287750244140625,20.48699951171875,20.3935604095459,342764000.0,20.34702451247123,20.411728585764077,20.195219897428057
2021-07-06 04:00:00,20.737499237060547,20.841999053955078,20.350250244140625,20.69849967956543,20.60409927368164,446708000.0,20.64292096446594,20.746944185216677,20.257438112216875
2021-07-07 04:00:00,20.853500366210938,20.875,20.332000732421875,20.371749877929688,20.278844833374023,418428000.0,20.75839830613885,20.77979989118654,20.23927696321843
2021-07-08 04:00:00,19.85650062561035,20.132999420166016,19.70075035095215,19.90275001525879,19.81197738647461,503300000.0,19.76593893142942,20.041176667969573,19.61089900392695
2021-07-09 04:00:00,19.962499618530273,20.080249786376953,19.754249572753906,20.050249099731445,19.95880126953125,296624000.0,19.871452007779578,19.988665125073833,19.664151776378613
2021-07-12 04:00:00,20.239999771118164,20.53274917602539,20.1877498626709,20.512500762939453,20.4189510345459,321984000.0,20.1476928162931,20.439107102307077,20.095681199841547
2021-07-13 04:00:00,20.40049934387207,20.46125030517578,20.11400032043457,20.25,20.157642364501953,290708000.0,20.307455300297775,20.36792918431061,20.02226296191594
2021-07-14 04:00:00,20.357749938964844,20.417749404907227,19.752750396728516,19.84149932861328,19.75100326538086,380100000.0,20.26489928311296,20.3246250945611,19.662659112833513
2021-07-15 04:00:00,19.811750411987305,19.847000122070312,18.85849952697754,18.966249465942383,18.87974739074707,550564000.0,19.72139214020743,19.756481081917247,18.77248888227508
2021-07-16 04:00:00,19.030500411987305,19.156999588012695,18.072999954223633,18.160999298095703,18.078166961669922,688224000.0,18.943702280089244,19.069624493243037,17.99056898289551
2021-07-19 04:00:00,17.915250778198242,19.04199981689453,17.86549949645996,18.77975082397461,18.694101333618164,749060000.0,17.833544044539046,18.955154278049445,17.78401966527489
2021-07-20 04:00:00,18.729999542236328,18.83799934387207,18.163999557495117,18.61199951171875,18.527114868164062,434687000.0,18.644576730253064,18.752083971986252,18.081158128932074
2021-07-21 04:00:00,18.881999969482422,19.527000427246094,18.742000579833984,19.40999984741211,19.32147216796875,371017000.0,18.79588046130681,19.437939116174313,18.65651959928261
2021-07-22 04:00:00,19.642000198364258,19.886999130249023,19.275999069213867,19.5939998626709,19.504640579223633,323826000.0,19.55242200731095,19.796303610975237,19.188090042132742
2021-07-23 04:00:00,19.6560001373291,19.700000762939453,19.25,19.558000564575195,19.46880531311035,195672000.0,19.566357953852656,19.610157912382906,19.16220940069875
2021-07-26 04:00:00,19.31100082397461,19.441999435424805,18.913999557495117,19.29400062561035,19.20600700378418,203943000.0,19.222929669807954,19.353330839467855,18.827738996164285
2021-07-27 04:00:00,19.264999389648438,19.621999740600586,18.740999221801758,19.20800018310547,19.12039566040039,248863000.0,19.17713490295772,19.532507034154946,18.655524613503584
2021-07-28 04:00:00,19.319000244140625,19.645999908447266,18.9950008392334,19.503000259399414,19.414052963256836,202191000.0,19.23089211651724,19.556400434077595,18.908370375078967
2021-07-29 04:00:00,19.518999099731445,19.85300064086914,19.327999114990234,19.66200065612793,19.57232666015625,190781000.0,19.42997730193718,19.762455536602744,19.239848425490685
2021-07-30 04:00:00,19.417999267578125,19.6299991607666,19.26300048828125,19.499000549316406,19.410066604614258,183497000.0,19.32943476558114,19.540467738094375,19.175142927792987
2021-08-02 04:00:00,19.700000762939453,19.961000442504883,19.361000061035156,19.75,19.659915924072266,217444000.0,19.610144744483502,19.869953947342548,19.27269029903338
2021-08-03 04:00:00,19.739999771118164,20.222000122070312,19.219999313354492,19.815000534057617,19.724628448486328,301811000.0,19.649969748387328,20.129771796246487,19.132340904279957
2021-08-04 04:00:00,19.989999771118164,20.31800079345703,19.827999114990234,20.27400016784668,20.181533813476562,231309000.0,19.89882869548474,20.225333759526567,19.737566897497963
2021-08-05 04:00:00,20.5,20.732999801635742,20.341999053955078,20.636999130249023,20.542875289916992,211435000.0,20.40650100265894,20.638438109278407,20.24922068734739
2021-08-06 04:00:00,20.52400016784668,20.56999969482422,20.209999084472656,20.365999221801758,20.273117065429688,178497000.0,20.430397424754673,20.47618716407528,20.117828389835985
2021-08-09 04:00:00,20.445999145507812,20.507999420166016,20.14299964904785,20.295000076293945,20.202434539794922,146443000.0,20.352744901947933,20.414462393227705,20.0511273868057
2021-08-10 04:00:00,20.32200050354004,20.43000030517578,19.834999084472656,19.93600082397461,19.845075607299805,179238000.0,20.229314798148827,20.33682202830791,19.744534522125157
2021-08-11 04:00:00,20.042999267578125,20.048999786376953,19.43000030517578,19.698999404907227,19.609155654907227,185925000.0,19.951586593338543,19.957559744802627,19.341383413828332
2021-08-12 04:00:00,19.8700008392334,20.02899932861328,19.6200008392334,19.905000686645508,19.81421661376953,151652000.0,19.779376396027782,19.937649714347675,19.53051661292987
2021-08-13 04:00:00,19.905000686645508,20.214000701904297,19.85099983215332,20.187999725341797,20.095924377441406,183063000.0,19.81421606765823,20.121806766278755,19.760461505395682
2021-08-16 04:00:00,20.135000228881836,20.28700065612793,19.452999114990234,19.950000762939453,19.8590087890625,210876000.0,20.043164472251572,20.19447162539359,19.36427396613772
2021-08-17 04:00:00,19.684999465942383,19.770000457763672,19.267000198364258,19.45800018310547,19.369260787963867,204585000.0,19.595224826743483,19.679838166363634,19.179131870288053
2021-08-18 04:00:00,19.5,19.634000778198242,19.0,19.040000915527344,18.953163146972656,285913000.0,19.41106426442262,19.54445389093999,18.913344667898965
2021-08-19 04:00:00,19.493999481201172,20.4950008392334,18.761999130249023,19.79800033569336,19.707704544067383,766555000.0,19.405090193128377,20.40152612998121,18.67642838900111
2021-08-20 04:00:00,19.990999221801758,20.864999771118164,19.933000564575195,20.81599998474121,20.7210636138916,675741000.0,19.899825465212288,20.76983992496617,19.84209132480141
2021-08-23 04:00:00,20.97100067138672,21.996999740600586,20.950000762939453,21.95800018310547,21.85785484313965,575807000.0,20.875356807002596,21.896676532709122,20.854452674261367
2021-08-24 04:00:00,21.753000259399414,21.958999633789062,21.53499984741211,21.792999267578125,21.693605422973633,297299000.0,21.653788842883614,21.858848692173698,21.43678269051183
2021-08-25 04:00:00,21.73699951171875,22.469999313354492,21.722000122070312,22.21299934387207,22.111692428588867,347701000.0,21.637863490780983,22.367520297278727,21.62293250890913
2021-08-26 04:00:00,22.200000762939453,22.34000015258789,21.790000915527344,22.06800079345703,21.96735382080078,237940000.0,22.098751769400412,22.238112654688,21.69062183507276
2021-08-27 04:00:00,22.18400001525879,22.722000122070312,22.16699981689453,22.63599967956543,22.53276252746582,304722000.0,22.08282432095886,22.61837074338963,22.06590165626173
2021-08-30 04:00:00,22.829999923706055,23.042999267578125,22.551000595092773,22.687999725341797,22.584524154663086,262580000.0,22.725876717636822,22.937904612772638,22.448149850901924
2021-08-31 04:00:00,22.69499969482422,22.69499969482422,22.1200008392334,22.385000228881836,22.286832809448242,259850000.0,22.59547280041693,22.59547280041693,22.022995550957603
2021-09-01 04:00:00,22.485000610351562,22.69700050354004,22.35700035095215,22.44099998474121,22.342594146728516,201767000.0,22.386401825570044,22.597472079831466,22.258962859018567
2021-09-02 04:00:00,22.51799964904785,22.593000411987305,22.295000076293945,22.395999908447266,22.29779052734375,187834000.0,22.419255283167224,22.493927157977517,22.19723359262961
2021-09-03 04:00:00,22.325000762939453,22.986000061035156,22.200000762939453,22.843000411987305,22.742828369140625,280532000.0,22.227100272958122,22.885200930384197,22.102648427978476
2021-09-07 04:00:00,22.83300018310547,22.89900016784668,22.52199935913086,22.66200065612793,22.5626163482666,198107000.0,22.732865956033955,22.798576497539244,22.423229027599902
2021-09-08 04:00:00,22.51300048828125,22.610000610351562,21.976999282836914,22.339000701904297,22.241039276123047,254434000.0,22.414276035210346,22.510850790435214,21.880625312807148
2021-09-09 04:00:00,22.312000274658203,22.538000106811523,22.131000518798828,22.177000045776367,22.079750061035156,196856000.0,22.214158290540535,22.43916707430214,22.033952249947387
2021-09-10 04:00:00,22.347999572753906,22.625999450683594,22.270000457763672,22.47800064086914,22.379426956176758,248376000.0,22.249995986999718,22.52677674082894,22.1723389246809
2021-09-13 04:00:00,22.68400001525879,22.964000701904297,21.857999801635742,22.152000427246094,22.054855346679688,297500000.0,22.584521910954482,22.8632946864074,21.76214402740333
2021-09-14 04:00:00,22.274999618530273,22.40999984741211,22.086000442504883,22.242000579833984,22.14446449279785,199755000.0,22.177318823418137,22.311727046467276,21.989148450540036
2021-09-15 04:00:00,22.30900001525879,22.367000579833984,21.965999603271484,22.340999603271484,22.243030548095703,166538000.0,22.211171283679054,22.268917505986135,21.86967498640837
2021-09-16 04:00:00,22.183000564575195,22.277000427246094,21.927000045776367,22.242000579833984,22.14446449279785,156033000.0,22.085723205642353,22.179310858145648,21.830845305683194
2021-09-17 04:00:00,22.299999237060547,22.320999145507812,21.829999923706055,21.899999618530273,21.803964614868164,294503000.0,22.20221017104686,22.22311799153432,21.73427187990997
2021-09-20 04:00:00,21.145999908447266,21.433000564575195,20.66200065612793,21.113000869750977,21.020414352416992,349440000.0,21.053268680937446,21.33901075751113,20.57139190308022
2021-09-21 04:00:00,21.41699981689453,21.424999237060547,20.950000762939453,21.246000289916992,21.15283203125,204688000.0,21.323081688701794,21.33104602969822,20.858130525552628
2021-09-22 04:00:00,21.365999221801758,21.959999084472656,21.195999145507812,21.94099998474121,21.84477996826172,268726000.0,21.272300812492595,21.86369574938004,21.103046254185703
2021-09-23 04:00:00,22.139999389648438,22.53499984741211,21.889999389648438,22.48200035095215,22.383411407470703,248555000.0,22.04291020210144,22.43617848847477,21.794006511837477
2021-09-24 04:00:00,22.06999969482422,22.14900016784668,21.861000061035156,22.08099937438965,21.984167098999023,217655000.0,21.973215656561944,22.051869687132683,21.765132553304515
2021-09-27 04:00:00,21.709999084472656,21.798999786376953,21.325000762939453,21.65999984741211,21.565019607543945,245215000.0,21.6147995953172,21.703410024457195,21.23148951169654
2021-09-28 04:00:00,21.214000701904297,21.41900062561035,20.650999069213867,20.698999404907227,20.60822868347168,343069000.0,21.120971560225616,21.32507250371504,20.560438842257536
2021-09-29 04:00:00,20.940000534057617,21.017000198364258,20.466999053955078,20.517000198364258,20.42702293395996,218394000.0,20.84816820250511,20.924830184933924,20.37724106947219
2021-09-30 04:00:00,20.76799964904785,21.06599998474121,20.687999725341797,20.715999603271484,20.625154495239258,221009000.0,20.676926507135207,20.973620032961403,20.59727740414024
2021-10-01 04:00:00,20.75,20.858999252319336,20.202999114990234,20.742000579833984,20.65104103088379,240978000.0,20.659005371326064,20.767526631043445,20.11440324016766
2021-10-04 04:00:00,20.503999710083008,20.54199981689453,19.55500030517578,19.73200035095215,19.645469665527344,345635000.0,20.414083578048384,20.451917043098803,19.469245817551954
2021-10-05 04:00:00,19.950000762939453,20.648000717163086,19.854000091552734,20.451000213623047,20.361316680908203,279282000.0,19.86251425727249,20.557453280437706,19.766934576510337
2021-10-06 04:00:00,20.1200008392334,20.719999313354492,20.079999923706055,20.700000762939453,20.60922622680664,297202000.0,20.03176974378131,20.629137078715868,19.99194424199397
2021-10-07 04:00:00,21.091999053955078,21.32200050354004,20.972000122070312,21.075000762939453,20.98257827758789,256919000.0,20.99950202415533,21.22849482345153,20.880029336594305
2021-10-08 04:00:00,21.10099983215332,21.20599937438965,20.774999618530273,20.83099937438965,20.73965072631836,151258000.0,21.00846717095083,21.113006266424186,20.683896542065902
2021-10-11 04:00:00,20.575000762939453,21.062999725341797,20.51099967956543,20.69499969482422,20.604246139526367,163388000.0,20.484773437642136,20.970632383544228,20.421053017517437
2021-10-12 04:00:00,20.827999114990234,21.05699920654297,20.527999877929688,20.67099952697754,20.580352783203125,162134000.0,20.736663894521275,20.964659771807728,20.437980218130104
2021-10-13 04:00:00,20.917999267578125,20.989999771118164,20.71299934387207,20.93899917602539,20.84718132019043,180652000.0,20.826273496687154,20.897958276834757,20.622172501018817
2021-10-14 04:00:00,21.288000106811523,21.7549991607666,21.121999740600586,21.746000289916992,21.650638580322266,243589000.0,21.194646843821843,21.6595979888479,21.029374431188767
2021-10-15 04:00:00,21.809999465942383,21.930999755859375,21.66200065612793,21.86199951171875,21.766132354736328,226994000.0,21.714360334605505,21.834830025581528,21.56701051506873
2021-10-18 04:00:00,21.749000549316406,22.291000366210938,21.643999099731445,22.222000122070312,22.124547958374023,189494000.0,21.653622673782255,22.19324560945146,21.54908169662989
2021-10-19 04:00:00,22.275999069213867,22.378999710083008,22.03700065612793,22.290000915527344,22.192249298095703,161473000.0,22.178308856137,22.28085779315563,21.940358557922448
2021-10-20 04:00:00,22.30500030517578,22.433000564575195,21.98200035095215,22.10300064086914,22.006074905395508,146276000.0,22.207188763908334,22.334627718556206,21.885605224072492
2021-10-21 04:00:00,22.097000122070312,22.711000442504883,22.08300018310547,22.691999435424805,22.592493057250977,187590000.0,22.000102867295077,22.61141074327327,21.986164319272227
2021-10-22 04:00:00,22.822999954223633,23.1299991607666,22.56100082397461,22.72599983215332,22.6263427734375,249384000.0,22.722917534822606,23.02857050189633,22.462067311679963
2021-10-25 04:00:00,22.972999572753906,23.354999542236328,22.770000457763672,23.166000366210938,23.06441307067871,230235000.0,22.872258622224397,23.25258344955109,22.67014969676888
2021-10-26 04:00:00,23.98900032043457,25.259000778198242,23.923999786376953,24.716999053955078,24.608612060546875,485898000.0,23.883805688435576,25.14823704248469,23.819090189484406
2021-10-27 04:00:00,24.474000930786133,25.09000015258789,24.281999588012695,24.451000213623047,24.34377098083496,245990000.0,24.36667082894429,24.979968601996518,24.175511503123126
2021-10-28 04:00:00,24.878000259399414,24.950000762939453,24.523000717163086,24.94099998474121,24.83162498474121,234204000.0,24.768901535208865,24.840586291381936,24.415458790011783
2021-10-29 04:00:00,25.000999450683594,25.708999633789062,25.0,25.566999435424805,25.454883575439453,292503000.0,24.89136560174538,25.596261077566012,24.890370533831586
2021-11-01 04:00:00,25.64900016784668,25.893999099731445,25.226999282836914,25.82699966430664,25.7137451171875,265740000.0,25.536526170254046,25.78045075190704,25.116375810653224
2021-11-02 04:00:00,25.82200050354004,26.67799949645996,25.799999237060547,26.400999069213867,26.285221099853516,294112000.0,25.708761653173653,26.56100677962379,25.6868568702382
2021-11-03 04:00:00,26.670000076293945,26.784000396728516,26.235000610351562,26.597999572753906,26.481361389160156,239910000.0,26.553046154370787,26.666546557874828,26.119954258485805
2021-11-04 04:00:00,27.229000091552734,31.364999771118164,27.118000030517578,29.801000595092773,29.670312881469727,1153631000.0,27.109591491333024,31.227453379184272,26.999078204026905
2021-11-05 04:00:00,30.187000274658203,31.399999618530273,29.40999984741211,29.75200080871582,29.621530532836914,851260000.0,30.054622412775466,31.26230243845938,29.28102933486203
2021-11-08 05:00:00,30.14900016784668,31.100000381469727,29.906999588012695,30.804000854492188,30.668912887573242,503101000.0,30.016784643098717,30.963614337249158,29.7758453334055
2021-11-09 05:00:00,32.28200149536133,32.310001373291016,29.964000701904297,30.656999588012695,30.522560119628906,646746000.0,32.14043594172841,32.16831303240709,29.832600226347303
2021-11-10 05:00:00,29.356000900268555,30.850000381469727,28.777999877929688,29.458999633789062,29.329814910888672,636206000.0,29.22726785132228,30.714715789314535,28.65180150099656
2021-11-11 05:00:00,30.468000411987305,30.59000015258789,29.777000427246094,30.389999389648438,30.25672721862793,332172000.0,30.33438617562301,30.45585089909229,29.646416499206612
2021-11-12 05:00:00,30.010000228881836,30.68000030517578,29.6299991607666,30.389999389648438,30.25672721862793,413054000.0,29.87839450452663,30.54545636540284,29.500059891441172
2021-11-15 05:00:00,30.552000045776367,30.643999099731445,29.246999740600586,30.024999618530273,29.893333435058594,384909000.0,30.4180228502872,30.50961846828987,29.11874525657836
2021-11-16 05:00:00,29.759000778198242,30.389999389648438,29.70599937438965,30.202999114990234,30.070552825927734,264484000.0,29.62850151207324,30.25673306637881,29.57573253019145
2021-11-17 05:00:00,30.417999267578125,30.509000778198242,28.799999237060547,29.26099967956543,29.13268280029297,428508000.0,30.28460865268217,30.37521109867771,28.6737039612457
2021-11-18 05:00:00,32.367000579833984,32.7599983215332,31.320999145507812,31.674999237060547,31.53609848022461,781711000.0,32.225065268536866,32.61633964212017,31.183650744846176
2021-11-19 05:00:00,32.24300003051758,33.0880012512207,31.905000686645508,32.98500061035156,32.84035110473633,533867000.0,32.10160442864808,32.94290005570085,31.765087317217567
2021-11-22 05:00:00,33.516998291015625,34.64699935913086,31.899999618530273,31.95599937438965,31.815858840942383,754335000.0,33.37001211902883,34.49505765592671,31.760104667628156
2021-11-23 05:00:00,31.53499984741211,32.36000061035156,30.8799991607666,31.746000289916992,31.606788635253906,532163000.0,31.396713465869023,32.218096459002574,30.744585069545465
2021-11-24 05:00:00,31.461000442504883,32.85499954223633,30.92799949645996,32.67399978637695,32.53071212768555,435162000.0,31.323032237725272,32.71091813220103,30.792368699348174
2021-11-26 05:00:00,32.599998474121094,32.709999084472656,31.350000381469727,31.503000259399414,31.36485481262207,283069000.0,32.45704252335242,32.56656076429987,31.212525862423693
2021-11-29 05:00:00,32.36600112915039,33.4119987487793,32.0359992980957,33.375999450683594,33.22964096069336,454964000.0,32.22407162500823,33.26548239676256,31.89551689877383
2021-11-30 05:00:00,33.16899871826172,33.35300064086914,31.86400032043457,32.67599868774414,32.53269958496094,622066000.0,33.023537586316976,33.20673257688012,31.724262199478087
2021-12-01 05:00:00,33.21900177001953,33.28900146484375,31.3799991607666,31.434999465942383,31.300981521606445,484368000.0,33.077378025602634,33.14707928825368,31.24621570117578
2021-12-02 05:00:00,31.214000701904297,32.47800064086914,31.024999618530273,32.125999450683594,31.989036560058594,472890000.0,31.080925938871122,32.33953706228623,30.892730624505155
2021-12-03 05:00:00,32.0,32.12900161743164,30.1299991607666,30.69300079345703,30.56214141845703,544325000.0,31.863568243842334,31.992019863861056,30.001540138937465
2021-12-06 05:00:00,29.8799991607666,30.240999221801758,28.038000106811523,30.03700065612793,29.9089412689209,658938000.0,29.75260913184593,30.11207010956424,27.918463234495462
2021-12-07 05:00:00,30.957000732421875,32.44900131225586,30.650999069213867,32.426998138427734,32.28874588012695,593053000.0,30.82501579680724,32.31065524359192,30.520318769347558
2021-12-08 05:00:00,31.999000549316406,32.290000915527344,31.42099952697754,31.826000213623047,31.6903133392334,475551000.0,31.862576105811538,32.15233582192908,31.28703933130742
2021-12-09 05:00:00,31.733999252319336,32.20500183105469,30.42799949645996,30.489999771118164,30.360008239746094,488507000.0,31.598704034532002,32.06769853366914,30.298272298007166
2021-12-10 05:00:00,31.149999618530273,31.30500030517578,29.861000061035156,30.197999954223633,30.069252014160156,488825000.0,31.017192866760514,31.17153271430594,29.733688906259296
2021-12-13 05:00:00,30.249000549316406,30.29400062561035,28.115999221801758,28.160999298095703,28.04093360900879,598344000.0,30.120032572835907,30.164840789277438,27.996125392567258
2021-12-14 05:00:00,27.698999404907227,28.67799949645996,27.25,28.336999893188477,28.216188430786133,667035000.0,27.580907982463,28.555734222401295,27.13382283364954
2021-12-15 05:00:00,28.399999618530273,30.5,27.83799934387207,30.458999633789062,30.329139709472656,698297000.0,28.27891810418674,30.36996527334218,27.71931388041696
2021-12-16 05:00:00,31.152000427246094,31.15999984741211,28.093000411987305,28.386999130249023,28.265974044799805,707366000.0,31.01918703981043,31.027152355261656,27.97322876019045
2021-12-17 05:00:00,27.985000610351562,28.922000885009766,27.760000228881836,27.801000595092773,27.68247413635254,713758000.0,27.865689688111814,28.79869516682683,27.64164857062036
2021-12-20 05:00:00,27.30500030517578,28.143999099731445,27.145000457763672,27.7189998626709,27.60082244873047,461847000.0,27.188587940382853,28.02400974051841,27.02927023764738
2021-12-21 05:00:00,28.374000549316406,29.1200008392334,27.400999069213867,29.075000762939453,28.951038360595703,524385000.0,28.25302688878672,28.99584657730524,27.284173838530872
2021-12-22 05:00:00,28.891000747680664,29.55500030517578,28.448999404907227,29.399999618530273,29.2746524810791,395184000.0,28.767823731054484,29.42899232103665,28.327706864600266
2021-12-23 05:00:00,29.7549991607666,30.05900001525879,29.430999755859375,29.639999389648438,29.513629913330078,343022000.0,29.628139385488993,29.930844139118374,29.305521344818228
2021-12-27 05:00:00,29.65999984741211,31.086999893188477,29.639999389648438,30.94499969482422,30.813068389892578,403686000.0,29.533547027159024,30.954463182806666,29.51363183960114
2021-12-28 05:00:00,31.312000274658203,31.329999923706055,30.011999130249023,30.32200050354004,30.19272232055664,420591000.0,31.178501216751027,31.196424124096993,29.884042641533675
2021-12-29 05:00:00,30.273000717163086,30.54800033569336,29.365999221801758,30.000999450683594,29.873088836669922,343139000.0,30.143930413484238,30.417757558740163,29.240795959898424
2021-12-30 05:00:00,29.82699966430664,30.457000732421875,29.540000915527344,29.586000442504883,29.45985984802246,308864000.0,29.69983156408998,30.32714660813748,29.41405644108792
2021-12-31 05:00:00,29.673999786376953,30.030000686645508,29.33099937438965,29.410999298095703,29.28561019897461,266530000.0,29.547489426670328,29.901972573947273,29.205951342168785
2022-01-03 05:00:00,29.815000534057617,30.711000442504883,29.78499984741211,30.121000289916992,29.99258041381836,391547000.0,29.687885277671324,30.580065120512547,29.65801249794872
2022-01-04 05:00:00,30.277000427246094,30.468000411987305,28.349000930786133,29.290000915527344,29.165130615234375,527154000.0,30.14792231126296,30.338108017250157,28.228142339164982
2022-01-05 05:00:00,28.948999404907227,29.416000366210938,27.533000946044922,27.604000091552734,27.486310958862305,498064000.0,28.825575893064034,29.290585804595278,27.41561451686952
2022-01-06 05:00:00,27.639999389648438,28.437999725341797,27.065000534057617,28.17799949645996,28.057865142822266,454186000.0,27.522158750832368,28.316756884231587,26.94961135088401
2022-01-07 05:00:00,28.141000747680664,28.422000885009766,27.05699920654297,27.246999740600586,27.130836486816406,409939000.0,28.02102606266158,28.300828200556737,26.94164598984423
2022-01-10 05:00:00,26.58099937438965,27.4689998626709,25.643999099731445,27.399999618530273,27.28318214416504,594681000.0,26.467673635110437,27.351888211869046,25.534668178229204
2022-01-11 05:00:00,27.322999954223633,28.065000534057617,26.839000701904297,27.816999435424805,27.698406219482422,404089000.0,27.20651282406831,27.94535000609593,26.724577023199927
2022-01-12 05:00:00,28.066999435424805,28.594999313354492,27.607999801635742,27.999000549316406,27.879627227783203,383413000.0,27.94733620165416,28.473084959973825,27.490293505962637
2022-01-13 05:00:00,28.378999710083008,28.479999542236328,26.49799919128418,26.575000762939453,26.461700439453125,540171000.0,28.258008185903833,28.358577413604603,26.38502715764647
2022-01-14 05:00:00,26.299999237060547,27.19700050354004,26.209999084472656,26.941999435424805,26.82713508605957,395832000.0,26.187871987265602,27.081048984239747,26.098255540756934
2022-01-18 05:00:00,26.260000228881836,26.63800048828125,25.770000457763672,25.902999877929688,25.792566299438477,424270000.0,26.14804463261415,26.524433344257982,25.660133902473458
2022-01-19 05:00:00,26.07900047302246,26.542999267578125,25.052000045776367,25.066999435424805,24.960126876831055,488315000.0,25.967813271965568,26.42983381864652,24.94519143672525
2022-01-20 05:00:00,25.304000854492188,25.57900047302246,24.077999114990234,24.149999618530273,24.047039031982422,435181000.0,25.19612032401024,25.46994751510898,23.97534549383341
2022-01-21 05:00:00,23.506999969482422,24.822999954223633,23.26300048828125,23.374000549316406,23.274351119995117,718958000.0,23.40678352912288,24.717173064459438,23.163824281021945
2022-01-24 05:00:00,22.329999923706055,23.3799991607666,20.88800048828125,23.371999740600586,23.272356033325195,913982000.0,22.234798657209716,23.280321348926336,20.798947012783948
2022-01-25 05:00:00,22.54599952697754,22.94300079345703,22.0,22.323999404907227,22.22882080078125,664616000.0,22.44987442301741,22.845183070459672,21.906202770713605
2022-01-26 05:00:00,23.239999771118164,24.05699920654297,22.299999237060547,22.77199935913086,22.674915313720703,755959000.0,23.140920495841154,23.954436811095526,22.204927473512953
2022-01-27 05:00:00,23.56800079345703,23.9950008392334,21.674999237060547,21.944000244140625,21.85044288635254,573353000.0,23.46751957498949,23.892699123335404,21.58258875418974
2022-01-28 05:00:00,22.011999130249023,22.857999801635742,21.29599952697754,22.84000015258789,22.74262809753418,543774000.0,21.918157029687126,22.76055101003184,21.2052098936802
2022-01-31 05:00:00,23.18199920654297,24.509000778198242,23.052000045776367,24.486000061035156,24.38160514831543,564680000.0,23.083163840300895,24.40450780299976,22.95371892485848
2022-02-01 05:00:00,25.104000091552734,25.145000457763672,23.889999389648438,24.63800048828125,24.532957077026367,518925000.0,24.996969904301384,25.037795466622228,23.788145059709638
2022-02-02 05:00:00,25.79400062561035,25.816999435424805,24.55299949645996,25.242000579833984,25.13438606262207,543419000.0,25.6840327601272,25.706933518845947,24.448322405650178
2022-02-03 05:00:00,24.45800018310547,25.07699966430664,23.780000686645508,23.947999954223633,23.845901489257812,410178000.0,24.35372741378853,24.970087889771477,23.678618459668993
2022-02-04 05:00:00,23.972000122070312,24.635000228881836,23.631999969482422,24.319000244140625,24.215320587158203,354829000.0,23.869799837318162,24.529973363145128,23.531249213857308
2022-02-07 05:00:00,24.371999740600586,25.18199920654297,24.20199966430664,24.72800064086914,24.62257194519043,376868000.0,24.26808886721252,25.074634872099356,24.098813592190186
2022-02-08 05:00:00,24.358999252319336,25.229999542236328,23.979999542236328,25.107999801635742,25.000957489013672,410359000.0,24.25515013515638,25.122437111146983,23.877766205134343
2022-02-09 05:00:00,25.621999740600586,26.725000381469727,25.35300064086914,26.704999923706055,26.59114646911621,524282000.0,25.51276352295215,26.611061657409135,25.244911267514784
2022-02-10 05:00:00,25.9950008392334,26.924999237060547,25.600000381469727,25.823999404907227,25.71390724182129,513200000.0,25.88417966754192,26.810213321811034,25.490863164851714
2022-02-11 05:00:00,25.916000366210938,26.152000427246094,23.773000717163086,23.948999404907227,23.846895217895508,605472000.0,25.80551006541594,26.040503963564735,23.671646883125344
2022-02-14 05:00:00,23.93400001525879,24.875,23.7549991607666,24.267000198364258,24.16353988647461,440424000.0,23.831959421608797,24.768947532154037,23.653721722186578
2022-02-15 05:00:00,24.948999404907227,26.545000076293945,24.784000396728516,26.4950008392334,26.382043838500977,699869000.0,24.8426335224846,26.431829912184345,24.67833795995591
2022-02-16 05:00:00,26.259000778198242,26.582000732421875,25.552000045776367,26.51099967956543,26.397972106933594,732676000.0,26.147047583163317,26.468670452357063,25.443061093040882
2022-02-17 05:00:00,25.6299991607666,25.78499984741211,24.165000915527344,24.506999969482422,24.402517318725586,810595000.0,25.5207287378447,25.675068597680315,24.06197633665846
2022-02-18 05:00:00,24.667999267578125,24.986000061035156,23.100000381469727,23.642000198364258,23.541202545166016,761255000.0,24.562827267983952,24.8794722652551,23.001513544155017
2022-02-22 05:00:00,23.03499984741211,24.06399917602539,23.0,23.389999389648438,23.290283203125,633422000.0,22.936797094043573,23.96140959530918,22.90194645789285
2022-02-23 05:00:00,23.802000045776367,24.155000686645508,22.301000595092773,22.386999130249023,22.291553497314453,566511000.0,23.700521640999543,24.052017284731818,22.20592161177353
2022-02-24 05:00:00,21.014999389648438,23.799999237060547,20.889999389648438,23.74799919128418,23.64675521850586,735801000.0,20.92540691455172,23.698533574396834,20.800939822460943
2022-02-25 05:00:00,23.72100067138672,24.216999053955078,23.381000518798828,24.156999588012695,24.05400848388672,528866000.0,23.619868407786754,24.11375214772827,23.281317813989904
2022-02-28 05:00:00,23.992000579833984,24.665000915527344,23.707000732421875,24.385000228881836,24.281036376953125,477319000.0,23.889712256178317,24.559843299003468,23.605927486955995
2022-03-01 05:00:00,24.291000366210938,24.37700080871582,23.131999969482422,23.476999282836914,23.376911163330078,412056000.0,24.18744196343962,24.273075765282154,23.033382665393212
2022-03-02 05:00:00,23.756000518798828,24.409000396728516,23.415000915527344,24.219999313354492,24.120851516723633,389642000.0,23.658752163102065,24.309078898961875,23.31914848717471
2022-03-03 05:00:00,24.261999130249023,24.326000213623047,23.4689998626709,23.714000701904297,23.61692237854004,365095000.0,24.162677458354135,24.226416539633046,23.372924502534758
2022-03-04 05:00:00,23.384000778198242,23.68000030517578,22.48200035095215,22.93600082397461,22.842103958129883,431415000.0,23.288269861512525,23.583057606711368,22.389962101255723
2022-03-07 05:00:00,22.816999435424805,23.033000946044922,21.329999923706055,21.351999282836914,21.264589309692383,450821000.0,22.723592102393823,22.93870935454276,21.242680010670902
2022-03-08 05:00:00,21.30900001525879,22.37299919128418,20.649999618530273,21.513999938964844,21.425928115844727,557467000.0,21.22176739996016,22.281410884459255,20.565464751978574
2022-03-09 05:00:00,22.386999130249023,23.219999313354492,22.246999740600586,23.013999938964844,22.91978645324707,492742000.0,22.295352427006858,23.124942518382856,22.15592615939423
2022-03-10 05:00:00,22.5310001373291,22.788000106811523,21.881999969482422,22.658000946044922,22.565242767333984,428066000.0,22.43876187931811,22.694709732633942,21.792418612832495
2022-03-11 05:00:00,23.02199935913086,23.145000457763672,22.04599952697754,22.100000381469727,22.00952911376953,367209000.0,22.927753683517206,23.050251249791206,21.955749323787682
2022-03-14 04:00:00,21.868999481201172,22.261999130249023,21.159000396728516,21.329999923706055,21.242677688598633,385354000.0,21.77947065227046,22.17086141206027,21.072378211360963
2022-03-15 04:00:00,21.51799964904785,23.038000106811523,21.32200050354004,22.972999572753906,22.878957748413086,491996000.0,21.429913984102225,22.94369219754842,21.23471717688526
2022-03-16 04:00:00,23.5,24.597000122070312,23.172000885009766,24.496000289916992,24.39571762084961,671422000.0,23.40379479526486,24.49630397600163,23.077138455679332
2022-03-17 04:00:00,24.1200008392334,24.841999053955078,23.9060001373291,24.766000747680664,24.664613723754883,471941000.0,24.02125840895199,24.74030090825493,23.80813378286248
2022-03-18 04:00:00,24.798999786376953,26.569000244140625,24.624000549316406,26.452999114990234,26.34470558166504,730719000.0,24.69747741085638,26.460231824316143,24.523194587296928
2022-03-21 04:00:00,26.506999969482422,27.152000427246094,25.966999053955078,26.733999252319336,26.624557495117188,591727000.0,26.398487485905324,27.040847486368627,25.860697187971265
2022-03-22 04:00:00,26.726999282836914,27.238000869750977,26.07200050354004,26.52400016784668,26.415420532226562,547007000.0,26.617588642474022,27.12649837424718,25.965271190591476
2022-03-23 04:00:00,26.125999450683594,26.61199951171875,25.575000762939453,25.634000778198242,25.529064178466797,502120000.0,26.019048781115384,26.50305932852309,25.47030568855705
2022-03-24 04:00:00,26.166000366210938,28.31999969482422,25.906999588012695,28.149999618530273,28.03476333618164,877379000.0,26.058885884967737,28.20406749144338,25.800945365640167
2022-03-25 04:00:00,27.88599967956543,28.357999801635742,27.270999908447266,27.691999435424805,27.578638076782227,579016000.0,27.77184415178732,28.241912070470075,27.159361974596653
2022-03-28 04:00:00,27.756000518798828,28.25,27.20599937438965,28.2189998626709,28.103479385375977,425494000.0,27.642375427784486,28.134352617050098,27.094625830029123
2022-03-29 04:00:00,28.69499969482422,28.945999145507812,27.979999542236328,28.6560001373291,28.5386905670166,488984000.0,28.57753047133925,28.827502401169717,27.865457327415218
2022-03-30 04:00:00,28.304000854492188,28.496000289916992,27.503000259399414,27.690000534057617,27.576644897460938,463487000.0,28.188131660804462,28.379345100642087,27.390410153130244
2022-03-31 04:00:00,27.781999588012695,28.24799919128418,27.270000457763672,27.285999298095703,27.17430305480957,523440000.0,27.668272949268168,28.13236496599721,27.158369706319803
2022-04-01 04:00:00,27.375,27.496000289916992,26.267000198364258,26.711999893188477,26.602649688720703,517235000.0,27.26293568960486,27.383440643848896,26.15947167732759
2022-04-04 04:00:00,26.72800064086914,27.558000564575195,26.613000869750977,27.360000610351562,27.24799346923828,397120000.0,26.618580799031673,27.445182845672498,26.504051817215565
2022-04-05 04:00:00,27.253999710083008,27.319000244140625,25.81999969482422,25.930999755859375,25.82484245300293,436615000.0,27.142426260215576,27.207160692640215,25.714296808195737
2022-04-06 04:00:00,24.93400001525879,25.299999237060547,24.003000259399414,24.406999588012695,24.307086944580078,703833000.0,24.831930039640117,25.19643100477937,23.90474143009996
2022-04-07 04:00:00,24.44099998474121,24.722000122070312,23.47800064086914,24.20800018310547,24.108896255493164,557992000.0,24.340942190832628,24.62079195567915,23.38188522206564
2022-04-08 04:00:00,23.91699981689453,23.92300033569336,23.062000274658203,23.118999481201172,23.02435302734375,524781000.0,23.81908644389505,23.82506239727849,22.967587168821588
2022-04-11 04:00:00,22.214000701904297,22.31999969482422,21.65999984741211,21.91699981689453,21.82727813720703,575207000.0,22.123063188914138,22.228628253478472,21.571330249174363
2022-04-12 04:00:00,22.53700065612793,22.725000381469727,21.281999588012695,21.503999710083008,21.41596794128418,662258000.0,22.44474005075557,22.63197015423266,21.194876629839
2022-04-13 04:00:00,21.72800064086914,22.5,21.454999923706055,22.202999114990234,22.112106323242188,516943000.0,21.639052358381548,22.40789137072251,21.367169228856223
2022-04-14 04:00:00,22.5049991607666,22.777000427246094,21.163000106811523,21.257999420166016,21.170970916748047,569097000.0,22.412865542843637,22.68375325848132,21.076360522778845
2022-04-18 04:00:00,21.200000762939453,22.08799934387207,21.07900047302246,21.783000946044922,21.693832397460938,525701000.0,21.113218721167843,21.9975822866679,20.992713745016705
2022-04-19 04:00:00,21.719999313354492,22.37299919128418,21.31399917602539,22.197999954223633,22.107131958007812,512781000.0,21.631088023171433,22.281414831880515,21.226749856245902
2022-04-20 04:00:00,22.517000198364258,22.670000076293945,21.200000762939453,21.48200035095215,21.394058227539062,468974000.0,22.42482103543778,22.57719456880331,21.11321307776146
2022-04-21 04:00:00,21.708999633789062,22.392000198364258,20.0,20.183000564575195,20.10037612915039,656209000.0,21.620128118741523,22.30033264038632,19.918124725646763
2022-04-22 04:00:00,20.30299949645996,20.486000061035156,19.5,19.514999389648438,19.43511199951172,624713000.0,20.219886317241535,20.402137743310213,19.420174011970897
2022-04-25 04:00:00,19.20199966430664,19.94499969482422,19.09600067138672,19.902000427246094,19.820526123046875,641566000.0,19.12339100546342,19.863349361314793,19.017825948530263
2022-04-26 04:00:00,19.718000411987305,19.788000106811523,18.670000076293945,18.788000106811523,18.711082458496094,653143000.0,19.63727536341639,19.706988481070177,18.593565517439714
2022-04-27 04:00:00,18.597999572753906,19.16699981689453,18.290000915527344,18.415000915527344,18.339609146118164,499460000.0,18.521858599332678,19.08852933312482,18.21512090124755
2022-04-28 04:00:00,18.966999053955078,20.03700065612793,18.489999771118164,19.781999588012695,19.701019287109375,570327000.0,18.8893550683818,19.95497647373352,18.41430844686625
2022-04-29 04:00:00,19.402000427246094,20.128000259399414,18.517000198364258,18.547000885009766,18.471073150634766,500435000.0,19.3225724947239,20.045600227897243,18.441195280836077
2022-05-02 04:00:00,18.541000366210938,19.573999404907227,18.391000747680664,19.533000946044922,19.45303726196289,572049000.0,18.46509770793821,19.493867882415657,18.315712153889976
2022-05-03 04:00:00,19.399999618530273,19.825000762939453,19.132999420166016,19.601999282836914,19.521753311157227,475751000.0,19.320580585935083,19.743841875684236,19.0546734235437
2022-05-04 04:00:00,19.92300033569336,20.399999618530273,18.750999450683594,20.333999633789062,20.250762939453125,648855000.0,19.841446056207623,20.316492754987344,18.67424272609035
2022-05-05 04:00:00,19.867000579833984,19.924999237060547,18.5,18.8439998626709,18.766862869262695,626331000.0,19.785675982936528,19.84343722549143,18.424271153234372
2022-05-06 04:00:00,18.736000061035156,19.511999130249023,17.989999771118164,18.674999237060547,18.598546981811523,633297000.0,18.659298078838052,19.43212034048371,17.916351786613728
2022-05-09 04:00:00,18.034000396728516,18.2549991607666,16.82699966430664,16.950000762939453,16.880613327026367,644455000.0,17.9601754415391,18.180269513135514,16.75811575231476
2022-05-10 04:00:00,17.68899917602539,18.197999954223633,17.024999618530273,17.594999313354492,17.522966384887695,761474000.0,17.61658141745641,18.12349837536046,16.955300236459934
2022-05-11 04:00:00,17.347000122070312,17.753000259399414,16.56800079345703,16.6299991607666,16.561914443969727,670167000.0,17.275979938655457,17.680317874796074,16.500169903568946
2022-05-12 04:00:00,16.2189998626709,16.788000106811523,15.567000389099121,16.174999237060547,16.108776092529297,708728000.0,16.152596572240007,16.71926723448367,15.503266493253035
2022-05-13 04:00:00,16.788000106811523,17.92799949645996,16.593000411987305,17.70599937438965,17.633516311645508,670437000.0,16.71927505834853,17.854607631651785,16.525073633919344
2022-05-16 04:00:00,17.509000778198242,17.788000106811523,17.106000900268555,17.263999938964844,17.193326950073242,521446000.0,17.437324838562272,17.71518203809066,17.035974706114335
2022-05-17 04:00:00,18.073999404907227,18.371000289916992,17.634000778198242,18.177000045776367,18.102590560913086,585830000.0,18.00001156413309,18.295796644400493,17.561814118646062
2022-05-18 04:00:00,17.704999923706055,18.118000030517578,16.86400032043457,16.937999725341797,16.86865997314453,545161000.0,17.63252027278685,18.043829664901942,16.794963502496497
2022-05-19 04:00:00,16.937000274658203,17.687000274658203,16.733999252319336,17.124000549316406,17.053897857666016,621310000.0,16.867663129735934,17.61459275966754,16.665493158414193
2022-05-20 04:00:00,17.332000732421875,17.40999984741211,15.755000114440918,16.694000244140625,16.625661849975586,739105000.0,17.26105062577283,17.33873044435796,15.690505601912752
2022-05-23 04:00:00,16.27400016784668,16.915000915527344,16.179000854492188,16.898000717163086,16.828824996948242,639889000.0,16.207378932516523,16.845755601223512,16.112768519957527
2022-05-24 04:00:00,16.510000228881836,16.597000122070312,15.779999732971191,16.15399932861328,16.087867736816406,588550000.0,16.44241123290059,16.529054964044875,15.715399228807048
2022-05-25 04:00:00,16.020000457763672,17.111000061035156,16.0,16.975000381469727,16.905513763427734,781132000.0,15.954423101190748,17.040956732679444,15.934504514657595
2022-05-26 04:00:00,16.035999298095703,18.091999053955078,16.02199935913086,17.85099983215332,17.777923583984375,996575000.0,15.970353077975645,18.01793623253497,15.9564104502552
2022-05-27 04:00:00,18.18600082397461,18.881000518798828,18.100000381469727,18.81100082397461,18.733991622924805,738379000.0,18.11155027204223,18.80370475029721,18.025901901467446
2022-05-31 04:00:00,18.979999542236328,19.200000762939453,18.350000381469727,18.672000885009766,18.59556770324707,664100000.0,18.90230557875584,19.121406232166063,18.27488529749239
2022-06-01 04:00:00,18.724000930786133,19.05299949645996,18.121999740600586,18.31999969482422,18.245006561279297,544514000.0,18.64735401344506,18.975005819632933,18.047817122189745
2022-06-02 04:00:00,18.29199981689453,19.618999481201172,18.197999954223633,19.591999053955078,19.511796951293945,648656000.0,18.217119410706687,19.538686849184053,18.12350434729059
2022-06-03 04:00:00,19.082000732421875,19.332000732421875,18.52199935913086,18.719999313354492,18.64335823059082,598779000.0,19.00387758866798,19.252854069896948,18.44616890304643
2022-06-06 04:00:00,19.138999938964844,19.336999893188477,18.56399917602539,18.785999298095703,18.709087371826172,422406000.0,19.06064278964208,19.2578321104978,18.48799614242372
2022-06-07 04:00:00,18.472000122070312,19.0,18.187999725341797,18.926000595092773,18.848522186279297,388914000.0,18.396380279945216,18.92221865575563,18.113542511249516
2022-06-08 04:00:00,18.798999786376953,19.18000030517578,18.53499984741211,18.648000717163086,18.575590133666992,363252000.0,18.726002870282798,19.105523955961853,18.4630280486972
2022-06-09 04:00:00,18.481000900268555,18.933000564575195,18.041000366210938,18.04800033569336,17.977914810180664,395574000.0,18.409233910241724,18.859478331118886,17.97094202357339
2022-06-10 04:00:00,17.600000381469727,17.69700050354004,16.868999481201172,16.974000930786133,16.908090591430664,465248000.0,17.531659275414107,17.6282827443318,16.803496864291528
2022-06-13 04:00:00,16.0,16.312000274658203,15.605999946594238,15.647000312805176,15.586238861083984,604153000.0,15.937867756879672,16.248656451730458,15.545397710168137
2022-06-14 04:00:00,15.730999946594238,16.06599998474121,15.411999702453613,15.836000442504883,15.774507522583008,469680000.0,15.669914755070089,16.00361395146763,15.352153223730667
2022-06-15 04:00:00,16.094999313354492,16.868000030517578,15.925999641418457,16.527000427246094,16.46282386779785,563936000.0,16.032500272176392,16.80249932387109,15.864156848634643
2022-06-16 04:00:00,15.859999656677246,15.942000389099121,15.401000022888184,15.60099983215332,15.540416717529297,545749000.0,15.79841077215222,15.880093072433525,15.34119356434389
2022-06-17 04:00:00,15.64799976348877,15.994999885559082,15.32800006866455,15.880000114440918,15.81833553314209,630334000.0,15.587236076673541,15.932888741748645,15.268478991865372
2022-06-21 04:00:00,16.475000381469727,17.007999420166016,16.406999588012695,16.56599998474121,16.501672744750977,483089000.0,16.41102650097026,16.94195585735891,16.343289760595702
2022-06-22 04:00:00,16.22599983215332,16.66200065612793,16.18000030517578,16.360000610351562,16.29647445678711,437135000.0,16.162994005831898,16.597301831379568,16.11717309578013
2022-06-23 04:00:00,16.518999099731445,16.584999084472656,15.852999687194824,16.225000381469727,16.161998748779297,463680000.0,16.4548558708115,16.520599577790094,15.791442532196244
2022-06-24 04:00:00,16.5,17.139999389648438,16.309999465942383,17.125999450683594,17.05949592590332,472153000.0,16.43592735057394,17.073441500432935,16.24666462485629
2022-06-27 04:00:00,17.312000274658203,17.329999923706055,16.625999450683594,16.868999481201172,16.80349349975586,427968000.0,17.24477402510874,17.2627037776178,16.561437091028537
2022-06-28 04:00:00,16.899999618530273,17.20199966430664,15.944999694824219,15.982000350952148,15.919939041137695,461149000.0,16.834373533612357,17.135200852696613,15.883082065971653
2022-06-29 04:00:00,15.814000129699707,15.819999694824219,15.170000076293945,15.541999816894531,15.481647491455078,482352000.0,15.752591579090298,15.758567846845672,15.111092291433094
2022-06-30 04:00:00,15.361000061035156,15.567000389099121,14.862000465393066,15.159000396728516,15.100133895874023,686070000.0,15.301349140819207,15.50654951386169,14.804287295645784
2022-07-01 04:00:00,14.89900016784668,15.062999725341797,14.392000198364258,14.52299976348877,14.466604232788086,577610000.0,14.84114455708728,15.004507273555733,14.336113363533372
2022-07-05 04:00:00,14.175000190734863,14.970999717712402,14.055000305175781,14.96399974822998,14.905891418457031,651397000.0,14.119955710684517,14.91286420559904,14.000421809691066
2022-07-06 04:00:00,15.010000228881836,15.319000244140625,14.788999557495117,15.130000114440918,15.071249961853027,529066000.0,14.951716038721823,15.259516199525306,14.731573518231853
2022-07-07 04:00:00,15.456000328063965,15.944999694824219,15.388999938964844,15.857999801635742,15.796420097351074,492903000.0,15.395981666093258,15.883082152996206,15.329241452564782
2022-07-08 04:00:00,15.430000305175781,16.03700065612793,15.388999938964844,15.838000297546387,15.776495933532715,467972000.0,15.37008034446915,15.974723505760988,15.329239196682304
2022-07-11 04:00:00,15.526000022888184,15.527000427246094,15.038000106811523,15.152000427246094,15.09316349029541,437321000.0,15.465710803070031,15.466707322744304,14.97960584604066
2022-07-12 04:00:00,15.267999649047852,15.430999755859375,14.876999855041504,15.081999778747559,15.023432731628418,458483000.0,15.20871031951737,15.371077457553127,14.819228872129182
2022-07-13 04:00:00,14.59000015258789,15.375,14.46500015258789,15.163999557495117,15.105114936828613,521918000.0,14.533344477991491,15.315296025509971,14.408829876158077
2022-07-14 04:00:00,15.107999801635742,15.472999572753906,14.727999687194824,15.371999740600586,15.312307357788086,456235000.0,15.049332580525368,15.412914988487683,14.67080807841094
2022-07-15 04:00:00,15.659000396728516,15.781999588012695,15.444999694824219,15.76200008392334,15.70079517364502,385935000.0,15.598195441188166,15.720717018310008,15.385025718454648
2022-07-18 04:00:00,16.302000045776367,16.89699935913086,16.00200080871582,16.10099983215332,16.038475036621094,670517000.0,16.23869470882499,16.83138346936928,15.939860454756344
2022-07-19 04:00:00,16.486000061035156,17.110000610351562,16.172000885009766,16.992000579833984,16.92601776123047,702366000.0,16.421982128219415,17.0435595776271,16.109202264221235
2022-07-20 04:00:00,16.94700050354004,17.933000564575195,16.801000595092773,17.80699920654297,17.737850189208984,760538000.0,16.881191075573774,17.863362252554914,16.73575812116985
2022-07-21 04:00:00,17.885000228881836,18.143999099731445,17.545000076293945,18.049999237060547,17.979907989501953,557049000.0,17.815549700814543,18.073542834559365,17.476869827222348
2022-07-22 04:00:00,17.89299964904785,17.966999053955078,17.136999130249023,17.319000244140625,17.25174903869629,536671000.0,17.823519553288822,17.897231611980214,17.07045465118201
2022-07-25 04:00:00,17.018999099731445,17.124000549316406,16.64900016784668,17.02400016784668,16.95789337158203,480748000.0,16.95291172337914,17.057505436276674,16.584349553933702
2022-07-26 04:00:00,16.888999938964844,16.91900062561035,16.47800064086914,16.533000946044922,16.468799591064453,397865000.0,16.823416159959134,16.853300347202065,16.414012864423395
2022-07-27 04:00:00,17.031999588012695,17.93600082397461,16.913000106811523,17.790000915527344,17.720918655395508,569776000.0,16.965860804114296,17.86635161594308,16.84732342255859
2022-07-28 04:00:00,17.975000381469727,18.139999389648438,17.440000534057617,17.983999252319336,17.914169311523438,474646000.0,17.90520538232445,18.069563717046115,17.372282881955478
2022-07-29 04:00:00,17.812999725341797,18.243999481201172,17.691999435424805,18.163000106811523,18.092466354370117,435460000.0,17.743825155861124,18.17315117776117,17.623294755524277
2022-08-01 04:00:00,18.18199920654297,18.84600067138672,17.989999771118164,18.44099998474121,18.3693904876709,476469000.0,18.111395452950937,18.77281848869698,17.920141583548578
2022-08-02 04:00:00,18.121999740600586,18.937999725341797,18.091999053955078,18.525999069213867,18.454059600830078,489527000.0,18.051629067336524,18.864460391381805,18.021744878238078
2022-08-03 04:00:00,18.18400001525879,18.968000411987305,18.136999130249023,18.89299964904785,18.81963539123535,418146000.0,18.113388905855146,18.89434491533446,18.066570532098716
2022-08-04 04:00:00,18.849000930786133,19.27400016784668,18.760000228881836,19.21500015258789,19.140384674072266,409652000.0,18.77580669644715,19.199155581116848,18.68715160109545
2022-08-05 04:00:00,18.809999465942383,19.229000091552734,18.666000366210938,18.98900032043457,18.91525650024414,386068000.0,18.73695079592336,19.154324231777892,18.593510916979685
2022-08-08 04:00:00,17.50200080871582,18.23900032043457,17.242000579833984,17.792999267578125,17.723905563354492,981859000.0,17.43403710855411,18.168174706690454,17.175046511530418
2022-08-09 04:00:00,17.25200080871582,17.44700050354004,16.724000930786133,17.086000442504883,17.019651412963867,668263000.0,17.18500716001782,17.379249624350564,16.65905763199982
2022-08-10 04:00:00,17.697999954223633,18.118000030517578,17.316999435424805,18.097000122070312,18.026729583740234,597422000.0,17.62927873105072,18.047647949674293,17.249757634884343
2022-08-11 04:00:00,18.131000518798828,18.707000732421875,17.875999450683594,17.941999435424805,17.87232780456543,509327000.0,18.06059496674186,18.63435848013521,17.806584108237903
2022-08-12 04:00:00,18.15999984741211,18.718000411987305,17.952999114990234,18.708999633789062,18.636348724365234,478094000.0,18.089480817540075,18.645314550682862,17.883283911712684
2022-08-15 04:00:00,18.701000213623047,19.163999557495117,18.613000869750977,19.031999588012695,18.95809555053711,457666000.0,18.628381495120706,19.089582944835495,18.540723865569156
2022-08-16 04:00:00,18.920000076293945,19.142000198364258,18.500999450683594,18.878999710083008,18.805688858032227,451240000.0,18.846530011794016,19.067668063926604,18.42915644764587
2022-08-17 04:00:00,18.523000717163086,18.687999725341797,18.145000457763672,18.334999084472656,18.26380157470703,446799000.0,18.45107316928741,18.615431461944837,18.074540740730857
2022-08-18 04:00:00,18.301000595092773,18.864999771118164,18.183000564575195,18.773000717163086,18.700103759765625,415447000.0,18.2299364492585,18.79174557455485,18.11239462163172
2022-08-19 04:00:00,18.4060001373291,18.520000457763672,17.770000457763672,17.849000930786133,17.779691696166992,441588000.0,18.33452802598433,18.448085673185464,17.700997988903634
2022-08-22 04:00:00,17.489999771118164,17.558000564575195,16.965999603271484,17.034000396728516,16.96785545349121,409593000.0,17.422084130919913,17.4898208696324,16.90011871477872
2022-08-23 04:00:00,16.98900032043457,17.46500015258789,16.969999313354492,17.180999755859375,17.11428451538086,369986000.0,16.92303062961487,17.397182115122416,16.904103405013966
2022-08-24 04:00:00,17.011999130249023,17.4060001373291,16.895000457763672,17.222000122070312,17.155126571655273,522661000.0,16.94594102007404,17.33841210925702,16.829396656993374
2022-08-25 04:00:00,16.8439998626709,17.94700050354004,16.83300018310547,17.913000106811523,17.843441009521484,770691000.0,16.7785918674599,17.877309377171127,16.767634901441976
2022-08-26 04:00:00,17.85700035095215,17.923999786376953,16.23699951171875,16.260000228881836,16.196857452392578,769127000.0,17.787655912695254,17.8543951679038,16.173946054363714
2022-08-29 04:00:00,16.020000457763672,16.33799934387207,15.767000198364258,15.800999641418457,15.739642143249512,496132000.0,15.957792548703463,16.27455660052828,15.705774724802128
2022-08-30 04:00:00,15.960000038146973,16.038999557495117,15.182000160217285,15.468000411987305,15.40793514251709,530181000.0,15.898024237946384,15.976716986717125,15.123045485635457
2022-08-31 04:00:00,15.383999824523926,15.539999961853027,14.958999633789062,15.093999862670898,15.03538703918457,573710000.0,15.324260876966457,15.479655236596056,14.900911041431531
2022-09-01 04:00:00,14.208999633789062,14.380000114440918,13.270000457763672,13.937000274658203,13.882879257202148,1178865000.0,14.153822371676808,14.324158812735067,13.21846957505842
2022-09-02 04:00:00,14.100000381469727,14.170999526977539,13.590999603271484,13.647000312805176,13.594006538391113,743157000.0,14.045247525726571,14.115970968690647,13.538223289757255
2022-09-06 04:00:00,13.730999946594238,13.779000282287598,13.35099983215332,13.46500015258789,13.412713050842285,535751000.0,13.67767991813969,13.725493859595561,13.299155414870102
2022-09-07 04:00:00,13.562999725341797,13.838000297546387,13.345999717712402,13.71399974822998,13.664806365966797,512657000.0,13.514347994091015,13.788362113873305,13.298126385508025
2022-09-08 04:00:00,13.458999633789062,14.008000373840332,13.369000434875488,13.989999771118164,13.939814567565918,624873000.0,13.410719244419383,13.957750598170398,13.321042892410091
2022-09-09 04:00:00,14.156999588012695,14.473999977111816,14.12600040435791,14.38700008392334,14.335390090942383,486612000.0,14.10621466793855,14.422077892391746,14.07532668659429
2022-09-12 04:00:00,14.369000434875488,14.54699993133545,14.197999954223633,14.505000114440918,14.45296859741211,484159000.0,14.31745676821465,14.49481775493603,14.147069690827237
2022-09-13 04:00:00,13.802000045776367,13.92199993133545,13.098999977111816,13.130999565124512,13.083897590637207,714956000.0,13.752491137425125,13.87206057353365,13.052012787776297
2022-09-14 04:00:00,13.253999710083008,13.289999961853027,12.913000106811523,13.128000259399414,13.080907821655273,588507000.0,13.206455290226598,13.242326402784114,12.866678912295647
2022-09-15 04:00:00,13.015000343322754,13.232999801635742,12.789999961853027,12.928999900817871,12.88261890411377,523625000.0,12.968310831940721,13.18552824738612,12.744117608180906
2022-09-16 04:00:00,12.741999626159668,13.211999893188477,12.616999626159668,13.197999954223633,13.150655746459961,670751000.0,12.6962911946005,13.164605464480621,12.571739597842733
2022-09-19 04:00:00,13.01200008392334,13.463000297546387,13.010000228881836,13.381999969482422,13.33399772644043,569685000.0,12.96532505837295,13.414707500219304,12.963332376962292
2022-09-20 04:00:00,13.21500015258789,13.482999801635742,13.057000160217285,13.175999641418457,13.128734588623047,524818000.0,13.167595196842449,13.434633475375263,13.010161983326146
2022-09-21 04:00:00,13.213000297546387,14.031000137329102,13.109999656677246,13.26099967956543,13.213427543640137,807679000.0,13.165600353249246,13.980665723496834,13.062969213971705
2022-09-22 04:00:00,13.069999694824219,13.14900016784668,12.428000450134277,12.560999870300293,12.515942573547363,759162000.0,13.023116575574866,13.101833667672771,12.383420232786193
2022-09-23 04:00:00,12.420000076293945,12.611000061035156,12.256999969482422,12.515999794006348,12.471102714538574,663309000.0,12.375447364597502,12.565762199000392,12.213031967666868
2022-09-26 04:00:00,12.491000175476074,12.659000396728516,12.21399974822998,12.227999687194824,12.184137344360352,547343000.0,12.44619443896498,12.613592036444986,12.170187623758139
2022-09-27 04:00:00,12.506999969482422,12.736000061035156,12.258000373840332,12.413000106811523,12.368474006652832,553854000.0,12.462136686751897,12.690315342638387,12.214030266074733
2022-09-28 04:00:00,12.40999984741211,12.822999954223633,12.354000091552734,12.736000061035156,12.690313339233398,542414000.0,12.365482557221197,12.77700114543241,12.309683684312093
2022-09-29 04:00:00,12.447999954223633,12.5,11.946000099182129,12.220000267028809,12.176164627075195,532763000.0,12.403346432766009,12.455159943744142,11.903147353863744
2022-09-30 04:00:00,12.086999893188477,12.633000373840332,12.074999809265137,12.138999938964844,12.095453262329102,565638000.0,12.043639758211013,12.587681551450936,12.031682722625826
2022-10-03 04:00:00,12.347000122070312,12.678000450134277,12.104999542236328,12.51200008392334,12.467117309570312,547478000.0,12.3027092319889,12.632522202880898,12.061576751367282
2022-10-04 04:00:00,12.878999710083008,13.220000267028809,12.878999710083008,13.166999816894531,13.119765281677246,584182000.0,12.832798329827137,13.172575601055602,12.832798329827137
2022-10-05 04:00:00,12.91100025177002,13.321000099182129,12.621000289916992,13.208999633789062,13.161616325378418,507131000.0,12.864685926402442,13.273215022829856,12.57572625208159
2022-10-06 04:00:00,13.220000267028809,13.656000137329102,13.102999687194824,13.130000114440918,13.082901000976562,644157000.0,13.172578310658011,13.60701418955063,13.055997427970787
2022-10-07 04:00:00,12.505000114440918,12.670000076293945,12.022000312805176,12.076000213623047,12.032681465148926,672478000.0,12.460142467451544,12.624550545260242,11.978875271525471
2022-10-10 04:00:00,12.036999702453613,12.12399959564209,11.407999992370605,11.670000076293945,11.62813663482666,698699000.0,11.993819734228161,12.08050753530761,11.367076415950967
2022-10-11 04:00:00,11.560999870300293,11.845999717712402,11.282999992370605,11.586000442504883,11.544439315795898,667482000.0,11.51952842526829,11.803505925509853,11.242525784323794
2022-10-12 04:00:00,11.579000473022461,11.734999656677246,11.345000267028809,11.5,11.458746910095215,492590000.0,11.537463990629318,11.692903570079896,11.304303196073544
2022-10-13 04:00:00,10.970999717712402,12.07800006866455,10.812999725341797,11.960000038146973,11.917098045349121,850103000.0,10.931645390841727,12.03467479522763,10.77421216389864
2022-10-14 04:00:00,12.057000160217285,12.111000061035156,11.204000473022461,11.22700023651123,11.186725616455078,713432000.0,12.013748081279001,12.06755426824253,11.16380836002219
2022-10-17 04:00:00,11.517999649047852,11.947999954223633,11.517000198364258,11.887999534606934,11.845356941223145,580774000.0,11.476684255806191,11.905142137623429,11.475688390180704
2022-10-18 04:00:00,12.343999862670898,12.491999626159668,11.618000030517578,11.967000007629395,11.924070358276367,659362000.0,12.299717788184358,12.447186626800823,11.576322361329343
2022-10-19 04:00:00,11.878999710083008,12.350000381469727,11.833999633789062,12.050999641418457,12.007771492004395,523131000.0,11.836388541745388,12.30569968628764,11.791549885257231
2022-10-20 04:00:00,12.11299991607666,12.769000053405762,12.104999542236328,12.194000244140625,12.150259017944336,652398000.0,12.069549247006899,12.723196239361652,12.061577571391497
2022-10-21 04:00:00,12.097999572753906,12.498000144958496,11.88700008392334,12.465999603271484,12.421281814575195,609494000.0,12.054601866532238,12.453167564548195,11.844359270919771
2022-10-24 04:00:00,12.508000373840332,12.710000038146973,12.064000129699707,12.598999977111816,12.553807258605957,517457000.0,12.463134071674045,12.664409161491927,12.020726460130167
2022-10-25 04:00:00,12.694000244140625,13.300000190734863,12.663999557495117,13.26099967956543,13.213427543640137,505482000.0,12.648462145984986,13.252288145476689,12.618569082955904
2022-10-26 04:00:00,12.869000434875488,13.387999534606934,12.708000183105469,12.895999908447266,12.849739074707031,532953000.0,12.822836454280946,13.339973788252896,12.662413746395243
2022-10-27 04:00:00,13.630000114440918,13.838000297546387,13.121999740600586,13.175999641418457,13.128734588623047,583113000.0,13.581106467465899,13.788360510627266,13.07492839668743
2022-10-28 04:00:00,13.104000091552734,13.850000381469727,13.060999870300293,13.833999633789062,13.78437614440918,521040000.0,13.056995159747698,13.800319496329138,13.014149183187982
2022-10-31 04:00:00,13.777999877929688,13.838000297546387,13.29699993133545,13.496999740600586,13.44858455657959,486341000.0,13.728576716312174,13.788361907995785,13.249302168056532
2022-11-01 04:00:00,13.810999870300293,13.925000190734863,13.519000053405762,13.543000221252441,13.494418144226074,432817000.0,13.761456412532556,13.875047785742884,13.470504070891979
2022-11-02 04:00:00,13.850000381469727,14.210000038146973,13.211000442504883,13.218999862670898,13.171579360961914,672628000.0,13.800316292387196,14.159024522745352,13.163608637105877
2022-11-03 04:00:00,13.043000221252441,13.781000137329102,12.956000328063965,13.420999526977539,13.372854232788086,500065000.0,12.996210927988326,13.731563409125444,12.909523130440983
2022-11-04 04:00:00,13.986000061035156,14.229000091552734,13.696999549865723,14.156000137329102,14.105218887329102,612576000.0,13.935828645472183,14.177956971752689,13.647864854214127
2022-11-07 05:00:00,14.227999687194824,14.411999702453613,13.954000473022461,14.300999641418457,14.249698638916016,410061000.0,14.176960552458848,14.360300516988321,13.90394423701555
2022-11-08 05:00:00,14.800999641418457,14.890999794006348,14.215999603271484,14.60200023651123,14.549620628356934,595292000.0,14.747906191962752,14.837583500238217,14.165004638425565
2022-11-09 05:00:00,14.161999702453613,14.211000442504883,13.758999824523926,13.776000022888184,13.726582527160645,454414000.0,14.111197542274558,14.160022506058544,13.70964331218987
2022-11-10 05:00:00,14.800000190734863,15.77299976348877,14.54699993133545,15.75,15.693501472473145,700819000.0,14.746909510215898,15.716418731024099,14.49481681539553
2022-11-11 05:00:00,15.807000160217285,16.388999938964844,15.482000350952148,16.32699966430664,16.2684268951416,655487000.0,15.750292878376628,16.33020474511368,15.42645899911689
2022-11-14 05:00:00,16.218000411987305,16.540000915527344,15.92199993133545,16.295000076293945,16.236547470092773,527852000.0,16.15982401511625,16.480669454615672,15.86488533252821
2022-11-15 05:00:00,16.722000122070312,16.99799919128418,16.381999969482422,16.666000366210938,16.60621452331543,545876000.0,16.662013391587355,16.937022370999905,16.32323291950231
2022-11-16 05:00:00,16.16200065612793,16.36199951171875,15.873000144958496,15.90999984741211,15.852928161621094,649547000.0,16.1040250035794,16.303306431643236,15.816061182952085
2022-11-17 05:00:00,15.71500015258789,16.266000747680664,15.53499984741211,15.677000045776367,15.620763778686523,710894000.0,15.658627572163233,16.20765162732223,15.47927296101109
2022-11-18 05:00:00,15.965999603271484,16.00200080871582,15.119999885559082,15.409000396728516,15.353726387023926,492072000.0,15.908727567818614,15.944599632440841,15.0657625567973
2022-11-21 05:00:00,15.147000312805176,15.47700023651123,15.079999923706055,15.317000389099121,15.262055397033691,404739000.0,15.092665143329405,15.421481294578124,15.025905097362354
2022-11-22 05:00:00,15.32800006866455,16.058000564575195,15.121999740600586,16.038000106811523,15.980466842651367,472866000.0,15.273013794121328,16.000395552590362,15.067752452914368
2022-11-23 05:00:00,16.097999572753906,16.527000427246094,16.04800033569336,16.518999099731445,16.459741592407227,427241000.0,16.040252289045704,16.467714217291594,15.990432410924427
2022-11-25 05:00:00,16.31800079345703,16.48699951171875,16.172000885009766,16.270000457763672,16.211637496948242,167934000.0,16.259465648152826,16.427858142364496,16.11398946353445
2022-11-28 05:00:00,16.025999069213867,16.35700035095215,15.725000381469727,15.82699966430664,15.770225524902344,303741000.0,15.968511085101463,16.29832500895063,15.668592130839407
2022-11-29 05:00:00,15.82699966430664,15.932000160217285,15.520000457763672,15.638999938964844,15.582900047302246,298384000.0,15.770225383983295,15.874849224323373,15.46432743853725
2022-11-30 05:00:00,15.696999549865723,16.93000030517578,15.597000122070312,16.92300033569336,16.866607666015625,565298000.0,15.644692293883454,16.873584309435355,15.54502609510109
2022-12-01 05:00:00,16.999000549316406,17.264999389648438,16.635000228881836,17.135000228881836,17.077899932861328,470977000.0,16.942353455622023,17.207465887298017,16.579566121809616
2022-12-02 05:00:00,16.659000396728516,16.933000564575195,16.44499969482422,16.875999450683594,16.819766998291016,371389000.0,16.603491006042972,16.87657817899184,16.39020337504846
2022-12-05 05:00:00,16.679000854492188,16.9950008392334,16.472000122070312,16.610000610351562,16.554651260375977,352255000.0,16.623421575647185,16.93836855658918,16.41711062983356
2022-12-06 05:00:00,16.530000686645508,16.572999954223633,15.819000244140625,15.987000465393066,15.933728218078613,352694000.0,16.474919041618143,16.51777502605684,15.766287810992363
2022-12-07 05:00:00,15.772000312805176,16.18600082397461,15.666999816894531,16.1200008392334,16.066282272338867,372388000.0,15.719441428825348,16.1320623176005,15.614790838365689
2022-12-08 05:00:00,16.273000717163086,17.179000854492188,15.958999633789062,17.16900062561035,17.111787796020508,515456000.0,16.218773657752436,17.121754700808335,15.905818930591325
2022-12-09 05:00:00,17.15999984741211,17.58300018310547,16.975000381469727,17.000999450683594,16.944347381591797,465338000.0,17.102817944678048,17.524408725344184,16.91843494852363
2022-12-12 05:00:00,17.03700065612793,17.538000106811523,16.797000885009766,17.53499984741211,17.476566314697266,457328000.0,16.980226653056036,17.4795565760495,16.741026655795824
2022-12-13 05:00:00,18.5310001373291,18.790000915527344,17.711000442504883,18.07200050354004,18.011777877807617,656589000.0,18.469247954138357,18.727385645434474,17.65198080321333
2022-12-14 05:00:00,17.98699951171875,18.25200080871582,17.420000076293945,17.673999786376953,17.61510467529297,496888000.0,17.927061390913362,18.191179623464766,17.36195136904166
2022-12-15 05:00:00,17.145999908447266,17.31999969482422,16.700000762939453,16.95199966430664,16.895509719848633,478542000.0,17.088863487866476,17.262283446585172,16.64435056625301
2022-12-16 05:00:00,16.86400032043457,17.041000366210938,16.40999984741211,16.570999145507812,16.51578140258789,478232000.0,16.807806241482627,16.984216489206464,16.355318584988897
2022-12-19 05:00:00,16.57200050354004,16.608999252319336,16.145000457763672,16.253999710083008,16.1998348236084,354039000.0,16.51677591008969,16.553651364106894,16.09119880078537
2022-12-20 05:00:00,16.06399917602539,16.309999465942383,15.85200023651123,16.084999084472656,16.031402587890625,403260000.0,16.01047265280894,16.25565325018952,15.799180110626692
2022-12-21 05:00:00,16.11400032043457,16.62700080871582,16.101999282836914,16.500999450683594,16.446016311645508,325025000.0,16.060306704921995,16.571597819340283,16.04834565609719
2022-12-22 05:00:00,16.0939998626709,16.13800048828125,14.881999969482422,15.33899974822998,15.287886619567871,565045000.0,16.040370897342594,16.084224902594713,14.832409670787916
2022-12-23 05:00:00,15.196000099182129,15.33899974822998,14.883000373840332,15.206000328063965,15.1553316116333,349326000.0,15.145364705042043,15.287887857410231,14.833407942608575
2022-12-27 05:00:00,15.074000358581543,15.100000381469727,14.055999755859375,14.121000289916992,14.073945999145508,464902000.0,15.02377046116637,15.04968384623769,14.009162061218975
2022-12-28 05:00:00,13.927000045776367,14.26200008392334,13.883999824523926,14.03600025177002,13.989229202270508,351066000.0,13.880592209011148,14.214475953122395,13.837735273982746
2022-12-29 05:00:00,14.402000427246094,14.682999610900879,14.22700023651123,14.602999687194824,14.554337501525879,354923000.0,14.354008039804668,14.634070838145426,14.17959100951328
2022-12-30 05:00:00,14.333999633789062,14.628999710083008,14.232999801635742,14.61400032043457,14.565302848815918,310490000.0,14.286235193865508,14.580252256779966,14.185571918188986
2023-01-03 05:00:00,14.85099983215332,14.996000289916992,14.095999717712402,14.3149995803833,14.267297744750977,401277000.0,14.801511884284999,14.946029157402801,14.049027654749226
2023-01-04 05:00:00,14.567000389099121,14.852999687194824,14.241000175476074,14.74899959564209,14.699853897094727,431324000.0,14.518461136981063,14.803507446014843,14.1935472009812
2023-01-05 05:00:00,14.491000175476074,14.564000129699707,14.14799976348877,14.265000343322754,14.2174654006958,389168000.0,14.442712138646769,14.515468836750369,14.100854699285643
2023-01-06 05:00:00,14.473999977111816,15.010000228881836,14.034000396728516,14.859000205993652,14.80948543548584,405044000.0,14.42576814608272,14.959982279736408,13.987234779976571
2023-01-09 05:00:00,15.284000396728516,16.055999755859375,15.140999794006348,15.628000259399414,15.575923919677734,504231000.0,15.233070349137327,16.002497216572273,15.090546259586656
2023-01-10 05:00:00,15.506999969482422,15.961999893188477,15.472000122070312,15.909000396728516,15.855985641479492,384101000.0,15.455324830408456,15.908808523742264,15.420441615612981
2023-01-11 05:00:00,15.84000015258789,16.027999877929688,15.562999725341797,16.000999450683594,15.947680473327637,353285000.0,15.787217661590548,15.974590928995806,15.511140262906103
2023-01-12 05:00:00,16.100000381469727,16.636999130249023,15.491999626159668,16.51099967956543,16.455976486206055,551409000.0,16.046346850413578,16.581556041530636,15.440372268186394
2023-01-13 05:00:00,16.277999877929688,16.922000885009766,16.165000915527344,16.89900016784668,16.842683792114258,447287000.0,16.22375300248187,16.865607858764474,16.111130612182066
2023-01-17 05:00:00,16.89900016784668,17.72800064086914,16.89900016784668,17.70199966430664,17.643016815185547,511102000.0,16.842692903351175,17.668931156808114,16.842692903351175
2023-01-18 05:00:00,17.66699981689453,17.87299919128418,17.281999588012695,17.37700080871582,17.319095611572266,439624000.0,17.60812825910423,17.81344118394388,17.224410962438323
2023-01-19 05:00:00,17.035999298095703,17.19700050354004,16.731000900268555,16.764999389648438,16.70913314819336,452932000.0,16.979229999863364,17.139694698743703,16.675247952454153
2023-01-20 05:00:00,17.01099967956543,17.856000900268555,16.825000762939453,17.839000701904297,17.779556274414062,564967000.0,16.954314377855656,17.796499823469546,16.768935260471654
2023-01-23 05:00:00,18.06399917602539,19.2450008392334,17.81800079345703,19.19300079345703,19.129045486450195,655163000.0,18.00380595113542,19.180872256618034,17.75862728937308
2023-01-24 05:00:00,18.82699966430664,19.4950008392334,18.81999969482422,19.264999389648438,19.200801849365234,496204000.0,18.764261688305943,19.430036855773828,18.75728504510627
2023-01-25 05:00:00,18.913000106811523,19.3700008392334,18.579999923706055,19.322999954223633,19.25861358642578,449537000.0,18.84997990374146,19.30545785930098,18.518089313986763
2023-01-26 05:00:00,19.701000213623047,20.166000366210938,19.277999877929688,19.802000045776367,19.736013412475586,489535000.0,19.635350144248754,20.0988007667648,19.213759381728458
2023-01-27 05:00:00,19.461999893188477,20.628000259399414,19.405000686645508,20.364999771118164,20.297138214111328,542142000.0,19.39714737022937,20.559262315315294,19.34033810009434
2023-01-30 05:00:00,19.950000762939453,20.139999389648438,19.149999618530273,19.16200065612793,19.0981502532959,488611000.0,19.883524636147044,20.072890161486782,19.086189204794305
2023-01-31 05:00:00,19.170000076293945,19.687000274658203,18.950000762939453,19.53700065612793,19.47189712524414,498017000.0,19.106119508648174,19.621396897100432,18.88685330332513
2023-02-01 05:00:00,19.69099998474121,21.191999435424805,19.611000061035156,20.94300079345703,20.873212814331055,660477000.0,19.62538402504865,21.1213817226709,19.545650683627567
2023-02-02 05:00:00,21.0,21.948999404907227,20.700000762939453,21.708999633789062,21.636659622192383,564276000.0,20.9300225588854,21.875859651889073,20.631022997012753
2023-02-03 05:00:00,21.0,21.7450008392334,20.788999557495117,21.100000381469727,21.029685974121094,429366000.0,20.93001883755329,21.67253700894129,20.7197215405838
2023-02-06 05:00:00,20.805999755859375,21.56999969482422,20.785999298095703,21.089000701904297,21.018728256225586,452197000.0,20.736670321605864,21.498124471655988,20.71673650906174
2023-02-07 05:00:00,21.381999969482422,22.259000778198242,21.149999618530273,22.17300033569336,22.09911346435547,664150000.0,21.310748940899305,22.184827328430092,21.079521682438997
2023-02-08 05:00:00,22.386999130249023,22.878000259399414,22.007999420166016,22.204999923706055,22.131006240844727,559651000.0,22.312398971746344,22.80176393868283,21.934662201742093
2023-02-09 05:00:00,22.606000900268555,23.020000457763672,22.1200008392334,22.336999893188477,22.262563705444336,523876000.0,22.530668289120996,22.94328822764602,22.046287782724328
2023-02-10 05:00:00,21.690000534057617,22.077999114990234,20.81100082397461,21.264999389648438,21.19413948059082,550737000.0,21.6177244226343,22.00443010232316,20.74165374341449
2023-02-13 05:00:00,21.538000106811523,22.04800033569336,20.961999893188477,21.788000106811523,21.715391159057617,474919000.0,21.46622428907641,21.974524931957152,20.89214360772857
2023-02-14 05:00:00,21.577999114990234,23.048999786376953,21.365999221801758,22.97100067138672,22.894453048706055,675474000.0,21.506093473695493,22.972192242637163,21.294800040276197
2023-02-15 05:00:00,22.548999786376953,22.854999542236328,22.106000900268555,22.763999938964844,22.688142776489258,420575000.0,22.47385907538401,22.778839139042542,22.032336407803555
2023-02-16 05:00:00,22.132999420166016,22.549999237060547,21.927000045776367,22.00200080871582,21.92868423461914,412026000.0,22.059246323523663,22.474856585066412,21.853933394359046
2023-02-17 05:00:00,21.631000518798828,21.739999771118164,20.975000381469727,21.38800048828125,21.316728591918945,465888000.0,21.5589188659097,21.667554896645086,20.905104738152975
2023-02-21 05:00:00,21.0,21.493999481201172,20.618000030517578,20.655000686645508,20.586172103881836,410015000.0,20.930021777294268,21.422375105842487,20.549294744904135
2023-02-22 05:00:00,20.707000732421875,21.104000091552734,20.42099952697754,20.753999710083008,20.68484115600586,513184000.0,20.637998793039895,21.03367523119019,20.352950629424083
2023-02-23 05:00:00,23.440000534057617,23.88800048828125,23.024999618530273,23.663999557495117,23.585142135620117,1117995000.0,23.3618895618877,23.808396610345156,22.94827158681363
2023-02-24 05:00:00,23.225000381469727,23.474000930786133,22.94700050354004,23.285999298095703,23.20840835571289,589716000.0,23.14761269269715,23.39578355087478,22.87053913415083
2023-02-27 05:00:00,23.670000076293945,23.8799991607666,23.45400047302246,23.500999450683594,23.422687530517578,452994000.0,23.59112499865335,23.800424307289973,23.37584516662916
2023-02-28 05:00:00,23.371999740600586,23.825000762939453,23.20599937438965,23.215999603271484,23.138639450073242,455963000.0,23.294119765093207,23.74561130134119,23.128672543867644
2023-03-01 05:00:00,23.191999435424805,23.256000518798828,22.507999420166016,22.697999954223633,22.622360229492188,460026000.0,23.114713487023835,23.178501290622606,22.432992860829053
2023-03-02 05:00:00,22.488000869750977,23.3799991607666,22.43199920654297,23.31399917602539,23.236310958862305,389415000.0,22.413065090524846,23.302091014748385,22.35725003920354
2023-03-03 05:00:00,23.31999969482422,23.899999618530273,23.1299991607666,23.889999389648438,23.81039047241211,412393000.0,23.24229019406714,23.82035737741727,23.05292280095457
2023-03-06 05:00:00,23.891000747680664,24.24799919128418,23.48699951171875,23.554000854492188,23.475509643554688,437429000.0,23.811386520323765,24.167195304458623,23.40873157565337
2023-03-07 05:00:00,23.600000381469727,24.125,23.240999221801758,23.288000106811523,23.21434211730957,515154000.0,23.525355561288883,24.04869465009514,23.167489892153753
2023-03-08 05:00:00,23.48699951171875,24.200000762939453,23.423999786376953,24.180999755859375,24.104516983032227,513573000.0,23.412711812029624,24.12345789128584,23.349911350313405
2023-03-09 05:00:00,24.174999237060547,24.45400047302246,23.382999420166016,23.43600082397461,23.36186981201172,501257000.0,24.098530680368395,24.376649400404656,23.30903605829536
2023-03-10 05:00:00,23.409000396728516,23.62700080871582,22.72599983215332,22.96500015258789,22.892356872558594,474866000.0,23.334952647556875,23.55226347692414,22.654112562012507
2023-03-13 04:00:00,22.75200080871582,23.29800033569336,22.297000885009766,22.965999603271484,22.893354415893555,421890000.0,22.680032534287367,23.224304976068062,22.226471849250892
2023-03-14 04:00:00,23.496000289916992,24.2189998626709,23.459999084472656,24.062999725341797,23.986886978149414,474910000.0,23.42168099679016,24.14239367745541,23.3857936653715
2023-03-15 04:00:00,23.76099967956543,24.285999298095703,23.360000610351562,24.22800064086914,24.1513671875,524486000.0,23.685843355775486,24.209182394285897,23.286112651373358
2023-03-16 04:00:00,24.027000427246094,25.58799934387207,23.893999099731445,25.541000366210938,25.460214614868164,583253000.0,23.951003432054158,25.507064935559395,23.818422785484607
2023-03-17 04:00:00,25.98200035095215,26.39900016784668,25.667999267578125,25.725000381469727,25.643630981445312,848547000.0,25.89981804779798,26.3154988744337,25.58681016478867
2023-03-20 04:00:00,25.614999771118164,26.02400016784668,25.1299991607666,25.899999618530273,25.81807518005371,432747000.0,25.533976817306044,25.941683502515943,25.050510315188035
2023-03-21 04:00:00,26.18000030517578,26.392000198364258,25.381000518798828,26.198999404907227,26.116134643554688,547408000.0,26.09719563603672,26.3085249951989,25.300723004441352
2023-03-22 04:00:00,26.424999237060547,27.589000701904297,26.23699951171875,26.468000411987305,26.384279251098633,797295000.0,26.341414093559983,27.501733695308825,26.154009031774457
2023-03-23 04:00:00,27.114999771118164,27.499000549316406,26.690000534057617,27.19099998474121,27.10499382019043,564889000.0,27.029233998126443,27.412020167294642,26.60557904977676
2023-03-24 04:00:00,27.0310001373291,27.16699981689453,26.354999542236328,26.77899932861328,26.694297790527344,454920000.0,26.945501524795564,27.08107103959281,26.27163910855887
2023-03-27 04:00:00,26.836999893188477,27.0,26.364999771118164,26.5310001373291,26.447080612182617,361026000.0,26.752112468073136,26.91459699343309,26.281605317466703
2023-03-28 04:00:00,26.44700050354004,26.51300048828125,25.850000381469727,26.40999984741211,26.326465606689453,356104000.0,26.363349230566957,26.42914045882786,25.768237406573
2023-03-29 04:00:00,26.825000762939453,27.077999114990234,26.597000122070312,26.983999252319336,26.898649215698242,393694000.0,26.740153636460196,26.99235175803325,26.51287415863534
2023-03-30 04:00:00,27.229000091552734,27.499000549316406,27.101999282836914,27.382999420166016,27.296382904052734,364516000.0,27.1428706983117,27.412017104309836,27.016271612118157
2023-03-31 04:00:00,27.139999389648438,27.833999633789062,27.104999542236328,27.777000427246094,27.689144134521484,433933000.0,27.054157877093186,27.74596305741618,27.01926873122524
2023-04-03 04:00:00,27.509000778198242,28.0,27.336000442504883,27.96500015258789,27.876544952392578,398716000.0,27.42198793508251,27.911434092903463,27.249534811234103
2023-04-04 04:00:00,27.965999603271484,28.0,27.30699920654297,27.452999114990234,27.366165161132812,368592000.0,27.877543026671038,27.911435879998983,27.220627051021687
2023-04-05 04:00:00,26.82900047302246,26.99799919128418,26.395000457763672,26.881000518798828,26.795976638793945,515015000.0,26.744141067760594,26.91260524763218,26.31151378285065
2023-04-06 04:00:00,26.583999633789062,27.079999923706055,26.427000045776367,27.03700065612793,26.951478958129883,397654000.0,26.49991083942992,26.994342213196017,26.343407862395736
2023-04-10 04:00:00,26.822999954223633,27.621000289916992,26.66900062561035,27.57900047302246,27.49176597595215,395279000.0,26.738156744869016,27.533632944199486,26.58464452796212
2023-04-11 04:00:00,27.724000930786133,27.790000915527344,27.125999450683594,27.16900062561035,27.083066940307617,314378000.0,27.636311817588748,27.70210304890554,27.040201775147455
2023-04-12 04:00:00,27.3700008392334,27.468000411987305,26.447999954223633,26.4950008392334,26.41119956970215,446259000.0,27.283432024560906,27.381121633610334,26.364347344202034
2023-04-13 04:00:00,26.733999252319336,26.886999130249023,26.32900047302246,26.46299934387207,26.379295349121094,353615000.0,26.649438069211914,26.801953999694348,26.24572032443633
2023-04-14 04:00:00,26.503999710083008,26.882999420166016,26.219999313354492,26.757999420166016,26.67336082458496,395660000.0,26.420164544474495,26.797965435367647,26.137062473302613
2023-04-17 04:00:00,26.565000534057617,27.006000518798828,26.433000564575195,27.00200080871582,26.916593551635742,321471000.0,26.480975507689482,26.920580610646343,26.349393053761112
2023-04-18 04:00:00,27.533000946044922,28.110000610351562,27.35700035095215,27.66699981689453,27.579490661621094,604812000.0,27.445915621619545,28.02109026862938,27.270471706452536
2023-04-19 04:00:00,27.361000061035156,28.0,27.23200035095215,27.930999755859375,27.8426570892334,358660000.0,27.27446024047473,27.911439093224423,27.145868542223823
2023-04-20 04:00:00,27.67099952697754,28.030000686645508,27.0,27.104000091552734,27.01827049255371,427713000.0,27.583476516154896,27.94134215983428,26.914599351934957
2023-04-21 04:00:00,26.95199966430664,27.183000564575195,26.722000122070312,27.118999481201172,27.033222198486328,345103000.0,26.866750601318966,27.09702084669948,26.637478546679382
2023-04-24 04:00:00,27.01300048828125,27.365999221801758,26.67099952697754,27.04199981689453,26.956466674804688,339282000.0,26.92755907031357,27.27944127802104,26.586639849155418
2023-04-25 04:00:00,27.077999114990234,27.246999740600586,26.225000381469727,26.240999221801758,26.157997131347656,378527000.0,26.99234953614374,27.160815601118838,26.14204889645108
2023-04-26 04:00:00,27.00200080871582,27.329999923706055,26.704999923706055,26.95599937438965,26.870738983154297,406337000.0,26.91659491739221,27.243556588640125,26.62053343037328
2023-04-27 04:00:00,27.363000869750977,27.4950008392334,26.625,27.22599983215332,27.13988494873047,377161000.0,27.276452656846956,27.408035115051412,26.54078605798617
2023-04-28 04:00:00,27.225000381469727,27.757999420166016,27.070999145507812,27.749000549316406,27.661231994628906,292216000.0,27.138889210344786,27.670202402547503,26.98537507177856
2023-05-01 04:00:00,27.84000015258789,29.058000564575195,27.780000686645508,28.90999984741211,28.818559646606445,570329000.0,27.751944282030347,28.966092248398787,27.69213458998084
2023-05-02 04:00:00,28.68000030517578,28.836000442504883,28.08300018310547,28.209999084472656,28.120769500732422,402730000.0,28.58928408497182,28.744790786364405,27.994172302997715
2023-05-03 04:00:00,27.84000015258789,28.367000579833984,27.472000122070312,27.802000045776367,27.71406364440918,383387000.0,27.75194355869358,28.277277108700098,27.385107494737166
2023-05-04 04:00:00,27.650999069213867,27.858999252319336,27.239999771118164,27.562000274658203,27.474821090698242,321850000.0,27.563538380203276,27.77088065437449,27.153839081492926
2023-05-05 04:00:00,27.826000213623047,28.7549991607666,27.731000900268555,28.68000030517578,28.58928680419922,361494000.0,27.73798787503542,28.664048441913906,27.643289040070506
2023-05-08 04:00:00,28.52199935913086,29.219999313354492,28.350000381469727,29.150999069213867,29.058794021606445,344979000.0,28.43178384704761,29.127576016939173,28.260328904734493
2023-05-09 04:00:00,28.89900016784668,28.972999572753906,28.450000762939453,28.570999145507812,28.480627059936523,314869000.0,28.807590591905967,28.881355931475877,28.360011403786928
2023-05-10 04:00:00,29.0049991607666,29.113000869750977,28.461000442504883,28.885000228881836,28.79364013671875,369350000.0,28.913259525124563,29.02091963653205,28.37098141522854
2023-05-11 04:00:00,28.895999908447266,28.950000762939453,28.246000289916992,28.577999114990234,28.487607955932617,322149000.0,28.80460292458763,28.858432976365187,28.15665923092003
2023-05-12 04:00:00,28.52899932861328,28.780000686645508,28.04599952697754,28.34000015258789,28.250356674194336,274222000.0,28.438758018763792,28.688965423560507,27.95728601465977
2023-05-15 04:00:00,28.507999420166016,28.9689998626709,28.152000427246094,28.952999114990234,28.861421585083008,293926000.0,28.417829411901007,28.877371722844355,28.062956433881705
2023-05-16 04:00:00,28.840999603271484,29.8700008392334,28.832000732421875,29.21299934387207,29.120601654052734,449405000.0,28.74977851008436,29.775525121763952,28.74080810173077
2023-05-17 04:00:00,29.583999633789062,30.198999404907227,29.43000030517578,30.17799949645996,30.082544326782227,432535000.0,29.49042332813896,30.103477811017896,29.336911110410703
2023-05-18 04:00:00,30.40999984741211,31.827999114990234,30.31999969482422,31.67799949645996,31.57779884338379,748725000.0,30.313810002939846,31.727323998249158,30.224094529757522
2023-05-19 04:00:00,31.535999298095703,31.579999923706055,30.916000366210938,31.263999938964844,31.165111541748047,473908000.0,31.43625056372688,31.48011201484415,30.818212695710137
2023-05-22 04:00:00,30.900999069213867,31.520000457763672,30.68000030517578,31.176000595092773,31.077390670776367,372000000.0,30.803258976791746,31.420302459294863,30.582959233506156
2023-05-23 04:00:00,31.0,31.288000106811523,30.631000518798828,30.687999725341797,30.5909366607666,356253000.0,30.901950109855278,31.189039301220525,30.53411773699589
2023-05-24 04:00:00,30.209999084472656,30.60700035095215,29.805999755859375,30.538000106811523,30.441408157348633,721419000.0,30.114444604983657,30.510190153140588,29.71172312962193
2023-05-25 04:00:00,38.52299880981445,39.47999954223633,36.6349983215332,37.97999954223633,37.8598747253418,1543911000.0,38.40115657089839,39.35513045921453,36.51912753379368
2023-05-26 04:00:00,37.88999938964844,39.16999816894531,37.54999923706055,38.94599914550781,38.82280731201172,714397000.0,37.77014783625685,39.046097794109826,37.431223153373296
2023-05-30 04:00:00,40.595001220703125,41.9379997253418,39.94900131225586,40.111000061035156,39.984130859375,923401000.0,40.4666011461992,41.8053518099001,39.82264450499864
2023-05-31 04:00:00,39.487998962402344,40.29499816894531,37.821998596191406,37.83399963378906,37.71433639526367,1002580000.0,39.36310437329028,40.16755116297335,37.70237331513915
2023-06-01 04:00:00,38.48899841308594,40.04999923706055,38.34000015258789,39.77000045776367,39.644203186035156,635873000.0,38.367253104154614,39.92331629567859,38.218726142988906
2023-06-02 04:00:00,40.09700012207031,40.5,39.05799865722656,39.32699966430664,39.20260238647461,482731000.0,39.97016721574659,40.37189234380446,38.93445227046938
2023-06-05 04:00:00,38.909000396728516,39.564998626708984,38.707000732421875,39.17100143432617,39.04710006713867,396094000.0,38.785927762163986,39.43985101130171,38.584567040791214
2023-06-06 04:00:00,38.83000183105469,39.15999984741211,38.14799880981445,38.65399932861328,38.53174591064453,388729000.0,38.70719175897852,39.03614606999824,38.02734575129082
2023-06-07 04:00:00,38.915000915527344,39.499000549316406,37.35599899291992,37.474998474121094,37.36033248901367,511998000.0,38.79592881153469,39.378141523481524,37.241697122376735
2023-06-08 04:00:00,37.7239990234375,38.86399841308594,37.505001068115234,38.5099983215332,38.39216613769531,417772000.0,37.60857182578051,38.74508306628558,37.39024395636986
2023-06-09 04:00:00,39.0369987487793,39.71099853515625,38.56700134277344,38.77000045776367,38.65137481689453,427717000.0,38.91755616586712,39.589493696488056,38.44899682390139
2023-06-12 04:00:00,39.20000076293945,39.529998779296875,38.61800003051758,39.481998443603516,39.36119079589844,388701000.0,39.08005597622932,39.40904425940009,38.49983605891858
2023-06-13 04:00:00,40.18600082397461,41.10100173950195,39.7400016784668,41.02199935913086,40.89646911621094,613208000.0,40.06302879617921,40.9752297436652,39.61839443985653
2023-06-14 04:00:00,40.82400131225586,43.0,40.551998138427734,42.99700164794922,42.865440368652344,740465000.0,40.69908893155934,42.86842954641151,40.42791802705582
2023-06-15 04:00:00,42.60200119018555,43.28900146484375,42.14699935913086,42.65299987792969,42.522491455078125,568622000.0,42.47164881165265,43.15654702262012,42.018039182120376
2023-06-16 04:00:00,43.45000076293945,43.72100067138672,42.6609992980957,42.69200134277344,42.56137466430664,655709000.0,43.31705479881207,43.58722551638536,42.53046747800974
2023-06-20 04:00:00,42.99800109863281,43.9900016784668,42.67399978637695,43.80799865722656,43.67395782470703,451153000.0,42.86643864335991,43.85540396507537,42.543428689005886
2023-06-21 04:00:00,43.500999450683594,43.6150016784668,42.08000183105469,43.04499816894531,42.913291931152344,551603000.0,43.36789797033513,43.481551381643484,41.9512482252179
2023-06-22 04:00:00,42.25299835205078,43.42599868774414,42.23400115966797,43.025001525878906,42.893348693847656,417737000.0,42.12370778383283,43.293118838626924,42.10476872123709
2023-06-23 04:00:00,42.4640007019043,42.808998107910156,42.01499938964844,42.20899963378906,42.07985305786133,358140000.0,42.334073901022386,42.67801572091921,41.88644639488769
2023-06-26 04:00:00,42.46099853515625,42.763999938964844,40.099998474121094,40.63199996948242,40.50767517089844,594322000.0,42.33107741154621,42.63315169907878,39.97730148068593
2023-06-27 04:00:00,40.79899978637695,41.939998626708984,40.448001861572266,41.875999450683594,41.74786376953125,462175000.0,40.6741595987626,41.81166711553178,40.32423568672819
2023-06-28 04:00:00,40.65999984741211,41.845001220703125,40.518001556396484,41.117000579833984,40.99118423461914,582639000.0,40.535581905804115,41.71695722321169,40.39401812376897
2023-06-29 04:00:00,41.55799865722656,41.599998474121094,40.599998474121094,40.821998596191406,40.69709396362305,380514000.0,41.430842057083,41.4727133655292,40.475773103828736
2023-06-30 04:00:00,41.68000030517578,42.54999923706055,41.500999450683594,42.301998138427734,42.17256546020508,501148000.0,41.55247077216965,42.41980774252162,41.37401761190044
2023-07-03 04:00:00,42.516998291015625,42.89799880981445,42.20199966430664,42.41299819946289,42.28321838378906,198209000.0,42.38690024476898,42.76673493754276,42.07286548445585
2023-07-05 04:00:00,42.1349983215332,43.176998138427734,42.084999084472656,42.31700134277344,42.187522888183594,323618000.0,42.00607674642851,43.04488832876735,41.95623049336352
2023-07-06 04:00:00,41.84400177001953,42.17900085449219,41.34600067138672,42.10300064086914,41.97417449951172,303582000.0,41.71596810959315,42.04994216880029,41.21949078738844
2023-07-07 04:00:00,42.321998596191406,43.2140007019043,42.18000030517578,42.50299835205078,42.372947692871094,355881000.0,42.19250176000006,43.08177451798843,42.050937955304576
2023-07-10 04:00:00,42.65700149536133,42.81100082397461,41.64899826049805,42.18000030517578,42.050933837890625,353908000.0,42.52647545344216,42.680003559932054,41.521556604913506
2023-07-11 04:00:00,42.48099899291992,42.757999420166016,42.06700134277344,42.404998779296875,42.27523422241211,298244000.0,42.351001865953144,42.62715463752813,41.938271099975246
2023-07-12 04:00:00,43.03300094604492,43.935001373291016,42.777000427246094,43.902000427246094,43.76766586303711,481277000.0,42.90132541025079,43.80056583036438,42.64610822063504
2023-07-13 04:00:00,44.518001556396484,46.154998779296875,44.492000579833984,45.97700119018555,45.83631896972656,478204000.0,44.381783639889846,46.01377191487625,44.35586222212897
2023-07-14 04:00:00,46.58300018310547,48.0880012512207,45.060001373291016,45.46900177001953,45.32987594604492,772075000.0,46.44046575236375,47.94086182574558,44.92212700668265
2023-07-17 04:00:00,46.28900146484375,46.49599838256836,45.262001037597656,46.46099853515625,46.3188362121582,510488000.0,46.14736542203415,46.35372896631426,45.12350743190866
2023-07-18 04:00:00,46.70100021362305,47.895999908447266,45.73400115966797,47.49399948120117,47.348670959472656,569164000.0,46.55809821761458,47.749441291791726,45.594058117307526
2023-07-19 04:00:00,47.4640007019043,47.81800079345703,46.742000579833984,47.07699966430664,46.93294906616211,427502000.0,47.31876592185892,47.67168281088611,46.59897504315981
2023-07-20 04:00:00,46.50699996948242,47.08700180053711,45.0620002746582,45.52000045776367,45.380714416503906,537865000.0,46.36469382160293,46.942920912803515,44.9241156620399
2023-07-21 04:00:00,45.78799819946289,45.86600112915039,44.099998474121094,44.308998107910156,44.17341995239258,963769000.0,45.64789454996022,45.72565880367255,43.965059822678604
2023-07-24 04:00:00,44.73099899291992,45.10900115966797,44.040000915527344,44.61199951171875,44.47549057006836,382516000.0,44.59412592293156,44.97097143505105,43.90524224115585
2023-07-25 04:00:00,44.941001892089844,46.18299865722656,44.92300033569336,45.67900085449219,45.53923034667969,348081000.0,44.803489544215395,46.04168599596265,44.78554306973034
2023-07-26 04:00:00,46.020999908447266,46.053001403808594,44.630001068115234,45.45199966430664,45.312923431396484,364237000.0,45.88018262099463,45.912086196628444,44.493440026375104
2023-07-27 04:00:00,46.51900100708008,47.39500045776367,45.75,45.900001525878906,45.759559631347656,455976000.0,46.376665137451575,47.24998426093751,45.61001707056192
2023-07-28 04:00:00,46.667999267578125,47.027000427246094,46.38100051879883,46.75,46.60695266723633,331194000.0,46.525202843607126,46.883105518604516,46.23908226392985
2023-07-31 04:00:00,46.75400161743164,47.130001068115234,46.50600051879883,46.729000091552734,46.58601760864258,251055000.0,46.61094263427025,46.98579159307672,46.363700375175576
2023-08-01 04:00:00,46.459999084472656,46.900001525878906,46.027000427246094,46.50699996948242,46.36469650268555,237858000.0,46.31783943234634,46.75649554152621,45.886165676964275
2023-08-02 04:00:00,45.83100128173828,45.84000015258789,43.387001037597656,44.26900100708008,44.13353729248047,530142000.0,45.69075782613261,45.69972916032125,43.254236254291385
2023-08-03 04:00:00,43.79999923706055,45.11800003051758,43.79999923706055,44.51499938964844,44.37879180908203,324176000.0,43.66597942336427,44.979947380659944,43.66597942336427
2023-08-04 04:00:00,44.98500061035156,45.641998291015625,44.393001556396484,44.68000030517578,44.54328536987305,362666000.0,44.84735241415571,45.50233976816819,44.25716479958756
2023-08-07 04:00:00,45.111000061035156,45.540000915527344,44.5629997253418,45.41699981689453,45.27803039550781,322154000.0,44.97296695444659,45.400655128648054,44.42664342016852
2023-08-08 04:00:00,44.85300064086914,45.242000579833984,44.055999755859375,44.66400146484375,44.52733612060547,353843000.0,44.715756986658505,45.10356664242382,43.92119480836412
2023-08-09 04:00:00,44.27399826049805,44.3120002746582,42.13399887084961,42.55400085449219,42.423789978027344,586449000.0,44.13852436844698,44.17641010034291,42.00507315736143
2023-08-10 04:00:00,42.15999984741211,43.57400131225586,41.834999084472656,42.38800048828125,42.258304595947266,492705000.0,42.03100157577808,43.44067657606507,41.70699522784932
2023-08-11 04:00:00,41.750999450683594,42.018001556396484,40.638999938964844,40.85499954223633,40.72998809814453,533085000.0,41.623246353337215,41.889431464332574,40.51464942799337
2023-08-14 04:00:00,40.486000061035156,43.79999923706055,40.31100082397461,43.75299835205078,43.61912155151367,690286000.0,40.36211972462702,43.665978621737146,40.187655955736346
2023-08-15 04:00:00,44.560001373291016,45.268001556396484,43.709999084472656,43.939998626708984,43.8055534362793,676512000.0,44.42365913256692,45.1294930156629,43.57625763398883
2023-08-16 04:00:00,44.52000045776367,44.67499923706055,43.40599822998047,43.486000061035156,43.352935791015625,527451000.0,44.3837722152519,44.538296708585655,43.27317876024688
2023-08-17 04:00:00,43.970001220703125,44.0620002746582,43.000999450683594,43.34400177001953,43.21137619018555,452395000.0,43.83546018459533,43.927177736442225,42.86942340203336
2023-08-18 04:00:00,42.6349983215332,43.577999114990234,41.65999984741211,43.29899978637695,43.16650390625,583768000.0,42.50453430031579,43.44464949085575,41.53251934270982
2023-08-21 04:00:00,44.49399948120117,47.064998626708984,44.22200012207031,46.96699905395508,46.82328414916992,692573000.0,44.35785173857862,46.92098385181181,44.08668467367108
2023-08-22 04:00:00,48.1349983215332,48.1870002746582,45.33300018310547,45.667999267578125,45.52825927734375,755293000.0,47.98770953500303,48.03955236680591,45.194285260085415
2023-08-23 04:00:00,45.86600112915039,47.20000076293945,45.20800018310547,47.11600112915039,46.97184371948242,779046000.0,45.725668253775794,47.05558634568744,45.069680545477446
2023-08-24 04:00:00,50.215999603271484,50.26599884033203,47.159000396728516,47.16299819946289,47.01869201660156,1156044000.0,50.062352051208165,50.112198303952155,47.01470644607622
2023-08-25 04:00:00,47.012001037597656,47.80500030517578,45.02399826049805,46.018001556396484,45.877193450927734,925341000.0,46.8681514444708,47.65872425455991,44.88623165435981
2023-08-28 04:00:00,46.481998443603516,46.97999954223633,44.88800048828125,46.834999084472656,46.69169616699219,685192000.0,46.33977561628421,46.83625296106333,44.75065488017665
2023-08-29 04:00:00,46.66600036621094,49.08100128173828,46.39099884033203,48.784000396728516,48.63472366333008,701397000.0,46.52320461271005,48.930815739681876,46.24904457849089
2023-08-30 04:00:00,49.04399871826172,49.926998138427734,48.42499923706055,49.263999938964844,49.11325454711914,735206000.0,48.89392651921933,49.77422400503659,48.27682114567205
2023-08-31 04:00:00,49.380001068115234,49.74399948120117,48.95800018310547,49.35499954223633,49.2039794921875,528570000.0,49.228904516562515,49.59178914058814,48.8081949008338
2023-09-01 04:00:00,49.762001037597656,49.79999923706055,48.141998291015625,48.50899887084961,48.36056900024414,463830000.0,49.609737178375475,49.64761910935292,47.99469138418687
2023-09-05 04:00:00,48.222999572753906,48.85100173950195,47.86000061035156,48.54800033569336,48.39945602416992,382653000.0,48.075449679419506,48.701530322132584,47.7135613998585
2023-09-06 04:00:00,48.441001892089844,48.54899978637695,46.58000183105469,47.06100082397461,46.92087173461914,468670000.0,48.296763704126214,48.404440023302,46.441304966889476
2023-09-07 04:00:00,45.525001525878906,46.34400177001953,45.152000427246094,46.24100112915039,46.10330581665039,433330000.0,45.38943829933542,46.20599974475195,45.01754791417301
2023-09-08 04:00:00,45.94200134277344,46.60599899291992,45.270999908447266,45.571998596191406,45.43630599975586,473069000.0,45.80520704716036,46.46722761559108,45.1362035486202
2023-09-11 04:00:00,46.14799880981445,46.16299819946289,44.3120002746582,45.178001403808594,45.0434684753418,473966000.0,46.0105773827957,46.025532106638835,44.180046160311996
2023-09-12 04:00:00,44.737998962402344,45.67300033569336,44.53099822998047,44.869998931884766,44.736385345458984,349256000.0,44.60477844461375,45.53699557699163,44.39839411760551
2023-09-13 04:00:00,44.599998474121094,45.93000030517578,44.50299835205078,45.48500061035156,45.34955596923828,398355000.0,44.46718918081737,45.79323054977972,44.37047790444444
2023-09-14 04:00:00,45.95000076293945,45.98699951171875,45.13100051879883,45.58100128173828,45.44526672363281,370097000.0,45.81316737022936,45.85005594133211,44.99660600705011
2023-09-15 04:00:00,45.340999603271484,45.5989990234375,43.80799865722656,43.900001525878906,43.76927947998047,506831000.0,45.20598666420072,45.4632178335496,43.67755057038964
2023-09-18 04:00:00,42.74800109863281,44.242000579833984,42.0,43.965999603271484,43.83507537841797,500271000.0,42.620703892646866,44.110254465014556,41.87493023032647
2023-09-19 04:00:00,43.83300018310547,43.965999603271484,43.00199890136719,43.52000045776367,43.39041519165039,373064000.0,43.7024829281991,43.835086328947064,42.87395603803026
2023-09-20 04:00:00,43.599998474121094,43.90299987792969,42.222999572753906,42.23899841308594,42.113224029541016,367108000.0,43.470171462670386,43.7722706240914,42.09727282869751
2023-09-21 04:00:00,41.58300018310547,42.099998474121094,40.97999954223633,41.016998291015625,40.89485549926758,450736000.0,41.45917191816058,41.97463066173917,40.85796692750404
2023-09-22 04:00:00,41.571998596191406,42.1150016784668,41.23099899291992,41.61000061035156,41.48609924316406,479236000.0,41.448210386933276,41.98959657847822,41.10822617218465
2023-09-25 04:00:00,41.590999603271484,42.5359992980957,41.176998138427734,42.22200012207031,42.096275329589844,419091000.0,41.46715374615769,42.40933950772004,41.05438505683627
2023-09-26 04:00:00,42.000999450683594,42.81999969482422,41.654998779296875,41.9109992980957,41.786197662353516,402282000.0,41.875929814501234,42.69249125804407,41.53095945617028
2023-09-27 04:00:00,42.33000183105469,42.87200164794922,41.62900161743164,42.46799850463867,42.34153747558594,444935000.0,42.20395172792175,42.744337580019156,41.50503894981491
2023-09-28 04:00:00,42.459999084472656,43.44599914550781,42.1150016784668,43.0890007019043,42.960689544677734,424663000.0,42.333560978932496,43.316624912259975,41.989590912054574
2023-09-29 04:00:00,43.82699966430664,44.14400100708008,43.30699920654297,43.499000549316406,43.369468688964844,397830000.0,43.696491084144924,44.01254845640997,43.17803909015806
2023-10-02 04:00:00,44.029998779296875,45.17499923706055,43.861000061035156,44.78200149536133,44.64865493774414,433298000.0,43.898891446595,45.04048245716081,43.73039595276652
2023-10-03 04:00:00,44.80799865722656,45.130001068115234,43.24599838256836,43.516998291015625,43.387420654296875,470850000.0,44.67457689561349,44.99562050159697,43.117227684036216
2023-10-04 04:00:00,43.742000579833984,44.143001556396484,43.29199981689453,44.04100036621094,43.909854888916016,361821000.0,43.61174546536846,44.01155233952571,43.163084716605525
2023-10-05 04:00:00,44.04999923706055,44.900001525878906,43.88800048828125,44.6879997253418,44.55493927001953,393483000.0,43.91883845583397,44.766309826010406,43.75732206534788
2023-10-06 04:00:00,44.19300079345703,45.78900146484375,44.0260009765625,45.762001037597656,45.625736236572266,434436000.0,44.061407980133865,45.65265626506475,43.89490543600504
2023-10-09 04:00:00,44.84199905395508,45.60499954223633,44.36800003051758,45.27299880981445,45.138187408447266,409675000.0,44.708471059532506,45.46919952767431,44.235883483851424
2023-10-10 04:00:00,45.310001373291016,46.25899887084961,45.0880012512207,45.79800033569336,45.66162872314453,368582000.0,45.17508286360557,46.121254553965194,44.95374378600032
2023-10-11 04:00:00,46.19599914550781,46.85900115966797,46.04999923706055,46.805999755859375,46.666622161865234,378137000.0,46.05843799423147,46.71946573957931,45.91287284021887
2023-10-12 04:00:00,46.777000427246094,47.60900115966797,46.33000183105469,46.94499969482422,46.805213928222656,481325000.0,46.63771490362162,47.46723822927066,46.19204731268838
2023-10-13 04:00:00,46.959999084472656,47.11600112915039,45.279998779296875,45.46099853515625,45.32563400268555,474115000.0,46.82017113247599,46.97570866593482,45.14517319115468
2023-10-16 04:00:00,45.0629997253418,46.224998474121094,44.9119987487793,46.095001220703125,45.95773696899414,375099000.0,44.928808624934945,46.087347109379415,44.77825730745708
2023-10-17 04:00:00,44.0,44.75400161743164,42.47999954223633,43.9379997253418,43.807167053222656,812333000.0,43.86898271179327,44.620739164515385,42.35350830716708
2023-10-18 04:00:00,42.590999603271484,43.21900177001953,41.82500076293945,42.19599914550781,42.070350646972656,627294000.0,42.464174898094846,43.090307040885016,41.700456999229225
2023-10-19 04:00:00,42.81100082397461,43.297000885009766,41.88199996948242,42.10100173950195,41.97563934326172,501233000.0,42.68352429308483,43.168077212016314,41.757289685675055
2023-10-20 04:00:00,41.88999938964844,42.470001220703125,41.077999114990234,41.387001037597656,41.26375961303711,477266000.0,41.76526014616155,42.34353485879464,40.955677830477995
2023-10-23 04:00:00,41.229000091552734,43.24800109863281,40.94499969482422,42.974998474121094,42.84702682495117,478530000.0,41.10622770475393,43.11921649780898,40.82307300902424
2023-10-24 04:00:00,43.07699966430664,43.696998596191406,42.691001892089844,43.66299819946289,43.53298568725586,401463000.0,42.94873204239224,43.56688484318148,42.56388363101051
2023-10-25 04:00:00,43.39799880981445,43.650001525878906,41.55500030517578,41.77899932861328,41.65459442138672,398379000.0,43.26877302407248,43.52002535417708,41.43126239759443
2023-10-26 04:00:00,41.85300064086914,42.25600051879883,39.880001068115234,40.32600021362305,40.20592498779297,541001000.0,41.72837859858881,42.130178498809435,39.76125385517592
2023-10-27 04:00:00,41.130001068115234,41.20600128173828,40.01499938964844,40.5,40.37940216064453,416784000.0,41.00752725918924,41.08330116511961,39.895845748458264
2023-10-30 04:00:00,41.08700180053711,41.76599884033203,40.48099899291992,41.1609992980957,41.03843307495117,388028000.0,40.96465592174652,41.64163109365404,40.3604576251133
2023-10-31 04:00:00,40.45000076293945,40.87900161743164,39.22999954223633,40.779998779296875,40.658565521240234,517969000.0,40.329550161466386,40.757273552176585,39.11318181784756
2023-11-01 04:00:00,40.88399887084961,42.38100051879883,40.86899948120117,42.32500076293945,42.19896697998047,437593000.0,40.762256048704266,42.25479998188949,40.747301323669774
2023-11-02 04:00:00,43.327999114990234,43.88399887084961,42.89400100708008,43.50600051879883,43.37644958496094,409172000.0,43.19897822868172,43.75332234424489,42.76627246802236
2023-11-03 04:00:00,44.02000045776367,45.308998107910156,43.722999572753906,45.005001068115234,44.87098693847656,424610000.0,43.888919424366684,45.174078747791896,43.59280293696078
2023-11-06 05:00:00,45.28499984741211,45.935001373291016,44.89899826049805,45.750999450683594,45.61476135253906,400733000.0,45.15014941074925,45.79821535111658,44.765297265873905
2023-11-07 05:00:00,45.71900177001953,46.21799850463867,45.15800094604492,45.95500183105469,45.81816101074219,343165000.0,45.582863690228386,46.080374555632474,45.02353336587058
2023-11-08 05:00:00,46.099998474121094,46.867000579833984,45.96799850463867,46.57400131225586,46.43531036376953,346719000.0,45.962719040672205,46.72743711996402,45.83111214888231
2023-11-09 05:00:00,47.46699905395508,48.22999954223633,46.75,46.95000076293945,46.81019973754883,540496000.0,47.32565858468725,48.08638711878528,46.610794508396026
2023-11-10 05:00:00,47.5,48.47200012207031,47.28300094604492,48.334999084472656,48.191070556640625,421245000.0,47.35855787314543,48.32766364227746,47.14220498356334
2023-11-13 05:00:00,48.31999969482422,49.11600112915039,48.0989990234375,48.619998931884766,48.475223541259766,384136000.0,48.1761176095815,48.969748796661186,47.95577501016581
2023-11-14 05:00:00,49.68000030517578,49.83399963378906,49.040000915527344,49.65599822998047,49.50813293457031,416954000.0,49.53206353654858,49.68560428700353,48.89396993275051
2023-11-15 05:00:00,49.935001373291016,49.959999084472656,48.20000076293945,48.88800048828125,48.742427825927734,475497000.0,49.78631108074614,49.81123435682442,48.05647674137133
2023-11-16 05:00:00,48.67900085449219,49.525001525878906,48.33000183105469,49.47999954223633,49.33266067504883,339756000.0,48.534047157885986,49.37752865421783,48.186087364869636
2023-11-17 05:00:00,49.52399826049805,49.71699905395508,49.00699996948242,49.29800033569336,49.151214599609375,325205000.0,49.376539611283306,49.5689657411974,48.86108069253804
2023-11-20 05:00:00,49.3120002746582,50.54800033569336,49.180999755859375,50.409000396728516,50.25889205932617,414120000.0,49.16515859327281,50.39747808312561,49.034548168899995
2023-11-21 05:00:00,50.125999450683594,50.516998291015625,49.22200012207031,49.944000244140625,49.79528045654297,565747000.0,49.976737718443786,50.3665722694878,49.075430256470796
2023-11-22 05:00:00,49.85200119018555,50.334999084472656,47.689998626708984,48.715999603271484,48.57093811035156,899420000.0,49.703557028583894,50.18511670142029,47.547992253967436
2023-11-24 05:00:00,48.470001220703125,48.92100143432617,47.744998931884766,47.7760009765625,47.63373947143555,294645000.0,48.32567320692598,48.77533048753054,47.60282974083701
2023-11-27 05:00:00,47.79999923706055,48.529998779296875,47.652000427246094,48.242000579833984,48.09834671020508,395662000.0,47.65766154840481,48.38548731555285,47.510103445888454
2023-11-28 05:00:00,48.236000061035156,48.323001861572266,47.472999572753906,47.82099914550781,47.6786003112793,401491000.0,48.09236545909725,48.17910819028839,47.33163699319086
2023-11-29 05:00:00,48.37900161743164,48.762001037597656,47.86000061035156,48.13999938964844,47.99665069580078,382005000.0,48.2349412356402,48.616800180789156,47.71748568176772
2023-11-30 05:00:00,48.02399826049805,48.11000061035156,46.422000885009766,46.77000045776367,46.6307373046875,526247000.0,47.88100118212253,47.96674744990859,46.283773941411816
2023-12-01 05:00:00,46.525001525878906,47.20000076293945,46.1870002746582,46.76499938964844,46.62575149536133,369317000.0,46.38646825144851,47.05945760454386,46.04947343587655
2023-12-04 05:00:00,46.07699966430664,46.07699966430664,45.0099983215332,45.5099983215332,45.374481201171875,437543000.0,45.93979415914972,45.93979415914972,44.87597007312704
2023-12-05 05:00:00,45.465999603271484,46.599998474121094,45.270999908447266,46.566001892089844,46.431427001953125,371718000.0,45.33460369954444,46.46532533448676,45.14016755025648
2023-12-06 05:00:00,47.21500015258789,47.387001037597656,45.4119987487793,45.50299835205078,45.371490478515625,380590000.0,47.07854443551646,47.25004822206123,45.2807538725136
2023-12-07 05:00:00,45.70000076293945,46.62900161743164,45.604000091552734,46.59600067138672,46.46133041381836,350823000.0,45.56792009539412,46.4942359815939,45.47219688205007
2023-12-08 05:00:00,46.595001220703125,47.74100112915039,46.54999923706055,47.50600051879883,47.36870574951172,359224000.0,46.46033928594401,47.60302719608969,46.41546736033398
2023-12-11 05:00:00,47.49100112915039,47.53099822998047,45.83000183105469,46.62699890136719,46.49224853515625,509728000.0,47.35375382727248,47.39363533790565,45.697554757992016
2023-12-12 05:00:00,46.04600143432617,47.66600036621094,46.04600143432617,47.65700149536133,47.5192756652832,372387000.0,45.91293129624922,47.528248529944456,45.91293129624922
2023-12-13 05:00:00,47.62900161743164,48.59400177001953,47.608001708984375,48.0880012512207,47.94902420043945,447792000.0,47.49135110162281,48.45356234904266,47.47041188410191
2023-12-14 05:00:00,48.38999938964844,48.66999816894531,47.422000885009766,48.349998474121094,48.210262298583984,391232000.0,48.25014760759364,48.52933716331639,47.28494671232897
2023-12-15 05:00:00,48.194000244140625,49.40399932861328,48.119998931884766,48.88999938964844,48.74870681762695,479948000.0,48.05471911639448,49.261221291787095,47.980931668648175
2023-12-18 05:00:00,49.400001525878906,50.43299865722656,49.150001525878906,50.07699966430664,49.932273864746094,412587000.0,49.25723229515319,50.28724399732617,49.0079548114807
2023-12-19 05:00:00,49.42399978637695,49.70000076293945,48.89500045776367,49.604000091552734,49.46063995361328,464444000.0,49.281159865930675,49.55636317420033,48.75368939419547
2023-12-20 05:00:00,49.654998779296875,49.999000549316406,48.097999572753906,48.111000061035156,47.97195053100586,397894000.0,49.51148681248871,49.85449435490147,47.95898761649741
2023-12-21 05:00:00,48.81100082397461,49.095001220703125,48.41899871826172,48.9900016784668,48.84841537475586,300425000.0,48.669931851728876,48.95311145717248,48.279062673701084
2023-12-22 05:00:00,49.19499969482422,49.382999420166016,48.46699905395508,48.83000183105469,48.688873291015625,252507000.0,49.05281623744541,49.24027260571634,48.32691966505345
2023-12-26 05:00:00,48.96799850463867,49.599998474121094,48.959999084472656,49.27899932861328,49.13658142089844,244200000.0,48.82647939940057,49.45665286845571,48.81850309781851
2023-12-27 05:00:00,49.51100158691406,49.68000030517578,49.084999084472656,49.41699981689453,49.2741813659668,233648000.0,49.36791146455285,49.53642176515991,48.943140137976336
2023-12-28 05:00:00,49.643001556396484,49.88399887084961,49.4119987487793,49.52199935913086,49.378883361816406,246587000.0,49.49953586903795,49.739836713811854,49.26920064749609
2023-12-29 05:00:00,49.8129997253418,49.99700164794922,48.750999450683594,49.52199935913086,49.378883361816406,389293000.0,49.669042752134445,49.85251291877477,48.61011160292398
2024-01-02 05:00:00,49.24399948120117,49.29499816894531,47.595001220703125,48.167999267578125,48.02879333496094,411254000.0,49.101683898702085,49.152535199799544,47.457451257375006
2024-01-03 05:00:00,47.48500061035156,48.183998107910156,47.31999969482422,47.569000244140625,47.431522369384766,320896000.0,47.34776550065434,48.04474284454288,47.183241449788504
2024-01-04 05:00:00,47.766998291015625,48.5,47.507999420166016,47.99800109863281,47.859283447265625,306535000.0,47.62894825426151,48.35983153595327,47.3706979086473
2024-01-05 05:00:00,48.46200180053711,49.547000885009766,48.305999755859375,49.09700012207031,48.955108642578125,415039000.0,48.3219454810566,49.4038088927802,48.16639428593929
2024-01-08 05:00:00,49.512001037597656,52.275001525878906,49.479000091552734,52.25299835205078,52.101985931396484,642510000.0,49.36891016503661,52.1239255155236,49.336004592518634
2024-01-09 05:00:00,52.4010009765625,54.32500076293945,51.689998626708984,53.13999938964844,52.98642349243164,773100000.0,52.24956080282397,54.16800018278708,51.54061326714163
2024-01-10 05:00:00,53.61600112915039,54.599998474121094,53.48899841308594,54.349998474121094,54.19292068481445,533796000.0,53.46104467716742,54.44219815586451,53.33440901365928
2024-01-11 05:00:00,54.999000549316406,55.34600067138672,53.560001373291016,54.821998596191406,54.66355895996094,596759000.0,54.84004936433209,55.186046630349715,53.40520900250216
2024-01-12 05:00:00,54.619998931884766,54.970001220703125,54.33000183105469,54.709999084472656,54.5518798828125,352994000.0,54.46213984268147,54.8111305781565,54.172980872190166
2024-01-16 05:00:00,55.018001556396484,56.834999084472656,54.900001525878906,56.38199996948242,56.219051361083984,449580000.0,54.858995015384636,56.67074127144449,54.74133601464206
2024-01-17 05:00:00,56.34700012207031,56.47100067138672,54.7400016784668,56.053001403808594,55.89100646972656,474394000.0,56.18415552246115,56.3077977062965,54.581801354818275
2024-01-18 05:00:00,57.2599983215332,57.599998474121094,56.106998443603516,57.106998443603516,56.94196319580078,491650000.0,57.09452091474022,57.43353849056932,55.944853126147336
2024-01-19 05:00:00,57.98899841308594,59.5,57.224998474121094,59.49100112915039,59.319068908691406,543501000.0,57.8214070619552,59.3280417723161,57.05961512425851
2024-01-22 05:00:00,60.04899978637695,60.33100128173828,59.06999969482422,59.65399932861328,59.481597900390625,452955000.0,59.87545679775879,60.15664330232137,58.89928603895681
2024-01-23 05:00:00,59.56999969482422,59.90999984741211,58.584999084472656,59.87300109863281,59.6999626159668,294654000.0,59.39783691409728,59.73685443495751,58.41568304614902
2024-01-24 05:00:00,60.30400085449219,62.8489990234375,59.9379997253418,61.36199951171875,61.184661865234375,560271000.0,60.12972084943654,62.66736391279241,59.76477747230483
2024-01-25 05:00:00,62.349998474121094,62.71900177001953,60.849998474121094,61.617000579833984,61.438926696777344,482777000.0,62.16980621821151,62.53774309008504,60.674141236503075
2024-01-26 05:00:00,60.959999084472656,61.78300094604492,60.573001861572266,61.03099822998047,60.8546142578125,390309000.0,60.78382030493906,61.60444363196895,60.39794153183259
2024-01-29 05:00:00,61.231998443603516,62.48899841308594,60.90700149536133,62.46500015258789,62.28447723388672,348733000.0,61.05503888144962,62.308406139769886,60.73098116954014
2024-01-30 05:00:00,62.900001525878906,63.49300003051758,62.2599983215332,62.77399826049805,62.59257888793945,410735000.0,62.71821799882993,63.309502714007664,62.08006442941247
2024-01-31 05:00:00,61.439998626708984,62.26900100708008,60.70000076293945,61.527000427246094,61.349185943603516,453795000.0,61.262435580323725,62.08904212424609,60.52457632784889
2024-02-01 05:00:00,62.099998474121094,63.191001892089844,61.650001525878906,63.027000427246094,62.8448486328125,369146000.0,61.92052577068121,63.0083761236307,61.47182934048774
2024-02-02 05:00:00,63.9739990234375,66.5999984741211,63.689998626708984,66.16000366210938,65.96879577636719,476578000.0,63.789108872006786,66.40751896695984,63.50592925992764
2024-02-05 05:00:00,68.2249984741211,69.49700164794922,67.20500183105469,69.33200073242188,69.13162231445312,680078000.0,68.02781943535477,69.29614635606846,67.01077071404906
2024-02-06 05:00:00,69.62999725341797,69.75399780273438,66.30000305175781,68.2229995727539,68.02583312988281,683111000.0,69.42876454653677,69.55240673067756,66.10839412447636
2024-02-07 05:00:00,68.31900024414062,70.22000122070312,67.5999984741211,70.0989990234375,69.89641571044922,495575000.0,68.12156105667266,70.01706821618797,67.40463717310863
2024-02-08 05:00:00,70.0739974975586,70.79399871826172,69.45500183105469,69.64099884033203,69.43972778320312,414422000.0,69.87147502102263,70.58939534958982,69.2542683281726
2024-02-09 05:00:00,70.53299713134766,72.18499755859375,70.21199798583984,72.13300323486328,71.92454528808594,436637000.0,70.32916305952648,71.97638935285751,70.00909157292358
2024-02-12 05:00:00,72.5999984741211,74.61100006103516,71.25,72.24800109863281,72.03919982910156,613710000.0,72.39017991002451,74.39536957580593,71.0440830164451
2024-02-13 05:00:00,70.4000015258789,73.44999694824219,69.62000274658203,72.12799835205078,71.91954803466797,602580000.0,70.19654512895808,73.23772604754565,69.4188005504822
2024-02-14 05:00:00,73.2020034790039,74.23600006103516,71.93800354003906,73.9000015258789,73.68643951416016,504917000.0,72.99045859670314,74.02146705443656,71.73011146374917
2024-02-15 05:00:00,73.86900329589844,73.9749984741211,72.4000015258789,72.65799713134766,72.44801330566406,420122000.0,73.65551962549853,73.76120847442633,72.19076331535655
2024-02-16 05:00:00,74.0999984741211,74.4020004272461,72.5009994506836,72.61299896240234,72.40312957763672,495327000.0,73.88583129588693,74.18696038926223,72.29145377198925
2024-02-20 05:00:00,71.9469985961914,71.95600128173828,67.73400115966797,69.4520034790039,69.25128173828125,704833000.0,71.73906612377016,71.74804279084927,67.53824458047887
2024-02-21 05:00:00,68.00599670410156,68.88800048828125,66.24800109863281,67.47200012207031,67.27701568603516,673755000.0,67.80946909427277,68.6889240135881,66.05655384481933
2024-02-22 05:00:00,75.0250015258789,78.57499694824219,74.22000122070312,78.53800201416016,78.31104278564453,865100000.0,74.80819417110781,78.3479308117141,74.00552015694443
2024-02-23 05:00:00,80.79000091552734,82.39399719238281,77.56999969482422,78.81700134277344,78.5892105102539,829388000.0,80.55650787145979,82.15586840169918,77.3458128505141
2024-02-26 05:00:00,79.69999694824219,80.64600372314453,78.50499725341797,79.09200286865234,78.86341857910156,503973000.0,79.46965549121944,80.41292820605618,78.27810947244775
2024-02-27 05:00:00,79.38099670410156,79.4800033569336,77.16200256347656,78.70099639892578,78.47355651855469,391705000.0,79.1515916746836,79.25031220583602,76.93901025797545
2024-02-28 05:00:00,77.62000274658203,78.93299865722656,77.125,77.66300201416016,77.43854522705078,393110000.0,77.39567023328642,78.70487140466068,76.90209811291284
2024-02-29 05:00:00,79.09400177001953,79.98999786376953,78.3499984741211,79.11199951171875,78.88336944580078,507289000.0,78.8654237167532,79.75883042270817,78.1235705564048
2024-03-01 05:00:00,80.0,82.30000305175781,79.43499755859375,82.27899932861328,82.04121398925781,479135000.0,79.76880094187264,82.06215701188974,79.20543135087004
2024-03-04 05:00:00,84.12999725341797,87.69499969482422,83.71900177001953,85.23699951171875,84.99065399169922,615616000.0,83.88685110747949,87.44155024884783,83.47704345209779
2024-03-05 05:00:00,85.2699966430664,86.09700012207031,83.41699981689453,85.96399688720703,85.7195816040039,520639000.0,85.02755456111447,85.85220668028344,83.17982622827054
2024-03-06 05:00:00,88.02200317382812,89.7239990234375,87.02999877929688,88.69999694824219,88.44780731201172,582520000.0,87.7717411927185,89.46889796984821,86.78255724053227
2024-03-07 05:00:00,90.15799713134766,92.76699829101562,89.60199737548828,92.66899871826172,92.40550994873047,608119000.0,89.90164797406622,92.50323087612081,89.34722911034507
2024-03-08 05:00:00,95.13800048828125,97.4000015258789,86.50599670410156,87.52799987792969,87.27912902832031,1142269000.0,94.86749190765931,97.12306133342042,86.26003174516178
2024-03-11 04:00:00,86.42900085449219,88.7969970703125,84.16600036621094,85.77400207519531,85.53010559082031,678364000.0,86.18324189552494,88.54450476629805,83.92667619925383
2024-03-12 04:00:00,88.04900360107422,91.95999908447266,86.1500015258789,91.91300201416016,91.65167236328125,668075000.0,87.79866017993605,91.69853581019218,85.90505740123257
2024-03-13 04:00:00,91.05500030517578,91.50399780273438,88.43499755859375,90.88800048828125,90.62957763671875,635713000.0,90.7961026211969,91.24382347923168,88.18354935724443
2024-03-14 04:00:00,89.5770034790039,90.64600372314453,86.5999984741211,87.94400024414062,87.6939468383789,602318000.0,89.32230691373881,90.3882676423802,86.35376650266996
2024-03-15 04:00:00,86.93000030517578,89.5459976196289,86.25700378417969,87.83699798583984,87.58724975585938,642086000.0,86.68283095505842,89.29139016582063,86.01174797498194
2024-03-18 04:00:00,90.38800048828125,92.40499877929688,87.08499908447266,88.45500183105469,88.2034912109375,668976000.0,90.13099363074502,92.14225684199752,86.8373838940454
2024-03-19 04:00:00,86.69999694824219,90.54399871826172,85.01000213623047,89.39800262451172,89.14382934570312,672171000.0,86.45349454494367,90.28656718338365,84.76830466715785
2024-03-20 04:00:00,89.7969970703125,90.41000366210938,88.2229995727539,90.37200164794922,90.11505889892578,479063000.0,89.54168915568671,90.15295286698971,87.97216679685033
2024-03-21 04:00:00,92.30000305175781,92.64800262451172,90.40499877929688,91.43499755859375,91.17501068115234,480372000.0,92.03755661197002,92.38456668043467,90.14794060720405
2024-03-22 04:00:00,91.14099884033203,94.77799987792969,90.83399963378906,94.28900146484375,94.02090454101562,586719000.0,90.88185279949899,94.50851255895188,90.5757265000991
2024-03-25 04:00:00,93.94100189208984,96.76599884033203,93.51000213623047,95.00199890136719,94.73188018798828,552136000.0,93.67389990625729,96.49086455465545,93.24412560987103
2024-03-26 04:00:00,95.85099792480469,96.375,92.50199890136719,92.56099700927734,92.29782104492188,513648000.0,95.57846759747075,96.10097979295517,92.23899068459922
2024-03-27 04:00:00,93.11199951171875,93.23999786376953,89.12300109863281,90.25,89.99339294433594,586067000.0,92.84725495724012,92.97488937266765,88.8695984293379
2024-03-28 04:00:00,90.0,91.30000305175781,89.19300079345703,90.35600280761719,90.0990982055664,435212000.0,89.74410760252643,91.04041442208826,88.93940289555813
2024-04-01 04:00:00,90.29900360107422,92.2249984741211,89.2040023803711,90.36299896240234,90.1060791015625,452441000.0,90.04226569169144,91.96278458075767,88.95037777581965
2024-04-02 04:00:00,88.447998046875,90.09400177001953,87.62000274658203,89.4520034790039,89.19766235351562,433064000.0,88.19651163521841,89.83783523468522,87.37087059473389
2024-04-03 04:00:00,88.48400115966797,90.3740005493164,88.4000015258789,88.96399688720703,88.71105194091797,370067000.0,88.23242095077572,90.11704664082849,88.14866014711569
2024-04-04 04:00:00,90.40599822998047,90.63400268554688,85.87999725341797,85.90499877929688,85.66075134277344,434965000.0,90.14895342900508,90.37630961608212,85.6358209019151
2024-04-05 04:00:00,86.86599731445312,88.48100280761719,85.9260025024414,88.00800323486328,87.75776672363281,399678000.0,86.61900791219938,88.22942139866663,85.68168582327746
2024-04-08 04:00:00,88.69999694824219,88.83000183105469,86.73200225830078,87.13300323486328,86.88526153564453,283220000.0,88.44779987998065,88.57743512523471,86.4854007087341
2024-04-09 04:00:00,87.44200134277344,87.63500213623047,83.02200317382812,85.35399627685547,85.11129760742188,501700000.0,87.19336556349879,87.38581757145292,82.78593537872872
2024-04-10 04:00:00,83.9260025024414,87.4000015258789,83.70899963378906,87.03900146484375,86.79153442382812,431929000.0,83.68738625967652,87.15150809881327,83.4710003679758
2024-04-11 04:00:00,87.41999816894531,90.73899841308594,86.9260025024414,90.61599731445312,90.35834503173828,431637000.0,87.17143320524475,90.48099639616545,86.6788421374309
2024-04-12 04:00:00,89.6989974975586,90.17500305175781,87.52999877929688,88.18599700927734,87.93525695800781,426805000.0,89.44395551817271,89.91860764142923,87.28112393379013
2024-04-15 04:00:00,89.0979995727539,90.61299896240234,85.92900085449219,86.0009994506836,85.75647735595703,443077000.0,88.84467194132365,90.35536381330797,85.6846834695675
2024-04-16 04:00:00,86.43299865722656,88.11799621582031,86.06400299072266,87.41500091552734,87.16647338867188,370453000.0,86.1872630378248,87.86747001961128,85.81931645419519
2024-04-17 04:00:00,88.33999633789062,88.7750015258789,83.94999694824219,84.03500366210938,83.79606628417969,495400000.0,88.08881854088399,88.5225868752461,83.71130127056159
2024-04-18 04:00:00,84.97000122070312,86.19000244140625,82.4020004272461,84.6709976196289,84.43025207519531,447260000.0,84.72840551757585,85.94493790164843,82.16770633584548
2024-04-19 04:00:00,83.1500015258789,84.3239974975586,75.60600280761719,76.19999694824219,75.98334503173828,875198000.0,82.91358934859076,84.08424741361141,75.3910397359179
2024-04-22 04:00:00,78.10399627685547,80.072998046875,76.4000015258789,79.51799774169922,79.29190826416016,596341000.0,77.88192715774476,79.8453305652036,76.18277728835372
2024-04-23 04:00:00,80.76899719238281,82.76899719238281,80.26399993896484,82.4229965209961,82.18865203857422,438559000.0,80.53935534918725,82.53366896329221,80.03579390039872
2024-04-24 04:00:00,83.94999694824219,84.08200073242188,79.18299865722656,79.677001953125,79.45046997070312,512208000.0,83.71131629050129,83.84294477091471,78.95787118982408
2024-04-25 04:00:00,78.86799621582031,83.322998046875,78.2229995727539,82.63200378417969,82.39705657958984,424641000.0,78.64375119701494,83.08608614140688,78.00058847000186
2024-04-26 04:00:00,83.81800079345703,88.33100128173828,83.38700103759766,87.73500061035156,87.48555755615234,551011000.0,83.5796943254643,88.0798637130723,83.14991996305922
2024-04-29 04:00:00,87.59500122070312,87.99199676513672,85.26599884033203,87.75700378417969,87.5074691772461,388971000.0,87.34592726356676,87.74179396217765,85.02354733688567
2024-04-30 04:00:00,87.23999786376953,88.81900024414062,86.30000305175781,86.4020004272461,86.15633392333984,363709000.0,86.99194868469957,88.5664614931565,86.05462655663052
2024-05-01 04:00:00,85.0770034790039,86.0,81.25499725341797,83.04100036621094,82.80488586425781,559863000.0,84.83509991070004,85.75547203094351,81.02396098069623
2024-05-02 04:00:00,84.4489974975586,86.23699951171875,83.19999694824219,85.81700134277344,85.572998046875,377898000.0,84.20888384405981,85.99180203592717,82.96343457532701
2024-05-03 04:00:00,87.78900146484375,89.28099822998047,87.04000091552734,88.78900146484375,88.53655242919922,398341000.0,87.53939567590184,89.02715032615576,86.79252471992756
2024-05-06 04:00:00,89.38999938964844,92.22000122070312,89.05500030517578,92.13999938964844,91.8780288696289,376203000.0,89.13584761213842,91.95780324115003,88.80180099005936
2024-05-07 04:00:00,91.0979995727539,91.78099822998047,89.01100158691406,90.55400085449219,90.29653930664062,437342000.0,90.83899133728268,91.52004810469973,88.75792706753188
2024-05-08 04:00:00,89.48300170898438,91.19400024414062,89.41999816894531,90.41200256347656,90.15492248535156,325721000.0,89.22856317850216,90.9346966114085,89.1657387845337
2024-05-09 04:00:00,90.52899932861328,91.0719985961914,88.23100280761719,88.74700164794922,88.49465942382812,378013000.0,90.27159019237384,90.81304550195526,87.9801277687823
2024-05-10 04:00:00,90.30500030517578,91.4010009765625,89.22699737548828,89.87799835205078,89.62244415283203,335325000.0,90.04823199188911,91.14111635473476,88.97329419694542
2024-05-13 04:00:00,90.47799682617188,90.99800109863281,88.52899932861328,90.39900207519531,90.14197540283203,289680000.0,90.22074555223655,90.73927132421963,88.27728953555432
2024-05-14 04:00:00,89.5989990234375,91.6510009765625,88.93399810791016,91.35600280761719,91.09625244140625,296507000.0,89.34424430460986,91.39041184902159,88.68113417048747
2024-05-15 04:00:00,92.47200012207031,94.86199951171875,91.5989990234375,94.62999725341797,94.36094665527344,417735000.0,92.20908510921412,94.5922892882104,91.33856611429667
2024-05-16 04:00:00,94.91000366210938,95.81900024414062,94.10299682617188,94.35900115966797,94.09071350097656,323952000.0,94.64014935721045,95.54656142094716,93.83543705567772
2024-05-17 04:00:00,94.36900329589844,94.73999786376953,91.80599975585938,92.47899627685547,92.21604919433594,359691000.0,94.10068232469492,94.47062203748345,91.5449662156453
2024-05-20 04:00:00,93.75,95.19999694824219,93.44000244140625,94.77999877929688,94.51052856445312,318764000.0,93.4834581877298,94.92933263128536,93.17434198712075
2024-05-21 04:00:00,93.5989990234375,95.4000015258789,93.18000030517578,95.38600158691406,95.11479187011719,328946000.0,93.33287026664621,95.1287520032466,92.915062881723
2024-05-22 04:00:00,95.45899963378906,96.0199966430664,93.2490005493164,94.94999694824219,94.68002319335938,548648000.0,95.18757861855156,95.74698053068366,92.98386328100148
2024-05-23 04:00:00,102.02799987792969,106.31999969482422,101.5199966430664,103.79900360107422,103.50387573242188,835065000.0,101.73790743867507,106.01770397120008,101.23134859062449
2024-05-24 04:00:00,104.4489974975586,106.4749984741211,103.0,106.46900177001953,106.16626739501953,429494000.0,104.15200681058755,106.17224704806925,102.70712939816647
2024-05-28 04:00:00,110.24400329589844,114.93900299072266,109.88300323486328,113.9010009765625,113.5771484375,652728000.0,109.93054862844438,114.61219912037285,109.57057499198291
2024-05-29 04:00:00,113.05000305175781,115.49199676513672,110.9010009765625,114.82499694824219,114.49851989746094,557442000.0,112.7285727659483,115.16362326202471,110.58568085733936
2024-05-30 04:00:00,114.6500015258789,115.81900024414062,109.66300201416016,110.5,110.1858139038086,484553000.0,114.32401567603497,115.48969056494155,109.35119576529627
2024-05-31 04:00:00,112.5199966430664,112.71700286865234,106.94000244140625,109.63300323486328,109.32128143310547,613263000.0,112.20006619281486,112.39651226649593,106.6359377048998
2024-06-03 04:00:00,113.62100219726562,115.0,112.00299835205078,115.0,114.67301177978516,438392000.0,113.29793498606988,114.67301177978516,111.68453173387806
2024-06-04 04:00:00,115.71600341796875,116.5999984741211,114.04499816894531,116.43699645996094,116.1059341430664,403324000.0,115.38699108204422,116.26847269779265,113.72073695926161
2024-06-05 04:00:00,118.37100219726562,122.4489974975586,117.46800231933594,122.44000244140625,122.09186553955078,528402000.0,118.0344347915748,122.10083501982173,117.13400243711465
2024-06-06 04:00:00,124.0479965209961,125.58699798583984,118.31999969482422,120.99800109863281,120.65396881103516,664696000.0,123.69529221491227,125.22991785379394,117.98358173920542
2024-06-07 04:00:00,119.7699966430664,121.69200134277344,118.02200317382812,120.88800048828125,120.54428100585938,412386000.0,119.42945596831338,121.34599585382935,117.68643254910567
2024-06-10 04:00:00,120.37000274658203,123.0999984741211,117.01000213623047,121.79000091552734,121.4437026977539,313434100.0,120.02774215777198,122.7499754035977,116.6772953877549
2024-06-11 04:00:00,121.7699966430664,122.87000274658203,118.73999786376953,120.91000366210938,120.57614135742188,222551200.0,121.43375968591062,122.5307284016025,118.4121274796434
2024-06-12 04:00:00,123.05999755859375,126.87999725341797,122.56999969482422,125.19999694824219,124.85426330566406,299595000.0,122.72017341922755,126.52962437250758,122.23152866049337
2024-06-13 04:00:00,129.38999938964844,129.8000030517578,127.16000366210938,129.61000061035156,129.25210571289062,260704500.0,129.0327119863157,129.4415834964467,126.80887399420205
2024-06-14 04:00:00,129.9600067138672,132.83999633789062,128.32000732421875,131.8800048828125,131.5158233642578,309320400.0,129.60112719578945,132.47316384016574,127.9656566008486
2024-06-17 04:00:00,132.99000549316406,133.72999572753906,129.5800018310547,130.97999572753906,130.6183319091797,288504400.0,132.6227916073861,133.36073857025062,129.22220369566065
2024-06-18 04:00:00,131.13999938964844,136.3300018310547,130.69000244140625,135.5800018310547,135.2056121826172,294335100.0,130.7778703322321,135.95354113797538,130.3291160023479
2024-06-20 04:00:00,139.8000030517578,140.75999450683594,129.52000427246094,130.77999877929688,130.41885375976562,517768400.0,139.41394956266274,140.37129003031137,129.16233868973217
2024-06-21 04:00:00,127.12000274658203,130.6300048828125,124.30000305175781,126.56999969482422,126.22049713134766,649445800.0,126.76898143871918,130.269291272292,123.9567687165166
2024-06-24 04:00:00,123.23999786376953,124.45999908447266,118.04000091552734,118.11000061035156,117.78384399414062,476060900.0,122.89967494041525,124.11630717061917,117.71403760101381
2024-06-25 04:00:00,121.19999694824219,126.5,119.31999969482422,126.08999633789062,125.7418212890625,414192600.0,120.86532476106613,126.1506927991438,118.99051878494626
2024-06-26 04:00:00,126.12999725341797,128.1199951171875,122.5999984741211,126.4000015258789,126.05096435546875,362975900.0,125.7817056647018,127.76620840809865,122.26145451808375
2024-06-27 04:00:00,124.0999984741211,126.41000366210938,122.91999816894531,123.98999786376953,123.64761352539062,252571700.0,123.75731038151326,126.06093675176166,122.58056851355609
2024-06-28 04:00:00,124.58000183105469,127.70999908447266,122.75,123.54000091552734,123.19886016845703,315516700.0,124.23598924744037,127.35734339260638,122.41104074475835
2024-07-01 04:00:00,123.47000122070312,124.83999633789062,118.83000183105469,124.30000305175781,123.95677185058594,284885500.0,123.12906191428952,124.49527404629498,118.50187501478464
2024-07-02 04:00:00,121.12999725341797,123.41000366210938,121.02999877929688,122.66999816894531,122.33126068115234,218374000.0,120.79551228090267,123.06922274393042,120.69578993975959
2024-07-03 04:00:00,121.66000366210938,128.27999877929688,121.36000061035156,128.27999877929688,127.92578125,215749000.0,121.324065820501,127.92578125,121.02489116241942
2024-07-05 04:00:00,127.37999725341797,128.85000610351562,125.68000030517578,125.83000183105469,125.4825439453125,214176700.0,127.02825932218164,128.4942089959331,125.33295662282136
2024-07-08 04:00:00,127.48999786376953,130.77000427246094,127.04000091552734,128.1999969482422,127.84599304199219,237677300.0,127.13795450709301,130.4089036996468,126.68920015386854
2024-07-09 04:00:00,130.35000610351562,133.82000732421875,128.64999389648438,131.3800048828125,131.0172119140625,285366600.0,129.99005737514514,133.4504765285805,128.29473958471138
2024-07-10 04:00:00,134.02999877929688,135.10000610351562,132.4199981689453,134.91000366210938,134.53746032714844,248978600.0,133.65988550841513,134.72693809179796,132.0543307877707
2024-07-11 04:00:00,135.75,136.14999389648438,127.05000305175781,127.4000015258789,127.0482177734375,374782700.0,135.37515978161727,135.7740491933907,126.69918573397183
2024-07-12 04:00:00,128.25999450683594,131.9199981689453,127.22000122070312,129.24000549316406,128.8831329345703,252680500.0,127.90582806874107,131.5557253023775,126.86870653322082
2024-07-15 04:00:00,130.55999755859375,131.38999938964844,127.18000030517578,128.44000244140625,128.0853271484375,208326200.0,130.19946809344353,131.02717795052595,126.828804392605
2024-07-16 04:00:00,128.44000244140625,129.0399932861328,124.58000183105469,126.36000061035156,126.01107025146484,214769500.0,128.0853283678797,128.68366239858466,124.2359867587292
2024-07-17 04:00:00,121.3499984741211,121.8499984741211,116.72000122070312,117.98999786376953,117.66416931152344,390086200.0,121.01489130373585,121.51351055723977,116.39767975528693
2024-07-18 04:00:00,121.8499984741211,122.4000015258789,116.55999755859375,121.08999633789062,120.75562286376953,320979500.0,121.51352635797906,122.0620106514847,116.23813305693453
2024-07-19 04:00:00,120.3499984741211,121.5999984741211,117.37000274658203,117.93000030517578,117.60436248779297,217223800.0,120.0176783628371,121.26422676213605,117.04591123957188
2024-07-22 04:00:00,120.3499984741211,124.06999969482422,119.86000061035156,123.54000091552734,123.19886016845703,258068900.0,120.01766653236042,123.72739542032818,119.52902173833405
2024-07-23 04:00:00,122.77999877929688,124.69000244140625,122.0999984741211,122.58999633789062,122.25148010253906,173911000.0,122.44095787706307,124.34568731396223,121.76283530375956
2024-07-24 04:00:00,119.16999816894531,119.94999694824219,113.44000244140625,114.25,113.93450927734375,327776900.0,118.84092133007209,119.6187662154648,113.1267484514862
2024-07-25 04:00:00,113.04000091552734,116.62999725341797,106.30000305175781,112.27999877929688,111.9699478149414,460067000.0,112.72785127466838,116.30793416547407,106.00646529957123
2024-07-26 04:00:00,116.19000244140625,116.19999694824219,111.58000183105469,113.05999755859375,112.74779510498047,293399100.0,115.86915683172242,115.87912373985303,111.27188621900741
2024-07-29 04:00:00,113.69000244140625,116.27999877929688,111.30000305175781,111.58999633789062,111.2818603515625,248152100.0,113.3760676606231,115.95891218291776,110.99266783046404
2024-07-30 04:00:00,111.5199966430664,111.98999786376953,102.54000091552734,103.7300033569336,103.44356536865234,486833300.0,111.21204752075072,111.68075088933978,102.2568489765504
2024-07-31 04:00:00,112.9000015258789,118.33999633789062,110.87999725341797,117.0199966430664,116.69686126708984,473174200.0,112.58824297616627,118.01321595584747,110.57381668062193
2024-08-01 04:00:00,117.52999877929688,120.16000366210938,106.80999755859375,109.20999908447266,108.9084243774414,523462300.0,117.20544905631927,119.82819139029307,106.51505026446524
2024-08-02 04:00:00,103.76000213623047,108.72000122070312,101.37000274658203,107.2699966430664,106.97377014160156,482027500.0,103.47346849787236,108.41977052611269,101.0900691005783
2024-08-05 04:00:00,92.05999755859375,103.41000366210938,90.69000244140625,100.44999694824219,100.17261505126953,552842400.0,91.80578374541406,103.12444802394918,90.43957172286065
2024-08-06 04:00:00,103.83999633789062,107.70999908447266,100.55000305175781,104.25,103.96212768554688,409012100.0,103.55325619325184,107.41257244920943,100.27234777984627
2024-08-07 04:00:00,107.80999755859375,108.80000305175781,98.69000244140625,98.91000366210938,98.63687133789062,411440400.0,107.51228858966286,108.49956025923653,98.41747763354093
2024-08-08 04:00:00,102.0,105.5,97.5199966430664,104.97000122070312,104.68013763427734,391910000.0,101.71833775867768,105.208672877848,97.2507054584759
2024-08-09 04:00:00,105.63999938964844,106.5999984741211,103.43000030517578,104.75,104.46075439453125,290844200.0,105.34829623370402,106.30564447792429,103.14439960768745
2024-08-12 04:00:00,106.31999969482422,111.06999969482422,106.26000213623047,109.0199966430664,108.71895599365234,325559900.0,106.02641463942724,110.76329830179426,105.96658275414626
2024-08-13 04:00:00,112.44000244140625,116.2300033569336,111.58000183105469,116.13999938964844,115.81928253173828,312646700.0,112.129503005588,115.9090379559742,111.2718772591507
2024-08-14 04:00:00,118.52999877929688,118.5999984741211,114.06999969482422,118.08000183105469,117.75395202636719,339246400.0,118.20270641520212,118.27251282253927,113.75502255606693
2024-08-15 04:00:00,118.76000213623047,123.23999786376953,117.47000122070312,122.86000061035156,122.52073669433594,318086700.0,118.4320598996148,122.89968462856436,117.14562117487446
2024-08-16 04:00:00,121.94000244140625,125.0,121.18000030517578,124.58000183105469,124.23599243164062,302589900.0,121.60328301302395,124.6548308372553,120.84537951120186
2024-08-19 04:00:00,124.27999877929688,130.0,123.41999816894531,130.0,129.6410369873047,318333600.0,123.93683014253082,129.6410369873047,123.07920421225627
2024-08-20 04:00:00,128.39999389648438,129.8800048828125,125.88999938964844,127.25,126.89862823486328,300087400.0,128.0454466862765,129.521370960835,125.54238295508182
2024-08-21 04:00:00,127.31999969482422,129.35000610351562,126.66000366210938,128.5,128.14517211914062,257883600.0,126.96843015643721,128.99283109530663,126.31025657503493
2024-08-22 04:00:00,130.02000427246094,130.75,123.0999984741211,123.73999786376953,123.39830780029297,376189100.0,129.66097288180268,130.38895283197962,122.7600756761678
2024-08-23 04:00:00,125.86000061035156,129.60000610351562,125.22000122070312,129.3699951171875,129.01275634765625,323230300.0,125.51245424374224,129.2421321879317,124.87422213092064
2024-08-26 04:00:00,129.57000732421875,131.25999450683594,124.37000274658203,126.45999908447266,126.11078643798828,331964700.0,129.21220655330094,130.8975269250622,124.02656151522957
2024-08-27 04:00:00,125.05000305175781,129.1999969482422,123.87999725341797,128.3000030517578,127.94573211669922,303134600.0,124.70470624383526,128.84324088713785,123.53793114727517
2024-08-28 04:00:00,128.1199951171875,128.3300018310547,122.63999938964844,125.61000061035156,125.26314544677734,448101100.0,127.76620894054898,127.97563574905244,122.30134548595971
2024-08-29 04:00:00,121.36000061035156,124.43000030517578,116.70999908447266,117.58999633789062,117.2652816772461,453023300.0,121.02487540717718,124.08639756190335,116.38771446055243
2024-08-30 04:00:00,119.52999877929688,121.75,117.22000122070312,119.37000274658203,119.0403823852539,333751600.0,119.1999366155988,121.4138076730475,116.89631773014244
2024-09-03 04:00:00,116.01000213623047,116.20999908447266,107.29000091552734,108.0,107.70176696777344,477155100.0,115.68965014821475,115.8890948214911,106.99372848681783
2024-09-04 04:00:00,105.41000366210938,113.2699966430664,104.12000274658203,106.20999908447266,105.91671752929688,372470300.0,105.11893116355375,112.95722005840781,103.83249237473713
2024-09-05 04:00:00,104.98999786376953,109.6500015258789,104.76000213623047,107.20999908447266,106.91395568847656,306850700.0,104.70008464878364,109.34722045042044,104.47072401794104
2024-09-06 04:00:00,108.04000091552734,108.1500015258789,100.94999694824219,102.83000183105469,102.5460433959961,413638100.0,107.74165540315337,107.85135225389573,100.6712300257278
2024-09-09 04:00:00,104.87999725341797,106.55000305175781,103.69000244140625,106.47000122070312,106.17598724365234,273912000.0,104.59037402854703,106.25576815185318,103.40366535444588
2024-09-10 04:00:00,107.80999755859375,109.4000015258789,104.94999694824219,108.0999984741211,107.80148315429688,268283700.0,107.51228306871653,109.09789628161208,104.660180275284
2024-09-11 04:00:00,109.38999938964844,117.19000244140625,107.41999816894531,116.91000366210938,116.58716583251953,441422400.0,109.08792746358935,116.86639141709085,107.12336624714985
2024-09-12 04:00:00,116.83999633789062,120.79000091552734,115.37999725341797,119.13999938964844,118.82117462158203,366052700.0,116.52732649632485,120.46676065848584,115.07123444451854
2024-09-13 04:00:00,119.08000183105469,119.95999908447266,117.5999984741211,119.0999984741211,118.7812728881836,238358300.0,118.76132975848293,119.63897203588232,117.28528706438033
2024-09-16 04:00:00,116.79000091552734,118.18000030517578,114.36000061035156,116.77999877929688,116.46748352050781,248772300.0,116.47745888999548,117.86373849865818,114.05396151496328
2024-09-17 04:00:00,118.16999816894531,118.80000305175781,114.83000183105469,115.58999633789062,115.28067016601562,231925900.0,117.85376774830212,118.48208669803358,114.52270945275087
2024-09-18 04:00:00,115.88999938964844,117.69999694824219,113.22000122070312,113.37000274658203,113.06661224365234,310318900.0,115.57986510061662,117.38501890816246,112.917012138231
2024-09-19 04:00:00,117.3499984741211,119.66000366210938,117.25,117.87000274658203,117.5545654296875,293506400.0,117.03595276449437,119.33977604172051,116.93622190087328
2024-09-20 04:00:00,117.05999755859375,118.62000274658203,115.38999938964844,116.0,115.6895751953125,382462400.0,116.74673611998301,118.30256661567998,115.08120699289479
2024-09-23 04:00:00,116.55000305175781,116.98999786376953,114.86000061035156,116.26000213623047,115.9488754272461,206228500.0,116.23810026304875,116.67691759238959,114.55262048539709
2024-09-24 04:00:00,116.5199966430664,121.80000305175781,115.37999725341797,120.87000274658203,120.54653930664062,354966800.0,116.20817437054484,121.47405081318132,115.07122576368558
2024-09-25 04:00:00,122.0199966430664,124.94000244140625,121.61000061035156,123.51000213623047,123.17948150634766,284692900.0,121.69346336275538,124.60565503965537,121.28456450552947
2024-09-26 04:00:00,126.80000305175781,127.66999816894531,121.80000305175781,124.04000091552734,123.70806121826172,302582900.0,126.46067739619816,127.32834434574869,121.47405774507013
2024-09-27 04:00:00,123.97000122070312,124.02999877929688,119.26000213623047,121.4000015258789,121.07512664794922,271009200.0,123.63824884420143,123.6980858451405,118.94085404604166
2024-09-30 04:00:00,118.30999755859375,121.5,118.1500015258789,121.44000244140625,121.11502075195312,226553700.0,117.99339197466074,121.17485775300766,117.83382410218941
2024-10-01 04:00:00,121.7699966430664,122.44000244140625,115.79000091552734,117.0,116.68689727783203,302094500.0,121.44412897274735,122.11234177416986,115.48013626179672
2024-10-02 04:00:00,116.44000244140625,119.37999725341797,115.13999938964844,118.8499984741211,118.53195190429688,221845900.0,116.12840510154699,119.06053238913914,114.831880901423
2024-10-03 04:00:00,120.91999816894531,124.36000061035156,120.33999633789062,122.8499984741211,122.52124786376953,277118000.0,120.59641230247804,124.0272091849403,120.01796257527629
2024-10-04 04:00:00,124.94000244140625,125.04000091552734,121.83000183105469,124.91999816894531,124.58570098876953,243678100.0,124.6056517279934,124.70538259718006,121.50397375972977
2024-10-07 04:00:00,124.98999786376953,130.63999938964844,124.94999694824219,127.72000122070312,127.37821197509766,346250200.0,124.65551433206126,130.29039598837593,124.61562046227938
2024-10-08 04:00:00,130.25999450683594,133.47999572753906,129.4199981689453,132.88999938964844,132.53436279296875,285722500.0,129.91139625758697,133.12278019873037,129.07364789501582
2024-10-09 04:00:00,134.11000061035156,134.52000427246094,131.3800048828125,132.64999389648438,132.29502868652344,246191600.0,133.75112849037495,134.16003500176663,131.02843810434518
2024-10-10 04:00:00,131.91000366210938,135.0,131.0,134.80999755859375,134.4492645263672,242311300.0,131.5570306151262,134.63875854734422,130.64946199779328
2024-10-11 04:00:00,134.00999450683594,135.77999877929688,133.66000366210938,134.8000030517578,134.4392852783203,170209500.0,133.65139075503694,135.41665858843493,133.3023364675461
2024-10-14 04:00:00,136.47000122070312,139.60000610351562,136.3000030517578,138.07000732421875,137.70053100585938,232347700.0,136.104806530019,139.22643549757692,135.93526327737888
2024-10-15 04:00:00,137.8699951171875,138.57000732421875,128.74000549316406,131.60000610351562,131.24783325195312,377831000.0,137.50104323972985,138.1991821543322,128.3954862474048
2024-10-16 04:00:00,133.97999572753906,136.6199951171875,131.5800018310547,135.72000122070312,135.35678100585938,264879700.0,133.62143219677557,136.25436629658557,131.22786127620384
2024-10-17 04:00:00,139.33999633789062,140.88999938964844,136.8699951171875,136.92999267578125,136.56356811523438,306435900.0,138.96712260930138,140.512977854023,136.50373111006368
2024-10-18 04:00:00,138.6699981689453,138.89999389648438,137.27999877929688,138.0,137.63070678710938,176090200.0,138.2989120156457,138.52829226592988,136.9126323168706
2024-10-21 04:00:00,138.1300048828125,143.7100067138672,138.0,143.7100067138672,143.325439453125,264554500.0,137.76036967912168,143.325439453125,137.63071268872676
2024-10-22 04:00:00,142.91000366210938,144.4199981689453,141.77999877929688,143.58999633789062,143.2057342529297,226311600.0,142.52756130979012,144.03351491090646,141.40058044009385
2024-10-23 04:00:00,142.02999877929688,142.42999267578125,137.4600067138672,139.55999755859375,139.18653869628906,285930000.0,141.64993025905358,142.04885378245024,137.09216737152124
2024-10-24 04:00:00,140.82000732421875,141.35000610351562,138.4600067138672,140.41000366210938,140.03427124023438,172354900.0,140.4431777464081,140.97175826689335,138.08949241788707
2024-10-25 04:00:00,140.92999267578125,144.1300048828125,140.8000030517578,141.5399932861328,141.16123962402344,205122100.0,140.55287134358582,143.74432048434818,140.42322956503693
2024-10-28 04:00:00,143.0,143.13999938964844,140.0500030517578,140.52000427246094,140.14395141601562,173586700.0,142.617310298629,142.75693502866474,139.67520798990546
2024-10-29 04:00:00,140.2899932861328,142.25999450683594,138.89999389648438,141.25,140.8720245361328,157593600.0,139.91458673541953,141.87931636585566,138.52830689029554
2024-10-30 04:00:00,139.5399932861328,140.3300018310547,136.80999755859375,139.33999633789062,138.96710205078125,179418100.0,139.1665637778278,139.95445814390004,136.44387391965424
2024-10-31 04:00:00,137.60000610351562,137.61000061035156,132.11000061035156,132.75999450683594,132.4047393798828,270039600.0,137.2317994926413,137.24176725497634,131.75648481507793
2024-11-01 04:00:00,134.6999969482422,137.30999755859375,134.57000732421875,135.39999389648438,135.0376434326172,207127800.0,134.33951978002003,136.94253564166783,134.2098780275083
2024-11-04 05:00:00,137.2100067138672,138.9600067138672,135.57000732421875,136.0500030517578,135.68592834472656,187528200.0,136.84282779526694,138.58814473225323,135.207217103038
2024-11-05 05:00:00,137.4499969482422,140.3699951171875,137.3300018310547,139.91000366210938,139.5355987548828,160537400.0,137.08217511986183,139.99435925396384,136.9625011145287
2024-11-06 05:00:00,142.9600067138672,146.49000549316406,141.9600067138672,145.61000061035156,145.2203369140625,242043900.0,142.57743460752744,146.09798683530676,141.58011068537002
2024-11-07 05:00:00,146.38999938964844,148.92999267578125,146.1699981689453,148.8800048828125,148.48162841796875,207323300.0,145.99828573749463,148.53148245247704,145.7788732010049
2024-11-08 05:00:00,148.77000427246094,149.77000427246094,146.25999450683594,147.6300048828125,147.2349090576172,175665800.0,148.3718575159869,149.3691812590464,145.8685651814179
2024-11-11 05:00:00,148.67999267578125,148.85000610351562,143.57000732421875,145.25999450683594,144.87127685546875,182325600.0,148.28212306443757,148.45168153400843,143.18581210072784
2024-11-12 05:00:00,146.77999877929688,149.64999389648438,146.00999450683594,148.2899932861328,147.89315795898438,198634700.0,146.38720431256547,149.2495191040209,145.6192606302401
2024-11-13 05:00:00,149.07000732421875,149.3300018310547,145.89999389648438,146.27000427246094,145.87855529785156,191903300.0,148.67106495867824,148.93036366610121,145.5095351466514
2024-11-14 05:00:00,147.63999938964844,149.0,145.5500030517578,146.75999450683594,146.36724853515625,194463300.0,147.24489842760545,148.60125952595652,145.16049515099348
2024-11-15 05:00:00,144.8699951171875,145.24000549316406,140.0800018310547,141.97999572753906,141.60003662109375,250132900.0,144.48230195229198,144.85132212671857,139.705127384455
2024-11-18 05:00:00,139.5,141.5500030517578,137.14999389648438,140.14999389648438,139.7749481201172,221205300.0,139.12669362767247,141.17121080701085,136.78297621414575
2024-11-19 05:00:00,141.32000732421875,147.1300048828125,140.99000549316406,147.00999450683594,146.6165771484375,227834900.0,140.94181709193657,146.7362663614533,140.61269838756368
2024-11-20 05:00:00,147.41000366210938,147.55999755859375,142.72999572753906,145.88999938964844,145.4995880126953,309871700.0,147.0155246522584,147.16511715506326,142.34804073132528
2024-11-21 05:00:00,149.35000610351562,152.88999938964844,140.6999969482422,146.6699981689453,146.2775115966797,400946600.0,148.95034787282623,152.48086819347145,140.3234860038813
2024-11-22 05:00:00,145.92999267578125,147.16000366210938,141.10000610351562,141.9499969482422,141.5701141357422,236406200.0,145.5394587043998,146.76617796798797,140.72239801394366
2024-11-25 05:00:00,141.99000549316406,142.0500030517578,135.82000732421875,136.02000427246094,135.656005859375,344941900.0,141.61003096699034,141.66986796819967,135.45654411602544
2024-11-26 05:00:00,137.6999969482422,139.3000030517578,135.6699981689453,136.9199981689453,136.5535888671875,190287700.0,137.33150030488406,138.9272246590056,135.30693397114106
2024-11-27 05:00:00,135.00999450683594,137.22000122070312,131.8000030517578,135.33999633789062,134.97781372070312,226370900.0,134.64869500572706,136.85278753282546,131.44729379106425
2024-11-29 05:00:00,136.77999877929688,139.35000610351562,136.0500030517578,138.25,137.8800506591797,141863200.0,136.41398308030372,138.97711320730366,135.6859407808891
2024-12-02 05:00:00,138.8300018310547,140.4499969482422,137.82000732421875,138.6300048828125,138.25901794433594,171682800.0,138.45847968192444,140.07413953973298,137.45118801543165
2024-12-03 05:00:00,138.25999450683594,140.5399932861328,137.9499969482422,140.25999450683594,139.8846435546875,164414000.0,137.8899957715255,140.1638930268938,137.58082780000817
2024-12-04 05:00:00,142.0,145.7899932861328,140.2899932861328,145.13999938964844,144.75160217285156,231224300.0,141.6200054773523,145.39985667412174,139.9145747718299
2024-12-05 05:00:00,145.11000061035156,146.5399932861328,143.9499969482422,145.05999755859375,144.68177795410156,172621200.0,144.73165063129176,146.1579148411047,143.57467148409813
2024-12-06 05:00:00,144.60000610351562,145.6999969482422,141.30999755859375,142.44000244140625,142.068603515625,188505600.0,144.22297517109268,145.32009789302302,140.9415450143936
2024-12-09 05:00:00,138.97000122070312,139.9499969482422,137.1300048828125,138.80999755859375,138.44805908203125,189308600.0,138.6076455444956,139.58508599383495,136.77244688316378
2024-12-10 05:00:00,139.00999450683594,141.82000732421875,133.7899932861328,135.07000732421875,134.71783447265625,210020900.0,138.6475487860502,141.4502349567079,133.44115786086326
2024-12-11 05:00:00,137.36000061035156,140.1699981689453,135.2100067138672,139.30999755859375,138.94677734375,184905200.0,137.00186458417264,139.80453569143606,134.85747632446007
2024-12-12 05:00:00,137.0800018310547,138.44000244140625,135.8000030517578,137.33999633789062,136.98190307617188,159211400.0,136.72258646567687,138.07904108019704,135.44592508954074
2024-12-13 05:00:00,138.94000244140625,139.60000610351562,132.5399932861328,134.25,133.89996337890625,231514900.0,138.57773734651352,139.2360201486468,132.19441524956173
2024-12-16 05:00:00,134.17999267578125,134.39999389648438,130.4199981689453,132.0,131.6558074951172,237951100.0,133.83011579862796,134.0495433619733,130.07992554881972
2024-12-17 05:00:00,129.08999633789062,131.58999633789062,126.86000061035156,130.38999938964844,130.05001831054688,259410300.0,128.75340490862754,131.24688636654815,126.52922370948323
2024-12-18 05:00:00,133.86000061035156,136.6999969482422,128.27999877929688,128.91000366210938,128.57386779785156,277444500.0,133.51095751271384,136.34354849340636,127.94550566757769
2024-12-19 05:00:00,131.75999450683594,134.02999877929688,129.5500030517578,130.67999267578125,130.33924865722656,209719200.0,131.41643441707996,133.6805197239663,129.21220544602065
2024-12-20 05:00:00,129.80999755859375,135.27999877929688,128.22000122070312,134.6999969482422,134.3488006591797,306528600.0,129.4715507103484,134.92729028165732,127.88569988712847
2024-12-23 05:00:00,136.27999877929688,139.7899932861328,135.1199951171875,139.6699981689453,139.30580139160156,176053500.0,135.92464160150274,139.42548361528617,134.767662709215
2024-12-24 05:00:00,140.0,141.89999389648438,138.64999389648438,140.22000122070312,139.85440063476562,105157000.0,139.63497303105362,141.53001300601622,138.28848684636677
2024-12-26 05:00:00,139.6999969482422,140.85000610351562,137.72999572753906,139.92999267578125,139.5651397705078,116205600.0,139.3357437329122,140.482754358897,137.37087908554133
2024-12-27 05:00:00,138.5500030517578,139.02000427246094,134.7100067138672,137.00999450683594,136.6527557373047,170582600.0,138.1887488761999,138.65752461945982,134.35876491420703
2024-12-30 05:00:00,134.8300018310547,140.27000427246094,134.02000427246094,137.49000549316406,137.1315155029297,167734700.0,134.47844750631418,139.9042657427297,133.67056192681179
2024-12-31 05:00:00,138.02999877929688,138.07000732421875,133.8300018310547,134.2899932861328,133.93984985351562,155659200.0,137.67010377599792,137.71000800391963,133.48105776544256
2025-01-02 05:00:00,136.0,138.8800048828125,134.6300048828125,138.30999755859375,137.94937133789062,198247200.0,135.64539681236818,138.51789243847597,134.27897378808947
2025-01-03 05:00:00,140.00999450683594,144.89999389648438,139.72999572753906,144.47000122070312,144.0933074951172,229322500.0,139.64492988439244,144.52217900012494,139.36566117903786
2025-01-06 05:00:00,148.58999633789062,152.16000366210938,147.82000732421875,149.42999267578125,149.04039001464844,265377400.0,148.20258376458906,151.76328315584956,147.43460231153736
2025-01-07 05:00:00,153.02999877929688,153.1300048828125,140.00999450683594,140.13999938964844,139.7746124267578,351782200.0,152.6310037262881,152.73074908393107,139.64494650562293
2025-01-08 05:00:00,142.5800018310547,143.9499969482422,137.55999755859375,140.11000061035156,139.74468994140625,227349900.0,142.20825109505992,143.57467420574872,137.20133554653654
2025-01-10 05:00:00,137.4499969482422,139.9199981689453,134.22000122070312,135.91000366210938,135.55563354492188,207602500.0,137.09161147098868,139.55517244006612,133.870037595658
2025-01-13 05:00:00,129.99000549316406,133.49000549316406,129.50999450683594,133.22999572753906,132.8826141357422,204808900.0,129.6510717959939,133.1419459563911,129.17231238202828
2025-01-14 05:00:00,136.0500030517578,136.3800048828125,130.0500030517578,131.75999450683594,131.41644287109375,195590500.0,135.69526562735138,136.02440701006375,129.71091005586072
2025-01-15 05:00:00,133.64999389648438,136.4499969482422,131.2899932861328,136.24000549316406,135.884765625,185217300.0,133.3015073705183,136.09420953652403,130.9476603587566
2025-01-16 05:00:00,138.63999938964844,138.75,133.49000549316406,133.57000732421875,133.2217559814453,209235600.0,138.27852927433761,138.38824308482273,133.14196273572836
2025-01-17 05:00:00,136.69000244140625,138.5,135.4600067138672,137.7100067138672,137.3509521484375,201188800.0,136.33360735729912,138.13888566634566,135.10681862678206
2025-01-21 05:00:00,139.16000366210938,141.8300018310547,137.08999633789062,140.8300018310547,140.46279907226562,197749000.0,138.79715528751996,141.46019165371834,136.7325453387914
2025-01-22 05:00:00,144.66000366210938,147.7899932861328,143.6699981689453,147.07000732421875,146.68653869628906,237651400.0,144.2828188497205,147.4046473751733,143.29539468537405
2025-01-23 05:00:00,145.0500030517578,147.22999572753906,143.72000122070312,147.22000122070312,146.83616638183594,155915500.0,144.67182587415004,146.84613483080005,143.34529164963172
2025-01-24 05:00:00,148.3699951171875,148.97000122070312,141.8800048828125,142.6199951171875,142.24813842773438,234657600.0,147.98314630855361,148.58158800111045,141.51007758845265
2025-01-27 05:00:00,124.80000305175781,128.39999389648438,116.69999694824219,118.41999816894531,118.11123657226562,818830900.0,124.47460659166907,128.06521102414737,116.39571998533557
2025-01-28 05:00:00,121.80999755859375,129.0,116.25,128.99000549316406,128.6536865234375,579666400.0,121.49239920882492,128.66365497133788,115.94689837533355
2025-01-29 05:00:00,126.5,126.88999938964844,120.05000305175781,123.69999694824219,123.3774642944336,467120600.0,126.17016667976266,126.55914919357254,119.73698731182846
2025-01-30 05:00:00,123.0999984741211,125.0,118.0999984741211,124.6500015258789,124.32499694824219,392925500.0,122.77903527699785,124.67408285834512,117.79207196266405
2025-01-31 05:00:00,123.77999877929688,127.8499984741211,119.19000244140625,120.06999969482422,119.7569351196289,388161100.0,123.45726093608867,127.51664871512425,118.8792323275003
2025-02-03 05:00:00,114.75,118.56999969482422,113.01000213623047,116.66000366210938,116.3558349609375,371235700.0,114.45081126895413,118.26085104341853,112.71535011762803
2025-02-04 05:00:00,116.95999908447266,121.19999694824219,116.69999694824219,118.6500015258789,118.34063720703125,256550000.0,116.65504122535879,120.88398385074507,116.39571701060105
2025-02-05 05:00:00,121.76000213623047,125.0,120.76000213623047,124.83000183105469,124.50453186035156,262230800.0,121.44253659311748,124.67408679210826,120.44514389878061
2025-02-06 05:00:00,127.41999816894531,128.77000427246094,125.20999908447266,128.67999267578125,128.34446716308594,251483600.0,127.08775801782105,128.43424405982125,124.8835213759819
2025-02-07 05:00:00,129.22000122070312,130.3699951171875,125.0,129.83999633789062,129.50144958496094,228186300.0,128.88307105233656,130.03006643749526,124.67407312607986
2025-02-10 05:00:00,130.08999633789062,135.0,129.9600067138672,133.57000732421875,133.2217559814453,216989100.0,129.75081827828257,134.64802029874645,129.6211675706223
2025-02-11 05:00:00,132.5800018310547,134.47999572753906,131.02000427246094,132.8000030517578,132.45375061035156,178902400.0,132.23432300379022,134.12936300336048,130.67839286199495
2025-02-12 05:00:00,130.02000427246094,132.24000549316406,129.0800018310547,131.13999938964844,130.79808044433594,160278600.0,129.68100547013307,131.89521852186024,128.7434538800678
2025-02-13 05:00:00,131.55999755859375,136.5,131.1699981689453,135.2899932861328,134.937255859375,197430000.0,131.2169852346524,136.14410776005724,130.8280026783839
2025-02-14 05:00:00,136.47999572753906,139.25,135.5,138.85000610351562,138.4879608154297,195479600.0,136.1241301373402,138.88691174540978,135.14668970558725
2025-02-18 05:00:00,141.27000427246094,143.44000244140625,137.92999267578125,139.39999389648438,139.03652954101562,219176600.0,140.90166414837108,143.06600437599374,137.57036112568994
2025-02-19 05:00:00,139.50999450683594,141.36000061035156,137.22000122070312,139.22999572753906,138.86697387695312,167536000.0,139.1462426003846,140.99142508356047,136.86222013681927
2025-02-20 05:00:00,140.02999877929688,140.66000366210938,136.7899932861328,140.11000061035156,139.74468994140625,143903600.0,139.6648967001902,140.29325896288867,136.43333891646114
2025-02-21 05:00:00,140.0399932861328,141.4600067138672,134.02999877929688,134.42999267578125,134.07949829101562,228217600.0,139.67487215272783,141.09118323158302,133.68054728393315
2025-02-24 05:00:00,136.55999755859375,138.58999633789062,130.0800018310547,130.27999877929688,129.94032287597656,251381100.0,136.20394796569565,138.22865397806314,129.74084737496105
2025-02-25 05:00:00,129.97999572753906,130.1999969482422,124.44000244140625,126.62999725341797,126.2998275756836,271428700.0,129.64109140603463,129.86051900489684,124.11554286315072
2025-02-26 05:00:00,129.99000549316406,133.72999572753906,128.49000549316406,131.27999877929688,130.93771362304688,322553800.0,129.6510837247691,133.38132271635274,128.1549946612343
2025-02-27 05:00:00,135.0,135.00999450683594,120.01000213623047,120.1500015258789,119.83673095703125,443175800.0,134.64801060127058,134.6579790491402,119.69709659183455
2025-02-28 05:00:00,118.0199966430664,125.08999633789062,116.4000015258789,124.91999816894531,124.59428405761719,389091100.0,117.71227346912306,124.76383897645573,116.09650229748219
2025-03-03 05:00:00,123.51000213623047,123.69999694824219,112.27999877929688,114.05999755859375,113.76260375976562,411381400.0,123.18796891235903,123.37746834229016,111.98724605192426
2025-03-04 05:00:00,110.6500015258789,119.30999755859375,110.11000061035156,115.98999786376953,115.68756866455078,398163300.0,110.36149568941593,118.99891188150963,109.82290275774469
2025-03-05 05:00:00,117.58000183105469,118.27999877929688,114.51000213623047,117.30000305175781,116.99415588378906,284337900.0,117.27342459632162,117.971596377653,114.2114295961939
2025-03-06 05:00:00,113.52999877929688,115.3499984741211,110.22000122070312,110.56999969482422,110.28170776367188,321181900.0,113.2339891683523,115.04924353236196,109.93262184934352
2025-03-07 05:00:00,111.25,113.4800033569336,107.55999755859375,112.69000244140625,112.39618682861328,341755500.0,110.9599388924034,113.18412798197828,107.27955736061682
2025-03-10 04:00:00,109.9000015258789,111.8499984741211,105.45999908447266,106.9800033569336,106.70106506347656,366487400.0,109.61344966651625,111.5583622176382,105.18502403072868
2025-03-11 04:00:00,106.98999786376953,112.23999786376953,104.7699966430664,108.76000213623047,108.4764175415039,354865700.0,106.71102843945867,111.94733940770921,104.4968157267925
2025-03-12 04:00:00,114.12000274658203,116.76000213623047,112.87999725341797,115.73999786376953,115.44884490966797,323857500.0,113.83292501602207,116.46628328215824,112.59603885298675
2025-03-13 04:00:00,117.02999877929688,117.76000213623047,113.79000091552734,115.58000183105469,115.28924560546875,299033100.0,116.73559490158165,117.46376184203,113.50374766538481
2025-03-14 04:00:00,118.61000061035156,121.87999725341797,118.1500015258789,121.66999816894531,121.36392211914062,277593500.0,118.31162236591584,121.57339292473429,117.85278046649132
2025-03-17 04:00:00,122.73999786376953,122.88999938964844,118.02999877929688,119.52999877929688,119.22930908203125,255501500.0,122.43123309193861,122.58085727393843,117.73308248243704
2025-03-18 04:00:00,118.0,119.0199966430664,114.54000091552734,115.43000030517578,115.13961791992188,299686900.0,117.70315237486467,118.72058305537905,114.25185746421572
2025-03-19 04:00:00,117.2699966430664,120.44999694824219,115.68000030517578,117.5199966430664,117.22434997558594,273426200.0,116.97497890401499,120.14697923880557,115.38898254172027
2025-03-20 04:00:00,116.55000305175781,120.19999694824219,116.47000122070312,118.52999877929688,118.23181915283203,248829700.0,116.25680439544837,119.89761619602571,116.17700382075364
2025-03-21 04:00:00,116.94000244140625,117.98999786376953,115.41999816894531,117.69999694824219,117.4039077758789,266498500.0,116.64582513098318,117.6931791575635,115.1296446207881
2025-03-24 04:00:00,119.87999725341797,122.22000122070312,119.33999633789062,121.41000366210938,121.10458374023438,228452500.0,119.57842622721644,121.91254366285413,119.03978374206928
2025-03-25 04:00:00,120.55000305175781,121.29000091552734,118.91999816894531,120.69000244140625,120.38639831542969,167447200.0,120.24675110401866,120.9848874515059,118.6208466122723
2025-03-26 04:00:00,118.7300033569336,118.83999633789062,112.70999908447266,113.76000213623047,113.47382354736328,293463300.0,118.4313220614094,118.5410383402261,112.42646191953317
2025-03-27 04:00:00,111.3499984741211,114.44999694824219,110.66000366210938,111.43000030517578,111.14968872070312,236902100.0,111.06988814101668,114.1620883069464,110.3816290692769
2025-03-28 04:00:00,111.48999786376953,112.87000274658203,109.06999969482422,109.66999816894531,109.39411926269531,229872500.0,111.20954068147716,112.58607411134861,108.79563010676111
2025-03-31 04:00:00,105.12999725341797,110.95999908447266,103.6500015258789,108.37999725341797,108.10736083984375,299212700.0,104.86553641067388,110.68087252083329,103.38926370156523
2025-04-01 04:00:00,108.5199966430664,110.19999694824219,106.47000122070312,110.1500015258789,109.87291717529297,222614000.0,108.2470125996811,109.92278683325367,106.20217397842941
2025-04-02 04:00:00,107.29000091552734,111.9800033569336,106.79000091552734,110.41999816894531,110.14222717285156,220601200.0,107.02010369655069,111.69830803370559,106.52136148952614
2025-04-03 04:00:00,103.51000213623047,105.62999725341797,101.5999984741211,101.80000305175781,101.5439224243164,338769400.0,103.24961996040646,105.36428217323731,101.34442096353821
2025-04-04 04:00:00,98.91000366210938,100.12999725341797,92.11000061035156,94.30999755859375,94.07275390625,532273800.0,98.66118836013088,99.87811296890389,91.87829121020437
2025-04-07 04:00:00,87.45999908447266,101.75,86.62000274658203,97.63999938964844,97.39437103271484,611041300.0,87.23998007579976,101.49403230771996,86.40209687721266
2025-04-08 04:00:00,103.80999755859375,105.8499984741211,94.45999908447266,96.30000305175781,96.05775451660156,476243400.0,103.54885717389794,105.58372634261488,94.2223791915971
2025-04-09 04:00:00,98.88999938964844,115.0999984741211,97.52999877929688,114.33000183105469,114.04238891601562,612918300.0,98.64122793388745,114.81044852614636,97.28464859296416
2025-04-10 04:00:00,109.37000274658203,110.86000061035156,99.1500015258789,107.56999969482422,107.29939270019531,437812400.0,109.09486759895934,110.58111717003517,98.9005761841806
2025-04-11 04:00:00,108.5,111.55000305175781,107.4800033569336,110.93000030517578,110.65093994140625,313417300.0,108.22705265135043,111.26938298194372,107.20962195648086
2025-04-14 04:00:00,114.11000061035156,114.29000091552734,109.06999969482422,110.70999908447266,110.4314956665039,264705000.0,113.82294410726054,114.00249160148302,108.79562187923341
2025-04-15 04:00:00,110.97000122070312,113.62000274658203,110.5,112.19999694824219,111.9177474975586,228966900.0,110.69084593782598,113.33418114021705,110.22202704858428
2025-04-16 04:00:00,104.55000305175781,106.79000091552734,100.44999694824219,104.48999786376953,104.2271499633789,397016900.0,104.28700420641553,106.52136728458446,100.19731179816195
2025-04-17 04:00:00,104.44999694824219,104.47000122070312,100.05000305175781,101.48999786376953,101.23468780517578,292517500.0,104.1872406628714,104.20719461222582,99.79831546993584
2025-04-21 04:00:00,98.7699966430664,99.44000244140625,95.04000091552734,96.91000366210938,96.66622161865234,288501100.0,98.52153569265882,99.18985605733366,94.80092295909544
2025-04-22 04:00:00,98.77999877929688,99.80999755859375,97.27999877929688,98.88999938964844,98.64122772216797,241004800.0,98.53150383378456,99.55891150664588,97.03527729423074
2025-04-23 04:00:00,104.5199966430664,104.80000305175781,102.0199966430664,102.70999908447266,102.45162200927734,247526000.0,104.25706634151078,104.53636836662163,101.76335533667917
2025-04-24 04:00:00,103.4800033569336,106.54000091552734,103.11000061035156,106.43000030517578,106.1622543334961,220815000.0,103.21967869312851,106.27197821529161,102.85060676252529
2025-04-25 04:00:00,106.8499984741211,111.91999816894531,105.7300033569336,111.01000213623047,110.73075866699219,251064700.0,106.58121941198394,111.6384656226484,105.46404162040706
2025-04-28 04:00:00,109.69000244140625,110.37000274658203,106.0199966430664,108.7300033569336,108.45647430419922,207708500.0,109.41405834561021,110.09234799288485,105.75328507903306
2025-04-29 04:00:00,107.66999816894531,110.19999694824219,107.44000244140625,109.0199966430664,108.74574279785156,170444300.0,107.39914041879526,109.92277466025524,107.16972327513623
2025-04-30 04:00:00,104.47000122070312,108.91999816894531,104.08000183105469,108.91999816894531,108.64599609375,235044600.0,104.20719367744803,108.64599609375,103.81817538074749
2025-05-01 04:00:00,113.08000183105469,114.94000244140625,111.30000305175781,111.61000061035156,111.32923126220703,236121500.0,112.79553450528941,114.6508560442669,111.02001354244473
2025-05-02 04:00:00,114.18000030517578,115.4000015258789,113.37000274658203,114.5,114.21196746826172,190194800.0,113.8927727544179,115.10970497913567,113.08481279973248
2025-05-05 04:00:00,112.91000366210938,114.66999816894531,112.66000366210938,113.81999969482422,113.53367614746094,133163200.0,112.62596928442517,114.38153638068397,112.3765981799359
2025-05-06 04:00:00,111.4800033569336,114.73999786376953,110.81999969482422,113.54000091552734,113.25439453125,158525600.0,111.19957883323038,114.4513729240336,110.54123539005728
2025-05-07 04:00:00,113.05000305175781,117.68000030517578,112.27999877929688,117.05999755859375,116.76553344726562,206758800.0,112.76562607090563,117.38397657859393,111.99755874213628
2025-05-08 04:00:00,118.25,118.68000030517578,115.8499984741211,117.37000274658203,117.07474517822266,198428100.0,117.95252869863282,118.38144728921775,115.55856464909375
2025-05-09 04:00:00,117.3499984741211,118.2300033569336,115.20999908447266,116.6500015258789,116.35655975341797,132972200.0,117.05479580716789,117.9325869721132,114.92017974547274
2025-05-12 04:00:00,121.97000122070312,123.0,120.27999877929688,123.0,122.69058227539062,225023300.0,121.66317455201767,122.69058227539062,119.9774234659773
2025-05-13 04:00:00,124.9800033569336,131.22000122070312,124.47000122070312,129.92999267578125,129.6031494140625,330430100.0,124.66561195964681,130.88991289915035,124.15689275092413
2025-05-14 04:00:00,133.1999969482422,135.44000244140625,131.67999267578125,135.33999633789062,134.99954223632812,281180800.0,132.8649261154048,135.099296769805,131.34874548490453
2025-05-15 04:00:00,134.2899932861328,136.3000030517578,132.66000366210938,134.8300018310547,134.49081420898438,226632600.0,133.9521641466833,135.9571173935552,132.32627503661865
2025-05-16 04:00:00,136.22000122070312,136.35000610351562,133.4600067138672,135.39999389648438,135.0593719482422,226542500.0,135.87731640314823,136.00699423634137,133.12426513669956
2025-05-19 04:00:00,132.38999938964844,135.8699951171875,132.38999938964844,135.57000732421875,135.2289581298828,193154600.0,132.05695004104146,135.52819125301625,132.05695004104146
2025-05-20 04:00:00,134.2899932861328,134.5800018310547,132.6199951171875,134.3800048828125,134.04196166992188,161514200.0,133.95217650431997,134.24145551049554,132.286379343903
2025-05-21 04:00:00,133.05999755859375,137.39999389648438,130.58999633789062,131.8000030517578,131.46844482421875,270608700.0,132.72526966841644,137.0543482410567,130.26148202288624
2025-05-22 04:00:00,132.22999572753906,134.25,131.5500030517578,132.8300018310547,132.495849609375,187344000.0,131.89735290411087,133.9122755767364,131.21907084385478
2025-05-23 04:00:00,130.0,132.67999267578125,129.16000366210938,131.2899932861328,130.959716796875,198821300.0,129.67296865108418,132.3462194682512,128.8350854296202
2025-05-27 04:00:00,134.14999389648438,135.66000366210938,133.30999755859375,135.5,135.15914916992188,192953600.0,133.81253901253905,135.31875034213425,132.97465568903243
2025-05-28 04:00:00,136.02999877929688,137.25,134.7899932861328,134.80999755859375,134.4708709716797,304021100.0,135.68780317037033,136.904735369061,134.45091702175245
2025-05-29 04:00:00,142.25,143.49000549316406,137.91000366210938,139.19000244140625,138.83985900878906,369241900.0,141.8921589021039,143.12904506361895,137.56308016740775
2025-05-30 04:00:00,138.72000122070312,139.6199951171875,132.9199981689453,135.1300048828125,134.79006958007812,333170900.0,138.37103486307464,139.26876471984463,132.58562239610197
2025-06-02 04:00:00,135.49000549316406,138.1199951171875,135.39999389648438,137.3800048828125,137.03440856933594,197663100.0,135.14916370580715,137.7725372671851,135.05937854437917
2025-06-03 04:00:00,138.77999877929688,142.0,137.9499969482422,141.22000122070312,140.86474609375,225578800.0,138.43088175862894,141.64278269656361,137.60296789247522
2025-06-04 04:00:00,142.19000244140625,142.38999938964844,139.5399932861328,141.9199981689453,141.56297302246094,167120800.0,141.83229805086768,142.03179187100486,139.1889554677409
2025-06-05 04:00:00,142.1699981689453,144.0,138.8300018310547,139.99000549316406,139.63783264160156,231397900.0,141.8123411098902,143.63773920540723,138.4807472006614
2025-06-06 04:00:00,142.50999450683594,143.27000427246094,141.50999450683594,141.72000122070312,141.36349487304688,153986200.0,142.1515008770834,142.9095987862069,141.15401644541944
2025-06-09 04:00:00,143.19000244140625,145.0,141.94000244140625,142.6300048828125,142.27122497558594,185114500.0,142.82981388336822,144.63525846759526,141.58295820692342
2025-06-10 04:00:00,142.69000244140625,144.2899932861328,141.52999877929688,143.9600067138672,143.59786987304688,155881900.0,142.33106034435926,143.92702635161132,141.17397471532814
2025-06-11 04:00:00,144.61000061035156,144.99000549316406,141.8699951171875,142.8300018310547,142.48060607910156,167694000.0,144.25625056305435,144.6353258646159,141.52294776727436
2025-06-12 04:00:00,141.97000122070312,145.0,141.85000610351562,145.0,144.64527893066406,162365000.0,141.62269259555393,144.64527893066406,141.50299102868564
2025-06-13 04:00:00,142.47999572753906,143.5800018310547,140.85000610351562,141.97000122070312,141.62269592285156,180820600.0,142.13144281545507,143.22875794239724,140.50544068193668
2025-06-16 04:00:00,143.35000610351562,146.17999267578125,143.1999969482422,144.69000244140625,144.33604431152344,183133700.0,142.9993260342438,145.82238955213242,142.84968384945327
2025-06-17 04:00:00,144.49000549316406,145.22000122070312,143.77999877929688,144.1199951171875,143.7674102783203,139108000.0,144.13651543605366,144.86472525299953,143.42824573031362
2025-06-18 04:00:00,144.00999450683594,145.64999389648438,143.1199951171875,145.47999572753906,145.12411499023438,161494100.0,143.65770976302605,145.29369730081095,142.76988753620614
2025-06-20 04:00:00,145.4499969482422,146.1999969482422,142.64999389648438,143.85000610351562,143.4980926513672,242956200.0,145.09416929186932,145.84233449814036,142.30101614416546
2025-06-23 04:00:00,142.5,144.77999877929688,142.02999877929688,144.1699981689453,143.8173065185547,154308900.0,142.1513937655616,144.42581484809375,141.68254233682853
2025-06-24 04:00:00,145.55999755859375,147.9600067138672,145.5,147.89999389648438,147.53817749023438,187566100.0,145.20390562225958,147.59804349475166,145.1440548392029
2025-06-25 04:00:00,149.27000427246094,154.4499969482422,149.25999450683594,154.30999755859375,153.93251037597656,269146500.0,148.90484638085596,154.07216728635598,148.8948611020321
2025-06-26 04:00:00,155.97999572753906,156.72000122070312,154.0,155.02000427246094,154.64077758789062,198145700.0,155.59842060814296,156.33661581991106,153.6232685600938
2025-06-27 04:00:00,156.0399932861328,158.7100067138672,155.25999450683594,157.75,157.36407470703125,263234500.0,155.65825141530053,158.32173282582838,154.88016085316636
2025-06-30 04:00:00,158.39999389648438,158.66000366210938,155.9600067138672,157.99000549316406,157.603515625,194580300.0,158.01250107649778,158.2718747820143,155.57848281781088
2025-07-01 04:00:00,156.2899932861328,157.1999969482422,151.49000549316406,153.3000030517578,152.92498779296875,213143600.0,155.9076636637482,156.81544119896878,151.1194180014287
2025-07-02 04:00:00,152.97999572753906,157.60000610351562,152.97000122070312,157.25,156.86532592773438,171224100.0,152.60576718743292,157.2144758260153,152.5957971297394
2025-07-03 04:00:00,158.3699951171875,160.97999572753906,157.77000427246094,159.33999633789062,158.95021057128906,143716100.0,157.98258221790178,160.5861981093371,157.38405910191088
2025-07-07 04:00:00,158.1999969482422,159.30999755859375,157.33999633789062,158.24000549316406,157.85289001464844,140139000.0,157.81297934590498,158.92026447090194,156.95508262544374
2025-07-08 04:00:00,159.3300018310547,160.22000122070312,158.38999938964844,160.0,159.6085968017578,138133000.0,158.9402376292259,159.8280598400772,158.00253468758166
2025-07-09 04:00:00,161.22000122070312,164.4199981689453,161.16000366210938,162.8800048828125,162.48155212402344,183656400.0,160.8256093227867,164.01777813022636,160.7657585360006
2025-07-10 04:00:00,164.32000732421875,164.5,161.61000061035156,164.10000610351562,163.6985626220703,167704100.0,163.91802564623063,164.0975779997467,161.214648514871
2025-07-11 04:00:00,163.72000122070312,167.88999938964844,163.47000122070312,164.9199981689453,164.51654052734375,193633300.0,163.31947923241253,167.47927598463818,163.07009082840767
2025-07-14 04:00:00,165.3699951171875,165.49000549316406,162.02000427246094,164.07000732421875,163.6686248779297,136975800.0,164.96543236823985,165.08514914967665,161.62363697338392
2025-07-15 04:00:00,171.19000244140625,172.39999389648438,169.1999969482422,170.6999969482422,170.28240966796875,230627400.0,170.77121644956358,171.97824787505814,168.78607915204378
2025-07-16 04:00:00,171.05999755859375,171.75,168.89999389648438,171.3699951171875,170.95077514648438,158831500.0,170.64153593048928,171.32985042878116,168.4868162544787
2025-07-17 04:00:00,172.02000427246094,174.16000366210938,170.8300018310547,173.0,172.57679748535156,160841100.0,171.59919907952485,173.73396348002274,170.41210769028996
2025-07-18 04:00:00,173.63999938964844,174.25,171.25999450683594,172.41000366210938,171.9882354736328,146456400.0,173.21522225123383,173.8237306114437,170.841039596405
2025-07-21 04:00:00,172.75,173.3800048828125,171.0,171.3800048828125,170.9607696533203,123126100.0,172.32741344479308,172.9558771895842,170.58169435056217
2025-07-22 04:00:00,171.33999633789062,171.38999938964844,164.5800018310547,167.02999877929688,166.6213836669922,193114300.0,170.9208374301641,170.97071815657463,164.17738028748298
2025-07-23 04:00:00,169.52999877929688,171.25999450683594,167.97000122070312,170.77999877929688,170.36221313476562,154082200.0,169.1152710575868,170.84103463039327,167.55908978070133
2025-07-24 04:00:00,172.44000244140625,173.8300018310547,171.3000030517578,173.74000549316406,173.3149871826172,128984600.0,172.01816431437092,173.40476336343244,170.88095369299285
2025-07-25 04:00:00,173.61000061035156,174.72000122070312,172.9600067138672,173.5,173.0755615234375,122316800.0,173.18529303585547,174.29257821699642,172.53688923976992
2025-07-28 04:00:00,174.02000427246094,177.0,173.97000122070312,176.75,176.31761169433594,140023500.0,173.594294429185,176.56700011257405,173.54441370124516
2025-07-29 04:00:00,177.9600067138672,179.3800048828125,175.02000427246094,175.50999450683594,175.0806427001953,154077500.0,177.52466141853475,178.9411858321479,174.5918511336965
2025-07-30 04:00:00,176.50999450683594,179.88999938964844,176.0399932861328,179.27000427246094,178.83145141601562,174312200.0,176.07819353379378,179.4499298230835,175.60934208925488
2025-07-31 04:00:00,182.89999389648438,183.3000030517578,175.92999267578125,177.8699951171875,177.43487548828125,221685400.0,182.45256948733228,182.85160010862035,175.49961883405416
2025-08-01 04:00:00,174.08999633789062,176.5399932861328,170.88999938964844,173.72000122070312,173.29502868652344,204529000.0,173.6641186818972,176.1081221843386,170.47194991004753
2025-08-04 04:00:00,175.16000366210938,180.1999969482422,174.52000427246094,180.0,179.55966186523438,148174600.0,174.7315057215643,179.75916955634796,174.09307197712414
2025-08-05 04:00:00,179.6199951171875,180.25999450683594,175.89999389648438,178.25999450683594,177.8239288330078,156407600.0,179.18060256351626,179.81903636484594,175.4697013365803
2025-08-06 04:00:00,176.3300018310547,179.89999389648438,176.25,179.4199981689453,178.98106384277344,137192300.0,175.89862689332494,179.45988530544022,175.81882077930385
2025-08-07 04:00:00,181.57000732421875,183.8800048828125,178.8000030517578,180.77000427246094,180.32777404785156,151878400.0,181.12581999654523,183.43016644757114,178.36259217804582
2025-08-08 04:00:00,181.5500030517578,183.3000030517578,180.39999389648438,182.6999969482422,182.2530517578125,123396700.0,181.10587113034643,182.85159004607542,179.95867528141937
2025-08-11 04:00:00,182.0500030517578,183.83999633789062,180.25,182.05999755859375,181.6146240234375,138323200.0,181.6046539661726,183.39026839012567,179.80905426349312
2025-08-12 04:00:00,182.9600067138672,184.47999572753906,179.4600067138672,183.16000366210938,182.71192932128906,145485700.0,182.51242163652668,184.02869221788941,179.0209838780724
2025-08-13 04:00:00,182.6199951171875,183.97000122070312,179.35000610351562,181.58999633789062,181.14576721191406,179871700.0,182.1732462738988,183.51994981646104,178.9112567337155
2025-08-14 04:00:00,179.75,183.02000427246094,179.4600067138672,182.02000427246094,181.57472229003906,129554000.0,179.3102712094187,182.57227595462552,179.02098734413144
2025-08-15 04:00:00,181.8800048828125,181.89999389648438,178.0399932861328,180.4499969482422,180.00857543945312,156602200.0,181.43508525115985,181.45502536718294,177.6044671914236
2025-08-18 04:00:00,180.60000610351562,182.94000244140625,180.58999633789062,182.00999450683594,181.5647430419922,132008000.0,180.15820389652,182.49247589603021,180.14821861780752
2025-08-19 04:00:00,182.42999267578125,182.5,175.49000549316406,175.63999938964844,175.2103271484375,185229200.0,181.98370991508045,182.0535459787435,175.06070018553257
2025-08-20 04:00:00,175.1699981689453,176.0,168.8000030517578,175.39999389648438,174.97091674804688,215142700.0,174.74148365399904,175.5694550698242,168.38707131580557
2025-08-21 04:00:00,174.85000610351562,176.89999389648438,173.80999755859375,174.97999572753906,174.55194091796875,140040900.0,174.42226928848822,176.4672421817212,173.38480492387563
2025-08-22 04:00:00,172.61000061035156,178.58999633789062,171.1999969482422,177.99000549316406,177.55458068847656,172789400.0,172.1877371490149,178.15310374912357,170.78118284108405
2025-08-25 04:00:00,178.35000610351562,181.91000366210938,176.57000732421875,179.80999755859375,179.3701171875,163012800.0,177.91369740024777,181.46498591558236,176.13805314258047
2025-08-26 04:00:00,180.05999755859375,182.38999938964844,178.80999755859375,181.77000427246094,181.32533264160156,168688200.0,179.61950918930867,181.94381103857447,178.37256711704984
2025-08-27 04:00:00,181.97999572753906,182.49000549316406,179.10000610351562,181.60000610351562,181.15574645996094,235518900.0,181.53480649120215,182.04356858750407,178.6618623689453
2025-08-28 04:00:00,180.82000732421875,184.47000122070312,176.41000366210938,180.1699981689453,179.729248046875,281787800.0,180.37766708382995,184.01873199506826,175.97845161993425
2025-08-29 04:00:00,178.11000061035156,178.14999389648438,173.14999389648438,174.17999267578125,173.75389099121094,243257900.0,177.67428483075477,177.714180280125,172.72641192849127
2025-09-02 04:00:00,170.0,172.3800048828125,167.22000122070312,170.77999877929688,170.36221313476562,231164900.0,169.58412249632292,171.9583050821389,166.81092453439402
2025-09-03 04:00:00,171.05999755859375,172.41000366210938,168.8800048828125,170.6199951171875,170.20262145996094,164424900.0,170.6415475595936,171.98825125424256,168.4668876205481
2025-09-04 04:00:00,170.57000732421875,171.86000061035156,169.41000366210938,171.66000366210938,171.2400665283203,141670100.0,170.15273668191406,171.43957421789176,168.99557077235426
2025-09-05 04:00:00,168.02999877929688,169.02999877929688,164.07000732421875,167.02000427246094,166.61141967773438,224441400.0,167.61894341349083,168.61649709218636,163.66863936987482
2025-09-08 04:00:00,167.5500030517578,170.9600067138672,167.35000610351562,168.30999755859375,167.8982696533203,163769100.0,167.140134281122,170.54179623040895,166.94062657490792
2025-09-09 04:00:00,169.08999633789062,170.97999572753906,166.74000549316406,170.75999450683594,170.34225463867188,157548400.0,168.6763418810487,170.5617176578999,166.3320999523285
2025-09-10 04:00:00,176.63999938964844,179.2899932861328,175.47000122070312,177.3300018310547,176.89620971679688,226852000.0,176.20789518840485,178.851406558282,175.04075911822534
2025-09-11 04:00:00,179.67999267578125,180.27999877929688,176.47999572753906,177.1699981689453,176.74655151367188,151159300.0,179.25054698686972,179.84911904071384,176.05819821844705
2025-09-12 04:00:00,177.77000427246094,178.60000610351562,176.4499969482422,177.82000732421875,177.39498901367188,124911000.0,177.34510547722002,178.1731234709029,176.02825318201792
2025-09-15 04:00:00,175.6699981689453,178.85000610351562,174.50999450683594,177.75,177.3251495361328,147061600.0,175.25011923668302,178.4225264520066,174.0928881658194
2025-09-16 04:00:00,177.0,177.5,174.3800048828125,174.8800048828125,174.46202087402344,140737800.0,176.5769489507663,177.0757538913052,173.96321593348455
2025-09-17 04:00:00,172.63999938964844,173.1999969482422,168.41000366210938,170.2899932861328,169.88299560546875,211843800.0,172.22738513096226,172.78604428027472,168.0074992073941
2025-09-18 04:00:00,173.97999572753906,177.10000610351562,172.9600067138672,176.24000549316406,175.81878662109375,191763300.0,173.56417834624654,176.67673180432445,172.54662713675344
2025-09-19 04:00:00,175.77000427246094,178.0800018310547,175.17999267578125,176.6699981689453,176.2477264404297,237182100.0,175.34988368438943,177.65435995090164,174.76128231706025
2025-09-22 04:00:00,175.3000030517578,184.5500030517578,174.7100067138672,183.61000061035156,183.17117309570312,269637000.0,174.8810364137678,184.1089289332547,174.29245016588177
2025-09-23 04:00:00,181.97000122070312,182.4199981689453,176.2100067138672,178.42999267578125,178.0035400390625,192559600.0,181.53508786527138,181.98400930831284,175.78885990523673
2025-09-24 04:00:00,179.77000427246094,179.77999877929688,175.39999389648438,176.97000122070312,176.54701232910156,143564100.0,179.34032288959435,179.35029350783142,174.9807575937583
2025-09-25 04:00:00,174.47999572753906,180.25999450683594,173.1300048828125,177.69000244140625,177.26531982421875,191586700.0,174.06298508983102,179.82916955782613,172.71622074990066
2025-09-26 04:00:00,178.1699981689453,179.77000427246094,174.92999267578125,178.19000244140625,177.7641143798828,148573700.0,177.74415791919978,179.3403398828169,174.51189629291883
2025-09-29 04:00:00,180.42999267578125,184.0,180.32000732421875,181.85000610351562,181.41537475585938,193063500.0,179.99875523700084,183.56023005067578,179.88903275637574
2025-09-30 04:00:00,182.0800018310547,187.35000610351562,181.47999572753906,186.5800018310547,186.13404846191406,236981000.0,181.64480411708308,186.9022123120565,181.04623211551163
2025-10-01 04:00:00,185.24000549316406,188.13999938964844,183.89999389648438,187.24000549316406,186.79249572753906,173844900.0,184.7972757932568,187.69033860903804,183.46046686832446
2025-10-02 04:00:00,189.60000610351562,191.0500030517578,188.05999755859375,188.88999938964844,188.43853759765625,136805800.0,189.146847340247,190.59337868298996,187.6105195355423
2025-10-03 04:00:00,189.19000244140625,190.36000061035156,185.3800048828125,187.6199951171875,187.1715545654297,137596900.0,188.7378093314507,189.90501102540352,184.93691825112066
2025-10-06 04:00:00,185.5,187.22999572753906,183.3300018310547,185.5399932861328,185.09654235839844,157678100.0,185.0566446584491,186.78250559975277,182.8918329061041
2025-10-07 04:00:00,186.22999572753906,189.05999755859375,184.0,185.0399932861328,184.5977325439453,140088000.0,185.78489078203316,188.6081286768816,183.56022492696124
2025-10-08 04:00:00,186.57000732421875,189.60000610351562,186.5399932861328,189.11000061035156,188.6580047607422,130168900.0,186.12408236678675,189.14683908131633,186.09414006589398
2025-10-09 04:00:00,192.22999572753906,195.3000030517578,191.05999755859375,192.57000732421875,192.1097412109375,182997200.0,191.77054228398893,194.83321191134357,190.60334055524348
2025-10-10 04:00:00,193.50999450683594,195.6199951171875,182.0500030517578,183.16000366210938,182.7222442626953,268774400.0,193.04749823427522,195.15245586263575,181.61489659616785
2025-10-13 04:00:00,187.97000122070312,190.11000061035156,185.9600067138672,188.32000732421875,187.86990356445312,153482800.0,187.52073401073042,189.65561858658472,185.51554359294212
2025-10-14 04:00:00,184.77000427246094,184.8000030517578,179.6999969482422,180.02999877929688,179.59971618652344,205641400.0,184.32839277968645,184.35831986008523,179.2705030798172
2025-10-15 04:00:00,184.8000030517578,184.8699951171875,177.2899932861328,179.8300018310547,179.4001922607422,214450500.0,184.35831474003746,184.42813951825556,176.86625456034105
2025-10-16 04:00:00,182.22999572753906,183.27999877929688,179.77000427246094,181.80999755859375,181.37545776367188,179723300.0,181.79445210488134,182.84194556906473,179.34034021746592
2025-10-17 04:00:00,180.17999267578125,184.10000610351562,179.75,183.22000122070312,182.78208923339844,173135200.0,179.74934657743225,183.65999082680747,179.3203816221287
2025-10-20 04:00:00,183.1300048828125,185.1999969482422,181.72999572753906,182.63999938964844,182.2034912109375,128544700.0,182.69232559478218,184.75737039526743,181.29566245050626
2025-10-21 04:00:00,182.7899932861328,182.7899932861328,179.8000030517578,181.16000366210938,180.72702026367188,124240200.0,182.35311411361405,182.35311411361405,179.37027013728058
2025-10-22 04:00:00,181.13999938964844,183.44000244140625,176.75999450683594,180.27999877929688,179.84910583496094,162249600.0,180.7070509305708,183.00155667206866,176.33751483638122
2025-10-23 04:00:00,180.4199981689453,183.02999877929688,179.7899932861328,182.16000366210938,181.72462463378906,111363700.0,179.988777912505,182.59254038327154,179.3602787988416
2025-10-24 04:00:00,183.83999633789062,187.47000122070312,183.5,186.25999450683594,185.81480407714844,131296700.0,183.40059008116805,187.0219186862977,183.06140638753934
2025-10-27 04:00:00,189.99000549316406,192.0,188.42999267578125,191.49000549316406,191.03231811523438,153452700.0,189.53590332097463,191.54109366524804,187.97961914819697
2025-10-28 04:00:00,193.0500030517578,203.14999389648438,191.91000366210938,201.02999877929688,200.54953002929688,297986200.0,192.58860677151606,202.6644582837766,191.45133202040452
2025-10-29 04:00:00,207.97999572753906,212.19000244140625,204.77999877929688,207.0399932861328,206.545166015625,308829600.0,207.482921843539,211.6828666070652,204.29057291407037
2025-10-30 04:00:00,205.14999389648438,206.16000366210938,201.41000366210938,202.88999938964844,202.4050750732422,178864400.0,204.65966800141675,205.66726375798942,200.9286166610889
2025-10-31 04:00:00,206.4499969482422,207.97000122070312,202.07000732421875,202.49000549316406,202.00604248046875,179802200.0,205.95656932325562,207.4729406961805,201.5870481318289
2025-11-03 05:00:00,208.0800018310547,211.33999633789062,205.55999755859375,206.8800048828125,206.38552856445312,180267300.0,207.58265732795536,210.83485992622803,205.068676268978
2025-11-04 05:00:00,203.0,203.97000122070312,197.92999267578125,198.69000244140625,198.21510314941406,188919300.0,202.51479915904252,203.48248192945988,197.4569099225941
2025-11-05 05:00:00,198.77000427246094,202.9199981689453,194.64999389648438,195.2100067138672,194.74343872070312,171350300.0,198.29492759193732,202.43500266122365,194.18476438007542
2025-11-06 05:00:00,196.4199981689453,197.6199951171875,186.3800048828125,188.0800018310547,187.6304931640625,223029800.0,195.9505570232203,197.14768599494536,185.93455918559198
2025-11-07 05:00:00,184.89999389648438,188.32000732421875,178.91000366210938,188.14999389648438,187.70030212402344,264942300.0,184.45806985353664,187.86990920765928,178.4823961188316
2025-11-10 05:00:00,195.11000061035156,199.94000244140625,193.7899932861328,199.0500030517578,198.5742645263672,198897100.0,194.6436788693004,199.46213677715232,193.32682642239038
2025-11-11 05:00:00,195.16000366210938,195.4199981689453,191.3000030517578,193.16000366210938,192.69833374023438,176483300.0,194.69355355890158,194.9529266552934,190.84277869998112
2025-11-12 05:00:00,195.72000122070312,195.88999938964844,191.1300048828125,193.8000030517578,193.3367919921875,154935300.0,195.2522010776849,195.42179292552225,190.67317551912151
2025-11-13 05:00:00,191.0500030517578,191.44000244140625,183.85000610351562,186.86000061035156,186.41339111328125,207423100.0,190.59337913278358,190.9824463944715,183.41059072037282
2025-11-14 05:00:00,182.86000061035156,191.00999450683594,180.5800018310547,190.1699981689453,189.71546936035156,186591900.0,182.42294356130517,190.55345800755302,180.14839424900484
2025-11-17 05:00:00,185.97000122070312,189.0,184.32000732421875,186.60000610351562,186.15402221679688,173628900.0,185.52552307898492,188.54828000089623,183.87947275520656
2025-11-18 05:00:00,183.3800048828125,184.8000030517578,179.64999389648438,181.36000061035156,180.92652893066406,213598900.0,182.94170515591497,184.35830936263392,179.22060933347112
2025-11-19 05:00:00,184.7899932861328,187.86000061035156,182.8300018310547,186.52000427246094,186.07420349121094,247246400.0,184.3483273978252,187.41099710874653,182.39302051116815
2025-11-20 05:00:00,195.9499969482422,196.0,179.85000610351562,180.63999938964844,180.208251953125,343504800.0,195.4816571057099,195.53154064523628,179.42014682895694
2025-11-21 05:00:00,181.24000549316406,184.55999755859375,172.92999267578125,178.8800048828125,178.45245361328125,346926200.0,180.80681345200097,184.11887021564362,172.51666286870193
2025-11-24 05:00:00,179.49000549316406,183.5,176.47999572753906,182.5500030517578,182.11367797851562,256618300.0,179.06099432644913,183.0614042749852,176.05817898815633
2025-11-25 05:00:00,174.91000366210938,178.16000366210938,169.5500030517578,177.82000732421875,177.39498901367188,320600300.0,174.49194072660026,177.73417270583553,169.14475137656873
2025-11-26 05:00:00,181.6300048828125,182.91000366210938,178.24000549316406,180.25999450683594,179.8291473388672,183852000.0,181.1958831941039,182.4728225932506,177.81398638784032
2025-11-28 05:00:00,179.00999450683594,179.2899932861328,176.5,177.0,176.5769500732422,121332800.0,178.5821404669205,178.86147001761242,176.07814512953246
2025-12-01 05:00:00,174.75999450683594,180.3000030517578,173.67999267578125,179.9199981689453,179.489990234375,188131000.0,174.34231895632354,179.8690869073362,173.26489832447646
2025-12-02 05:00:00,181.75999450683594,185.66000366210938,180.0,181.4600067138672,181.02630615234375,182632200.0,181.32557695606172,185.2162648499111,179.56978894419797
2025-12-03 05:00:00,181.0800018310547,182.4499969482422,179.11000061035156,179.58999633789062,179.1607666015625,165138000.0,180.6472109015755,182.01393165685582,178.68191808959097
2025-12-04 05:00:00,181.6199951171875,184.52000427246094,179.9600067138672,183.3800048828125,182.95188903808594,167364900.0,181.19598816136636,184.08922700452197,179.53987513877786
2025-12-05 05:00:00,183.88999938964844,184.66000366210938,180.91000366210938,182.41000366210938,181.98416137695312,143971100.0,183.46070200471706,184.22890867632069,180.48766317737477
2025-12-08 05:00:00,182.63999938964844,188.0,182.39999389648438,185.5500030517578,185.11683654785156,204378100.0,182.213626289633,187.56111397793046,181.9741810893209
2025-12-09 05:00:00,185.55999755859375,185.72000122070312,183.32000732421875,184.97000122070312,184.53817749023438,144719700.0,185.12679644575,185.2864265695677,182.89203560496765
2025-12-10 05:00:00,184.97000122070312,185.47999572753906,182.0399932861328,183.77999877929688,183.35096740722656,162785400.0,184.53819180758595,185.0469957406681,181.61502392815055
2025-12-11 05:00:00,180.27999877929688,181.32000732421875,176.6199951171875,180.92999267578125,180.50759887695312,182136600.0,179.85912243695617,180.89670300875093,176.20766331092784
2025-12-12 05:00:00,181.11000061035156,182.82000732421875,174.6199951171875,175.02000427246094,174.6114044189453,204274900.0,180.68718311570447,182.39319766595756,174.21232912082112
2025-12-15 05:00:00,177.94000244140625,178.4199981689453,175.02999877929688,176.2899932861328,175.87841796875,164775600.0,177.52457493122958,178.00345003705766,174.62136510726435
2025-12-16 05:00:00,176.25999450683594,178.49000549316406,174.89999389648438,177.72000122070312,177.3050994873047,148588100.0,175.84850127733236,178.0733061224419,174.4916756985292
2025-12-17 05:00:00,176.10000610351562,176.1300048828125,170.30999755859375,170.94000244140625,170.54092407226562,222775500.0,175.68888113429998,175.71880987812392,169.91239000563186
2025-12-18 05:00:00,174.52999877929688,176.14999389648438,171.82000732421875,174.13999938964844,173.73345947265625,176096000.0,174.1225483861358,175.7387615308714,171.41888356310693
2025-12-19 05:00:00,176.6699981689453,181.4499969482422,176.33999633789062,180.99000549316406,180.56748962402344,324925900.0,176.25756723043006,181.02640724251643,175.9283357789888
2025-12-22 05:00:00,183.9199981689453,184.16000366210938,182.35000610351562,183.69000244140625,183.26116943359375,129064400.0,183.49062822521734,183.73007341419415,181.9243013805983
2025-12-23 05:00:00,182.97000122070312,189.3300018310547,182.89999389648438,189.2100067138672,188.76829528808594,174873600.0,182.54285710968043,188.88801027625055,182.47301321780614
2025-12-24 05:00:00,187.94000244140625,188.91000366210938,186.58999633789062,188.61000061035156,188.169677734375,65528500.0,187.50124372172942,188.4689804086018,186.154389299292
2025-12-26 05:00:00,189.9199981689453,192.69000244140625,188.0,190.52999877929688,190.085205078125,139740300.0,189.47662851874142,192.240166195598,187.5611125998212
2025-12-29 05:00:00,187.7100067138672,188.75999450683594,185.91000366210938,188.22000122070312,187.7805938720703,120006100.0,187.2717899684254,188.31932652162573,185.47598909796272
2025-12-30 05:00:00,188.24000549316406,188.99000549316406,186.92999267578125,187.5399932861328,187.1021728515625,97687300.0,187.8005508490403,188.5487999407664,186.49359631469858
2025-12-31 05:00:00,189.57000732421875,190.55999755859375,186.49000549316406,186.5,186.06460571289062,120100500.0,189.12744593978846,190.11512498868174,186.05463453876877
2026-01-02 05:00:00,189.83999633789062,192.92999267578125,188.25999450683594,188.85000610351562,188.4091339111328,148240500.0,189.39681300359115,192.47959571470966,187.8204997023152
2026-01-05 05:00:00,191.75999450683594,193.6300048828125,186.14999389648438,188.1199951171875,187.6808319091797,183529700.0,191.31233377676458,193.1779786425506,185.7154296257417
2026-01-06 05:00:00,190.52000427246094,192.1699981689453,186.82000732421875,187.24000549316406,186.80288696289062,176862600.0,190.07522846701318,191.72137039337454,186.3838692947835
2026-01-07 05:00:00,188.57000732421875,191.3699951171875,186.55999755859375,189.11000061035156,188.66851806640625,153543200.0,188.12978540958392,190.9232365533545,186.12446806753155
2026-01-08 05:00:00,189.11000061035156,189.5500030517578,183.7100067138672,185.0399932861328,184.60800170898438,172457000.0,188.66850725549676,189.10748247384038,183.2811201033086
2026-01-09 05:00:00,185.0800018310547,186.33999633789062,183.6699981689453,184.86000061035156,184.42843627929688,131327500.0,184.64792389684447,185.9049768874807,183.2412119543349
2026-01-12 05:00:00,183.22000122070312,187.1199951171875,183.02000427246094,184.94000244140625,184.5082550048828,137968500.0,182.79226917353867,186.6831584288149,182.59273912358015
2026-01-13 05:00:00,185.0,188.11000061035156,183.39999389648438,185.80999755859375,185.376220703125,160128900.0,184.5681140987238,187.6708543554723,182.97184323887342
2026-01-14 05:00:00,184.32000732421875,184.4600067138672,180.8000030517578,183.13999938964844,182.7124481201172,159586100.0,183.88970125566945,184.02937380837906,180.37791464347094
2026-01-15 05:00:00,186.5,189.6999969482422,186.3300018310547,187.0500030517578,186.61331176757812,206188600.0,186.06459276572707,189.25711892672572,185.89499147845774
2026-01-16 05:00:00,189.0800018310547,190.44000244140625,186.0800018310547,186.22999572753906,185.79522705078125,187967200.0,188.63857958929228,189.99540517049002,185.6455833269296
2026-01-20 05:00:00,181.89999389648438,182.3800048828125,177.61000061035156,178.07000732421875,177.654296875,223345300.0,181.4753422141945,181.95423259865512,177.1953640623503
2026-01-21 05:00:00,179.0500030517578,185.3800048828125,178.39999389648438,183.32000732421875,182.8920440673828,200381000.0,178.6320081827799,184.94723253133864,177.9835164834521
2026-01-22 05:00:00,184.75,186.1699981689453,183.92999267578125,184.83999633789062,184.40847778320312,139636600.0,184.31869154642928,185.7353746560278,183.5005985718231
2026-01-23 05:00:00,187.5,189.60000610351562,186.82000732421875,187.6699981689453,187.23187255859375,142748100.0,187.06227125943187,189.15737478680413,186.38386606278428
2026-01-26 05:00:00,187.16000366210938,189.1199951171875,185.99000549316406,186.47000122070312,186.03468322753906,124799600.0,186.7230748442759,188.6784906596197,185.55580805974404
2026-01-27 05:00:00,187.24000549316406,190.0,185.6999969482422,188.52000427246094,188.07989501953125,143711600.0,186.80288446054914,189.55643562401056,185.2664711415707
2026-01-28 05:00:00,191.27000427246094,192.35000610351562,189.83999633789062,191.52000427246094,191.0728759765625,148552700.0,190.82345963399504,191.9009400606663,189.39679023846315
2026-01-29 05:00:00,191.33999633789062,193.47999572753906,186.05999755859375,192.50999450683594,192.06057739257812,171764400.0,190.89331059974717,193.0283141326731,185.62563804704834
2026-01-30 05:00:00,191.2100067138672,194.49000549316406,189.47000122070312,191.1300048828125,190.68380737304688,179489500.0,190.76362243793778,194.0359639826301,189.0276790286862
2026-02-02 05:00:00,187.1999969482422,190.3000030517578,184.8800048828125,185.61000061035156,185.1766815185547,165794100.0,186.7629659025267,189.8557348322644,184.44839001538193
2026-02-03 05:00:00,186.24000549316406,186.27000427246094,176.22999572753906,180.33999633789062,179.91897583007812,204019600.0,185.8052108647954,185.8351396091497,175.81857039871747
2026-02-04 05:00:00,179.4600067138672,179.5800018310547,171.91000366210938,174.19000244140625,173.78335571289062,207014100.0,179.04105715530034,179.16077214377114,171.50867959294058
2026-02-05 05:00:00,174.92999267578125,176.82000732421875,171.02999877929688,171.8800048828125,171.47874450683594,206312900.0,174.52161198787914,176.40721432559468,170.63072277473634
2026-02-06 05:00:00,176.69000244140625,187.0,174.60000610351562,185.41000366210938,184.97715759277344,231346200.0,176.27751351666032,186.56344202919422,174.19239634754115
2026-02-09 05:00:00,184.25999450683594,193.66000366210938,183.9499969482422,190.0399932861328,189.59634399414062,196387400.0,183.82983865020864,193.20790343822367,183.52056478242866
2026-02-10 05:00:00,191.3800048828125,192.47999572753906,188.1199951171875,188.5399932861328,188.09983825683594,136764800.0,190.93321971968697,192.0306425866914,187.6808205923615
2026-02-11 05:00:00,192.4499969482422,193.25999450683594,188.77000427246094,190.0500030517578,189.60633850097656,144192700.0,192.0007297023972,192.80883635229745,188.32932783046314
2026-02-12 05:00:00,193.02999877929688,193.61000061035156,186.50999450683594,186.94000244140625,186.5035858154297,189932500.0,192.5793648877844,193.1580126884611,186.07458174632154
2026-02-13 05:00:00,187.47999572753906,187.5,181.58999633789062,182.80999755859375,182.38320922851562,161888000.0,187.04230481693136,187.0622623874058,181.16605622339495
2026-02-17 05:00:00,181.75,187.14999389648438,179.17999267578125,184.97000122070312,184.53817749023438,162276900.0,181.3256935584433,186.71308084037668,178.76168607280786
2026-02-18 05:00:00,188.75,190.3699951171875,186.75999450683594,187.97999572753906,187.5411376953125,164749100.0,188.3093443160685,189.92555739322245,186.3239846890322
2026-02-19 05:00:00,187.05999755859375,188.42999267578125,185.66000366210938,187.89999389648438,187.46133422851562,126554500.0,186.62329889395997,187.9900957055448,185.22657333636724
2026-02-20 05:00:00,186.57000732421875,190.3300018310547,185.94000244140625,189.82000732421875,189.3768768310547,178422300.0,186.13446388219373,189.88568076730476,185.50592973146237
2026-02-23 05:00:00,191.39999389648438,193.9499969482422,189.5800018310547,191.5500030517578,191.10281372070312,171584800.0,190.9531547742145,193.49720463285962,189.13741163084848
2026-02-24 05:00:00,191.49000549316406,193.77000427246094,187.39999389648438,192.85000610351562,192.39979553222656,175123600.0,191.04296985904048,193.31764595479845,186.96250644177093
2026-02-25 05:00:00,194.4499969482422,197.6300048828125,193.7899932861328,195.55999755859375,195.10345458984375,250637100.0,193.9960453222018,197.16862939564908,193.33758246616242
2026-02-26 05:00:00,194.27000427246094,194.2899932861328,184.32000732421875,184.88999938964844,184.45835876464844,360807900.0,193.81646526905493,193.8364076167612,183.88969739169633
2026-02-27 05:00:00,181.25,182.58999633789062,176.3800048828125,177.19000244140625,176.77635192871094,311636500.0,180.82687141264745,182.16373952566906,175.96824531148394
2026-03-02 05:00:00,175.00999450683594,183.4600067138672,174.63999938964844,182.47999572753906,182.0540008544922,209095300.0,174.60143816018197,183.0317240302905,174.23230678711255
2026-03-03 05:00:00,178.49000549316406,180.89999389648438,176.9199981689453,180.0500030517578,179.62965393066406,178099400.0,178.0732983803544,180.47766036606842,176.50695643346228
2026-03-04 05:00:00,180.44000244140625,184.6999969482422,180.05999755859375,183.0399932861328,182.61268615722656,177731200.0,180.01876499488523,184.26881453838726,179.63964723402094
2026-03-05 05:00:00,181.1699981689453,184.05999755859375,177.8800048828125,183.33999633789062,182.91197204589844,198779700.0,180.74703993972415,183.63029235671348,177.46472744924466
2026-03-06 05:00:00,179.83999633789062,182.75999450683594,176.82000732421875,177.82000732421875,177.40489196777344,189021900.0,179.4201653790109,182.33334690173646,176.40722643712078
2026-03-09 04:00:00,176.8300018310547,182.91000366210938,175.55999755859375,182.64999389648438,182.2235870361328,177213600.0,176.4171820751478,182.48298979408452,175.1501427003192
2026-03-10 04:00:00,182.39999389648438,186.44000244140625,182.00999450683594,184.77000427246094,184.33863830566406,179118500.0,181.97416098047233,186.00473767957752,181.58507208744064
2026-03-11 04:00:00,185.91000366210938,187.6199951171875,184.4499969482422,186.02999877929688,185.60574340820312,145280400.0,185.4860219488843,187.1921136401388,184.02934488988058
2026-03-12 04:00:00,184.0500030517578,184.94000244140625,181.75,183.13999938964844,182.72235107421875,155762700.0,183.63027948516628,184.51824924312825,181.33552155955923
2026-03-13 04:00:00,184.9199981689453,186.08999633789062,179.94000244140625,180.25,179.83892822265625,160988400.0,184.49827615888313,185.6656060713691,179.5296376335348
2026-03-16 04:00:00,182.97000122070312,188.8800048828125,181.41000366210938,183.22000122070312,182.8021697998047,217307400.0,182.55273992235968,188.44926587891726,180.9962999229416
2026-03-17 04:00:00,185.05999755859375,185.39999389648438,181.67999267578125,181.92999267578125,181.5150909423828,182497800.0,184.63795767039014,184.97717862722422,181.26566108165355
2026-03-18 04:00:00,182.47999572753906,183.3800048828125,180.3300018310547,180.39999389648438,179.98858642578125,156683100.0,182.06384475172882,182.96180140975886,179.91875397930713
2026-03-19 04:00:00,178.00999450683594,179.97999572753906,175.7899932861328,178.55999755859375,178.1527862548828,170968500.0,177.60403750119184,179.56954607641802,175.38909905828712
2026-03-20 04:00:00,178.0,178.25999450683594,171.72000122070312,172.6999969482422,172.30613708496094,241323500.0,177.59405294207926,177.85345450506617,171.32837633709812
2026-03-23 04:00:00,177.25999450683594,178.3699951171875,174.75999450683594,175.63999938964844,175.23944091796875,182836300.0,176.85574153065542,177.96321071223454,174.36144294367455
2026-03-24 04:00:00,174.8300018310547,176.22000122070312,173.97999572753906,175.1999969482422,174.80044555664062,147667800.0,174.4312942297872,175.81812366395545,173.58322660302642
2026-03-25 04:00:00,177.10000610351562,181.22000122070312,176.85000610351562,178.67999267578125,178.2725067138672,162602100.0,176.69612335614488,180.8067226806179,176.44669348987364
2026-03-26 04:00:00,176.07000732421875,176.50999450683594,171.13999938964844,171.24000549316406,170.8494873046875,186152200.0,175.66847416549638,176.10745794358192,170.74970926821888
2026-03-27 04:00:00,170.0,170.97000122070312,167.00999450683594,167.52000427246094,167.13795471191406,196212700.0,169.61229451028825,170.58008352629554,166.62910808502988
2026-03-30 04:00:00,168.77999877929688,169.4499969482422,164.27000427246094,165.1699981689453,164.79331970214844,185627000.0,168.3950875250076,169.0635577295173,163.89537828689438
2026-03-31 04:00:00,166.97000122070312,174.6199951171875,166.9600067138672,174.39999389648438,174.0022735595703,226181300.0,166.58922503111532,174.22177306603788,166.57925331681818
2026-04-01 04:00:00,176.0,177.3699951171875,174.75,175.75,175.3491973876953,168132000.0,175.59862725595661,176.96549806235143,174.3514779146501
2026-04-02 04:00:00,172.17999267578125,177.49000549316406,171.3699951171875,177.38999938964844,176.98544311523438,143143200.0,171.7873183615289,177.0852211444685,170.9791680862979
2026-04-06 04:00:00,177.16000366210938,177.7899932861328,175.75999450683594,177.63999938964844,177.23487854003906,107564300.0,176.75597747742694,177.3845303646084,175.35916114415525
2026-04-07 04:00:00,175.72999572753906,178.22999572753906,173.66000366210938,178.10000610351562,177.69383239746094,132534900.0,175.32922705160684,177.8235255680002,173.26395579650787
2026-04-08 04:00:00,184.5,185.25999450683594,180.3000030517578,182.0800018310547,181.66476440429688,147732700.0,184.079243714486,184.83750503722598,179.8888249511496
2026-04-09 04:00:00,181.83999633789062,184.0800018310547,180.6199951171875,183.91000366210938,183.49058532714844,116428500.0,181.42529878487736,183.6601958045732,180.20807985372045
2026-04-10 04:00:00,184.30999755859375,190.0,184.3000030517578,188.6300048828125,188.1998291015625,160459500.0,183.88967366981893,189.56669990817062,183.87970195572368
2026-04-13 04:00:00,186.02999877929688,189.66000366210938,185.74000549316406,189.30999755859375,188.87826538085938,133648200.0,185.605746824658,189.2274732756209,185.3164148846483
2026-04-14 04:00:00,190.83999633789062,196.50999450683594,190.77000427246094,196.50999450683594,196.0618438720703,161307000.0,190.40477641072036,196.0618438720703,190.33494396561244
2026-04-15 04:00:00,196.5399932861328,200.39999389648438,195.74000549316406,198.8699951171875,198.41647338867188,185338400.0,196.09178511161633,199.94298301571828,195.2936216855987
2026-04-16 04:00:00,197.42999267578125,199.85000610351562,195.80999755859375,198.35000610351562,197.8976593017578,134012900.0,196.97974400923295,199.39423847906178,195.36344336942167
2026-04-17 04:00:00,199.89999389648438,201.6999969482422,199.27000427246094,201.67999267578125,201.2200469970703,160324400.0,199.44410763257105,201.2400056483541,198.8155547450397
2026-04-20 04:00:00,199.97999572753906,202.1699981689453,197.83999633789062,202.05999755859375,201.59918212890625,119381400.0,199.52392392325544,201.70893187328167,197.38880498867078
2026-04-21 04:00:00,202.1300048828125,202.75,199.0,199.8800048828125,199.42417907714844,107945300.0,201.66904795828867,202.28762917830338,198.54618104306965
2026-04-22 04:00:00,200.99000549316406,202.5,199.0,202.5,202.03819274902344,107501000.0,200.53164182940822,202.03819274902344,198.54617460274403
2026-04-23 04:00:00,202.4600067138672,203.8300018310547,197.22000122070312,199.63999938964844,199.18470764160156,113561800.0,201.99828375930824,203.3651545152774,196.77022843278436
2026-04-24 04:00:00,199.9600067138672,210.9499969482422,199.80999755859375,208.27000427246094,207.79502868652344,214134400.0,199.50398270942756,210.46890943516505,199.35431566144254
2026-04-27 04:00:00,209.64999389648438,216.8300018310547,207.3800048828125,216.61000061035156,216.1160125732422,187172400.0,209.17187844164343,216.33551207209098,206.90706623150768
2026-04-28 04:00:00,209.49000549316406,214.72999572753906,208.1999969482422,213.1699981689453,212.68385314941406,180275400.0,209.01225288404052,214.2402930542568,207.72518626919629
2026-04-29 04:00:00,212.6999969482422,212.72000122070312,207.5800018310547,209.25,208.77279663085938,123711800.0,212.2149257168926,212.23488436877426,207.10660696252424
2026-04-30 04:00:00,209.92999267578125,210.3000030517578,198.6999969482422,199.57000732421875,199.11488342285156,225239200.0,209.45124259423534,209.82040915320695,198.24685712515335
2026-05-01 04:00:00,201.27999877929688,203.0,197.1199951171875,198.4499969482422,197.99742126464844,128647000.0,200.8209691272831,202.5370477944956,196.67045257290908
2026-05-04 04:00:00,199.5,201.72999572753906,194.74000549316406,198.47999572753906,198.02734375,125368100.0,199.04502180842945,201.2699318245734,194.29588290907526
2026-05-05 04:00:00,199.3000030517578,200.24000549316406,196.02999877929688,196.5,196.05186462402344,113406600.0,198.84548202478717,199.7833407086998,195.58293528206713
2026-05-06 04:00:00,199.88999938964844,208.27000427246094,198.61000061035156,207.8300018310547,207.3560333251953,188362800.0,199.43413852494058,207.7950323152332,198.15705885791613
2026-05-07 04:00:00,208.33999633789062,214.1999969482422,206.5,211.5,211.01766967773438,168307900.0,207.86487247229027,213.7115092245668,206.02907228582575
2026-05-08 04:00:00,213.02999877929688,217.8000030517578,212.88999938964844,215.1999969482422,214.709228515625,136421400.0,212.5441790763045,217.30330524675068,212.40449895841255
2026-05-11 04:00:00,214.0399932861328,222.3000030517578,213.88999938964844,219.44000244140625,218.93955993652344,160685800.0,213.55186573785767,221.79303819063418,213.40221390900197
2026-05-12 04:00:00,218.5500030517578,223.75,214.9199981689453,220.77999877929688,220.27650451660156,159176600.0,218.05159434962442,223.23973257586303,214.42986778297353
2026-05-13 04:00:00,224.92999267578125,227.83999633789062,221.57000732421875,225.8300018310547,225.3149871826172,150405400.0,224.41703053540263,227.32039781394542,221.0647077692387
2026-05-14 04:00:00,229.85000610351562,236.5399932861328,229.3000030517578,235.74000549316406,235.202392578125,180782900.0,229.32582552778115,236.00055597235212,228.77707677625682
2026-05-15 04:00:00,229.75999450683594,231.5,224.24000549316406,225.32000732421875,224.80616760253906,180977600.0,229.23602944473367,230.9720668751014,223.7286287034134
2026-05-18 04:00:00,229.8699951171875,230.0,218.3699951171875,222.32000732421875,221.81300354003906,146280900.0,229.34577348371204,229.4754818886306,217.8719993892805
2026-05-19 04:00:00,219.6199951171875,224.47999572753906,217.91000366210938,220.61000061035156,220.1068878173828,140948200.0,219.11914008419038,223.96805720569674,217.41304835521052
2026-05-20 04:00:00,223.17999267578125,226.1300048828125,220.5,223.47000122070312,222.9603729248047,184201600.0,222.6710257508039,225.61431038954527,219.9971448577806
2026-05-21 04:00:00,222.2899932861328,227.39999389648438,217.92999267578125,219.50999450683594,219.0093994140625,203381800.0,221.78305837384474,226.8814055684356,217.43300079554024
2026-05-22 04:00:00,220.89999389648438,221.00999450683594,214.8000030517578,215.3300018310547,214.83892822265625,169275700.0,220.39621757095847,220.50596731800164,214.3101381389001
2026-05-26 04:00:00,216.5399932861328,218.17999267578125,212.0,214.86000061035156,214.37001037597656,187202600.0,216.04617181279934,217.68243116855118,211.5165320236786
2026-05-27 04:00:00,214.1199951171875,214.14999389648438,208.77999877929688,212.60000610351562,212.1151580810547,167601200.0,213.63168066177133,213.66161102691768,208.30386252985457
2026-05-28 04:00:00,211.27999877929688,215.52000427246094,211.22000122070312,214.25,213.76138305664062,143996000.0,210.79815519844968,215.02849096688144,210.73829446983814
2026-05-29 04:00:00,214.5800018310547,217.86000061035156,211.1300048828125,211.13999938964844,210.6584930419922,289410600.0,214.09065053210412,217.36316924965476,210.64852132770383
2026-06-01 04:00:00,215.72999572753906,224.8699951171875,215.6999969482422,224.36000061035156,223.8483428955078,212850700.0,215.23801892090273,224.35717434911126,215.20808855445495
2026-06-02 04:00:00,227.17999267578125,232.27999877929688,221.35000610351562,222.82000732421875,222.3118438720703,193362900.0,226.66188583823322,231.75026086454594,220.84519513709748
2026-06-03 04:00:00,221.72000122070312,222.82000732421875,214.50999450683594,214.75,214.26025390625,160907000.0,221.2143597561905,222.31185725112735,214.02079575535723
2026-06-04 04:00:00,213.91000366210938,221.60000610351562,210.97000122070312,218.66000366210938,218.4156036376953,169022200.0,213.67091279390368,221.35231998810906,210.73419644348996
2026-06-05 04:00:00,214.52999877929688,214.8699951171875,204.3300018310547,205.10000610351562,204.87075805664062,219655500.0,214.2902104723603,214.62982678346356,204.10161444712602
2026-06-08 04:00:00,210.17999267578125,210.47000122070312,206.0,208.63999938964844,208.40679931640625,138372800.0,209.94507132882276,210.23475572682116,205.76975069388217
2026-06-09 04:00:00,210.6199951171875,211.39999389648438,199.33999633789062,208.19000244140625,207.95730590820312,180962500.0,210.3845825512031,211.16370951624515,199.11719156565087
2026-06-10 04:00:00,204.42999267578125,207.22000122070312,199.9199981689453,200.4199981689453,200.19598388671875,161746600.0,204.20149632565034,206.98838641050182,199.696542748819
2026-06-11 04:00:00,201.49000549316406,205.66000366210938,199.5399932861328,204.8699951171875,204.64100646972656,158643200.0,201.26479475008583,205.43013200106668,199.31696212361035
2026-06-12 04:00:00,204.86000061035156,207.07000732421875,203.44000244140625,205.19000244140625,204.96066284179688,112001800.0,204.6310298517525,206.83856645475237,203.21261880599855
2026-06-15 04:00:00,208.9199981689453,212.7100067138672,208.33999633789062,212.4499969482422,212.21253967285156,149936700.0,208.68648640498938,212.47225882321928,208.10713284720606
2026-06-16 04:00:00,211.17999267578125,211.49000549316406,207.2899932861328,207.41000366210938,207.1781768798828,125694100.0,210.94395209283806,211.25361840198772,207.05830064217733
2026-06-17 04:00:00,208.52999877929688,209.2100067138672,203.0800018310547,204.64999389648438,204.42124938964844,128363500.0,208.29691745433288,208.9761653200819,202.8530121596522
2026-06-18 04:00:00,207.3300018310547,211.38999938964844,206.5,210.69000244140625,210.4545135498047,241272000.0,207.09826842291386,211.1537281092123,206.26919428756833
2026-06-22 04:00:00,211.44000244140625,213.99000549316406,207.72000122070312,208.64999389648438,208.41677856445312,122041400.0,211.2036686200953,213.7508214450341,207.48782537372824
2026-06-23 04:00:00,202.1699981689453,203.77000427246094,200.0,200.0399932861328,199.81640625,153496200.0,201.94403040148535,203.54224815949766,199.77645766483005
2026-06-24 04:00:00,200.1199951171875,201.6699981689453,196.5800018310547,199.0,198.77757263183594,151810700.0,199.89631590195674,201.44458647582786,196.36027935647695
2026-06-25 04:00:00,200.0800018310547,200.8000030517578,192.1300048828125,195.74000549316406,195.52122497558594,149550000.0,199.85637045714446,200.5755669254449,191.9152592982058
2026-06-26 04:00:00,193.1199951171875,195.5500030517578,191.22000122070312,192.52999877929688,192.31480407714844,179304100.0,192.90414096411192,195.33143282930595,191.0062707295152
2026-06-29 04:00:00,193.85000610351562,196.17999267578125,189.8000030517578,194.97000122070312,194.7520751953125,148835700.0,193.63333194293918,195.96071419295149,189.58785574691487
2026-06-30 04:00:00,197.24000549316406,200.6300048828125,195.11000061035156,200.08999633789062,199.86634826660156,166476700.0,197.0195429632178,200.4057532237791,194.89191886651452
2026-07-01 04:00:00,196.1999969482422,199.85000610351562,193.4499969482422,197.5800018310547,197.35916137695312,146147600.0,195.98069896251877,199.62662840490702,193.23377271109229
2026-07-02 04:00:00,197.13999938964844,200.05999755859375,192.35000610351562,194.8300018310547,194.61224365234375,142068700.0,196.9196593659626,199.8363939026278,192.1350197738411
2026-07-06 04:00:00,194.4199981689453,197.5500030517578,193.99000549316406,195.5500030517578,195.33143615722656,108999000.0,194.20269428466304,197.32920075051607,193.77318221313826
2026-07-07 04:00:00,192.3699951171875,198.41000366210938,191.13999938964844,196.92999267578125,196.7098846435547,124154600.0,192.15498377986222,198.18824142626735,190.92636281467173
2026-07-08 04:00:00,195.17999267578125,205.16000366210938,195.05999755859375,204.1199951171875,203.891845703125,147419100.0,194.9618356993413,204.93069180759116,194.84197470333905
2026-07-09 04:00:00,204.4600067138672,204.58999633789062,198.9600067138672,202.77999877929688,202.5533447265625,132037400.0,204.23147485952867,204.36131918975943,198.73762239526957
2026-07-10 04:00:00,202.0,211.0,201.9199981689453,210.9600067138672,210.72421264648438,148421000.0,201.7742207048944,210.7641612313501,201.69430829342895
2026-07-13 04:00:00,208.5399932861328,210.57000732421875,203.0,203.52999877929688,203.30250549316406,121411000.0,208.3069001369788,210.33464515051216,202.77309911383117
2026-07-14 04:00:00,208.1999969482422,212.5500030517578,203.8000030517578,211.8000030517578,211.5632781982422,124379600.0,207.96729575339148,212.31243993744155,203.57221964678251
2026-07-15 04:00:00,211.9600067138672,213.80999755859375,206.0399932861328,212.5,212.26248168945312,124797200.0,211.7230919717581,213.57101502024952,205.80969553973085
2026-07-16 04:00:00,210.1699981689453,211.0800018310547,205.85000610351562,207.39999389648438,207.16818237304688,122986100.0,209.93509060438328,210.84407715298516,205.61992700554663
2026-07-17 04:00:00,202.63999938964844,206.64999389648438,197.97000122070312,202.80999755859375,202.58331298828125,144281900.0,202.41350482950477,206.41901728963356,197.74872640584337
2026-07-20 04:00:00,205.8699951171875,207.74000549316406,202.27999877929688,203.27999877929688,203.05279541015625,88701500.0,205.63989694335598,207.50781723343968,202.05391309694542
2026-07-21 04:00:00,207.5399932861328,208.64999389648438,204.00999450683594,207.2899932861328,207.0583038330078,108685600.0,207.30802440628602,208.4167843613107,203.78197113093626
2026-07-22 04:00:00,205.80999755859375,214.38999938964844,204.9499969482422,212.05999755859375,211.82298278808594,137645600.0,205.57996827489498,214.15038042761168,204.72092886821054
2026-07-23 04:00:00,209.4600067138672,210.8699951171875,205.9600067138672,208.75999450683594,208.5266571044922,110505300.0,209.22588688656515,210.63429930291466,205.72979894313582
2026-07-24 04:00:00,207.4499969482422,211.91000366210938,204.80999755859375,206.83999633789062,206.6088104248047,114836800.0,207.21812923496972,211.6731509810223,204.5810805834776
2026-07-27 04:00:00,208.1999969482422,208.75,195.44000244140625,196.50999450683594,196.2903594970703,154353700.0,207.96729627325774,208.51668459839084,195.22156333884286
2026-07-28 04:00:00,195.0,198.6999969482422,192.74000549316406,197.00999450683594,196.789794921875,134111500.0,194.78204700134697,198.47790843456414,192.52457850774027
2026-07-29 04:00:00,195.85000610351562,197.07000732421875,190.00999450683594,190.00999450683594,189.79762268066406,147680800.0,195.63110696844683,196.84974460884015,189.79762268066406
2026-07-30 04:00:00,193.4499969482422,197.25,191.52000427246094,195.0399932861328,194.82199096679688,129010200.0,193.23377181769484,197.02952748682713,191.3059363552755
2026-07-31 04:00:00,198.44000244140625,202.0,194.9499969482422,200.75,200.52561950683594,139961200.0,198.2182038580375,201.77422236802423,194.73209918257555
2026-08-03 04:00:00,197.69000244140625,208.74000549316406,196.85000610351562,206.63999938964844,206.40904235839844,128406900.0,197.46904862701152,208.50670133078404,196.62999113475112
2026-08-04 04:00:00,211.3000030517578,213.05999755859375,209.0500030517578,211.94000244140625,211.70310974121094,134922000.0,211.06382570110384,212.82185300096492,208.8163406042335
2026-08-05 04:00:00,216.86000061035156,222.22000122070312,216.39999389648438,219.22000122070312,218.9749755859375,158187400.0,216.6176127852948,221.9716224388697,216.15812022814887
2026-08-06 04:00:00,221.52999877929688,223.6300048828125,217.0,218.99000549316406,218.7452392578125,113940600.0,221.28239358061882,223.38005249670454,216.75745800384053
2026-08-07 04:00:00,221.5399932861328,224.75999450683594,220.66000366210938,223.9600067138672,223.70968627929688,105669400.0,221.29237770419127,224.50877992471257,220.41337164588714
2026-08-10 04:00:00,223.39999389648438,224.13999938964844,216.77000427246094,217.5500030517578,217.3068389892578,115846600.0,223.15029107269072,223.88946943306019,216.5277120448001
2026-08-11 04:00:00,222.1699981689453,222.1999969482422,216.1999969482422,217.5,217.25689697265625,101273100.0,221.92167541427946,221.9516406634887,215.95834695389817
2026-08-12 04:00:00,221.0399932861328,225.10000610351562,220.1999969482422,224.08999633789062,223.8395233154297,108783600.0,220.7929293559802,224.84840415873398,219.95387191061064
2026-08-13 04:00:00,225.05999755859375,227.22999572753906,223.7100067138672,225.3000030517578,225.04818725585938,98867200.0,224.80845001468583,226.97602279610956,223.45996804263754
2026-08-14 04:00:00,226.77000427246094,227.49000549316406,224.5,225.16000366210938,224.90834045410156,75680900.0,226.51654155338588,227.23573802273873,224.24907448357243
2026-08-17 04:00:00,225.97999572753906,227.9199981689453,224.86000061035156,225.00999450683594,224.7584991455078,93678700.0,225.72741618855906,227.66525027466162,224.60867289832842
2026-08-18 04:00:00,220.4499969482422,221.63999938964844,218.69000244140625,219.74000549316406,219.49440002441406,103128200.0,220.20359791537197,221.39227027986857,218.44557057093272
2026-08-19 04:00:00,221.6699981689453,222.8699951171875,216.75999450683594,217.55999755859375,217.31683349609375,96797300.0,221.4222404106533,222.62089613745684,216.51772459764655
2026-08-20 04:00:00,218.36000061035156,219.86000061035156,215.66000366210938,216.85000610351562,216.60763549804688,92457000.0,218.1159423024499,219.6142657707553,215.41896310784705
2026-08-21 04:00:00,218.4199981689453,218.74000549316406,214.5,214.72000122070312,214.48001098632812,98869300.0,218.17587248780362,218.49552214328025,214.26025565862156
2026-08-24 04:00:00,215.52999877929688,215.58999633789062,207.25,208.47999572753906,208.24697875976562,135187300.0,215.28910206110334,215.34903256074918,207.01835779182306
2026-08-25 04:00:00,211.02999877929688,214.72999572753906,210.11000061035156,213.0500030517578,212.81187438964844,122309000.0,210.79412790131315,214.48998931653267,209.87515802586688
2026-08-26 04:00:00,212.63999938964844,213.60000610351562,209.22999572753906,209.66000366210938,209.4256591796875,179900000.0,212.40232405945306,213.3612577394914,208.99613188036045
2026-08-27 04:00:00,222.86000061035156,230.47000122070312,220.89999389648438,227.97999572753906,227.7251739501953,298909800.0,222.61090164325523,230.21239627098788,220.6530857022795
2026-08-28 04:00:00,227.36000061035156,229.25999450683594,216.80999755859375,217.5500030517578,217.3068389892578,195116400.0,227.10587153371227,229.00374173344596,216.56766062888835
2026-08-31 04:00:00,218.8699951171875,221.3000030517578,216.2100067138672,220.77999877929688,220.53323364257812,124702700.0,218.62536478578363,221.05265670783686,215.96834944345454
2026-09-01 04:00:00,216.75,220.41000366210938,215.10000610351562,217.44000244140625,217.1969757080078,109756200.0,216.50774446342592,220.1636574397174,214.8595947199138
2026-09-02 04:00:00,218.7899932861328,227.9499969482422,218.47999572753906,224.41000366210938,224.1591796875,157104700.0,218.5454508199983,227.6952163087265,218.23579974693772
2026-09-03 04:00:00,226.02000427246094,230.39999389648438,224.75,228.4499969482422,228.1946563720703,134681600.0,225.76737972053164,230.14247379152744,224.49879494304554
2026-09-04 04:00:00,231.08999633789062,234.75999450683594,229.6300048828125,230.36000061035156,230.10252380371094,135352400.0,230.83170360414334,234.49759976142684,229.37334400327853
2026-09-08 04:00:00,233.11000061035156,233.7100067138672,224.85000610351562,225.72999572753906,225.47769165039062,122965600.0,232.84944771666764,233.44878317831424,224.59868561283858
2026-09-09 04:00:00,225.27999877929688,226.17999267578125,223.4600067138672,223.6699981689453,223.4199981689453,82955500.0,225.0281992525124,225.92718720955042,223.21024142511232
2026-09-10 04:00:00,220.52999877929688,220.99000549316406,217.1999969482422,218.36000061035156,218.36000061035156,105768000.0,220.52999877929688,220.99000549316406,217.1999969482422
2026-09-11 04:00:00,221.24000549316406,222.0,218.14999389648438,218.2899932861328,218.2899932861328,88804100.0,221.24000549316406,222.0,218.14999389648438
