timestamp,open,high,low,close,adjusted_close,volume,adj_open,adj_high,adj_low
2020-12-31 18:30:00,917.461669921875,921.6151733398438,914.6926879882812,917.23095703125,897.0470581054688,10015175.0,897.2726941006515,901.3347986266252,894.5646443140231
2021-01-03 18:30:00,920.7383422851562,922.4920043945312,908.231689453125,918.7769775390625,898.5590209960938,24513534.0,900.4772253363753,902.1922975973049,888.2457850636894
2021-01-04 18:30:00,908.6931762695312,915.4310913085938,902.6936645507812,907.3548583984375,887.3883056640625,24123091.0,888.6971735420237,895.286819208082,882.8296824610696
2021-01-05 18:30:00,907.2625122070312,907.3086547851562,879.2264404296875,883.4260864257812,863.986083984375,46401468.0,887.297983512097,887.3431107117481,859.8788522034279
2021-01-06 18:30:00,886.3104248046875,897.6171875,879.2264404296875,881.9954223632812,862.5867919921875,32325918.0,866.8068412339375,877.8647944997645,859.8787425141267
2021-01-07 18:30:00,885.1566772460938,894.5712890625,882.433837890625,892.4022216796875,872.7647094726562,27540187.0,865.678604878862,874.8860460383853,863.0156822176616
2021-01-10 18:30:00,894.755859375,894.755859375,873.388427734375,875.58056640625,856.3131713867188,33307825.0,875.0665066757083,875.0665066757083,854.1692713388484
2021-01-11 18:30:00,878.2341918945312,904.5396728515625,876.8035278320312,903.1782836914062,883.3035888671875,41161546.0,858.9083988996434,884.6350202719551,857.5092170064466
2021-01-12 18:30:00,906.177978515625,911.4390869140625,885.3643798828125,894.755859375,875.0665893554688,26619458.0,886.2373626282811,891.3826993524976,865.8817711258671
2021-01-13 18:30:00,897.6171875,907.7240600585938,894.8712768554688,904.8165893554688,884.9058837890625,21553242.0,877.8649064942006,887.7493749036234,875.1794202704835
2021-01-14 18:30:00,904.8165893554688,910.9083862304688,886.102783203125,894.1328735351562,874.4572143554688,20593268.0,884.9058318391973,890.86357691647,866.6038285437963
2021-01-17 18:30:00,899.5093383789062,921.6151733398438,887.625732421875,915.5925903320312,895.44482421875,35100458.0,879.7154868801754,901.3348792931557,868.0933816341949
2021-01-18 18:30:00,920.5306396484375,937.30615234375,920.5306396484375,930.5682983398438,910.0908203125,32006615.0,900.2740437805934,916.6804055030773,900.2740437805934
2021-01-19 18:30:00,932.8757934570312,949.7666625976562,923.645751953125,948.2437133789062,927.3773803710938,30924537.0,912.3476352561834,928.8668167227358,903.3207030552749
2021-01-20 18:30:00,960.8426513671875,978.379638671875,957.6121826171875,968.8727416992188,947.5524291992188,39087742.0,939.6990432246472,956.8501242760648,936.5396618324675
2021-01-21 18:30:00,974.2261352539062,976.2337036132812,939.2213745117188,945.8900756835938,925.0756225585938,30532660.0,952.7881428838759,954.7515344001,918.5536671571999
2021-01-24 18:30:00,939.1290893554688,939.1290893554688,891.61767578125,895.7711791992188,876.0595092773438,54207104.0,918.4633177239738,918.4633177239738,871.9974047459384
2021-01-26 18:30:00,888.38720703125,888.38720703125,871.3117065429688,874.5421752929688,855.2976684570312,42370131.0,868.8380370064367,868.8380370064367,852.13828693381
2021-01-27 18:30:00,867.6889038085938,887.6026611328125,863.0046997070312,866.0275268554688,846.970458984375,34067814.0,848.5952770841457,868.0708291399083,844.0141496085763
2021-01-28 18:30:00,874.2191162109375,882.8953247070312,844.544677734375,850.0596313476562,831.3539428710938,43712383.0,854.9817946807146,863.4670819198745,825.9603466313996
2021-01-31 18:30:00,858.11279296875,879.1571655273438,852.8516845703125,874.6806640625,855.43310546875,34180952.0,839.2298143671649,859.8111004411335,834.084477925657
2021-02-01 18:30:00,883.4260864257812,895.3096923828125,856.0591430664062,888.7564086914062,869.1991577148438,41470034.0,863.9861301874793,875.6082351731134,837.2214015345261
2021-02-02 18:30:00,889.91015625,900.84765625,876.8496704101562,890.9946899414062,871.38818359375,30301696.0,870.3275152709535,881.0243335187519,857.554427887479
2021-02-03 18:30:00,887.9256591796875,895.3096923828125,879.1571655273438,888.0641479492188,868.5221557617188,25626981.0,868.3867144594886,875.608260842826,859.8111728983265
2021-02-04 18:30:00,890.7177734375,897.4556884765625,886.0797119140625,887.810302734375,868.2738037109375,20248046.0,871.1172947571725,877.7069402051127,866.5812949964159
2021-02-07 18:30:00,892.1022338867188,908.6931762695312,890.2562866210938,900.5938720703125,880.7760620117188,21183400.0,872.4712846072483,888.6971388465231,870.6659579070334
2021-02-08 18:30:00,905.4396362304688,918.2000732421875,900.9861450195312,902.7628784179688,882.8973999023438,19604141.0,885.5152551213864,897.9948961529354,881.1597638793062
2021-02-09 18:30:00,901.6553344726562,915.9617919921875,889.4486083984375,911.1390991210938,891.08935546875,21234156.0,881.814282391384,895.8059243068913,869.8761670362735
2021-02-10 18:30:00,913.7696533203125,952.6279907226562,910.1930541992188,948.7052001953125,927.8286743164062,42539278.0,893.6618940174507,931.6651427302581,890.1639989701773
2021-02-11 18:30:00,948.6129150390625,958.9966430664062,930.1067504882812,942.1980590820312,921.46484375,30497029.0,927.7385398005773,937.8937722721672,909.6396062888572
2021-02-14 18:30:00,945.1747436523438,951.2896118164062,934.5371704101562,938.0445556640625,917.4027099609375,15791099.0,924.375996830397,930.3563061780627,913.9725053748315
2021-02-15 18:30:00,941.3442993164062,959.6427612304688,939.1521606445312,950.4589233398438,929.5438232421875,21421660.0,920.6297689320974,938.5255683500038,918.4858688517324
2021-02-16 18:30:00,950.6896362304688,967.2805786132812,946.3515625,961.4195556640625,940.2633056640625,23742994.0,929.7695004811927,945.9953555067547,925.5268870227972
2021-02-17 18:30:00,962.2271728515625,973.0262451171875,950.2742919921875,954.2432250976562,933.244873046875,18646877.0,941.0531321070791,951.6145681859424,929.3632772705301
2021-02-18 18:30:00,949.30517578125,971.43408203125,947.5975952148438,960.05810546875,938.9317626953125,23403483.0,928.4154541842837,950.0574077634237,926.7454493980867
2021-02-21 18:30:00,959.919677734375,964.488525390625,920.6691284179688,926.73779296875,906.3447265625,23804335.0,938.7964367473062,943.2647459186029,900.4096042931712
2021-02-22 18:30:00,945.1516723632812,947.4130249023438,929.2760620117188,933.8218383789062,913.2728881835938,25644108.0,924.3534067368045,926.5649977273687,908.8271426020757
2021-02-23 18:30:00,936.8446655273438,953.112548828125,935.06787109375,951.1511840820312,930.220947265625,10807663.0,916.2292459832904,932.1391518608341,914.491550200775
2021-02-24 18:30:00,958.0736694335938,993.1476440429688,956.6891479492188,989.6171875,967.8403930664062,34855693.0,936.9909986645049,971.2931609562635,935.6369439506498
2021-02-25 18:30:00,976.9951782226562,984.7944946289062,955.627685546875,962.5963745117188,941.4142456054688,37481215.0,955.4962007136306,963.123891576847,934.5989040579532
2021-02-28 18:30:00,973.85693359375,974.6876831054688,951.8433837890625,969.9342041015625,948.5906372070312,17680764.0,952.4270463705083,953.2395150981274,930.8979084680462
2021-03-01 18:30:00,979.3026733398438,982.99462890625,964.1193237304688,971.9186401367188,950.53125,17150760.0,957.7527951178306,961.3635079846885,942.9035601228561
2021-03-02 18:30:00,978.8642578125,1024.4835205078125,972.4724731445312,1016.268798828125,993.9055786132812,31924461.0,957.3241328149178,1001.9395335212855,951.0730007855624
2021-03-03 18:30:00,1006.0696411132812,1010.6615600585938,995.7781982421875,1004.1544189453125,982.0577392578125,21435754.0,983.9308164628377,988.4216890350315,973.865839474236
2021-03-04 18:30:00,994.99365234375,1020.8145751953125,993.6322021484375,1005.4696655273438,983.3441162109375,25511666.0,973.098629670046,998.3513582522689,971.7671384426377
2021-03-07 18:30:00,1000.7623901367188,1030.021484375,1000.5316772460938,1011.1923217773438,988.9407958984375,19506841.0,978.7403773670584,1007.3556183257853,978.5147413680846
2021-03-08 18:30:00,1015.2996215820312,1021.6683349609375,990.6555786132812,1011.169189453125,988.918212890625,15154484.0,992.9577540495018,999.1863226399736,968.8560080852714
2021-03-09 18:30:00,1018.5301513671875,1022.268310546875,1001.5700073242188,1006.9695434570312,984.8109741210938,11519358.0,996.1171885060364,999.7730887336929,979.5302558776189
2021-03-11 18:30:00,1012.9921264648438,1018.2532348632812,980.1795043945312,986.5020751953125,964.7938232421875,16864952.0,990.7009535816271,995.8462898296174,958.6103823666095
2021-03-14 18:30:00,987.6327514648438,991.7169799804688,960.150390625,973.2570190429688,951.8402709960938,16698099.0,965.899662068002,969.894016181107,939.022056998036
2021-03-15 18:30:00,975.6106567382812,981.148681640625,967.0729370117188,969.4265747070312,948.0940551757812,13873801.0,954.142054646313,959.558213666829,945.7922099765842
2021-03-16 18:30:00,968.249755859375,970.5341796875,939.1983032226562,948.543701171875,927.6707763671875,19210236.0,946.9431947370554,949.1773492874154,918.5310260738679
2021-03-17 18:30:00,956.6430053710938,962.1348876953125,923.461181640625,927.1993408203125,906.796142578125,20647480.0,935.5918936777657,940.9629260845496,903.1402423037733
2021-03-18 18:30:00,918.84619140625,967.2344360351562,915.0618896484375,960.8426513671875,939.6990356445312,41787429.0,898.6267197251416,945.9501672736187,894.925692603433
2021-03-21 18:30:00,955.7661743164062,957.150634765625,938.3214721679688,951.7972412109375,930.8526611328125,18572478.0,934.7342566902689,936.0882516774249,917.6734303772165
2021-03-22 18:30:00,951.589599609375,973.626220703125,948.8436889648438,963.3809204101562,942.1815795898438,17421165.0,930.6497285616952,952.2014305220086,927.9642420903879
2021-03-23 18:30:00,959.8042602539062,959.8042602539062,941.644287109375,944.82861328125,924.0374145507812,16822814.0,938.6835185270156,938.6835185270156,920.9231603023551
2021-03-24 18:30:00,947.920654296875,947.920654296875,916.0771484375,919.0538330078125,898.829833984375,22001648.0,927.0614339788925,927.0614339788925,895.9186520687285
2021-03-25 18:30:00,928.5376586914062,929.3222045898438,910.8622436523438,920.5306396484375,900.274169921875,20180202.0,908.1049928320286,908.8722746334809,890.818529006779
2021-03-29 18:30:00,926.691650390625,945.5670166015625,919.0999755859375,936.5216064453125,915.9132080078125,20441701.0,906.2995626603248,924.7595715908199,898.8749446091667
2021-03-30 18:30:00,931.3067016601562,946.0285034179688,922.5381469726562,924.4302978515625,904.0880126953125,16250796.0,910.8130997767836,925.210945158364,902.2374989986004
2021-03-31 18:30:00,931.3067016601562,936.8446655273438,924.453369140625,933.0834350585938,912.5507202148438,11723312.0,910.813084242052,916.2291839450849,904.1105608753422
2021-04-04 18:30:00,934.5140991210938,934.5371704101562,905.5088500976562,919.5845947265625,899.348876953125,14875099.0,913.9498534023671,913.9724170012217,885.5828730456216
2021-04-05 18:30:00,924.845703125,925.2841186523438,908.6931762695312,915.754150390625,895.6027221679688,14009194.0,904.4942127215924,904.9229807916713,888.6971267728383
2021-04-06 18:30:00,922.9996948242188,944.64404296875,919.9076538085938,924.31494140625,903.9751586914062,24266353.0,902.6888544411458,923.8569132620463,899.6648545655975
2021-04-07 18:30:00,928.076171875,933.1526489257812,919.7691650390625,925.4686889648438,905.1035766601562,15369188.0,907.6536814191865,912.6184496390974,899.5294718287386
2021-04-08 18:30:00,922.2843627929688,925.93017578125,913.7696533203125,914.7157592773438,894.5872192382812,14037885.0,901.9892738152234,905.5548598128081,893.661932570132
2021-04-11 18:30:00,904.0781860351562,905.185791015625,876.965087890625,881.9954223632812,862.5867919921875,20901482.0,884.1836164099434,885.2668481395789,857.6671518609612
2021-04-12 18:30:00,887.9256591796875,895.5866088867188,885.0874633789062,891.525390625,871.9072265625,19411189.0,868.3867078045856,875.8790770428972,865.610966973059
2021-04-14 18:30:00,888.9871215820312,905.0011596679688,882.8491821289062,897.2941284179688,877.5489501953125,19723716.0,869.4247410901053,885.0863863250735,863.421868505896
2021-04-15 18:30:00,893.7406005859375,899.8785400390625,889.0563354492188,891.663818359375,872.04248046875,15656948.0,874.07356246059,880.0764346591261,869.4923760258712
2021-04-18 18:30:00,878.6956787109375,884.4182739257812,872.2346801757812,877.6342163085938,858.3217163085938,18478808.0,859.3598210383852,864.9564895083129,853.0409979470431
2021-04-19 18:30:00,881.6954345703125,885.6181640625,872.4423828125,877.3804321289062,858.0734252929688,17203668.0,862.2934748740392,866.1298835841033,853.2440391612164
2021-04-21 18:30:00,873.2730712890625,883.5183715820312,866.0967407226562,879.8032836914062,860.4429931640625,14490954.0,854.05647971313,864.0763296197583,847.0380660893645
2021-04-22 18:30:00,879.6187133789062,885.572021484375,874.7037353515625,878.8572387695312,859.517822265625,11828857.0,860.262540485022,866.0848449417196,855.4557174605446
2021-04-25 18:30:00,886.0797119140625,905.4627075195312,882.1569213867188,894.3174438476562,874.6378173828125,20846778.0,866.5813583165724,885.5378273951245,862.7448895453444
2021-04-26 18:30:00,895.3096923828125,921.7074584960938,894.5020751953125,917.7616577148438,897.5660400390625,19992524.0,875.6081368680552,901.4250123029811,874.8182915364723
2021-04-27 18:30:00,922.0074462890625,926.691650390625,913.8389282226562,921.7536010742188,901.47021484375,17122437.0,901.7184741400474,906.2996013229371,893.7297060704715
2021-04-28 18:30:00,933.5679931640625,943.5364379882812,926.36865234375,934.0987548828125,913.5436401367188,17412606.0,913.0245579839406,922.7736442808828,905.9836407520165
2021-04-29 18:30:00,926.9224243164062,939.6136474609375,917.2540283203125,920.46142578125,900.2064208984375,19828769.0,906.5252433975188,918.9371927131189,897.0696030939774
2021-05-02 18:30:00,907.3086547851562,913.3081665039062,896.7403564453125,904.1012573242188,884.206298828125,23640186.0,887.3431167617707,893.2106078294329,877.0073762854873
2021-05-03 18:30:00,899.9246826171875,908.139404296875,881.9262084960938,884.5105590820312,865.046630859375,21849830.0,880.121561842195,888.1555160324492,862.5191497068099
2021-05-04 18:30:00,887.625732421875,894.617431640625,880.5647583007812,886.1258544921875,866.6264038085938,12393609.0,868.0932764991574,874.9311213941457,861.1876811156937
2021-05-05 18:30:00,886.9334716796875,893.002197265625,879.8955688476562,891.1561889648438,871.5460815429688,14624666.0,867.4162861727356,873.351467984722,860.5332540943049
2021-05-06 18:30:00,894.2713012695312,902.5321655273438,888.8486938476562,891.5023193359375,871.8845825195312,12288548.0,874.5926322966467,882.6717141211767,869.289350739611
2021-05-09 18:30:00,894.8482055664062,898.4478759765625,886.5181274414062,888.9409790039062,869.3796997070312,13941237.0,875.1569368648484,878.6773959888417,867.0101633558089
2021-05-10 18:30:00,883.772216796875,894.6405029296875,881.4646606445312,892.1484375,872.5165405273438,13478264.0,864.324640162575,874.9537675806936,862.0678622246373
2021-05-11 18:30:00,890.7408447265625,892.0330200195312,880.0802001953125,882.9183959960938,863.4896240234375,13177961.0,871.1399384169831,872.4036791691951,860.7138832120156
2021-05-13 18:30:00,889.7947387695312,896.232666015625,879.6187133789062,894.0636596679688,874.3895874023438,13291616.0,870.2146050700743,876.5108642766377,860.2625054108522
2021-05-16 18:30:00,894.0636596679688,906.1318359375,890.8792724609375,904.7012329101562,884.7930908203125,11873078.0,874.3895996285223,886.1922131252846,871.2752855358857
2021-05-17 18:30:00,914.231201171875,924.1995849609375,910.3084106445312,917.4385986328125,897.2501220703125,12064918.0,894.1133042302491,903.8623311241566,890.2768357355067
2021-05-18 18:30:00,913.7696533203125,930.5913696289062,910.0776977539062,921.6382446289062,901.3573608398438,16317002.0,893.6619198826413,910.1134700489604,890.0512067367108
2021-05-19 18:30:00,922.030517578125,928.030029296875,914.231201171875,916.2617797851562,896.0992431640625,11422532.0,901.7410386469029,907.6085298258828,894.1133478678807
2021-05-20 18:30:00,919.3076782226562,927.4300537109375,916.5386962890625,924.176513671875,903.83984375,10785605.0,899.0781478980009,907.0217890570246,896.3700979084354
2021-05-23 18:30:00,926.691650390625,927.5223999023438,914.6926879882812,916.3771362304688,896.2119750976562,8551760.0,906.2995151967815,907.1119838096187,894.5645936578591
2021-05-24 18:30:00,921.3382568359375,921.6151733398438,904.5396728515625,905.993408203125,886.0568237304688,14780102.0,901.0640055897504,901.3348284850034,884.6350781454706
2021-05-25 18:30:00,911.462158203125,913.5389404296875,906.9856567382812,909.177734375,889.171142578125,7480204.0,891.4052973188182,893.4363796423949,887.0273019371077
2021-05-26 18:30:00,909.2931518554688,919.7691650390625,905.5780639648438,911.9698486328125,891.9017333984375,26819294.0,889.283937975624,899.5294239766795,885.6506014850115
2021-05-27 18:30:00,918.3847045898438,971.4571533203125,918.3847045898438,966.7498779296875,945.4762573242188,56469931.0,898.1753741090896,950.0799477100439,898.1753741090896
2021-05-30 18:30:00,970.0726318359375,1011.4691772460938,962.250244140625,996.9780883789062,975.0394287109375,59124142.0,948.7260309716555,989.2116388880302,941.0757761481069
2021-05-31 18:30:00,999.608642578125,1016.22265625,990.609375,1000.947021484375,978.9209594726562,28013832.0,977.6120318921522,993.860450495012,968.8107952002592
2021-06-01 18:30:00,995.4551391601562,1019.6838989257812,995.4551391601562,1015.8765258789062,993.5218505859375,24630162.0,973.5498427606852,997.2454412183025,973.5498427606852
2021-06-02 18:30:00,1024.9910888671875,1038.3746337890625,1013.4998168945312,1019.7531127929688,997.313232421875,23974257.0,1002.4359457378657,1015.5249829566307,991.197541606595
2021-06-03 18:30:00,1022.1298217773438,1022.8912963867188,1008.031005859375,1010.9154052734375,988.6699829101562,14468646.0,999.6376236399614,1000.38234182816,985.8490553582253
2021-06-06 18:30:00,1016.22265625,1034.6826171875,1008.3771362304688,1027.9447021484375,1005.3245239257812,16336573.0,993.8604245557929,1011.9141694726093,986.1875471509084
2021-06-07 18:30:00,1027.5755615234375,1027.829345703125,1014.4458618164062,1022.0375366210938,999.5474243164062,9674735.0,1004.9635840254113,1005.2117836404444,992.1228056254331
2021-06-08 18:30:00,1024.068115234375,1024.9910888671875,995.8935546875,1003.7621459960938,981.6741333007812,11409161.0,1001.5332651004173,1002.4359284900111,973.9786921208427
2021-06-09 18:30:00,1012.2537231445312,1029.1446533203125,1004.93896484375,1007.4541625976562,985.2848510742188,14155653.0,989.97879594458,1006.4980364625192,982.8250009526113
2021-06-10 18:30:00,1007.4080200195312,1028.2216796875,1006.1157836914062,1021.3683471679688,1002.3753051757812,13762778.0,988.6745798453265,1009.1011952964063,987.4063735342977
2021-06-13 18:30:00,1022.22216796875,1042.1820068359375,1013.0151977539062,1036.02099609375,1016.75537109375,20332436.0,1003.2131430271446,1022.8018129970553,994.1773836624807
2021-06-14 18:30:00,1043.451171875,1049.865966796875,1033.8980712890625,1038.3746337890625,1019.0654296875,15174215.0,1024.047566478528,1030.3430744105387,1014.6721115736523
2021-06-15 18:30:00,1036.02099609375,1037.01318359375,1017.9993896484375,1020.6530151367188,1001.6732788085938,10797349.0,1016.7554817175181,1017.7292188167856,999.0689992893482
2021-06-16 18:30:00,1015.2996215820312,1031.4521484375,1006.0234985351562,1022.5220947265625,1003.5075073242188,15745975.0,996.4193416411849,1012.2714997953356,987.315715260484
2021-06-17 18:30:00,1027.06787109375,1031.4521484375,1008.0771484375,1027.1370849609375,1008.0368041992188,29369026.0,1007.9688774088152,1012.2716262697277,989.3312995663522
2021-06-20 18:30:00,1016.9149169921875,1037.2208251953125,1015.368896484375,1032.490478515625,1013.2904663085938,12186448.0,998.0045452008349,1017.9328482894455,996.4872742197637
2021-06-21 18:30:00,1040.2205810546875,1043.451171875,1024.2296142578125,1027.1832275390625,1008.0820922851562,12871913.0,1020.877007795391,1024.047523693767,1005.1834033496904
2021-06-22 18:30:00,1038.3746337890625,1038.6514892578125,1016.0841674804688,1017.7686767578125,998.8424682617188,16653951.0,1019.0652413259819,1019.336948449686,997.1892837583877
2021-06-23 18:30:00,1018.4609375,1022.0375366210938,987.6096801757812,993.8399047851562,975.3587646484375,91461975.0,999.5219522378009,1003.0320420254984,969.24439537304
2021-06-24 18:30:00,993.8399047851562,993.8399047851562,960.4273071289062,971.2033081054688,953.14306640625,55355022.0,975.3587188779936,975.3587188779936,942.5674531142881
2021-06-27 18:30:00,979.3026733398438,981.37939453125,960.3811645507812,962.6886596679688,944.7868041992188,20277042.0,961.0918688993542,963.1299720367883,942.5222185353294
2021-06-28 18:30:00,964.3038940429688,973.3031616210938,961.8118286132812,963.5193481445312,945.60205078125,27144063.0,946.3720075153033,955.2039275943256,943.9262837366043
2021-06-29 18:30:00,967.4190063476562,979.6026000976562,965.0192260742188,974.0646362304688,955.9512939453125,19762858.0,949.4292437144969,961.3862759041562,947.0740888590092
2021-06-30 18:30:00,977.4566650390625,979.8333740234375,966.8421630859375,968.20361328125,950.1992797851562,12534407.0,959.2802654326806,961.6127780717921,948.863146582074
2021-07-01 18:30:00,967.76513671875,984.3330078125,965.8960571289062,982.5562133789062,964.2848510742188,14086620.0,949.7688254664646,966.0286046961062,947.9345027993265
2021-07-04 18:30:00,985.9713134765625,993.8629760742188,983.6868896484375,992.3169555664062,973.8641357421875,11702287.0,967.6364952540457,975.3814069298204,965.3945518663345
2021-07-05 18:30:00,989.8941040039062,991.7169799804688,978.4719848632812,980.5948486328125,962.3599853515625,10070124.0,971.4863144110957,973.2752927037599,960.2765977537204
2021-07-06 18:30:00,981.956298828125,981.956298828125,968.2266845703125,973.7877197265625,955.679443359375,10454892.0,963.6961219133111,963.6961219133111,950.2218196134942
2021-07-07 18:30:00,976.9721069335938,976.9721069335938,960.3811645507812,965.7345581054688,947.7760009765625,11185460.0,958.8045791709611,958.8045791709611,942.5221577829742
2021-07-08 18:30:00,963.6116333007812,965.3192138671875,953.5048217773438,955.8584594726562,938.0836181640625,9037675.0,945.692616426164,947.3684433649398,935.7737479702222
2021-07-11 18:30:00,959.8042602539062,969.8419189453125,957.3814086914062,961.8118286132812,943.92626953125,8585292.0,941.9560333000883,951.8070347554016,939.5782363454429
2021-07-12 18:30:00,969.149658203125,970.5572509765625,963.6347045898438,969.01123046875,950.9917602539062,6717133.0,951.1276138236502,952.5090313833667,945.7152147930674
2021-07-13 18:30:00,969.3111572265625,972.3109130859375,960.4965209960938,962.6886596679688,944.7868041992188,8532544.0,951.2861518765445,954.2301252196338,942.6354298484742
2021-07-14 18:30:00,966.8421630859375,966.8421630859375,959.2274169921875,961.0042114257812,943.1336669921875,9448356.0,948.8630578642602,948.8630578642602,941.3899132919198
2021-07-15 18:30:00,963.4962768554688,975.956787109375,963.4270629882812,974.8722534179688,956.7438354492188,8828185.0,945.5794029707818,957.808201493028,945.5114761829108
2021-07-18 18:30:00,969.149658203125,980.2256469726562,965.5730590820312,968.6651000976562,950.6519775390625,8354449.0,951.1275248888638,961.9975465567177,947.6174355638851
2021-07-19 18:30:00,968.9188842773438,972.8416748046875,961.7656860351562,966.288330078125,948.3195190429688,6741464.0,950.9011562369292,954.7509997157346,943.8809767465054
2021-07-21 18:30:00,977.9181518554688,980.1795043945312,968.2958984375,978.7026977539062,960.5029907226562,7972397.0,959.7330340406753,961.9523350417173,950.289713605715
2021-07-22 18:30:00,985.04833984375,985.04833984375,970.095703125,971.7802124023438,953.709228515625,9937030.0,966.7306251488294,966.7306251488294,952.0560439551456
2021-07-25 18:30:00,972.8416748046875,978.8411254882812,955.8123168945312,958.4659423828125,940.642578125,12389668.0,954.750983452507,960.6388700312618,938.0382987131833
2021-07-26 18:30:00,958.44287109375,961.627197265625,942.3826904296875,948.3821411132812,930.7462768554688,10824523.0,940.6199201537044,943.745031435626,924.8583903750485
2021-07-27 18:30:00,949.7666625976562,949.7666625976562,930.4990234375,940.2366943359375,922.7522583007812,12897848.0,932.1050093559254,932.1050093559254,913.1956670017476
2021-07-28 18:30:00,947.920654296875,957.3352661132812,943.0287475585938,947.5745239257812,929.9536743164062,13765738.0,930.2933681370648,939.5329082786225,925.4924300252735
2021-07-29 18:30:00,949.7666625976562,954.3585815429688,937.352294921875,939.2906494140625,921.8238525390625,11350608.0,932.1050565925411,936.6115854453042,919.9215431668897
2021-08-01 18:30:00,948.0591430664062,959.6427612304688,941.9904174804688,956.4584350585938,938.6724243164062,10925104.0,930.4293230086479,941.7975357253354,924.4734496016514
2021-08-02 18:30:00,964.53466796875,964.9961547851562,952.6279907226562,963.4962768554688,945.579345703125,11817299.0,946.5984271599676,947.0513322851771,934.9131634487219
2021-08-03 18:30:00,966.5652465820312,975.6106567382812,963.150146484375,970.8803100585938,952.826171875,13169800.0,948.5913497541121,957.4685547431583,945.2397556194825
2021-08-04 18:30:00,975.7490844726562,994.4398193359375,971.1110229492188,984.9560546875,966.64013671875,21252078.0,957.6043762856963,975.9475444073931,953.0525626247831
2021-08-05 18:30:00,982.9715576171875,990.8170776367188,959.3427734375,964.0962524414062,946.1681518554688,16620987.0,964.6924564242829,972.392083052254,941.5030673967123
2021-08-08 18:30:00,960.3811645507812,964.4423828125,953.6893920898438,958.6043701171875,940.7784423828125,7494143.0,942.522196064497,946.5078930939915,935.9548618556917
2021-08-09 18:30:00,960.8426513671875,975.149169921875,957.0352783203125,963.6347045898438,945.7152099609375,11919198.0,942.9750770172923,957.0155553586313,939.238504866793
2021-08-10 18:30:00,967.7420654296875,978.379638671875,961.48876953125,977.1336059570312,958.963134765625,9184963.0,949.7462363911606,960.1859966454768,943.6092248291548
2021-08-11 18:30:00,980.6409912109375,981.240966796875,971.4571533203125,973.9954223632812,955.88330078125,8137612.0,962.4052906590396,962.9941092821113,953.3922326146494
2021-08-12 18:30:00,977.1336059570312,992.1785278320312,973.2800903320312,990.2171020507812,971.8032836914062,12780901.0,958.9630848706249,973.7282353115995,955.181228214771
2021-08-15 18:30:00,991.9246826171875,1016.6841430664062,982.140869140625,1003.0698852539062,984.4170532226562,21935444.0,973.4791039346753,997.7781437654177,963.8772277608733
2021-08-16 18:30:00,1000.9239501953125,1008.4694213867188,991.232421875,998.801025390625,980.2276000976562,12658169.0,982.3110475847799,989.716205298415,972.7997402220516
2021-08-17 18:30:00,1003.3006591796875,1009.2078247070312,993.424560546875,1002.6776123046875,984.0321655273438,10075860.0,984.6436264377176,990.4409443539315,974.9511803260805
2021-08-19 18:30:00,988.994140625,1002.3776245117188,986.2251586914062,991.4170532226562,972.98095703125,9426282.0,970.6031001945055,983.7377088016336,967.8856094241049
2021-08-22 18:30:00,1003.3006591796875,1003.3006591796875,984.0560913085938,997.9241943359375,979.3671875,9854395.0,984.6436737126827,984.6436737126827,965.7569702761477
2021-08-23 18:30:00,999.1702270507812,1011.607666015625,994.8090209960938,1007.7772216796875,989.036865234375,11864472.0,980.5899239821464,992.7960796490014,976.3098177521405
2021-08-24 18:30:00,1008.561767578125,1024.5296630859375,1006.1157836914062,1016.49951171875,997.596923828125,13380559.0,989.8067881266007,1005.4777483729744,987.4062891858803
2021-08-25 18:30:00,1018.9916381835938,1036.02099609375,1017.6071166992188,1029.352294921875,1010.2107543945312,18589616.0,1000.0427614622415,1016.7554463089577,998.6839861429403
2021-08-26 18:30:00,1032.3751220703125,1035.02880859375,1022.7067260742188,1027.9447021484375,1008.8292846679688,10480636.0,1013.1773175448565,1015.7816567389563,1003.6887127626729
2021-08-29 18:30:00,1038.3746337890625,1050.304443359375,1032.2828369140625,1047.719970703125,1028.2369384765625,14027062.0,1019.0653841621985,1030.7733511879242,1013.086868200183
2021-08-30 18:30:00,1050.7889404296875,1053.9501953125,1034.7979736328125,1042.1358642578125,1022.7566528320312,26485463.0,1031.2488192815088,1034.351288521445,1015.5552151770501
2021-08-31 18:30:00,1048.9891357421875,1058.1729736328125,1044.3741455078125,1046.2662353515625,1026.81005859375,11145486.0,1029.4823244235874,1038.4953813339248,1024.9531537088544
2021-09-01 18:30:00,1040.68212890625,1065.04931640625,1040.68212890625,1058.865234375,1039.1749267578125,9956770.0,1021.3299483032399,1045.2440116453542,1021.3299483032399
2021-09-02 18:30:00,1066.0645751953125,1105.2921142578125,1062.6033935546875,1102.2923583984375,1081.7945556640625,30664428.0,1046.2404503177634,1084.738529222682,1042.8436314734117
2021-09-05 18:30:00,1113.59912109375,1144.5196533203125,1113.1375732421875,1119.4140625,1098.5977783203125,33641710.0,1092.8909697996994,1123.2365131929273,1092.4380047519112
2021-09-06 18:30:00,1121.444580078125,1134.3665771484375,1113.1375732421875,1126.4749755859375,1105.52734375,17349882.0,1100.5904921516135,1113.272195169168,1092.4379602260194
2021-09-07 18:30:00,1131.59765625,1132.5206298828125,1110.6685791015625,1122.067626953125,1101.2020263671875,14301651.0,1110.554838373318,1111.4606486919852,1090.0149514607642
2021-09-08 18:30:00,1120.4754638671875,1125.0673828125,1115.02978515625,1119.4140625,1098.5977783203125,8963249.0,1099.6394421897962,1104.145971203985,1094.2950296674799
2021-09-12 18:30:00,1122.8291015625,1122.8291015625,1092.854736328125,1094.469970703125,1074.117431640625,16311160.0,1101.9492019199529,1101.9492019199529,1072.5322338327235
2021-09-13 18:30:00,1096.0621337890625,1104.83056640625,1091.9085693359375,1093.039306640625,1072.7135009765625,8908356.0,1075.6801166083583,1084.2854942866497,1071.6037904973264
2021-09-14 18:30:00,1093.0623779296875,1105.63818359375,1093.0623779296875,1097.5850830078125,1077.1746826171875,9071075.0,1072.7360805602518,1085.0780298856923,1072.7360805602518
2021-09-15 18:30:00,1099.0849609375,1124.5596923828125,1092.3701171875,1120.6138916015625,1099.775390625,13448882.0,1078.646803599393,1103.647816826433,1072.056826477489
2021-09-16 18:30:00,1128.82861328125,1133.3743896484375,1096.3389892578125,1103.2384033203125,1082.722900390625,34882133.0,1107.837242193017,1112.2984866148895,1075.9517858407112
2021-09-19 18:30:00,1094.7237548828125,1116.068115234375,1093.754638671875,1104.9921875,1084.444091796875,11779819.0,1074.3666078022443,1095.3140549772365,1073.415512979037
2021-09-20 18:30:00,1109.9071044921875,1115.260498046875,1100.215576171875,1109.7686767578125,1089.1317138671875,9915736.0,1089.2675674362638,1094.521410709491,1079.756260196694
2021-09-21 18:30:00,1111.2916259765625,1126.9825439453125,1106.7919921875,1121.6754150390625,1100.817138671875,10995912.0,1090.6264428510565,1106.0255780999046,1086.210482648724
2021-09-22 18:30:00,1129.4747314453125,1152.3651123046875,1128.597900390625,1149.0885009765625,1127.7203369140625,15748397.0,1108.4713001643795,1130.9360171926044,1107.6107744419755
2021-09-23 18:30:00,1155.387939453125,1156.2647705078125,1140.82763671875,1145.765625,1124.4593505859375,15192163.0,1133.9027316972313,1134.7632574948414,1119.6131874834832
2021-09-26 18:30:00,1147.7501220703125,1167.5484619140625,1142.3505859375,1165.033203125,1143.368408203125,15373834.0,1126.4067209127213,1145.8368935906276,1121.1075938005931
2021-09-27 18:30:00,1169.4405517578125,1183.700927734375,1159.65673828125,1175.9246826171875,1154.0574951171875,18035258.0,1147.6939414575027,1161.689135216267,1138.092065214608
2021-09-28 18:30:00,1186.0545654296875,1186.0545654296875,1163.002685546875,1166.6024169921875,1144.90869140625,9719875.0,1163.9991145771864,1163.9991145771864,1141.3758992926414
2021-09-29 18:30:00,1165.287109375,1169.717529296875,1153.9111328125,1162.6334228515625,1141.0135498046875,13590654.0,1143.6178894191034,1147.965922997723,1132.4534560345573
2021-09-30 18:30:00,1154.6495361328125,1172.1173095703125,1151.442138671875,1164.6871337890625,1143.02880859375,8958928.0,1133.1778684079156,1150.3208140813133,1130.0301151683525
2021-10-03 18:30:00,1178.2091064453125,1188.2928466796875,1170.84814453125,1179.662841796875,1157.72607421875,10918552.0,1156.2993722307872,1166.1955973057436,1149.075293250508
2021-10-04 18:30:00,1179.17822265625,1205.4376220703125,1175.6015625,1204.1453857421875,1181.75341796875,13533634.0,1157.2505376163047,1183.0216242133338,1153.7403880823629
2021-10-05 18:30:00,1209.1064453125,1209.1064453125,1177.332275390625,1181.370361328125,1159.40185546875,10258881.0,1186.6221652780882,1186.6221652780882,1155.438860897584
2021-10-06 18:30:00,1197.592041015625,1199.32275390625,1184.9931640625,1187.1622314453125,1165.0860595703125,6336665.0,1175.3219190109808,1177.0204479976474,1162.9573276219362
2021-10-07 18:30:00,1193.0924072265625,1238.8502197265625,1191.36181640625,1232.781494140625,1209.85693359375,15772493.0,1170.9058970806193,1215.8128063604343,1169.2074879845059
2021-10-10 18:30:00,1246.6956787109375,1255.279541015625,1220.82861328125,1224.197509765625,1201.4327392578125,14768666.0,1223.512539721895,1231.9367793726578,1198.1264896541243
2021-10-11 18:30:00,1220.6671142578125,1238.2041015625,1218.9364013671875,1231.189208984375,1208.2943115234375,6682011.0,1197.9678831315707,1215.1787568517786,1196.269354160262
2021-10-12 18:30:00,1236.3580322265625,1255.048828125,1231.8814697265625,1243.718994140625,1220.5911865234375,9959762.0,1213.3671067441883,1231.7103344750674,1208.9737889938256
2021-10-13 18:30:00,1246.2110595703125,1254.102783203125,1240.142333984375,1246.234130859375,1223.0594482421875,8623469.0,1223.036805981498,1230.7817769408248,1217.0809330176019
2021-10-17 18:30:00,1231.5584716796875,1266.8170166015625,1228.6510009765625,1249.5570068359375,1226.320556640625,13594479.0,1208.6567177514992,1243.2596035729455,1205.8033136478314
2021-10-18 18:30:00,1257.033203125,1269.74755859375,1249.7415771484375,1260.748291015625,1237.3037109375,8833409.0,1233.6577079515857,1246.1356302424738,1226.5016753447112
2021-10-19 18:30:00,1265.7786865234375,1265.7786865234375,1242.1268310546875,1246.234130859375,1223.0594482421875,12710570.0,1242.2405578545067,1242.2405578545067,1219.0285268378586
2021-10-20 18:30:00,1258.6947021484375,1258.9715576171875,1201.3763427734375,1210.2833251953125,1187.777099609375,20831669.0,1235.2882267218629,1235.5599338327822,1179.0357499377028
2021-10-21 18:30:00,1209.1295166015625,1229.8509521484375,1205.206787109375,1212.544677734375,1189.99658203125,11027475.0,1186.6449281501523,1206.9810344630644,1182.7951444896785
2021-10-24 18:30:00,1236.819580078125,1236.819580078125,1186.0545654296875,1200.730224609375,1178.40185546875,17198417.0,1213.8201056097269,1213.8201056097269,1163.9990998346134
2021-10-25 18:30:00,1207.791259765625,1231.6968994140625,1201.353271484375,1228.0740966796875,1205.2371826171875,9750178.0,1185.3315195274101,1208.7926167498356,1179.013250231775
2021-10-26 18:30:00,1223.8975830078125,1235.3427734375,1209.1064453125,1212.544677734375,1189.99658203125,9896298.0,1201.138372284091,1212.3707315877277,1186.6222858874532
2021-10-27 18:30:00,1209.1295166015625,1217.4134521484375,1195.515380859375,1199.25341796875,1176.9525146484375,9886181.0,1186.6449607541927,1194.7748510901267,1173.283988789091
2021-10-28 18:30:00,1198.122802734375,1198.122802734375,1154.5341796875,1170.47900390625,1148.713134765625,14233025.0,1175.8428779756357,1175.8428779756357,1133.0648156155328
2021-10-31 18:30:00,1170.47900390625,1179.5936279296875,1151.0267333984375,1171.1943359375,1149.4150390625,15481114.0,1148.7130092033958,1157.6581394917466,1129.6224692481335
2021-11-01 18:30:00,1174.51708984375,1175.901611328125,1151.5574951171875,1154.1187744140625,1132.6571044921875,10569130.0,1152.6760985535552,1154.0348738636576,1130.143454028727
2021-11-02 18:30:00,1156.5416259765625,1162.9796142578125,1135.7510986328125,1146.1810302734375,1124.866943359375,11989430.0,1135.0348760961226,1141.3531452072293,1114.6309640383438
2021-11-03 18:30:00,1150.4959716796875,1156.010986328125,1149.1346435546875,1153.2188720703125,1131.77392578125,1705656.0,1129.1016597099565,1134.514118637374,1127.7656464746356
2021-11-07 18:30:00,1162.70263671875,1162.9796142578125,1133.628173828125,1154.6495361328125,1133.1778564453125,20337183.0,1141.0812028496898,1141.3530297583548,1112.5474040608012
2021-11-08 18:30:00,1156.05712890625,1167.0869140625,1147.773193359375,1163.76416015625,1142.123046875,15682497.0,1134.5593339553402,1145.384011549245,1126.429444729638
2021-11-09 18:30:00,1161.4566650390625,1180.5166015625,1155.43408203125,1176.7784423828125,1154.895263671875,10253470.0,1139.8584075840783,1158.5639086571884,1133.947819541091
2021-11-10 18:30:00,1172.232666015625,1186.2852783203125,1170.1558837890625,1178.9244384765625,1157.00146484375,10722478.0,1150.4341308509872,1164.2254244154967,1148.3959679290283
2021-11-11 18:30:00,1182.7779541015625,1199.32275390625,1180.0550537109375,1196.7152099609375,1174.4615478515625,8712341.0,1160.783463915503,1177.0206028987552,1158.111197547698
2021-11-14 18:30:00,1199.8995361328125,1200.9149169921875,1186.0545654296875,1189.654296875,1167.5318603515625,4803269.0,1177.586582367733,1178.583081524526,1163.9990683781703
2021-11-15 18:30:00,1187.0006103515625,1188.362060546875,1151.442138671875,1162.010498046875,1140.402099609375,11337581.0,1164.9275032865714,1166.2636363626991,1130.0302662731583
2021-11-16 18:30:00,1153.2650146484375,1153.2650146484375,1135.7510986328125,1137.1356201171875,1115.98974609375,10202029.0,1131.819202659116,1131.819202659116,1114.6309708056715
2021-11-17 18:30:00,1135.28955078125,1148.673095703125,1130.6976318359375,1141.427490234375,1120.2017822265625,8505625.0,1114.177982402732,1127.3126501781812,1109.6714536653499
2021-11-21 18:30:00,1124.259765625,1130.213134765625,1084.986083984375,1090.8702392578125,1070.584716796875,24124307.0,1103.3533407297432,1109.1960026578379,1064.8099816539602
2021-11-22 18:30:00,1076.7021484375,1108.176513671875,1065.6031494140625,1101.0693359375,1080.593994140625,25326999.0,1056.6799356820093,1087.5690077245938,1045.787332197155
2021-11-23 18:30:00,1098.36962890625,1112.16845703125,1081.5479736328125,1085.1707763671875,1064.9912109375,16820296.0,1077.9446209027212,1091.4868494573443,1061.4357769402945
2021-11-24 18:30:00,1095.13916015625,1154.672607421875,1087.8243408203125,1150.4959716796875,1129.1015625,42401936.0,1074.774155951259,1133.2005303004803,1067.5953616356612
2021-11-25 18:30:00,1138.8892822265625,1143.4119873046875,1108.2918701171875,1113.41455078125,1092.709716796875,15763138.0,1117.7107252384765,1122.1493269988055,1087.6822964764374
2021-11-28 18:30:00,1125.644287109375,1153.7496337890625,1107.1842041015625,1126.7518310546875,1105.7991943359375,24325354.0,1104.712245845007,1132.2949564813318,1086.5954393266575
2021-11-29 18:30:00,1138.9815673828125,1142.62744140625,1102.453857421875,1110.0916748046875,1089.44873046875,32172299.0,1117.8013949441001,1121.3794713466475,1081.9529437331894
2021-11-30 18:30:00,1122.8291015625,1141.7506103515625,1119.1832275390625,1138.5201416015625,1117.348388671875,10104610.0,1101.949136903198,1120.5187841006198,1098.3710610163207
2021-12-01 18:30:00,1139.76611328125,1151.995849609375,1136.0279541015625,1145.8348388671875,1124.5272216796875,12720411.0,1118.571348380323,1130.5736640269113,1114.9027029403865
2021-12-02 18:30:00,1153.01123046875,1153.057373046875,1107.599609375,1111.406982421875,1090.739501953125,19222481.0,1131.5700865288095,1131.6153710496726,1087.0029299803193
2021-12-05 18:30:00,1114.983642578125,1119.1370849609375,1087.8243408203125,1090.3394775390625,1070.0638427734375,10332254.0,1094.2497321105475,1098.3259382907745,1067.595476803198
2021-12-06 18:30:00,1096.5928955078125,1109.445556640625,1089.1396484375,1099.223388671875,1078.7825927734375,11235122.0,1076.2010153934032,1088.8146726752468,1068.8863664494722
2021-12-07 18:30:00,1118.7218017578125,1122.2752685546875,1110.507080078125,1115.9527587890625,1095.20068359375,8744178.0,1097.9182338918165,1101.4056210006474,1089.8562718344901
2021-12-08 18:30:00,1123.7520751953125,1142.1658935546875,1119.1370849609375,1133.6512451171875,1112.5703125,13213547.0,1102.85522364802,1120.926625884508,1098.326051956675
2021-12-09 18:30:00,1126.1749267578125,1138.05859375,1121.6060791015625,1134.8050537109375,1113.7025146484375,8364414.0,1105.2328712872275,1116.8955527047663,1100.7489847314073
2021-12-12 18:30:00,1141.5198974609375,1141.7967529296875,1109.445556640625,1112.0531005859375,1091.3736572265625,12901733.0,1120.2924973928066,1120.5642045309762,1088.8146024741634
2021-12-13 18:30:00,1098.36962890625,1110.36865234375,1095.32373046875,1098.4388427734375,1078.0125732421875,12991523.0,1077.944646457222,1089.7205393231307,1074.9553887174345
2021-12-14 18:30:00,1100.215576171875,1109.9071044921875,1089.647216796875,1095.2314453125,1074.864990234375,9366969.0,1079.7564383300423,1089.267747138745,1069.3846036415657
2021-12-15 18:30:00,1110.2301025390625,1114.7528076171875,1093.131591796875,1109.3994140625,1088.769287109375,9761279.0,1089.5845283011158,1094.0231302341062,1072.8039773873268
2021-12-16 18:30:00,1106.69970703125,1111.2916259765625,1070.6795654296875,1080.1173095703125,1060.03173828125,21049821.0,1086.1198166210095,1090.6263454753455,1050.7694958949853
2021-12-19 18:30:00,1069.6873779296875,1069.6873779296875,1037.0362548828125,1050.9967041015625,1031.45263671875,14325846.0,1049.7957435304404,1049.7957435304404,1017.7517924627566
2021-12-20 18:30:00,1066.6876220703125,1082.6785888671875,1057.8499755859375,1066.6414794921875,1046.8065185546875,12836561.0,1046.8518030785813,1062.5454064146618,1038.1784989493156
2021-12-21 18:30:00,1072.94091796875,1094.6314697265625,1071.6026611328125,1091.9547119140625,1071.6490478515625,17658543.0,1052.988828746117,1074.276029474332,1051.6754577350616
2021-12-22 18:30:00,1095.6005859375,1098.36962890625,1088.23974609375,1091.5625,1071.2640380859375,9072401.0,1075.2270326442374,1077.944583084397,1068.0030733980013
2021-12-23 18:30:00,1093.754638671875,1103.9075927734375,1078.7789306640625,1095.046875,1074.683837890625,7886494.0,1073.415631452822,1083.3797854346271,1058.718405494376
2021-12-26 18:30:00,1089.85498046875,1097.4466552734375,1083.6478271484375,1093.8699951171875,1073.5286865234375,4017223.0,1069.588333994207,1077.0388360812635,1063.4966072069749
2021-12-27 18:30:00,1096.3389892578125,1109.837890625,1095.1622314453125,1106.8612060546875,1086.2783203125,6374613.0,1075.9517717574063,1089.1996512774408,1074.7968966086662
2021-12-28 18:30:00,1103.4461669921875,1116.3681640625,1099.3387451171875,1108.75341796875,1088.1353759765625,15425312.0,1082.926817028114,1095.6085205634522,1078.8957755234705
2021-12-29 18:30:00,1107.599609375,1109.884033203125,1082.4940185546875,1088.7242431640625,1068.4786376953125,29333171.0,1087.0030029803643,1089.2449463146104,1062.3642685656102
2021-12-30 18:30:00,1095.13916015625,1100.16943359375,1089.1396484375,1092.90087890625,1072.57763671875,9477290.0,1074.7742955921874,1079.7110276415224,1068.8863489128844
2022-01-02 18:30:00,1091.4471435546875,1111.2685546875,1090.7779541015625,1109.3763427734375,1088.746826171875,5421611.0,1071.1510311358852,1090.6038512736811,1070.494285660877
2022-01-03 18:30:00,1114.9375,1135.7510986328125,1109.445556640625,1134.4127197265625,1113.3175048828125,10847728.0,1094.2044407783767,1114.6309956772857,1088.81462402871
2022-01-04 18:30:00,1136.212646484375,1143.1351318359375,1122.8060302734375,1139.719970703125,1118.5260009765625,11643813.0,1115.0838981501056,1121.8776545605729,1101.9265882823174
2022-01-05 18:30:00,1131.2283935546875,1132.5206298828125,1111.7530517578125,1115.21435546875,1094.4761962890625,14447422.0,1110.1924425923644,1111.4606489189575,1091.0792578429503
2022-01-06 18:30:00,1121.883056640625,1134.3896484375,1112.929931640625,1124.213623046875,1103.3079833984375,13112115.0,1101.0207557139988,1113.294777565113,1092.2341211399646
2022-01-09 18:30:00,1131.59765625,1133.9051513671875,1115.0067138671875,1125.1365966796875,1104.2138671875,9246731.0,1110.5547786779957,1112.8193642531028,1094.2723568788356
2022-01-10 18:30:00,1124.213623046875,1142.18896484375,1123.7520751953125,1133.2359619140625,1112.16259765625,16205164.0,1103.3080358803265,1120.9491128479206,1102.8550708538112
2022-01-11 18:30:00,1140.5045166015625,1165.2640380859375,1137.5970458984375,1163.4871826171875,1141.8511962890625,14800442.0,1119.2959115588758,1143.595009691511,1116.4425076278837
2022-01-12 18:30:00,1163.5565185546875,1172.671142578125,1157.626220703125,1170.04052734375,1148.28271484375,11856712.0,1141.9192812349345,1150.8644117443653,1136.0992618786104
2022-01-13 18:30:00,1169.902099609375,1184.8084716796875,1165.6793212890625,1171.748046875,1149.95849609375,19930176.0,1148.146875628832,1162.776052313962,1144.0026230998735
2022-01-16 18:30:00,1171.28662109375,1183.7470703125,1170.8250732421875,1177.8629150390625,1155.959716796875,8036453.0,1149.5057137125311,1161.7344520199854,1149.0527486713804
2022-01-17 18:30:00,1179.0167236328125,1182.5240478515625,1161.0181884765625,1163.810302734375,1142.16845703125,6215029.0,1157.0921041700744,1160.5342073047743,1139.4282640408564
2022-01-18 18:30:00,1167.5946044921875,1173.132568359375,1157.903076171875,1163.718017578125,1142.077880859375,9755485.0,1145.882379974198,1151.3173615953267,1136.3710722869748
2022-01-19 18:30:00,1153.772705078125,1158.341552734375,1132.9820556640625,1143.3427734375,1122.0814208984375,16494486.0,1132.3173998078944,1136.801286170844,1111.9133687702085
2022-01-20 18:30:00,1131.59765625,1154.7879638671875,1131.59765625,1143.52734375,1122.2626953125,13338594.0,1110.5548482538704,1133.3139167394952,1110.5548482538704
2022-01-23 18:30:00,1142.2120361328125,1155.9417724609375,1086.8782958984375,1097.4005126953125,1076.9935302734375,21868937.0,1120.9717499530957,1134.4461715764583,1066.666981959244
2022-01-24 18:30:00,1084.31689453125,1102.361572265625,1063.757080078125,1095.2545166015625,1074.887451171875,24510205.0,1064.1532222498897,1081.8623458947789,1043.9757327083191
2022-01-26 18:30:00,1078.0635986328125,1087.3397216796875,1066.5491943359375,1079.03271484375,1058.9674072265625,20020431.0,1058.0163123551283,1067.119939925388,1046.7160258148951
2022-01-27 18:30:00,1091.4471435546875,1096.4774169921875,1074.5562744140625,1077.994384765625,1057.9482421875,14667727.0,1071.1508364816766,1076.087568078922,1054.5740661673967
2022-01-30 18:30:00,1089.23193359375,1110.55322265625,1087.3858642578125,1101.41552734375,1080.933837890625,12143683.0,1068.9768076649402,1089.9016105598887,1067.1650674426833
2022-01-31 18:30:00,1111.2916259765625,1117.1064453125,1083.186279296875,1097.7696533203125,1077.3558349609375,13200509.0,1090.6263567842825,1096.333045361315,1063.0436492942567
2022-02-01 18:30:00,1110.830078125,1110.830078125,1096.1082763671875,1100.0079345703125,1079.5523681640625,10017691.0,1090.1732649193555,1090.1732649193555,1075.7252273627023
2022-02-02 18:30:00,1103.9075927734375,1108.268798828125,1083.232421875,1085.793701171875,1065.6025390625,9572839.0,1083.3795890325775,1087.6596951339798,1063.0888887078768
2022-02-03 18:30:00,1080.37109375,1083.809326171875,1071.187255859375,1075.89453125,1055.8875732421875,11061241.0,1060.2808911532845,1063.6551874088461,1051.2678326966015
2022-02-06 18:30:00,1080.8326416015625,1087.662841796875,1063.757080078125,1069.34130859375,1049.4560546875,10714467.0,1060.7336971993545,1067.4368843783152,1043.9756693517945
2022-02-07 18:30:00,1075.5946044921875,1089.1396484375,1066.0645751953125,1087.316650390625,1067.0972900390625,12060849.0,1055.5932232086295,1068.8863882514995,1046.2404110052712
2022-02-08 18:30:00,1094.2852783203125,1101.6923828125,1088.2166748046875,1099.98486328125,1079.5299072265625,11486225.0,1073.9363098694528,1081.2056742872649,1067.9805561051007
2022-02-09 18:30:00,1105.6151123046875,1105.6151123046875,1091.4932861328125,1098.854248046875,1078.42041015625,12464491.0,1085.0555521861236,1085.0555521861236,1071.1963296372755
2022-02-10 18:30:00,1095.2545166015625,1100.4464111328125,1081.8017578125,1096.708251953125,1076.314208984375,15943370.0,1074.887506839841,1079.982854527415,1061.6849113374171
2022-02-13 18:30:00,1080.0250244140625,1086.80908203125,1067.4490966796875,1079.240478515625,1059.1712646484375,10719633.0,1059.9412213800138,1066.599124811997,1047.5991516117767
2022-02-14 18:30:00,1085.078369140625,1118.6295166015625,1077.9251708984375,1115.883544921875,1095.1328125,11212671.0,1064.9004831978962,1097.8277206759533,1057.8803043046898
2022-02-15 18:30:00,1121.444580078125,1122.8291015625,1105.7305908203125,1113.5760498046875,1092.868408203125,10392840.0,1100.5906182455715,1101.9493936888987,1085.1688404247225
2022-02-16 18:30:00,1116.875732421875,1132.9359130859375,1112.214599609375,1127.6748046875,1106.7047119140625,12853252.0,1096.106457779991,1111.867985430717,1091.5320027819646
2022-02-17 18:30:00,1128.0902099609375,1133.628173828125,1116.8988037109375,1118.8602294921875,1098.05419921875,6775458.0,1107.112541400613,1112.5475227496659,1096.1292475949579
2022-02-20 18:30:00,1113.1375732421875,1124.9058837890625,1100.4925537109375,1107.553466796875,1086.957763671875,11107193.0,1092.4380298945582,1103.9875007758346,1080.0281530233087
2022-02-21 18:30:00,1085.8629150390625,1105.70751953125,1083.2093505859375,1102.5230712890625,1082.0208740234375,13494914.0,1065.6705251768456,1085.146105195485,1063.066305633856
2022-02-22 18:30:00,1108.1072998046875,1110.6224365234375,1092.8316650390625,1095.6236572265625,1075.2498779296875,7310110.0,1087.5013796836981,1089.9697459260428,1072.5098045121515
2022-02-23 18:30:00,1063.757080078125,1079.863525390625,1035.3287353515625,1041.0281982421875,1021.6695556640625,24846650.0,1043.975778151862,1059.7827129241718,1016.0760782454672
2022-02-24 18:30:00,1052.2657470703125,1065.1185302734375,1050.489013671875,1054.0426025390625,1034.44189453125,14570089.0,1032.698081014629,1045.3118571320392,1030.9543872983322
2022-02-27 18:30:00,1035.1441650390625,1092.5316162109375,1035.1441650390625,1088.931884765625,1068.6824951171875,21297446.0,1015.894992677199,1072.2152872381166,1015.894992677199
2022-03-01 18:30:00,1077.3482666015625,1108.0611572265625,1074.9254150390625,1106.930419921875,1086.34619140625,21471786.0,1057.314141139364,1087.4559017749605,1054.9363443782538
2022-03-02 18:30:00,1107.599609375,1114.452880859375,1093.7777099609375,1097.5850830078125,1077.1746826171875,10186748.0,1087.002981514595,1093.7288113845136,1073.4381104672327
2022-03-03 18:30:00,1085.9090576171875,1091.1240234375,1070.8411865234375,1073.240966796875,1053.283203125,10805667.0,1065.7157207883167,1070.8337101992126,1050.9280486616494
2022-03-06 18:30:00,1051.61962890625,1067.0338134765625,1025.45263671875,1033.552001953125,1014.3323974609375,17983310.0,1032.0640445664155,1047.1915918601796,1006.3836454479082
2022-03-07 18:30:00,1020.6068725585938,1036.5286865234375,1006.0696411132812,1031.682861328125,1012.498046875,21289374.0,1001.6280233273343,1017.253760796074,987.3611211647836
2022-03-08 18:30:00,1031.9136962890625,1092.3701171875,1031.059814453125,1086.416748046875,1066.214111328125,20414228.0,1012.724579802494,1072.0567736389658,1011.8865764630572
2022-03-09 18:30:00,1107.599609375,1109.9071044921875,1089.1396484375,1104.02294921875,1083.492919921875,17980493.0,1087.0030697416826,1089.2676554769666,1068.8863838594104
2022-03-10 18:30:00,1096.546630859375,1112.6761474609375,1096.546630859375,1107.207275390625,1086.6180419921875,12257423.0,1076.1556390217638,1091.9852168591085,1076.1556390217638
2022-03-13 18:30:00,1101.553955078125,1118.8602294921875,1095.6005859375,1116.298828125,1095.5404052734375,8340678.0,1081.0697243173254,1098.0541754406872,1075.2270625884603
2022-03-14 18:30:00,1120.49853515625,1120.49853515625,1080.3018798828125,1090.7318115234375,1070.4488525390625,15925769.0,1099.6620420875429,1099.6620420875429,1060.2128731362302
2022-03-15 18:30:00,1099.2926025390625,1111.2454833984375,1097.03125,1109.1456298828125,1088.520263671875,11149828.0,1078.8504605069668,1090.5810688907009,1076.6311594559988
2022-03-16 18:30:00,1122.7137451171875,1152.5496826171875,1114.5682373046875,1145.30419921875,1124.0064697265625,21422098.0,1101.8361008572806,1131.1172183134404,1093.8420644373464
2022-03-20 18:30:00,1127.9056396484375,1146.3656005859375,1125.59814453125,1138.7047119140625,1117.5296630859375,11999466.0,1106.9314074851866,1125.0480919172617,1104.6668219311773
2022-03-21 18:30:00,1135.335693359375,1169.8790283203125,1132.3360595703125,1168.1253662109375,1146.4031982421875,22557065.0,1114.2232739689239,1148.124249688356,1111.2794206216663
2022-03-22 18:30:00,1164.3641357421875,1183.6778564453125,1164.3641357421875,1171.84033203125,1150.049072265625,15462187.0,1142.7119015169374,1161.6664689349448,1142.7119015169374
2022-03-23 18:30:00,1158.3646240234375,1192.5848388671875,1158.3646240234375,1190.0465087890625,1167.916748046875,13168266.0,1136.8240104486479,1170.4078760728964,1136.8240104486479
2022-03-24 18:30:00,1191.8233642578125,1207.2835693359375,1189.2850341796875,1197.984375,1175.70703125,14222488.0,1169.660588741769,1184.833300668766,1167.169460657995
2022-03-27 18:30:00,1204.5145263671875,1213.629150390625,1193.6693115234375,1210.029541015625,1187.5283203125,9891424.0,1182.1158606493575,1191.060992805179,1171.4723190412603
2022-03-28 18:30:00,1217.4365234375,1217.4365234375,1203.314697265625,1210.306396484375,1187.7999267578125,8684065.0,1194.7974641560254,1194.7974641560254,1180.9382429362058
2022-03-29 18:30:00,1218.3134765625,1240.5115966796875,1207.791259765625,1233.5660400390625,1210.626953125,15811550.0,1195.6580225208536,1217.4433519238278,1185.3314742474283
2022-03-30 18:30:00,1229.8740234375,1232.066162109375,1213.0985107421875,1215.9366455078125,1193.325439453125,13223718.0,1207.0036419353132,1209.1550162306944,1190.5400818204482
2022-03-31 18:30:00,1216.5135498046875,1229.96630859375,1210.0526123046875,1225.67431640625,1202.8819580078125,7922880.0,1193.891542920345,1207.094137293246,1187.5507515318518
2022-04-03 18:30:00,1225.48974609375,1234.5120849609375,1219.12109375,1229.297119140625,1206.4373779296875,7929162.0,1202.7008059618925,1211.5553673825946,1196.4505836886062
2022-04-04 18:30:00,1223.482177734375,1232.158447265625,1209.45263671875,1211.921630859375,1189.3851318359375,13149870.0,1200.7307025551163,1209.2456310104756,1186.9620503043643
2022-04-05 18:30:00,1193.9462890625,1215.8212890625,1193.9462890625,1208.691162109375,1186.2147216796875,12257215.0,1171.744039651222,1193.2122590361132,1171.744039651222
2022-04-06 18:30:00,1197.63818359375,1202.6685791015625,1184.6700439453125,1187.369873046875,1165.289794921875,15496499.0,1175.3671581453982,1180.3040094861121,1162.6401712692125
2022-04-07 18:30:00,1181.4395751953125,1211.4371337890625,1181.4395751953125,1207.1220703125,1184.6748046875,15152495.0,1159.4698932414146,1188.9096265891387,1159.4698932414146
2022-04-10 18:30:00,1199.8995361328125,1217.6904296875,1192.0540771484375,1204.60693359375,1182.2064208984375,9254209.0,1177.5865608022991,1195.0466201854251,1169.8869936426172
2022-04-11 18:30:00,1193.9000244140625,1201.0994873046875,1179.316650390625,1181.9241943359375,1159.945556640625,13217742.0,1171.6986884850992,1178.7642727503164,1157.3865016457235
2022-04-12 18:30:00,1188.13134765625,1196.4844970703125,1174.747802734375,1177.5860595703125,1155.68798828125,10354235.0,1166.0371790472568,1174.2349955581562,1152.9025109003892
2022-04-17 18:30:00,1168.9791259765625,1181.3472900390625,1163.810302734375,1173.986328125,1152.1551513671875,9974224.0,1147.2410619855225,1159.3792305452218,1142.1683569783831
2022-04-18 18:30:00,1180.5166015625,1231.2816162109375,1177.3092041015625,1218.728759765625,1196.0655517578125,26141820.0,1158.5639783200388,1208.3849780863475,1155.416224906424
2022-04-19 18:30:00,1226.251220703125,1261.7406005859375,1222.5592041015625,1254.564208984375,1231.234619140625,25072240.0,1203.4481327307994,1238.2775602010167,1199.8247720277507
2022-04-20 18:30:00,1269.5399169921875,1287.123046875,1260.8175048828125,1283.938720703125,1260.0628662109375,21708633.0,1245.9318196263494,1263.1879773228495,1237.3716076586059
2022-04-21 18:30:00,1273.23193359375,1293.12255859375,1266.4478759765625,1273.185791015625,1249.510009765625,15054154.0,1249.5552942902013,1269.0760391912017,1242.8973909745034
2022-04-24 18:30:00,1265.6171875,1273.0010986328125,1229.2740478515625,1243.7420654296875,1220.6138916015625,17063215.0,1242.0822318802027,1249.3288344946673,1206.41491600151
2022-04-25 18:30:00,1250.66455078125,1289.89208984375,1249.6031494140625,1280.9620361328125,1257.1416015625,12227666.0,1227.4075203143414,1265.9055943331985,1226.3658564890222
2022-04-26 18:30:00,1271.8243408203125,1305.12158203125,1271.455078125,1282.2081298828125,1258.3646240234375,19338945.0,1248.1739283672139,1280.851985416539,1247.811532355269
2022-04-27 18:30:00,1296.79150390625,1315.736083984375,1285.78466796875,1301.3603515625,1277.16064453125,25614076.0,1272.6767577965609,1291.269050141953,1261.874601680994
2022-04-28 18:30:00,1318.11279296875,1318.11279296875,1281.7235107421875,1287.699951171875,1263.7542724609375,18214862.0,1293.6015662528664,1293.6015662528664,1257.8889681093667
2022-05-01 18:30:00,1274.66259765625,1294.73779296875,1272.839599609375,1283.17724609375,1259.3155517578125,9467006.0,1250.9592399328203,1270.6611211332292,1249.1701419744186
2022-05-03 18:30:00,1285.277099609375,1287.5845947265625,1235.112060546875,1243.1190185546875,1220.0023193359375,19247660.0,1261.3764403153348,1263.6410258882418,1212.1442565160846
2022-05-04 18:30:00,1256.894775390625,1259.89453125,1214.6676025390625,1218.77490234375,1196.1109619140625,17210669.0,1233.5219702392728,1236.4659436174286,1192.0800401164388
2022-05-05 18:30:00,1205.5299072265625,1227.1280517578125,1196.9228515625,1209.4295654296875,1186.9393310546875,19649948.0,1183.112189870724,1204.3087009820067,1174.6651887519583
2022-05-08 18:30:00,1188.3389892578125,1198.561279296875,1156.9801025390625,1162.195068359375,1140.583251953125,18083752.0,1166.2410086662385,1176.2732081933118,1135.4652620079833
2022-05-09 18:30:00,1151.442138671875,1166.0255126953125,1134.3665771484375,1142.050537109375,1120.813232421875,19511677.0,1130.0301899582084,1144.3423749690376,1113.2721615832613
2022-05-10 18:30:00,1141.1275634765625,1146.8040771484375,1117.7294921875,1130.3515625,1109.331787109375,16643899.0,1119.9073998813726,1125.4783543216395,1096.9444341111473
2022-05-11 18:30:00,1120.2908935546875,1123.682861328125,1093.754638671875,1107.32275390625,1086.7313232421875,20490321.0,1099.458311385817,1102.787203178042,1073.4155164726255
2022-05-12 18:30:00,1119.5986328125,1143.5965576171875,1114.68359375,1119.87548828125,1099.0506591796875,19308778.0,1098.7789520224087,1122.3306194635952,1093.9553113783713
2022-05-15 18:30:00,1123.498291015625,1144.9810791015625,1115.2835693359375,1120.1524658203125,1099.322509765625,13437911.0,1102.60611718799,1123.689419002713,1094.544153545097
2022-05-16 18:30:00,1123.7982177734375,1172.1634521484375,1122.3675537109375,1167.2022705078125,1145.4971923828125,16551828.0,1102.9002734069516,1150.3661168047677,1101.4962137094635
2022-05-17 18:30:00,1172.048095703125,1186.0545654296875,1157.5570068359375,1171.4481201171875,1149.664306640625,17276788.0,1150.2531253037505,1163.9991359295223,1136.0315073346198
2022-05-18 18:30:00,1146.3656005859375,1159.518310546875,1138.0816650390625,1144.4503173828125,1123.1683349609375,14699118.0,1125.0480019185666,1137.9561265637965,1116.918112875952
2022-05-19 18:30:00,1159.518310546875,1220.39013671875,1154.672607421875,1211.1832275390625,1188.660400390625,21793091.0,1137.956229855782,1197.6961004424857,1133.2006360812218
2022-05-22 18:30:00,1214.436767578125,1224.6129150390625,1196.6690673828125,1203.083984375,1180.7119140625,15252755.0,1191.8535854335655,1201.8405013117845,1174.4162863101842
2022-05-23 18:30:00,1203.130126953125,1217.4365234375,1198.838134765625,1207.21435546875,1184.7652587890625,13527818.0,1180.7569797022973,1194.7973375363194,1176.5448004718992
2022-05-24 18:30:00,1216.0521240234375,1226.066650390625,1200.591796875,1205.4376220703125,1183.0216064453125,12714544.0,1193.4387237828619,1203.2670225299603,1178.2658929997126
2022-05-25 18:30:00,1211.16015625,1216.0059814453125,1175.901611328125,1193.9462890625,1171.7440185546875,17882023.0,1188.637781781663,1193.3934954511844,1154.0348942869591
2022-05-26 18:30:00,1196.692138671875,1202.2762451171875,1172.2557373046875,1188.408203125,1166.3089599609375,16521973.0,1174.4388502012214,1179.9191164627784,1150.4568600156867
2022-05-29 18:30:00,1206.822021484375,1234.050537109375,1197.222900390625,1229.8048095703125,1206.9356689453125,13853398.0,1184.3802630005096,1211.1024440039564,1174.959644745959
2022-05-30 18:30:00,1219.005615234375,1236.2657470703125,1207.1451416015625,1214.967529296875,1192.374267578125,70620653.0,1196.337262181718,1213.2764285050255,1184.6973432373502
2022-05-31 18:30:00,1215.72900390625,1225.3743896484375,1207.3758544921875,1215.35986328125,1192.7593994140625,9776989.0,1193.121675611818,1202.587698682473,1184.9238588339676
2022-06-01 18:30:00,1215.590576171875,1261.0252685546875,1215.590576171875,1257.2640380859375,1233.88427734375,22126569.0,1192.98576447725,1237.5755649319342,1192.98576447725
2022-06-02 18:30:00,1266.3555908203125,1300.20654296875,1265.4324951171875,1282.73876953125,1258.88525390625,23939791.0,1242.806733024834,1276.0282006397301,1241.9008029974498
2022-06-05 18:30:00,1282.9696044921875,1298.6605224609375,1269.9552001953125,1277.223876953125,1253.472900390625,11093152.0,1259.1117816339226,1274.5109147154305,1246.3393903599856
2022-06-06 18:30:00,1278.308349609375,1288.0921630859375,1270.0706787109375,1279.6236572265625,1255.828125,12358255.0,1254.5372764842177,1264.139152836091,1246.4527910651425
2022-06-07 18:30:00,1279.6236572265625,1283.4310302734375,1253.572021484375,1257.148681640625,1233.77099609375,12479250.0,1255.8280315270272,1259.564603425916,1230.2608467946977
2022-06-08 18:30:00,1250.66455078125,1293.583984375,1250.66455078125,1291.6226806640625,1267.60400390625,17278305.0,1227.4075206691546,1269.5288357275542,1227.4075206691546
2022-06-09 18:30:00,1279.2314453125,1287.5384521484375,1246.7418212890625,1252.6259765625,1229.3326416015625,18093057.0,1255.443365625697,1263.5958986630922,1223.5579057416696
2022-06-12 18:30:00,1222.974609375,1233.4967041015625,1207.4219970703125,1228.9278564453125,1206.0751953125,17620803.0,1200.232652493234,1210.5590824670344,1184.9692504760867
2022-06-13 18:30:00,1222.9976806640625,1233.058349609375,1206.106689453125,1212.86767578125,1190.3134765625,14714312.0,1200.2551062805883,1210.1286894158018,1183.6782159302647
2022-06-14 18:30:00,1207.9989013671875,1217.113525390625,1192.7001953125,1198.1920166015625,1175.9107666015625,11195535.0,1185.5352852287417,1194.4804162045639,1170.5210697144335
2022-06-15 18:30:00,1210.5140380859375,1227.151123046875,1178.6705322265625,1181.4395751953125,1159.4697265625,17111475.0,1188.0035257051024,1204.3312302745605,1156.7521762440374
2022-06-16 18:30:00,1181.4395751953125,1211.3677978515625,1179.6397705078125,1195.2845458984375,1173.0572509765625,24457187.0,1159.4697388409886,1188.8414216894157,1157.7034029954712
2022-06-19 18:30:00,1202.20703125,1207.791259765625,1163.4871826171875,1173.6171875,1151.79296875,12066797.0,1179.851164692969,1185.331550638825,1141.8513382748356
2022-06-20 18:30:00,1181.4395751953125,1196.8536376953125,1166.81005859375,1192.561767578125,1170.3853759765625,11720049.0,1159.470007341127,1174.5974362298005,1145.1125352557633
2022-06-21 18:30:00,1180.562744140625,1180.655029296875,1154.2110595703125,1156.333984375,1134.8310546875,10617206.0,1158.6092618232658,1158.6998308652678,1132.747607320494
2022-06-22 18:30:00,1160.6951904296875,1165.287109375,1128.3670654296875,1137.573974609375,1116.419921875,19446323.0,1139.1111811125647,1143.6177098347453,1107.3842221697334
2022-06-23 18:30:00,1144.5196533203125,1158.8260498046875,1138.9815673828125,1153.772705078125,1132.3173828125,14240234.0,1123.2363989208543,1137.2767565696067,1117.8012981016543
2022-06-26 18:30:00,1174.4940185546875,1174.4940185546875,1145.23486328125,1150.3575439453125,1128.9658203125,15474529.0,1152.6534598644344,1152.6534598644344,1123.9383995696694
2022-06-27 18:30:00,1145.48876953125,1169.41748046875,1145.48876953125,1166.5330810546875,1144.840576171875,13572847.0,1124.187598454475,1147.67133814574,1124.187598454475
2022-06-28 18:30:00,1157.0723876953125,1198.51513671875,1154.2110595703125,1190.73876953125,1168.5960693359375,19205146.0,1135.5557396776305,1176.2278290145132,1132.7476201425022
2022-06-29 18:30:00,1190.6695556640625,1207.2374267578125,1184.2086181640625,1197.89208984375,1175.616455078125,23112959.0,1168.5282289340553,1184.7880089664673,1162.1874370508547
2022-06-30 18:30:00,1188.31591796875,1196.20751953125,1091.4471435546875,1111.6146240234375,1090.943359375,81997149.0,1166.2183382001654,1173.9631898181497,1071.150907551117
2022-07-03 18:30:00,1097.885009765625,1126.9825439453125,1091.9547119140625,1113.922119140625,1093.2080078125,41857728.0,1077.4691189892487,1106.025565464495,1071.6490989100685
2022-07-04 18:30:00,1118.214111328125,1137.5509033203125,1115.4912109375,1122.9444580078125,1102.0625,17647327.0,1097.42011751126,1116.3973279805082,1094.7478514073186
2022-07-05 18:30:00,1116.875732421875,1126.95947265625,1102.0616455078125,1113.068359375,1092.3699951171875,23943726.0,1096.106567126978,1106.0027924376789,1081.5679595799388
2022-07-06 18:30:00,1119.552490234375,1122.9444580078125,1096.0621337890625,1102.1077880859375,1081.61328125,23301033.0,1098.7335863010783,1102.0624779330788,1075.6800503518655
2022-07-07 18:30:00,1115.9066162109375,1115.9066162109375,1099.54638671875,1103.6307373046875,1083.10791015625,19010108.0,1095.155510044553,1095.155510044553,1079.0995110804106
2022-07-10 18:30:00,1096.75439453125,1120.8907470703125,1093.754638671875,1118.6295166015625,1097.8277587890625,13847467.0,1076.3594210782474,1100.046939975301,1073.4154479368833
2022-07-11 18:30:00,1109.445556640625,1125.921142578125,1109.445556640625,1117.0372314453125,1096.26513671875,10778989.0,1088.8146344584836,1104.983845261713,1088.8146344584836
2022-07-12 18:30:00,1120.1986083984375,1123.2906494140625,1095.13916015625,1097.2388916015625,1076.8348388671875,14224132.0,1099.3676009909502,1102.402142980226,1074.7741536418605
2022-07-13 18:30:00,1102.0616455078125,1123.267578125,1096.9620361328125,1106.2843017578125,1085.7122802734375,16970315.0,1081.568146854285,1102.3797424093775,1076.5633677805536
2022-07-14 18:30:00,1114.5220947265625,1114.5220947265625,1099.80029296875,1108.4302978515625,1087.818359375,9603210.0,1093.7968755659167,1093.7968755659167,1079.348834704648
2022-07-17 18:30:00,1117.2911376953125,1119.1370849609375,1104.0460205078125,1117.8680419921875,1097.08056640625,15160908.0,1096.5143900160117,1098.3260107043704,1083.5155743058108
2022-07-18 18:30:00,1107.738037109375,1129.2901611328125,1107.738037109375,1124.7213134765625,1103.8062744140625,16439888.0,1087.1388148491112,1108.2901609105513,1087.1388148491112
2022-07-19 18:30:00,1172.2095947265625,1173.36328125,1147.4039306640625,1155.134033203125,1133.653564453125,23924246.0,1150.4115948025603,1151.5438277746334,1126.0672081991272
2022-07-20 18:30:00,1150.9805908203125,1153.7496337890625,1138.6585693359375,1147.427001953125,1126.08984375,16523230.0,1129.577351299841,1132.2949020971544,1117.484465892399
2022-07-21 18:30:00,1153.7496337890625,1161.2720947265625,1151.442138671875,1155.1802978515625,1133.6988525390625,10969995.0,1132.2947927493988,1139.6773678755283,1130.030207237111
2022-07-24 18:30:00,1138.727783203125,1138.727783203125,1108.984130859375,1117.01416015625,1096.2425537109375,23110452.0,1117.5523977830067,1117.5523977830067,1088.3618480432954
2022-07-25 18:30:00,1117.3372802734375,1127.8594970703125,1112.837646484375,1117.5218505859375,1096.74072265625,11303288.0,1096.5595845623452,1106.886133119494,1092.143624721455
2022-07-26 18:30:00,1116.8065185546875,1120.06005859375,1108.5225830078125,1116.46044921875,1095.698974609375,8655086.0,1096.038608509345,1099.2316463703332,1087.90871936657
2022-07-27 18:30:00,1124.213623046875,1138.95849609375,1117.2911376953125,1133.9512939453125,1112.86474609375,12496073.0,1103.3081533989875,1117.7788361232904,1096.5143960795697
2022-07-28 18:30:00,1142.0736083984375,1161.6412353515625,1137.1356201171875,1158.1107177734375,1136.5748291015625,15130683.0,1120.8359411287292,1140.0396942059215,1115.989778235377
2022-07-31 18:30:00,1162.5872802734375,1194.2462158203125,1157.2569580078125,1188.2928466796875,1166.1956787109375,15700044.0,1140.9681259695833,1172.038340631328,1135.7369249153332
2022-08-01 18:30:00,1187.2083740234375,1203.499267578125,1182.1549072265625,1192.8155517578125,1170.63427734375,13917913.0,1165.1313691654111,1181.1193216829413,1160.1718752661886
2022-08-02 18:30:00,1199.8995361328125,1204.5145263671875,1184.8778076171875,1202.830078125,1180.462646484375,14250977.0,1177.5865998850716,1182.1157712823,1162.8442104812696
2022-08-03 18:30:00,1204.5145263671875,1208.0911865234375,1169.902099609375,1186.931396484375,1164.8594970703125,14467127.0,1182.1156551708407,1185.6258045890304,1148.1468730281574
2022-08-04 18:30:00,1188.8236083984375,1190.11572265625,1166.18701171875,1169.4405517578125,1147.69384765625,13942438.0,1166.7164604960217,1167.9845468317753,1144.5008098568317
2022-08-07 18:30:00,1168.0560302734375,1192.307861328125,1168.0560302734375,1184.7392578125,1162.708251953125,10165178.0,1146.3352600049257,1170.1361123075012,1146.3352600049257
2022-08-09 18:30:00,1189.2388916015625,1195.2384033203125,1180.078125,1191.8233642578125,1169.6605224609375,10724688.0,1167.1241099957583,1173.0120563323646,1158.1336946618562
2022-08-10 18:30:00,1201.3302001953125,1204.4683837890625,1190.7618408203125,1195.792236328125,1173.5556640625,8198226.0,1178.990645714219,1182.0704726435374,1168.618812190309
2022-08-11 18:30:00,1195.4229736328125,1218.9825439453125,1191.6849365234375,1215.1290283203125,1192.532958984375,12650587.0,1173.1933504665235,1196.3148161235515,1169.5248244491684
2022-08-15 18:30:00,1221.2208251953125,1226.343505859375,1212.49853515625,1223.574462890625,1200.8211669921875,6607378.0,1198.511296976361,1203.5387175050762,1189.9512045412775
2022-08-16 18:30:00,1229.8970947265625,1235.388916015625,1225.535888671875,1229.96630859375,1207.0941162109375,6595965.0,1207.0261894301318,1212.4158859762824,1202.7460834374597
2022-08-17 18:30:00,1227.589599609375,1231.7430419921875,1218.451904296875,1228.1895751953125,1209.2833251953125,7410035.0,1208.6925853891362,1212.7820913718717,1199.6955520359063
2022-08-18 18:30:00,1222.974609375,1228.3741455078125,1202.1839599609375,1206.2913818359375,1187.72216796875,9460724.0,1204.148579928399,1209.464997552082,1183.6779742626552
2022-08-21 18:30:00,1207.7451171875,1214.344482421875,1193.4385986328125,1202.9454345703125,1184.427734375,9471680.0,1189.1535324408326,1195.651309470641,1175.0672431781986
2022-08-22 18:30:00,1197.130615234375,1224.451416015625,1195.9075927734375,1221.497802734375,1202.694580078125,9678484.0,1178.7024907985585,1205.6027266806439,1177.4982950302235
2022-08-23 18:30:00,1218.40576171875,1232.20458984375,1216.213623046875,1218.244140625,1199.4908447265625,10369622.0,1199.6499778722127,1213.236390851307,1197.4915843453323
2022-08-24 18:30:00,1222.489990234375,1228.9278564453125,1210.3294677734375,1214.690673828125,1195.9923095703125,7871946.0,1203.6715670494066,1210.0103318429638,1191.6982378249359
2022-08-25 18:30:00,1215.1290283203125,1222.974609375,1203.130126953125,1208.20654296875,1189.6077880859375,10742038.0,1196.4237108559755,1204.1485194816453,1184.6095168359632
2022-08-28 18:30:00,1192.97705078125,1225.2821044921875,1189.7696533203125,1198.8150634765625,1180.3609619140625,19838975.0,1174.6128173581192,1206.4205794013706,1171.4547933496005
2022-08-29 18:30:00,1206.360595703125,1220.782470703125,1189.1004638671875,1217.4134521484375,1198.6729736328125,23139054.0,1187.790261371782,1201.990130578996,1170.795826558723
2022-08-31 18:30:00,1191.892578125,1202.1839599609375,1177.1475830078125,1181.6241455078125,1163.4345703125,19909939.0,1173.54493369258,1183.6778930178739,1159.026918701398
2022-09-01 18:30:00,1181.6241455078125,1188.5235595703125,1165.610107421875,1167.8253173828125,1149.8482666015625,12999345.0,1163.4346809089884,1170.2278880627014,1147.6671567250864
2022-09-04 18:30:00,1168.0560302734375,1191.36181640625,1168.0560302734375,1185.9622802734375,1167.7060546875,11327815.0,1150.0754462865928,1173.0224725362493,1150.0754462865928
2022-09-05 18:30:00,1187.4390869140625,1202.6685791015625,1186.9775390625,1198.44580078125,1179.997314453125,10899618.0,1169.1600343727337,1184.1550886922698,1168.705591439244
2022-09-06 18:30:00,1188.362060546875,1197.5458984375,1186.0545654296875,1191.4771728515625,1173.1358642578125,7488501.0,1170.0687052311116,1179.1111693642993,1167.796731130178
2022-09-07 18:30:00,1194.4769287109375,1198.9765625,1186.51611328125,1193.16162109375,1174.79443359375,7057077.0,1176.0894937430355,1180.5198614611618,1168.2512248209334
2022-09-08 18:30:00,1204.5145263671875,1204.5145263671875,1183.2855224609375,1185.7315673828125,1167.4788818359375,8314850.0,1185.9727033347192,1185.9727033347192,1165.0704903678632
2022-09-11 18:30:00,1186.308349609375,1205.4376220703125,1186.308349609375,1198.9996337890625,1180.542724609375,7435419.0,1168.046804859231,1186.8816091364133,1168.046804859231
2022-09-12 18:30:00,1208.20654296875,1213.6060791015625,1200.361083984375,1209.01416015625,1190.403076171875,8888657.0,1189.607891122723,1194.9243089400052,1181.8832020191865
2022-09-13 18:30:00,1188.362060546875,1204.5145263671875,1187.32373046875,1194.5230712890625,1176.135009765625,8678219.0,1170.0688394223355,1185.9726599528265,1169.046493026583
2022-09-14 18:30:00,1192.0540771484375,1201.537841796875,1179.939697265625,1182.6856689453125,1164.47998046875,10365600.0,1173.704175948456,1183.041952132411,1161.7762789427293
2022-09-15 18:30:00,1173.940185546875,1178.2091064453125,1149.5960693359375,1153.38037109375,1135.6256103515625,20217708.0,1155.8689337357673,1160.0721402601105,1131.8995628990685
2022-09-18 18:30:00,1153.38037109375,1164.2255859375,1145.142578125,1154.8802490234375,1137.1025390625,7580254.0,1135.6257495827476,1146.3040180403946,1127.5147655140897
2022-09-19 18:30:00,1164.1102294921875,1171.148193359375,1151.3035888671875,1155.0648193359375,1137.2841796875,8411448.0,1146.1903481529216,1153.119972213298,1133.5808482063046
2022-09-20 18:30:00,1152.249755859375,1168.9791259765625,1151.442138671875,1158.249267578125,1140.4195556640625,9207309.0,1134.512398474311,1150.9842421176709,1133.7172134827065
2022-09-21 18:30:00,1147.28857421875,1155.134033203125,1140.873779296875,1147.334716796875,1129.673095703125,10308170.0,1129.6276634257686,1137.3523524884633,1123.3116153435435
2022-09-22 18:30:00,1146.8271484375,1151.8804931640625,1124.259765625,1125.828857421875,1108.498291015625,9528051.0,1129.1733426023927,1134.1488981287762,1106.9533532004177
2022-09-25 18:30:00,1104.8536376953125,1115.8143310546875,1096.13134765625,1097.1466064453125,1080.257568359375,12479523.0,1087.845960638479,1098.6379294477279,1079.257938059937
2022-09-26 18:30:00,1104.83056640625,1119.5986328125,1089.185791015625,1105.8690185546875,1088.8455810546875,16154822.0,1087.8231145473603,1102.3638454814661,1072.4191704410875
2022-09-27 18:30:00,1089.3011474609375,1097.4466552734375,1073.956298828125,1076.42529296875,1059.855224609375,16997059.0,1072.5328732525227,1080.5529923156532,1057.4242371952328
2022-09-28 18:30:00,1089.1396484375,1092.600830078125,1067.4490966796875,1073.1256103515625,1056.6063232421875,14671827.0,1072.3738473223364,1075.7817488504493,1051.0171916607421
2022-09-29 18:30:00,1066.526123046875,1108.5225830078125,1066.526123046875,1097.331298828125,1080.4393310546875,18613024.0,1050.108360317172,1091.458340177691,1050.108360317172
2022-10-02 18:30:00,1103.6768798828125,1115.4219970703125,1090.524169921875,1093.52392578125,1076.6905517578125,11852723.0,1086.687214378407,1098.251530811662,1073.7369732258553
2022-10-03 18:30:00,1106.5843505859375,1115.9066162109375,1103.0538330078125,1113.69140625,1096.5474853515625,8948850.0,1089.5498341414104,1098.7285948569065,1086.073664575446
2022-10-05 18:30:00,1120.983154296875,1130.674560546875,1115.975830078125,1117.7987060546875,1100.5916748046875,13352162.0,1103.7271026820092,1113.269322563035,1098.7968595905177
2022-10-06 18:30:00,1114.360595703125,1127.8594970703125,1114.360595703125,1122.5291748046875,1105.24951171875,7714340.0,1097.2066757140567,1110.497781619985,1097.2066757140567
2022-10-09 18:30:00,1109.9071044921875,1115.7220458984375,1102.0616455078125,1110.2763671875,1093.1851806640625,6329527.0,1092.8216022630288,1098.547030597458,1085.0969133921378
2022-10-10 18:30:00,1114.060546875,1114.060546875,1085.0322265625,1088.17041015625,1071.4195556640625,9215177.0,1096.911150105876,1096.911150105876,1068.329679997323
2022-10-11 18:30:00,1085.4476318359375,1099.1541748046875,1081.3402099609375,1096.177490234375,1079.3033447265625,7417103.0,1068.7386577474495,1082.2342073300697,1064.6944639855953
2022-10-12 18:30:00,1094.4007568359375,1104.83056640625,1089.185791015625,1099.661865234375,1082.7340087890625,7328492.0,1077.5538882747444,1087.8231445652352,1072.419200033899
2022-10-13 18:30:00,1114.5220947265625,1115.1451416015625,1093.3392333984375,1094.07763671875,1077.2357177734375,9106089.0,1097.3654596284905,1097.9789154976827,1076.508681223135
2022-10-16 18:30:00,1086.8321533203125,1114.060546875,1081.571044921875,1111.6376953125,1094.525634765625,16729355.0,1070.1019383497958,1096.9111900194368,1064.9218171343564
2022-10-17 18:30:00,1117.7525634765625,1136.674072265625,1116.8988037109375,1131.25146484375,1113.83740234375,12415820.0,1100.5462980220425,1119.1765361724479,1099.7056807153497
2022-10-18 18:30:00,1132.7513427734375,1166.6024169921875,1126.8441162109375,1150.9344482421875,1133.21728515625,19247142.0,1115.314085328947,1148.6440655761994,1109.4977929604431
2022-10-19 18:30:00,1146.8271484375,1162.51806640625,1146.8271484375,1154.0264892578125,1136.2618408203125,8717053.0,1129.173323936751,1144.6227018334394,1129.173323936751
2022-10-20 18:30:00,1157.3031005859375,1161.5028076171875,1138.5201416015625,1140.6429443359375,1123.084228515625,8243452.0,1139.4879233106462,1143.6229813098248,1120.994103570685
2022-10-23 18:30:00,1135.28955078125,1154.9033203125,1133.12060546875,1144.4503173828125,1126.8330078125,3370033.0,1117.81325918146,1137.1251004905544,1115.6777019334577
2022-10-24 18:30:00,1153.2880859375,1153.2880859375,1125.1365966796875,1126.77490234375,1109.4298095703125,12233241.0,1135.5348605120162,1135.5348605120162,1107.8167232856267
2022-10-26 18:30:00,1134.3665771484375,1139.1893310546875,1122.73681640625,1131.205322265625,1113.7918701171875,12513059.0,1116.90446154382,1121.6529753517277,1105.4537260220727
2022-10-27 18:30:00,1137.5970458984375,1169.902099609375,1135.0357666015625,1165.81787109375,1147.87158203125,17609592.0,1120.085180684718,1151.8929390234955,1117.5633290375395
2022-10-30 18:30:00,1172.671142578125,1181.8780517578125,1168.60986328125,1176.6400146484375,1158.52734375,12419943.0,1154.6195667238408,1163.684748855419,1150.620804946696
2022-10-31 18:30:00,1199.8995361328125,1199.8995361328125,1157.441650390625,1167.525390625,1149.5528564453125,13963166.0,1181.428644108962,1181.428644108962,1139.6243422706675
2022-11-01 18:30:00,1168.656005859375,1176.9168701171875,1160.672119140625,1174.8170166015625,1156.7322998046875,8981896.0,1150.666129478395,1158.7998289194838,1142.8051438822936
2022-11-02 18:30:00,1167.525390625,1181.23193359375,1165.3101806640625,1179.2012939453125,1161.049072265625,6693449.0,1149.5529038103175,1163.048452941367,1147.3717940343818
2022-11-03 18:30:00,1178.6243896484375,1199.8995361328125,1177.332275390625,1196.5537109375,1178.1343994140625,12575815.0,1160.4810755593053,1181.428720196316,1159.2088516372303
2022-11-06 18:30:00,1195.74609375,1204.653076171875,1187.900634765625,1202.9454345703125,1184.427734375,11789748.0,1177.3392175630618,1186.1090891689403,1169.6145286927685
2022-11-08 18:30:00,1204.653076171875,1210.029541015625,1195.3076171875,1201.74560546875,1183.246337890625,11254205.0,1186.1090519678319,1191.4027533204435,1176.9074538352093
2022-11-09 18:30:00,1195.2845458984375,1198.307373046875,1182.8240966796875,1187.2083740234375,1168.9329833984375,5966242.0,1176.8848340514855,1179.8611290593667,1164.616195791804
2022-11-10 18:30:00,1199.8995361328125,1216.5135498046875,1194.361572265625,1214.5753173828125,1195.878662109375,12310132.0,1181.428793587036,1197.787058206641,1175.9760787775724
2022-11-13 18:30:00,1214.0906982421875,1219.2825927734375,1202.2762451171875,1208.691162109375,1190.0850830078125,9043112.0,1195.4015009715274,1200.5134736804264,1183.7689145270133
2022-11-14 18:30:00,1210.1910400390625,1212.0831298828125,1195.2845458984375,1203.2685546875,1184.7459716796875,7086433.0,1191.561895358841,1193.4248592098502,1176.8848651845096
2022-11-15 18:30:00,1204.5145263671875,1207.260498046875,1191.2926025390625,1196.369140625,1177.9527587890625,9716161.0,1185.9727580356148,1188.6764594316192,1172.954366703904
2022-11-16 18:30:00,1192.9539794921875,1205.8990478515625,1190.6695556640625,1199.461181640625,1180.9971923828125,6661451.0,1174.5901593039591,1187.3359568517499,1172.3409009131724
2022-11-17 18:30:00,1203.0146484375,1204.0531005859375,1186.562255859375,1198.8150634765625,1180.3609619140625,5303197.0,1184.495900066872,1185.518366679259,1168.2967693410817
2022-11-20 18:30:00,1194.361572265625,1194.361572265625,1173.6402587890625,1177.239990234375,1159.1180419921875,6390268.0,1175.9760614312995,1175.9760614312995,1155.5737233322704
2022-11-21 18:30:00,1174.51708984375,1185.3623046875,1170.5943603515625,1183.7701416015625,1165.547607421875,6611488.0,1156.4369938334312,1167.1152613187112,1152.5746494360667
2022-11-22 18:30:00,1188.362060546875,1189.700439453125,1177.8629150390625,1180.078125,1161.91259765625,6413408.0,1170.0690144783027,1171.3867910548404,1159.731487519947
2022-11-23 18:30:00,1184.2086181640625,1197.130615234375,1175.993896484375,1190.2542724609375,1171.931884765625,9389439.0,1165.9792953074673,1178.702375351731,1157.8910283853108
2022-11-24 18:30:00,1194.8231201171875,1211.390869140625,1191.638671875,1208.02197265625,1189.4261474609375,7349922.0,1176.430472976704,1192.7431844497548,1173.295044904841
2022-11-27 18:30:00,1204.0069580078125,1255.76416015625,1154.672607421875,1249.533935546875,1230.299072265625,31527484.0,1185.472920181286,1236.4333911015242,1136.8980043426527
2022-11-28 18:30:00,1247.8724365234375,1260.656005859375,1243.280517578125,1251.6798095703125,1232.4119873046875,11058913.0,1228.6632233258865,1241.2500078770877,1224.1419904117938
2022-11-29 18:30:00,1251.818359375,1267.0247802734375,1245.2188720703125,1260.517578125,1241.1136474609375,26164986.0,1232.54834119291,1247.5206802015884,1226.0504438987869
2022-11-30 18:30:00,1265.3402099609375,1271.4320068359375,1253.43359375,1256.802490234375,1237.4556884765625,9485801.0,1245.8619813701127,1251.8600031393141,1234.1386516701657
2022-12-01 18:30:00,1259.89453125,1268.2015380859375,1246.326416015625,1256.271728515625,1236.93310546875,11589592.0,1240.5001400003844,1248.6792715763747,1227.1408877532265
2022-12-04 18:30:00,1251.5875244140625,1253.7796630859375,1235.8966064453125,1237.9501953125,1218.8936767578125,14828536.0,1232.3210781772725,1234.4794719283639,1216.871700030192
2022-12-05 18:30:00,1229.9432373046875,1244.6650390625,1228.051025390625,1241.52685546875,1222.4151611328125,8594245.0,1211.0098577338963,1225.5050364637573,1209.146773966004
2022-12-06 18:30:00,1239.1270751953125,1243.7420654296875,1219.351806640625,1223.205322265625,1204.375732421875,8462111.0,1220.0523915216042,1224.5963402295367,1200.5815364526634
2022-12-07 18:30:00,1227.589599609375,1229.8970947265625,1218.40576171875,1222.62841796875,1203.8077392578125,7757008.0,1208.6925503476532,1210.9645247591304,1199.6500849785011
2022-12-08 18:30:00,1221.1285400390625,1227.589599609375,1200.7532958984375,1204.0992431640625,1185.563720703125,12655763.0,1202.330873974504,1208.6924740397408,1182.2692798901842
2022-12-11 18:30:00,1193.2078857421875,1210.5140380859375,1192.97705078125,1205.9451904296875,1187.38134765625,9479842.0,1174.8401159938364,1191.8798642806923,1174.6128344148897
2022-12-12 18:30:00,1205.9451904296875,1215.1290283203125,1202.9915771484375,1211.4371337890625,1192.7886962890625,8333348.0,1187.381293975718,1196.4237590933476,1184.473147579326
2022-12-13 18:30:00,1217.2750244140625,1217.875,1204.97607421875,1207.0528564453125,1188.4720458984375,7268947.0,1198.5368585654778,1199.1275984061572,1186.4272326920325
2022-12-14 18:30:00,1201.0533447265625,1206.822021484375,1186.51611328125,1189.9080810546875,1171.591064453125,8688551.0,1182.564761948623,1188.244637773301,1168.2513114103942
2022-12-15 18:30:00,1186.51611328125,1208.5758056640625,1180.5858154296875,1184.02392578125,1165.79736328125,15837349.0,1168.2511866821458,1189.9712977835404,1162.4121783240482
2022-12-18 18:30:00,1191.131103515625,1201.74560546875,1184.5316162109375,1199.5765380859375,1181.110595703125,7729933.0,1172.7951677670053,1183.246273075343,1166.2972711057284
2022-12-19 18:30:00,1192.469482421875,1211.8985595703125,1184.2086181640625,1209.9603271484375,1191.3345947265625,7467588.0,1174.1129983269077,1193.242990634255,1165.9792991040035
2022-12-20 18:30:00,1209.591064453125,1215.1290283203125,1188.8697509765625,1192.746337890625,1174.3857421875,8527550.0,1190.9711686756098,1196.423883640869,1170.5688296926967
2022-12-21 18:30:00,1198.9765625,1202.0455322265625,1184.5546875,1189.654296875,1171.34130859375,7451122.0,1180.5200715713056,1183.5417989966502,1166.3202002479723
2022-12-22 18:30:00,1182.9625244140625,1195.515380859375,1150.1729736328125,1154.764892578125,1136.9888916015625,10257115.0,1164.7524600759673,1177.112082738486,1132.4676588679463
2022-12-25 18:30:00,1160.5567626953125,1173.132568359375,1150.2421875,1164.8486328125,1146.9173583984375,5990242.0,1142.6915558359974,1155.0737739248264,1132.5357596211306
2022-12-26 18:30:00,1167.5946044921875,1176.270751953125,1160.7874755859375,1174.378662109375,1156.3006591796875,5763271.0,1149.6210331376262,1158.1636228081527,1142.9186909584178
2022-12-27 18:30:00,1171.28662109375,1176.7322998046875,1163.671875,1174.2633056640625,1156.18701171875,7459393.0,1153.2561494312388,1158.6179988266933,1145.7586226936976
2022-12-28 18:30:00,1166.2100830078125,1176.31689453125,1165.517822265625,1173.7325439453125,1155.6646728515625,6930648.0,1148.2580090394192,1158.2092411945277,1147.576404624278
2022-12-29 18:30:00,1174.563232421875,1189.2850341796875,1172.71728515625,1175.5323486328125,1157.4366455078125,7289476.0,1156.4824475075623,1170.97762738263,1154.6649160603042
2023-01-01 18:30:00,1176.8245849609375,1190.2081298828125,1175.993896484375,1188.7774658203125,1170.4779052734375,5316175.0,1158.7090222381169,1171.8865462707408,1157.8911210447166
2023-01-02 18:30:00,1183.7701416015625,1187.4390869140625,1175.809326171875,1180.078125,1161.91259765625,7658932.0,1165.547781216755,1169.1602486359825,1157.7095105638098
2023-01-03 18:30:00,1180.0550537109375,1181.9241943359375,1160.2105712890625,1162.3104248046875,1144.4183349609375,9264891.0,1161.8898109401732,1163.7301788455284,1142.350805656606
2023-01-04 18:30:00,1164.5948486328125,1170.5482177734375,1155.5955810546875,1160.233642578125,1142.3734130859375,13637099.0,1146.6674842652508,1152.5292093307505,1137.8067482537933
2023-01-05 18:30:00,1166.048583984375,1175.8785400390625,1162.195068359375,1170.7789306640625,1152.7564697265625,6349597.0,1148.0989399434065,1157.777577935928,1144.3047436595773
2023-01-08 18:30:00,1174.655517578125,1200.8226318359375,1173.755615234375,1198.4227294921875,1179.9747314453125,10722753.0,1156.57338165,1182.3376907366148,1155.6873320113693
2023-01-09 18:30:00,1202.6685791015625,1202.6685791015625,1174.9786376953125,1180.701171875,1162.52587890625,8047142.0,1184.155127696438,1184.155127696438,1156.891435377878
2023-01-10 18:30:00,1177.9783935546875,1180.5166015625,1163.4871826171875,1165.81787109375,1147.87158203125,11509553.0,1159.8449086559888,1162.344044167369,1145.5767715508584
2023-01-11 18:30:00,1165.2178955078125,1168.748291015625,1137.5970458984375,1140.6429443359375,1123.084228515625,17688773.0,1147.280880250268,1150.7569299071174,1120.0852177263125
2023-01-12 18:30:00,1134.5511474609375,1141.242919921875,1123.5675048828125,1138.7969970703125,1121.266845703125,20618583.0,1117.0863548772086,1123.675117069892,1106.2717897707075
2023-01-15 18:30:00,1141.150634765625,1144.3580322265625,1120.06005859375,1127.9517822265625,1110.5885009765625,13623855.0,1123.584175159578,1126.7421991055548,1102.8182596793808
2023-01-16 18:30:00,1134.3665771484375,1145.904052734375,1130.9515380859375,1143.9658203125,1126.356201171875,10751000.0,1116.9047238004225,1128.2645974446718,1113.542254085864
2023-01-17 18:30:00,1141.5198974609375,1149.6422119140625,1135.451171875,1142.0736083984375,1124.4930419921875,13448286.0,1123.947854631307,1131.9451378363888,1117.9725482719243
2023-01-18 18:30:00,1141.242919921875,1145.05029296875,1133.7435302734375,1140.8507080078125,1123.288818359375,11940054.0,1123.674992689111,1127.4237562572607,1116.2910462380278
2023-01-19 18:30:00,1142.2120361328125,1142.2120361328125,1124.79052734375,1127.2825927734375,1109.9295654296875,14930286.0,1124.6291897175156,1124.6291897175156,1107.4758620574123
2023-01-22 18:30:00,1130.213134765625,1138.15087890625,1119.1370849609375,1121.5830078125,1104.3177490234375,10954118.0,1112.8150268033937,1120.6305800710875,1101.9094778576764
2023-01-23 18:30:00,1126.0595703125,1127.7440185546875,1101.7615966796875,1114.9605712890625,1097.79736328125,16488755.0,1108.7255092415182,1110.3840278353364,1084.801567826855
2023-01-24 18:30:00,1113.3453369140625,1114.3836669921875,1098.36962890625,1099.54638671875,1082.620361328125,12385018.0,1096.2068953996695,1097.2292417944516,1081.4617181061994
2023-01-26 18:30:00,1100.4002685546875,1101.7615966796875,1066.8260498046875,1078.6866455078125,1062.081787109375,25830975.0,1083.4611595770739,1084.8015319770323,1050.403768536496
2023-01-29 18:30:00,1076.0792236328125,1094.6314697265625,1061.9111328125,1089.0242919921875,1072.26025390625,21772103.0,1059.5144571522903,1077.781116815708,1045.564464693845
2023-01-30 18:30:00,1099.2926025390625,1101.900146484375,1080.37109375,1086.3013916015625,1069.579345703125,22691594.0,1082.3705756526113,1084.9379802131518,1063.7403362487162
2023-01-31 18:30:00,1098.3465576171875,1098.3465576171875,1063.757080078125,1079.863525390625,1063.2406005859375,19347800.0,1081.4391134749721,1081.4391134749721,1047.382090519888
2023-02-01 18:30:00,1069.756591796875,1083.6015625,1066.526123046875,1073.8870849609375,1057.35595703125,13662663.0,1053.2890475640809,1066.920892525141,1050.1083077780725
2023-02-02 18:30:00,1084.0631103515625,1084.0631103515625,1058.2191162109375,1074.8331298828125,1058.2874755859375,24699575.0,1067.3753725425988,1067.3753725425988,1041.929212987467
2023-02-05 18:30:00,1068.3720703125,1071.14111328125,1064.1263427734375,1066.7337646484375,1050.312744140625,14837879.0,1051.9258301558875,1054.652247201578,1047.7454602358487
2023-02-06 18:30:00,1066.9876708984375,1074.0947265625,1058.2191162109375,1064.1724853515625,1047.791015625,15135435.0,1050.5628652677376,1057.560517598404,1041.9292904027159
2023-02-07 18:30:00,1067.4490966796875,1089.093505859375,1064.68017578125,1085.424560546875,1068.7159423828125,21160332.0,1051.017186057536,1072.3284093286718,1048.290888887822
2023-02-08 18:30:00,1086.1168212890625,1094.1468505859375,1077.140625,1087.316650390625,1070.5789794921875,13172763.0,1069.3976200283605,1077.3040386110727,1060.559599329042
2023-02-09 18:30:00,1086.7860107421875,1086.7860107421875,1071.279541015625,1078.3636474609375,1061.763671875,10790445.0,1070.0563840638993,1070.0563840638993,1054.7886158361225
2023-02-12 18:30:00,1080.001953125,1084.524658203125,1067.7030029296875,1072.2257080078125,1055.7203369140625,10352493.0,1063.3768779331142,1067.8299624778901,1051.2672523692866
2023-02-13 18:30:00,1075.2716064453125,1099.2464599609375,1072.3641357421875,1097.4927978515625,1080.598388671875,14321920.0,1058.7192622894795,1082.3250555378218,1055.8565481440585
2023-02-14 18:30:00,1096.5235595703125,1124.7674560546875,1095.13916015625,1122.344482421875,1105.067626953125,33503591.0,1079.6441795283704,1107.4533024427076,1078.2810909230323
2023-02-15 18:30:00,1130.4207763671875,1137.0433349609375,1119.16015625,1121.4676513671875,1104.2042236328125,17264487.0,1113.019527781497,1119.5401413378127,1101.9322491792432
2023-02-16 18:30:00,1116.82958984375,1129.5208740234375,1112.491455078125,1126.15185546875,1108.8162841796875,11809520.0,1099.6375221146495,1112.1334412904273,1095.3661670147737
2023-02-19 18:30:00,1128.3670654296875,1130.5592041015625,1112.2607421875,1114.2452392578125,1097.093017578125,8836937.0,1110.9974583087273,1113.1558521216361,1095.1390690194628
2023-02-20 18:30:00,1118.6756591796875,1129.19775390625,1113.299072265625,1123.3367919921875,1106.0445556640625,13311592.0,1101.4551746278107,1111.8152960708703,1096.161352929149
2023-02-21 18:30:00,1119.5755615234375,1121.444580078125,1096.085205078125,1097.8619384765625,1080.9617919921875,11024335.0,1102.34116225432,1104.181409716533,1079.2124090771258
2023-02-22 18:30:00,1097.4466552734375,1105.1767578125,1089.7626953125,1092.600830078125,1075.7816162109375,9851910.0,1080.5528460297141,1088.1639533747034,1072.987170955967
2023-02-23 18:30:00,1094.6776123046875,1105.8228759765625,1092.8316650390625,1100.0771484375,1083.1429443359375,9434053.0,1077.8265267799054,1088.800224148405,1076.0089953829322
2023-02-26 18:30:00,1099.2926025390625,1102.8231201171875,1085.3092041015625,1092.7623291015625,1075.940673828125,11199715.0,1082.370422196558,1085.846592046861,1068.6022799971277
2023-02-27 18:30:00,1087.3397216796875,1092.3701171875,1067.7491455078125,1071.8564453125,1055.3565673828125,21994038.0,1070.601498241021,1075.5544571553608,1051.3124942776465
2023-02-28 18:30:00,1081.755615234375,1082.4478759765625,1072.179443359375,1081.70947265625,1065.0579833984375,11551145.0,1065.1034156724897,1065.7850199744744,1055.6746563210354
2023-03-01 18:30:00,1078.525146484375,1085.2861328125,1071.41796875,1073.4716796875,1056.947021484375,9333535.0,1061.9226969308686,1068.5796069332716,1054.9249246750653
2023-03-02 18:30:00,1084.13232421875,1104.5767822265625,1080.625,1100.8616943359375,1083.9154052734375,14643807.0,1067.443561368033,1087.5733043694927,1063.9902277008234
2023-03-05 18:30:00,1107.599609375,1118.9525146484375,1107.599609375,1111.6146240234375,1094.502685546875,10171916.0,1090.5494771055185,1101.7276183803804,1090.5494771055185
2023-03-07 18:30:00,1111.6146240234375,1116.3681640625,1100.6771240234375,1115.606689453125,1098.43359375,15782657.0,1094.5029801942796,1099.1833465971572,1083.733846641011
2023-03-08 18:30:00,1114.983642578125,1115.39892578125,1086.8782958984375,1088.79345703125,1072.032958984375,16235128.0,1097.8199821583767,1098.2288726400263,1070.147279158801
2023-03-09 18:30:00,1080.6019287109375,1081.755615234375,1068.3951416015625,1071.9256591796875,1055.4248046875,13334091.0,1063.967514713159,1065.1034417835135,1051.9486346812796
2023-03-12 18:30:00,1074.8331298828125,1081.755615234375,1049.912109375,1054.29638671875,1038.0670166015625,12771592.0,1058.2876262665352,1065.1035499544928,1033.7502288751577
2023-03-13 18:30:00,1052.2196044921875,1063.7340087890625,1047.166259765625,1050.3505859375,1034.181884765625,16027522.0,1036.0221323528851,1047.3592882483779,1031.0465769110588
2023-03-14 18:30:00,1054.11181640625,1060.6650390625,1027.9447021484375,1032.398193359375,1016.5057373046875,21728555.0,1037.8851067638673,1044.3374508988734,1012.1208019221261
2023-03-15 18:30:00,1035.1441650390625,1040.2205810546875,1016.31494140625,1027.25244140625,1011.4392700195312,18363159.0,1019.2095111682803,1024.2077825786946,1000.6701381392561
2023-03-16 18:30:00,1035.9517822265625,1039.2745361328125,1021.1607055664062,1025.9603271484375,1010.1670532226562,34014213.0,1020.0047033408911,1023.2763079373278,1005.4413153341551
2023-03-19 18:30:00,1022.22216796875,1024.5296630859375,1006.0696411132812,1015.8765258789062,1000.2384643554688,19524589.0,1006.4864237654998,1008.7583980790381,990.5825434751304
2023-03-20 18:30:00,1024.0450439453125,1049.45068359375,1023.1451416015625,1047.4661865234375,1031.341796875,21400360.0,1008.2811925498517,1033.2957451749278,1007.3951430408976
2023-03-21 18:30:00,1054.527099609375,1057.5037841796875,1047.6046142578125,1050.6505126953125,1034.477294921875,10920094.0,1038.2942074878824,1041.2250703817986,1031.4782836063534
2023-03-22 18:30:00,1046.681640625,1047.5584716796875,1035.167236328125,1037.359375,1021.390625,16249370.0,1030.569386905087,1031.4327203269945,1019.2322313496287
2023-03-23 18:30:00,1036.1824951171875,1038.3746337890625,1014.3766479492188,1016.8225708007812,1001.1699829101562,12375945.0,1020.231887763167,1022.3902814688943,998.7617116838695
2023-03-26 18:30:00,1023.3759155273438,1040.2205810546875,1015.3919677734375,1032.62890625,1016.7330322265625,14054323.0,1007.6224783212151,1024.2078438429432,999.7614322476102
2023-03-27 18:30:00,1036.067138671875,1041.3743896484375,1032.3751220703125,1037.45166015625,1021.4815063476562,12576424.0,1020.118297683826,1025.3438507677042,1016.4831146440141
2023-03-28 18:30:00,1033.298095703125,1035.974853515625,1020.4223022460938,1031.313720703125,1015.4381103515625,18804065.0,1017.391938716083,1020.0274916428302,1004.71434981678
2023-03-30 18:30:00,1040.68212890625,1081.5018310546875,1040.543701171875,1075.7791748046875,1059.2191162109375,28171201.0,1024.6623383806666,1064.8536804760474,1024.5260415402947
2023-04-02 18:30:00,1082.2171630859375,1084.0631103515625,1068.3720703125,1075.9637451171875,1059.4007568359375,10293043.0,1065.5579119993613,1067.3754434349298,1051.9259454677697
2023-04-04 18:30:00,1083.6015625,1083.6015625,1065.3955078125,1073.37939453125,1056.856201171875,16262928.0,1066.9210129823457,1066.9210129823457,1048.995215362799
2023-04-05 18:30:00,1069.8258056640625,1086.37060546875,1069.8258056640625,1080.5787353515625,1063.9447021484375,18435046.0,1053.3572991214214,1069.6474143387793,1053.3572991214214
2023-04-09 18:30:00,1084.524658203125,1084.709228515625,1071.3948974609375,1072.9178466796875,1056.40185546875,12961408.0,1067.8299972108045,1068.0117263349803,1054.9023498118622
2023-04-10 18:30:00,1077.140625,1080.37109375,1072.5487060546875,1078.22509765625,1061.6273193359375,10542367.0,1060.559540630498,1063.7402807994256,1056.0383079017138
2023-04-11 18:30:00,1078.22509765625,1092.7392578125,1075.3177490234375,1082.9786376953125,1066.3076171875,18179087.0,1061.6272515959452,1075.9179854968688,1058.7646577412916
2023-04-12 18:30:00,1085.9090576171875,1091.8162841796875,1080.8326416015625,1087.0628662109375,1070.3289794921875,12378208.0,1069.1929322468407,1075.0092249147228,1064.1946609026813
2023-04-16 18:30:00,1119.114013671875,1119.114013671875,1084.086181640625,1092.5777587890625,1075.7589111328125,17929479.0,1101.8866740573628,1101.8866740573628,1067.3980510351955
2023-04-17 18:30:00,1096.985107421875,1096.985107421875,1073.4486083984375,1080.0711669921875,1063.4449462890625,10405576.0,1080.0985197030036,1080.0985197030036,1056.9243329412964
2023-04-18 18:30:00,1079.47119140625,1088.17041015625,1076.3099365234375,1085.4476318359375,1068.7386474609375,12273475.0,1062.8542061722762,1071.4195123263064,1059.741614492453
2023-04-19 18:30:00,1086.416748046875,1088.6781005859375,1076.2637939453125,1082.70166015625,1066.034912109375,7007330.0,1069.692811176778,1071.9193532094926,1059.6961482625013
2023-04-20 18:30:00,1084.8245849609375,1089.60107421875,1078.2481689453125,1084.0631103515625,1067.37548828125,7647317.0,1068.1252410633845,1072.8282030082607,1061.6500596936005
2023-04-23 18:30:00,1096.0621337890625,1098.784912109375,1083.6015625,1088.2166748046875,1071.4649658203125,12936186.0,1079.1896539611616,1081.8705185788936,1066.9208972884767
2023-04-24 18:30:00,1091.9085693359375,1098.646484375,1084.75537109375,1096.546630859375,1079.666748046875,9236126.0,1075.1000833366595,1081.7342770992536,1068.0569991057368
2023-04-25 18:30:00,1097.9080810546875,1101.184814453125,1086.3936767578125,1090.1087646484375,1073.3280029296875,8617834.0,1081.0072593250222,1084.233551809527,1069.6701038322165
2023-04-26 18:30:00,1096.0621337890625,1100.215576171875,1090.985595703125,1097.0081787109375,1080.121337890625,9167125.0,1079.1898559504257,1083.2793621459462,1074.1914637637067
2023-04-27 18:30:00,1099.2926025390625,1118.6295166015625,1099.17724609375,1117.060302734375,1099.8646240234375,15565210.0,1082.3704342762564,1101.409681900637,1082.2568535921685
2023-05-01 18:30:00,1124.305908203125,1128.736328125,1120.5677490234375,1126.544189453125,1109.2025146484375,12981805.0,1106.9986888116582,1111.3609082117491,1103.3180737047812
2023-05-02 18:30:00,1128.3670654296875,1128.3670654296875,1113.6221923828125,1116.875732421875,1099.6829833984375,7061872.0,1110.9974233118683,1110.9974233118683,1096.4795270846325
2023-05-03 18:30:00,1117.3603515625,1131.9898681640625,1114.3375244140625,1129.7515869140625,1112.360595703125,8635233.0,1100.1601065895743,1114.564421653396,1097.1838117593734
2023-05-04 18:30:00,1126.5211181640625,1135.91259765625,1124.213623046875,1126.8671875,1109.5206298828125,8746585.0,1109.1798878043744,1118.4267984938415,1106.9079133744922
2023-05-07 18:30:00,1130.674560546875,1146.2041015625,1127.974853515625,1140.781494140625,1123.2205810546875,9153782.0,1113.2692311404737,1128.5597141757223,1110.6110827431748
2023-05-08 18:30:00,1142.2120361328125,1147.6578369140625,1136.7894287109375,1144.3118896484375,1126.69677734375,6464721.0,1124.6292481933926,1129.9912183396398,1119.290114376559
2023-05-09 18:30:00,1149.1346435546875,1153.680419921875,1145.0733642578125,1152.1805419921875,1134.4443359375,10872255.0,1131.4453248412979,1135.9211253467272,1127.446563252221
2023-05-10 18:30:00,1153.2650146484375,1158.1337890625,1142.9273681640625,1144.6580810546875,1127.0377197265625,10557860.0,1135.5121619830659,1140.3059886325332,1125.3336486663607
2023-05-11 18:30:00,1139.812255859375,1147.9346923828125,1133.67431640625,1146.527099609375,1128.8778076171875,6955341.0,1122.2663301444138,1130.2637323324755,1116.2228762779578
2023-05-14 18:30:00,1149.0885009765625,1155.849365234375,1141.3582763671875,1148.7884521484375,1131.1043701171875,6833343.0,1131.3998000896127,1138.056589765274,1123.7885720856236
2023-05-15 18:30:00,1150.9805908203125,1153.56494140625,1130.7437744140625,1132.4283447265625,1114.9962158203125,8717229.0,1133.2628763872494,1135.8074445597895,1113.3375770795326
2023-05-16 18:30:00,1136.674072265625,1137.5970458984375,1120.983154296875,1125.736572265625,1108.407470703125,8798967.0,1119.1766035619933,1120.085369338175,1103.7272247932553
2023-05-17 18:30:00,1130.4669189453125,1133.9051513671875,1120.1292724609375,1123.313720703125,1106.0218505859375,10525531.0,1113.0649351771951,1116.4502407386783,1102.8864225456616
2023-05-18 18:30:00,1123.313720703125,1128.8055419921875,1116.298828125,1126.95947265625,1109.6114501953125,8050447.0,1106.0218196807168,1111.4291017814717,1099.1149119209986
2023-05-21 18:30:00,1123.7520751953125,1138.05859375,1122.5291748046875,1132.9820556640625,1115.5413818359375,7434906.0,1106.4534840047638,1120.5397737195674,1105.2494084549478
2023-05-22 18:30:00,1135.589599609375,1138.9815673828125,1131.34375,1132.7744140625,1115.3369140625,6092034.0,1118.1087637100431,1121.4485168171577,1113.9282731003457
2023-05-23 18:30:00,1128.782470703125,1137.1356201171875,1123.0367431640625,1126.1749267578125,1108.8389892578125,8112254.0,1111.4063935962217,1119.630957590089,1105.749113749558
2023-05-24 18:30:00,1123.2445068359375,1130.213134765625,1115.0067138671875,1126.0364990234375,1108.7027587890625,11487863.0,1105.9537453747698,1112.8151011277312,1097.8427615845399
2023-05-25 18:30:00,1134.3665771484375,1157.903076171875,1131.020751953125,1156.7493896484375,1138.94287109375,12626260.0,1116.904610291511,1140.0787982471202,1113.6102893364032
2023-05-28 18:30:00,1163.4410400390625,1167.5946044921875,1157.0723876953125,1163.2564697265625,1145.3497314453125,10010304.0,1145.5314605509366,1149.6210865747194,1139.2608448772517
2023-05-29 18:30:00,1163.2564697265625,1171.148193359375,1160.3720703125,1162.95654296875,1145.054443359375,11342504.0,1145.349753161613,1153.1199946776444,1142.509755067562
2023-05-30 18:30:00,1153.7496337890625,1158.29541015625,1135.7510986328125,1139.8583984375,1122.3118896484375,27107927.0,1135.9892890678166,1140.4650896335454,1118.2678159183406
2023-05-31 18:30:00,1144.5888671875,1146.781005859375,1134.3665771484375,1136.7894287109375,1119.2900390625,14592692.0,1126.9694153626442,1129.1278089205925,1116.9044841377781
2023-06-01 18:30:00,1140.3660888671875,1145.8348388671875,1131.1361083984375,1133.0743408203125,1115.6322021484375,15800644.0,1122.8117036497752,1128.1962696801756,1113.7238061790024
2023-06-04 18:30:00,1138.6124267578125,1146.250244140625,1134.57421875,1143.25048828125,1125.651611328125,10908682.0,1121.0849468212546,1128.605189788234,1117.1089018534485
2023-06-05 18:30:00,1146.11181640625,1148.0731201171875,1136.212646484375,1144.2196044921875,1126.60595703125,7493309.0,1128.4690410109154,1130.4001532166621,1118.722254852153
2023-06-06 18:30:00,1147.7501220703125,1153.7496337890625,1141.1044921875,1152.8958740234375,1135.1485595703125,10312545.0,1130.0820196952836,1135.989176828128,1123.5386905370437
2023-06-07 18:30:00,1156.5185546875,1161.52587890625,1149.5960693359375,1153.5880126953125,1135.830078125,12071109.0,1138.7155083681228,1143.6457515710592,1131.899585359948
2023-06-08 18:30:00,1156.9801025390625,1157.6954345703125,1143.5965576171875,1145.4195556640625,1127.787353515625,5877018.0,1139.1699412328312,1139.874261684162,1125.9924180855612
2023-06-11 18:30:00,1142.44287109375,1148.765380859375,1137.5970458984375,1146.434814453125,1128.7869873046875,6391969.0,1124.8564945620458,1131.0816777652867,1120.0852643496842
2023-06-12 18:30:00,1151.442138671875,1164.57177734375,1147.4039306640625,1163.371826171875,1145.46337890625,11248016.0,1133.7173319025067,1146.6448585440896,1129.741286337972
2023-06-13 18:30:00,1163.4410400390625,1179.132080078125,1161.5950927734375,1177.6783447265625,1159.5496826171875,13277380.0,1145.5315407318087,1160.9810398065779,1143.7140091659376
2023-06-14 18:30:00,1177.6552734375,1182.616455078125,1170.1328125,1178.00146484375,1159.86767578125,11813494.0,1159.5268135380984,1164.4116242878063,1152.1201510303479
2023-06-15 18:30:00,1181.5318603515625,1191.7772216796875,1181.5318603515625,1189.4697265625,1171.1595458984375,24171579.0,1163.3438717544047,1173.431520437393,1163.3438717544047
2023-06-18 18:30:00,1192.515625,1192.515625,1173.4326171875,1177.6552734375,1159.52685546875,6798554.0,1174.1584519189826,1174.1584519189826,1155.3692013285906
2023-06-19 18:30:00,1175.6939697265625,1183.2855224609375,1169.902099609375,1180.1011962890625,1161.9351806640625,6921096.0,1157.5957972211602,1165.070488566,1151.893084884151
2023-06-20 18:30:00,1180.0550537109375,1185.9853515625,1175.901611328125,1183.424072265625,1165.2069091796875,6961603.0,1161.889751966922,1167.728761153971,1157.800246036839
2023-06-21 18:30:00,1179.5936279296875,1187.5775146484375,1168.517578125,1170.1328125,1152.1202392578125,7619166.0,1161.4354185434336,1169.296404389101,1150.52986917785
2023-06-22 18:30:00,1167.0869140625,1169.1636962890625,1159.28759765625,1160.5567626953125,1142.691650390625,6628570.0,1149.1212794125972,1151.1660925456156,1141.4420223330224
2023-06-25 18:30:00,1156.9801025390625,1160.856689453125,1148.53466796875,1151.6959228515625,1133.967041015625,12641159.0,1139.1698775330913,1142.9867893628173,1130.8544495978458
2023-06-26 18:30:00,1152.157470703125,1158.1337890625,1147.588623046875,1152.111328125,1134.376220703125,9689466.0,1134.4216529822017,1140.305974461151,1129.9231362063101
2023-06-27 18:30:00,1159.7491455078125,1171.2174072265625,1152.75732421875,1167.3638916015625,1149.3939208984375,11354006.0,1141.896393407388,1153.1881169201986,1135.0122016455275
2023-06-29 18:30:00,1175.1632080078125,1179.8935546875,1169.186767578125,1176.93994140625,1158.822509765625,11151555.0,1157.0731268247234,1161.7306560822208,1151.1886857801614
2023-07-02 18:30:00,1180.5396728515625,1210.0526123046875,1179.2935791015625,1207.1451416015625,1188.5628662109375,12154387.0,1162.3669506539804,1191.425580555085,1161.1400387375704
2023-07-03 18:30:00,1211.4371337890625,1211.4371337890625,1187.554443359375,1194.707763671875,1176.31689453125,8061643.0,1192.7887391966194,1192.7887391966194,1169.2736896643748
2023-07-04 18:30:00,1204.0531005859375,1204.0531005859375,1188.7313232421875,1192.746337890625,1174.3857421875,10248062.0,1185.5184537103503,1185.5184537103503,1170.4325328520283
2023-07-05 18:30:00,1188.8466796875,1220.4132080078125,1188.8466796875,1217.78271484375,1199.0367431640625,19117987.0,1170.5461356600117,1201.626743759331,1170.5461356600117
2023-07-06 18:30:00,1216.0521240234375,1229.8740234375,1212.821533203125,1215.406005859375,1196.6964111328125,13375267.0,1197.3325831480681,1210.9417123971473,1194.15172307179
2023-07-09 18:30:00,1240.9268798828125,1271.8935546875,1234.5120849609375,1262.22509765625,1242.794921875,33240016.0,1221.8245601360636,1252.3145466417043,1215.5085119378625
2023-07-10 18:30:00,1270.462890625,1278.3544921875,1263.4019775390625,1275.9085693359375,1256.2677001953125,20069348.0,1250.9058502676546,1258.6759714064597,1243.9536302912918
2023-07-11 18:30:00,1276.64697265625,1293.12255859375,1274.5009765625,1277.316162109375,1257.653564453125,18733835.0,1256.9946762890331,1273.2166423107678,1254.8817149747802
2023-07-12 18:30:00,1284.7694091796875,1291.738037109375,1263.240478515625,1265.89404296875,1246.4073486328125,14682934.0,1264.992154591986,1271.8535100977601,1243.794632147719
2023-07-13 18:30:00,1269.12451171875,1274.1549072265625,1257.6331787109375,1264.8326416015625,1245.3623046875,15124144.0,1249.5881074417618,1254.5410670168455,1238.2736675009803
2023-07-16 18:30:00,1267.7401123046875,1299.1451416015625,1258.9715576171875,1290.6766357421875,1270.8084716796875,22220040.0,1248.225023984058,1279.1466167196916,1239.5914489485467
2023-07-17 18:30:00,1300.0450439453125,1309.482666015625,1288.968994140625,1301.63720703125,1281.6002197265625,25867313.0,1280.0325658904894,1289.3249082218795,1269.1270172578058
2023-07-18 18:30:00,1306.0445556640625,1318.0435791015625,1290.8150634765625,1311.5133056640625,1291.324462890625,39122156.0,1285.9398963552078,1297.7542122517561,1270.9448400838094
2023-07-19 18:30:00,1290.0,1315.4749755859375,1290.0,1309.925048828125,1289.7603759765625,38717624.0,1270.142048583782,1295.2248684894755,1270.142048583782
2023-07-20 18:30:00,1304.5,1307.449951171875,1261.800048828125,1269.375,1249.834716796875,30249238.0,1284.4190157057792,1287.3235564344566,1242.3763715855305
2023-07-23 18:30:00,1240.5,1257.4749755859375,1234.6500244140625,1243.699951171875,1224.5548095703125,23727866.0,1221.4041174807796,1238.117785416934,1215.6441946530279
2023-07-24 18:30:00,1247.0,1252.5999755859375,1240.0,1242.9000244140625,1223.767333984375,12026020.0,1227.8041962368873,1233.3179681079685,1220.9119513502328
2023-07-25 18:30:00,1242.5,1273.5,1242.5,1263.0999755859375,1243.65625,12911012.0,1223.3733833366434,1253.8961800235134,1223.3733833366434
2023-07-26 18:30:00,1267.0250244140625,1268.824951171875,1245.175048828125,1251.3499755859375,1232.087158203125,17226898.0,1247.5209111436616,1249.2931304965796,1226.0072859774648
2023-07-27 18:30:00,1256.0250244140625,1271.425048828125,1250.2750244140625,1263.925048828125,1244.4686279296875,20827852.0,1236.6902137331379,1251.853175548335,1231.0287272255082
2023-07-30 18:30:00,1263.925048828125,1276.949951171875,1258.9749755859375,1274.625,1255.00390625,8551174.0,1244.4686660676819,1257.2930680054526,1239.594792375287
2023-07-31 18:30:00,1277.5,1279.5,1252.6500244140625,1256.5999755859375,1237.25634765625,9536632.0,1257.8346449464532,1259.803857697837,1233.3672005487501
2023-08-01 18:30:00,1254.5999755859375,1256.0,1231.800048828125,1243.175048828125,1224.0380859375,12748214.0,1235.2871417271826,1236.665614699006,1212.8381883521488
2023-08-02 18:30:00,1237.6500244140625,1250.449951171875,1229.0250244140625,1237.949951171875,1218.8934326171875,10168350.0,1218.5981228148664,1231.201012494138,1210.1058926997707
2023-08-03 18:30:00,1249.4000244140625,1258.0,1235.800048828125,1254.7750244140625,1235.4595947265625,22885610.0,1230.1673350047402,1238.6349265214124,1216.7767111886983
2023-08-06 18:30:00,1260.5,1264.199951171875,1252.5,1261.925048828125,1242.49951171875,5982870.0,1241.0963994857652,1244.7393951840495,1233.2195480808575
2023-08-07 18:30:00,1264.0,1267.2249755859375,1249.7750244140625,1254.324951171875,1235.0162353515625,9844072.0,1244.5423492739476,1247.7176805176769,1230.5363488514104
2023-08-08 18:30:00,1252.425048828125,1264.5,1240.550048828125,1262.5999755859375,1243.1641845703125,11486586.0,1233.1458852114292,1245.0349610213223,1221.453682631652
2023-08-09 18:30:00,1262.4749755859375,1275.0,1254.2249755859375,1268.2249755859375,1248.7022705078125,15470598.0,1243.0407844200602,1255.3730020668381,1234.9177826419805
2023-08-10 18:30:00,1266.2249755859375,1279.425048828125,1256.175048828125,1273.574951171875,1253.969970703125,22179330.0,1246.733138146324,1259.7300139419374,1236.837916549459
2023-08-13 18:30:00,1269.5,1291.1500244140625,1262.5,1288.625,1268.788330078125,9575812.0,1249.9577340453427,1271.274485095857,1243.065489745762
2023-08-15 18:30:00,1275.5,1291.4000244140625,1275.5,1287.574951171875,1267.7545166015625,10203112.0,1255.8654425931288,1271.5207081344915,1255.8654425931288
2023-08-16 18:30:00,1283.550048828125,1289.050048828125,1266.425048828125,1269.0,1249.4654541015625,13673744.0,1263.791524524126,1269.2068594315797,1246.930140835009
2023-08-17 18:30:00,1265.625,1288.800048828125,1254.2750244140625,1278.4000244140625,1258.7208251953125,18639978.0,1246.142454602955,1268.960755625946,1234.9671961841154
2023-08-20 18:30:00,1269.9749755859375,1277.7249755859375,1257.824951171875,1260.0,1244.986328125,9221746.0,1254.8424457661688,1262.5000997685252,1242.8371963360953
2023-08-21 18:30:00,1258.449951171875,1268.9749755859375,1249.5,1259.699951171875,1244.68994140625,7713044.0,1243.4548358358238,1253.8544488619668,1234.6115281978846
2023-08-22 18:30:00,1262.0999755859375,1271.425048828125,1258.4749755859375,1261.0999755859375,1246.0732421875,9517952.0,1247.061326610869,1256.2752862282496,1243.4795205761563
2023-08-23 18:30:00,1269.949951171875,1269.949951171875,1235.5,1239.9000244140625,1225.1258544921875,14140020.0,1254.8177179260883,1254.8177179260883,1220.7782590700385
2023-08-24 18:30:00,1228.0,1252.5,1221.300048828125,1234.175048828125,1219.4691162109375,22222400.0,1213.3676467766436,1237.5757146480018,1206.747529523438
2023-08-27 18:30:00,1236.0,1242.0,1215.550048828125,1221.875,1207.315673828125,12580826.0,1221.272366528133,1227.2008731617648,1201.0660879981488
2023-08-28 18:30:00,1226.0250244140625,1226.7249755859375,1204.074951171875,1210.175048828125,1195.755126953125,16876644.0,1211.4162410930335,1212.107851949824,1189.7277154191993
2023-08-29 18:30:00,1216.0,1221.5,1207.5,1209.0250244140625,1194.61865234375,12168946.0,1201.510516255865,1206.9449799395882,1193.1117996537475
2023-08-30 18:30:00,1211.5,1212.5,1199.949951171875,1203.5,1189.1595458984375,21638600.0,1197.0642209023324,1198.0523052778192,1185.6517981191516
2023-08-31 18:30:00,1203.2750244140625,1212.824951171875,1200.824951171875,1206.324951171875,1191.950927734375,18112842.0,1188.9373425267036,1198.3734766692594,1186.5164632510111
2023-09-03 18:30:00,1206.324951171875,1211.824951171875,1202.6500244140625,1205.3499755859375,1190.9874267578125,9347626.0,1191.9507848594153,1197.3852486913688,1188.3196473047951
2023-09-04 18:30:00,1210.0,1216.9749755859375,1206.2249755859375,1211.800048828125,1197.3607177734375,8675876.0,1195.582117616625,1202.4739821466742,1191.852074903386
2023-09-05 18:30:00,1210.550048828125,1218.074951171875,1208.625,1214.3499755859375,1199.88037109375,8200370.0,1196.125722417537,1203.5609616798479,1194.2236115362405
2023-09-06 18:30:00,1210.8499755859375,1219.125,1205.5,1216.0,1201.5107421875,13652572.0,1196.4220829309013,1204.5985062247828,1191.1358550222296
2023-09-07 18:30:00,1220.0,1228.0,1211.4749755859375,1224.0999755859375,1209.5140380859375,23109288.0,1205.4629163426932,1213.3675912039566,1197.039473070506
2023-09-10 18:30:00,1226.0,1238.425048828125,1226.0,1237.300048828125,1222.5570068359375,13271074.0,1211.3916036780722,1223.6686019045655,1211.3916036780722
2023-09-11 18:30:00,1241.5,1241.5,1217.9749755859375,1219.425048828125,1204.89501953125,16255666.0,1226.70693716321,1226.70693716321,1203.4622246012573
2023-09-12 18:30:00,1220.0,1231.324951171875,1213.125,1225.5250244140625,1210.9222412109375,12803338.0,1205.4630504045967,1216.653058753229,1198.6699696902265
2023-09-13 18:30:00,1230.0,1232.9000244140625,1222.5,1226.6500244140625,1212.0338134765625,9209636.0,1215.3438722575231,1218.2093412827492,1207.9332388900991
2023-09-14 18:30:00,1234.0,1234.0,1224.75,1228.925048828125,1214.28173828125,25468592.0,1219.2962186489121,1219.2962186489121,1210.156437431325
2023-09-17 18:30:00,1220.0250244140625,1225.5,1216.0250244140625,1218.2249755859375,1203.709228515625,7516300.0,1205.487828880595,1210.8975674516837,1201.535490839137
2023-09-19 18:30:00,1211.5250244140625,1213.800048828125,1177.5,1191.074951171875,1176.8826904296875,57081884.0,1197.089090701199,1199.3370070481767,1163.4694916701224
2023-09-20 18:30:00,1187.4749755859375,1195.050048828125,1180.0,1182.4000244140625,1168.31103515625,12226182.0,1173.3255153106452,1180.8103271156433,1165.9396084396587
2023-09-21 18:30:00,1188.0,1191.2249755859375,1175.0,1177.4749755859375,1163.4447021484375,19176786.0,1173.8443150051187,1177.0308632017375,1160.9992172819989
2023-09-24 18:30:00,1175.199951171875,1180.3499755859375,1167.550048828125,1170.2249755859375,1156.2811279296875,14254884.0,1161.1968240581607,1166.2854832156668,1153.638074334712
2023-09-25 18:30:00,1169.2750244140625,1175.0999755859375,1167.800048828125,1171.25,1157.2938232421875,10087782.0,1155.3423807263628,1161.0979239595738,1153.8849803976213
2023-09-26 18:30:00,1171.75,1185.9000244140625,1169.25,1184.449951171875,1170.3365478515625,11722778.0,1157.7879239120957,1171.7693426359385,1155.3177128519035
2023-09-27 18:30:00,1191.5,1191.5,1162.5,1167.050048828125,1153.14404296875,14518346.0,1177.3026603074284,1177.3026603074284,1148.6482103293206
2023-09-28 18:30:00,1170.9000244140625,1184.550048828125,1167.050048828125,1172.5,1158.529052734375,12342014.0,1156.9481416896208,1170.435518964013,1153.1440405649926
2023-10-02 18:30:00,1164.9749755859375,1167.800048828125,1158.0,1159.074951171875,1145.263916015625,8859056.0,1151.0936382938999,1153.885049186791,1144.2017734963838
2023-10-03 18:30:00,1154.5,1159.5,1147.550048828125,1157.074951171875,1143.2877197265625,10286386.0,1140.7434506187415,1145.683872665596,1133.8763122199225
2023-10-04 18:30:00,1159.625,1164.699951171875,1154.5,1157.050048828125,1143.2630615234375,10953682.0,1145.8073305142325,1150.821810414835,1140.743398149127
2023-10-05 18:30:00,1158.5250244140625,1162.4000244140625,1156.0250244140625,1159.0,1145.18994140625,5431026.0,1144.7206253894863,1148.5494528467332,1142.2504141267464
2023-10-08 18:30:00,1154.050048828125,1155.9749755859375,1147.5,1149.125,1135.4324951171875,7576878.0,1140.2988590719287,1142.200849187487,1133.826857954507
2023-10-09 18:30:00,1153.2750244140625,1158.949951171875,1151.875,1154.199951171875,1140.447021484375,10236032.0,1139.5331157395624,1145.1404226117538,1138.1497733893898
2023-10-10 18:30:00,1157.2249755859375,1174.8499755859375,1156.5,1172.5250244140625,1158.5537109375,9814118.0,1143.4359710357805,1160.8509589721596,1142.7196339530417
2023-10-11 18:30:00,1171.925048828125,1179.675048828125,1169.074951171875,1174.699951171875,1160.70263671875,12554450.0,1157.9607991424273,1165.618452848462,1155.1446622546925
2023-10-12 18:30:00,1170.0,1178.75,1164.574951171875,1174.6500244140625,1160.6534423828125,10150316.0,1156.058825491677,1164.7045645712087,1150.6984190160554
2023-10-15 18:30:00,1172.5,1177.2750244140625,1168.0,1172.0250244140625,1158.0596923828125,5929036.0,1158.5290083696577,1163.2471357038708,1154.0826283801794
2023-10-16 18:30:00,1178.0,1179.8499755859375,1170.6500244140625,1177.625,1163.593017578125,7928180.0,1163.963549268257,1165.7914814830851,1156.7011522648252
2023-10-17 18:30:00,1177.625,1183.5,1160.5,1162.0,1148.154052734375,8918320.0,1163.5928712145596,1169.397866963109,1146.6719261602773
2023-10-18 18:30:00,1156.0,1160.9000244140625,1150.5,1153.074951171875,1139.33544921875,12032556.0,1142.2256445327594,1147.0672825471008,1136.7911799610206
2023-10-19 18:30:00,1150.0,1157.3499755859375,1148.1500244140625,1149.550048828125,1135.8525390625,8913312.0,1136.2971288231192,1143.559525479833,1134.4691966955595
2023-10-22 18:30:00,1145.0,1153.125,1127.625,1131.5999755859375,1118.1163330078125,7853962.0,1131.356688684127,1139.3848747937852,1114.1887214650121
2023-10-24 18:30:00,1125.0250244140625,1140.5999755859375,1121.5,1128.9749755859375,1115.522705078125,11620688.0,1111.6198194416302,1127.009187707913,1108.1367973597628
2023-10-25 18:30:00,1125.5,1129.0,1110.1500244140625,1113.25,1099.985107421875,15222534.0,1112.089142962785,1115.5474388316163,1096.922069489782
2023-10-26 18:30:00,1120.0,1136.75,1117.9749755859375,1132.9000244140625,1119.40087890625,11771084.0,1106.654565590137,1123.204979852311,1104.6536704890175
2023-10-29 18:30:00,1137.0,1162.5,1134.9749755859375,1156.25,1142.4725341796875,16813304.0,1123.4519103673986,1148.6480613914696,1121.4510154276281
2023-10-30 18:30:00,1164.0,1164.0,1141.449951171875,1143.949951171875,1130.319091796875,12808438.0,1150.130232099537,1150.130232099537,1127.84888081728
2023-10-31 18:30:00,1144.574951171875,1158.75,1137.5999755859375,1148.699951171875,1135.0125732421875,10309190.0,1130.9367248364767,1144.9428703315039,1124.0448598372486
2023-11-01 18:30:00,1156.9749755859375,1162.1500244140625,1153.9749755859375,1160.0999755859375,1146.2767333984375,10562104.0,1143.1889695269997,1148.302354744411,1140.2247162104195
2023-11-02 18:30:00,1163.5999755859375,1167.4749755859375,1157.875,1159.8499755859375,1146.0296630859375,8850156.0,1149.7349795725816,1153.5638066087804,1144.078220526126
2023-11-05 18:30:00,1166.1500244140625,1170.0,1162.800048828125,1169.5,1155.564697265625,10647304.0,1152.2546386732256,1156.0587394619763,1148.9445800808262
2023-11-06 18:30:00,1167.0250244140625,1169.550048828125,1159.7750244140625,1161.9000244140625,1148.0552978515625,6960204.0,1153.1192304428853,1155.614167696399,1145.9556184844287
2023-11-07 18:30:00,1166.0,1170.5,1160.875,1167.949951171875,1154.033203125,7884494.0,1152.1064866637696,1156.552866758098,1147.042553778562
2023-11-08 18:30:00,1167.925048828125,1167.949951171875,1152.0999755859375,1155.2750244140625,1141.50927734375,14513610.0,1154.0085696526105,1154.0331752710283,1138.3720609954937
2023-11-09 18:30:00,1152.7750244140625,1158.175048828125,1149.0250244140625,1157.449951171875,1143.658203125,7734954.0,1139.0389810755562,1144.3746607841822,1135.333664696756
2023-11-12 18:30:00,1161.449951171875,1162.300048828125,1155.8499755859375,1157.300048828125,1143.5101318359375,3854810.0,1147.610585630105,1148.4505538682092,1142.0773370771153
2023-11-14 18:30:00,1170.0,1180.9749755859375,1163.5,1178.2249755859375,1164.185791015625,12220648.0,1156.0588204395372,1166.9030232858888,1149.6362714370953
2023-11-15 18:30:00,1175.550048828125,1187.074951171875,1173.4749755859375,1180.3499755859375,1166.285400390625,13134910.0,1161.542667627995,1172.9302438744137,1159.4923201233041
2023-11-16 18:30:00,1176.449951171875,1186.625,1176.0250244140625,1177.7750244140625,1163.7412109375,7758634.0,1162.4319266451018,1172.4857343750468,1162.012063114762
2023-11-19 18:30:00,1174.2750244140625,1179.199951171875,1168.199951171875,1174.675048828125,1160.6781005859375,4490186.0,1160.2828426994563,1165.1490860409533,1154.2801575494677
2023-11-20 18:30:00,1183.0,1194.0,1180.0999755859375,1189.449951171875,1175.2769775390625,8214450.0,1168.9038812090425,1179.7728099438689,1166.0384122376151
2023-11-21 18:30:00,1187.5,1197.2249755859375,1186.0999755859375,1194.0999755859375,1179.87158203125,8534814.0,1173.3502489811203,1182.9593458443583,1171.9669066696931
2023-11-22 18:30:00,1194.0999755859375,1200.0,1194.0999755859375,1197.75,1183.4781494140625,8531542.0,1179.8716170501546,1185.7013394254852,1179.8716170501546
2023-11-23 18:30:00,1195.800048828125,1201.300048828125,1195.5250244140625,1196.949951171875,1182.6876220703125,6749486.0,1181.5514214570694,1186.9858858764198,1181.2796741129466
2023-11-27 18:30:00,1196.949951171875,1199.8499755859375,1187.625,1197.199951171875,1182.9346923828125,13792174.0,1182.6876712625676,1185.5531403805655,1173.4738317237427
2023-11-28 18:30:00,1204.0,1205.9749755859375,1199.0250244140625,1200.3499755859375,1186.047119140625,12531306.0,1189.6536514263266,1191.605094048659,1184.7379555197092
2023-11-29 18:30:00,1197.3499755859375,1200.3499755859375,1184.949951171875,1188.7249755859375,1174.5606689453125,28439984.0,1183.0828973645985,1186.0471507278282,1170.8306260067593
2023-11-30 18:30:00,1189.0,1198.199951171875,1188.800048828125,1197.1500244140625,1182.88525390625,14342842.0,1174.8323419889748,1183.9226701483003,1174.6347733568996
2023-12-03 18:30:00,1225.0,1225.0,1199.300048828125,1210.0999755859375,1195.680908203125,15590990.0,1210.403389884879,1210.403389884879,1185.009669053603
2023-12-04 18:30:00,1219.5,1220.425048828125,1210.824951171875,1218.875,1204.3514404296875,12693624.0,1204.9689932142376,1205.8830195816831,1196.3973123183705
2023-12-05 18:30:00,1223.550048828125,1236.4749755859375,1217.5,1230.550048828125,1215.8873291015625,16422442.0,1208.9707381739393,1221.7416569101222,1202.9927791973269
2023-12-06 18:30:00,1230.0,1230.4749755859375,1221.0,1228.5250244140625,1213.886474609375,8142096.0,1215.3438750518303,1215.813191043024,1206.4511149904754
2023-12-07 18:30:00,1231.925048828125,1238.3499755859375,1222.5,1227.875,1213.2442626953125,10204894.0,1217.2460531905654,1223.594423771572,1207.9333084760417
2023-12-10 18:30:00,1228.0,1233.800048828125,1226.199951171875,1229.675048828125,1215.022705078125,7066138.0,1213.367615499601,1219.098553135076,1211.5890153738967
2023-12-11 18:30:00,1230.0,1232.4749755859375,1210.074951171875,1212.0250244140625,1197.5831298828125,9197124.0,1215.3439244936176,1217.7894094868202,1195.6562927549994
2023-12-12 18:30:00,1211.0,1219.175048828125,1203.1500244140625,1216.9749755859375,1202.4739990234375,10031182.0,1196.570218805253,1204.6478570918039,1188.8137803209581
2023-12-13 18:30:00,1227.0,1237.4749755859375,1221.324951171875,1232.074951171875,1217.39404296875,16972354.0,1212.3795628682321,1222.7297228698085,1206.7721356331074
2023-12-14 18:30:00,1239.0,1250.0,1235.0250244140625,1247.800048828125,1232.9317626953125,15932152.0,1224.236571728094,1235.1055001292314,1220.3089603608373
2023-12-17 18:30:00,1247.800048828125,1267.449951171875,1245.4749755859375,1260.5,1245.4803466796875,14165188.0,1232.9317234441762,1252.3474847954778,1230.634354917611
2023-12-18 18:30:00,1277.5,1286.949951171875,1262.5999755859375,1279.050048828125,1263.8094482421875,16820604.0,1262.2778691174958,1271.615218807123,1247.5553868731267
2023-12-19 18:30:00,1285.5250244140625,1299.425048828125,1260.0,1263.574951171875,1248.518798828125,17736722.0,1270.207325538083,1283.9417239360823,1244.9864450577063
2023-12-20 18:30:00,1263.5,1286.75,1259.125,1281.2750244140625,1266.0079345703125,13765454.0,1248.44470925444,1271.4176728398502,1244.1218397625619
2023-12-21 18:30:00,1279.800048828125,1290.449951171875,1273.824951171875,1282.5250244140625,1267.242919921875,16541784.0,1264.5504141598008,1275.07341611771,1258.6465136069178
2023-12-25 18:30:00,1284.0,1295.9749755859375,1281.3499755859375,1289.0250244140625,1273.66552734375,7465664.0,1268.7003790735205,1280.5326657287192,1266.0819312708138
2023-12-26 18:30:00,1291.0,1299.949951171875,1286.550048828125,1293.425048828125,1278.01318359375,9204156.0,1275.6170305456778,1284.4603381656593,1271.2201029702012
2023-12-27 18:30:00,1294.9000244140625,1306.0,1293.425048828125,1302.7750244140625,1287.251708984375,12302636.0,1279.4705441490948,1290.4382571270967,1278.0131437475463
2023-12-28 18:30:00,1305.550048828125,1307.0,1289.6500244140625,1292.4749755859375,1277.074462890625,10864584.0,1289.9937398232034,1291.4264140714613,1274.2831724837226
2023-12-31 18:30:00,1290.2750244140625,1303.425048828125,1286.574951171875,1295.125,1279.69287109375,4030540.0,1274.9006856426909,1287.8940202608817,1271.2447008145452
2024-01-01 18:30:00,1292.5,1307.5,1286.5,1305.8499755859375,1290.2900390625,7448800.0,1277.099135940161,1291.920402508132,1271.1706293129728
2024-01-02 18:30:00,1305.0,1317.0,1288.5999755859375,1291.6500244140625,1276.2593994140625,9037536.0,1289.4503036849235,1301.3073179716814,1273.2456933698636
2024-01-03 18:30:00,1294.0,1304.925048828125,1289.550048828125,1298.324951171875,1282.8546142578125,9612778.0,1278.5811975278393,1289.376067708453,1274.1842702494187
2024-01-04 18:30:00,1301.449951171875,1309.925048828125,1299.0,1303.8499755859375,1288.3138427734375,8086406.0,1285.9424160498672,1294.3165279752034,1283.521657474919
2024-01-07 18:30:00,1305.0,1315.9749755859375,1284.4749755859375,1293.675048828125,1278.26025390625,7734652.0,1289.4502625359673,1300.2944657165137,1269.1698042070248
2024-01-08 18:30:00,1300.0,1303.4000244140625,1288.5999755859375,1290.25,1274.8758544921875,5403074.0,1284.5096770702141,1287.8691880410897,1273.2454911635218
2024-01-09 18:30:00,1288.5,1329.5,1287.5250244140625,1325.050048828125,1309.26123046875,11102740.0,1273.146698836737,1313.6581576278165,1272.1833407081513
2024-01-10 18:30:00,1329.5,1362.5,1328.5,1359.9000244140625,1343.6961669921875,23725852.0,1313.6583733689063,1346.2651626289091,1312.6702888458758
2024-01-11 18:30:00,1359.9000244140625,1373.324951171875,1345.75,1370.7249755859375,1354.3919677734375,15012164.0,1343.6960023683716,1356.9609630954171,1329.714583957277
2024-01-14 18:30:00,1375.0,1396.449951171875,1366.0,1394.125,1377.51318359375,8610594.0,1358.616069177015,1379.8104316098675,1349.723309451493
2024-01-15 18:30:00,1389.9749755859375,1396.300048828125,1370.5,1374.625,1358.24560546875,9069024.0,1373.4126778584214,1379.6623844587446,1354.1697570573224
2024-01-16 18:30:00,1359.5,1386.2750244140625,1355.0250244140625,1361.574951171875,1345.35107421875,12197382.0,1343.30084717423,1369.7568331827044,1338.8791932605309
2024-01-17 18:30:00,1351.4000244140625,1371.0,1351.25,1367.949951171875,1351.6500244140625,10279438.0,1335.2972997496222,1354.663730119792,1335.1490629645289
2024-01-18 18:30:00,1376.0,1376.0,1359.0,1367.449951171875,1351.156005859375,10422704.0,1359.6041759840746,1359.6041759840746,1342.8067406703178
2024-01-22 18:30:00,1371.75,1371.75,1322.550048828125,1328.574951171875,1312.7442626953125,20055420.0,1355.4048574857818,1355.4048574857818,1306.791150318716
2024-01-23 18:30:00,1335.2249755859375,1349.5,1323.925048828125,1343.875,1327.862060546875,21919128.0,1319.3151054787043,1333.4200358723897,1308.1498229720294
2024-01-24 18:30:00,1342.949951171875,1364.1500244140625,1335.199951171875,1353.074951171875,1336.9522705078125,11808872.0,1326.9479158139593,1347.895377764627,1319.2902616038493
2024-01-28 18:30:00,1364.5,1452.5,1360.175048828125,1448.050048828125,1430.7957763671875,23893438.0,1348.241269998228,1435.192704047216,1343.9678528779282
2024-01-29 18:30:00,1459.949951171875,1459.9749755859375,1404.425048828125,1407.625,1390.852294921875,14093978.0,1442.5537625848374,1442.5784888178382,1387.690473107798
2024-01-30 18:30:00,1404.0,1434.25,1402.5,1426.625,1409.6258544921875,15130226.0,1387.2704457772934,1417.159997760743,1385.7883192326594
2024-01-31 18:30:00,1435.0,1443.3499755859375,1418.050048828125,1426.6500244140625,1409.650634765625,13349362.0,1417.9011153905622,1426.1515960154993,1401.1531330404457
2024-02-01 18:30:00,1433.175048828125,1474.9000244140625,1433.175048828125,1457.699951171875,1440.3306884765625,19652588.0,1416.0980132616144,1457.3258137867138,1416.0980132616144
2024-02-04 18:30:00,1460.75,1470.5,1431.5250244140625,1439.0250244140625,1421.878173828125,8814432.0,1443.3442832345067,1452.9781061073709,1414.4675408489986
2024-02-05 18:30:00,1441.8499755859375,1441.8499755859375,1419.824951171875,1427.800048828125,1410.7869873046875,9047984.0,1424.6695010773788,1424.6695010773788,1402.9069175392074
2024-02-06 18:30:00,1435.925048828125,1449.5,1429.25,1442.1500244140625,1424.9659423828125,9296568.0,1418.8151411125152,1432.2283386037336,1412.2196294925052
2024-02-07 18:30:00,1450.0,1459.4749755859375,1427.5250244140625,1450.125,1432.845947265625,14694634.0,1432.7224367107362,1442.0845126481563,1410.515263064875
2024-02-08 18:30:00,1454.0,1471.9749755859375,1450.949951171875,1460.75,1443.3443603515625,12556798.0,1436.6747903139974,1454.4355841797649,1433.661084495157
2024-02-11 18:30:00,1460.75,1461.0,1442.3499755859375,1452.3499755859375,1435.04443359375,6674430.0,1443.3443671360003,1443.5913882496639,1425.163589047209
2024-02-12 18:30:00,1455.5,1479.0,1454.0,1465.0999755859375,1447.642333984375,7715594.0,1438.1567484987418,1461.3767303535824,1436.674621997369
2024-02-13 18:30:00,1457.5,1483.6500244140625,1457.5,1481.375,1463.7235107421875,7117888.0,1440.1329959711338,1465.9714268487612,1440.1329959711338
2024-02-14 18:30:00,1483.3499755859375,1484.7249755859375,1466.5250244140625,1470.5999755859375,1453.076904296875,10006782.0,1465.674980481667,1467.0335965408115,1449.0505085860837
2024-02-15 18:30:00,1476.4749755859375,1477.0,1458.550048828125,1460.574951171875,1443.17138671875,9767498.0,1458.8819534815811,1459.4007219371786,1441.170612214809
2024-02-18 18:30:00,1462.050048828125,1479.5,1453.5250244140625,1474.0,1456.4364013671875,6729828.0,1444.6288410678121,1461.8708655513933,1436.2053974591388
2024-02-19 18:30:00,1475.0250244140625,1475.5,1461.800048828125,1471.0250244140625,1453.4969482421875,7117496.0,1457.4492860314679,1457.9186020207894,1444.3818933388152
2024-02-20 18:30:00,1474.0,1488.5250244140625,1457.550048828125,1467.699951171875,1450.2115478515625,12720292.0,1456.4365283424868,1470.7884795851646,1440.1825868389801
2024-02-21 18:30:00,1468.1500244140625,1484.949951171875,1458.0,1481.75,1464.0941162109375,18493728.0,1450.6561919754163,1467.2559381666686,1440.6271108051608
2024-02-22 18:30:00,1489.5,1497.550048828125,1483.3499755859375,1493.625,1475.82763671875,14438584.0,1471.7517883622584,1479.7059164315408,1465.6750448712426
2024-02-25 18:30:00,1493.550048828125,1494.5250244140625,1482.5,1487.324951171875,1469.6026611328125,7513106.0,1475.753583346703,1476.7169415654328,1464.8352018923576
2024-02-26 18:30:00,1483.0250244140625,1499.949951171875,1478.050048828125,1485.6500244140625,1467.94775390625,10826044.0,1465.3540321072526,1482.0772898132236,1460.4383358684995
2024-02-27 18:30:00,1483.0,1491.2750244140625,1450.175048828125,1455.625,1438.2803955078125,8647950.0,1465.3292067243183,1473.5056294891751,1432.8953836215212
2024-02-28 18:30:00,1465.0,1478.9749755859375,1454.5250244140625,1460.800048828125,1443.3939208984375,23628976.0,1447.5438276529026,1461.3522847525776,1437.1936663872107
2024-02-29 18:30:00,1463.5,1500.0,1462.5,1492.125,1474.345458984375,12132926.0,1446.061542580972,1482.1266237591103,1445.0734581651325
2024-03-03 18:30:00,1490.4749755859375,1512.449951171875,1487.2249755859375,1507.4000244140625,1489.4384765625,10024420.0,1472.7150995331629,1494.4282305064353,1469.503825173054
2024-03-04 18:30:00,1505.7750244140625,1507.4000244140625,1486.050048828125,1500.199951171875,1482.32421875,7107668.0,1487.8328618357061,1489.4384990399915,1468.3429205099196
2024-03-05 18:30:00,1493.449951171875,1509.0,1478.5,1503.0,1485.0908203125,7805676.0,1475.6545662551582,1491.0193265812127,1460.8827530485903
2024-03-06 18:30:00,1502.9749755859375,1503.0999755859375,1475.550048828125,1478.925048828125,1461.3028564453125,8315726.0,1485.0662153094684,1485.1897258668157,1457.968071396935
2024-03-10 18:30:00,1489.0,1489.0,1463.5,1466.5999755859375,1449.1246337890625,11277130.0,1471.2577496463198,1471.2577496463198,1446.0615961097308
2024-03-11 18:30:00,1466.5999755859375,1488.0,1465.0250244140625,1475.425048828125,1457.8446044921875,9432678.0,1449.1246865128974,1470.269718687064,1447.5685016900354
2024-03-12 18:30:00,1479.7750244140625,1483.0999755859375,1427.7750244140625,1432.175048828125,1415.10986328125,13522134.0,1462.142657909758,1465.4279903850718,1410.7622676768488
2024-03-13 18:30:00,1439.699951171875,1448.5250244140625,1425.5,1431.4749755859375,1414.4180908203125,18571102.0,1422.5450608782721,1431.2649780682007,1408.514310659922
2024-03-14 18:30:00,1425.949951171875,1433.2249755859375,1412.9000244140625,1418.2249755859375,1401.3260498046875,19223818.0,1408.9589780840722,1416.1473166057365,1396.0645483366263
2024-03-17 18:30:00,1420.0,1441.7249755859375,1416.5250244140625,1439.4749755859375,1422.3228759765625,9169392.0,1403.0799549430176,1424.5460660460144,1399.6463855144648
2024-03-18 18:30:00,1428.75,1437.5999755859375,1417.25,1425.25,1408.267333984375,8275764.0,1411.7256294896865,1420.4701525728194,1400.3626585436627
2024-03-19 18:30:00,1427.949951171875,1445.0,1424.0250244140625,1443.75,1426.546875,8488806.0,1410.935092987457,1427.7819805194806,1407.056934025752
2024-03-20 18:30:00,1452.5250244140625,1457.9000244140625,1444.675048828125,1450.9749755859375,1433.685791015625,13006936.0,1435.2173701383908,1440.5283239841642,1427.460931435626
2024-03-21 18:30:00,1449.9749755859375,1460.0,1447.3499755859375,1455.0250244140625,1437.6876220703125,19527608.0,1432.6977472783171,1442.6033181580033,1430.1040255590262
2024-03-25 18:30:00,1445.0,1452.4000244140625,1439.0,1441.574951171875,1424.3978271484375,11415906.0,1427.7820647176966,1435.0939139473653,1421.853557874578
2024-03-26 18:30:00,1448.0,1500.0,1447.0,1492.8499755859375,1475.061767578125,16326644.0,1430.74620650665,1482.1265951381042,1429.7581221098912
2024-03-27 18:30:00,1492.875,1505.949951171875,1478.6500244140625,1485.8499755859375,1468.1451416015625,21854364.0,1475.0864584455267,1488.0056133770977,1461.0309823617722
2024-03-31 18:30:00,1492.4749755859375,1493.9749755859375,1482.5,1484.7750244140625,1467.0830078125,5013880.0,1474.6912092837645,1476.1733358521226,1464.8350917273362
2024-04-01 18:30:00,1484.0,1494.0,1475.0,1486.949951171875,1469.2320556640625,8910166.0,1466.3172549197961,1476.198098955644,1457.4244952875333
2024-04-02 18:30:00,1482.074951171875,1484.449951171875,1468.9000244140625,1471.5999755859375,1454.0650634765625,7008292.0,1464.4152240453116,1466.7619246317818,1451.397283687729
2024-04-03 18:30:00,1479.75,1479.75,1450.0,1462.925048828125,1445.493408203125,14490272.0,1462.117879861305,1462.117879861305,1432.7223691832353
2024-04-04 18:30:00,1460.875,1470.800048828125,1456.0,1460.0999755859375,1442.7020263671875,7442298.0,1443.467815909923,1453.274601948929,1438.6509043996564
2024-04-07 18:30:00,1462.9749755859375,1490.9749755859375,1461.0,1485.9749755859375,1468.2686767578125,8357118.0,1445.5427357963142,1473.2090987059642,1443.5912932499484
2024-04-08 18:30:00,1489.0,1489.800048828125,1462.5,1463.6500244140625,1446.2098388671875,7071414.0,1471.2577557160955,1472.0482715276003,1445.0735176190665
2024-04-09 18:30:00,1466.3499755859375,1487.0,1466.3499755859375,1479.574951171875,1461.945068359375,9138330.0,1448.8776750369068,1469.281643980642,1448.8776750369068
2024-04-11 18:30:00,1475.875,1486.4749755859375,1463.074951171875,1467.1500244140625,1449.6680908203125,15551012.0,1458.2891033204971,1468.7627741208264,1445.6415744118667
2024-04-14 18:30:00,1461.0,1482.125,1446.324951171875,1464.824951171875,1447.3707275390625,12902062.0,1443.591352839028,1464.4646364315843,1429.0911655763507
2024-04-15 18:30:00,1453.3499755859375,1471.175048828125,1450.925048828125,1465.75,1448.2847900390625,9366184.0,1436.0325186728678,1453.6451964542034,1433.6364862387566
2024-04-17 18:30:00,1463.5,1486.0,1459.3499755859375,1464.324951171875,1446.876708984375,19005692.0,1446.0615875622616,1468.2934876101954,1441.9610129858208
2024-04-18 18:30:00,1456.7750244140625,1474.0,1443.0250244140625,1470.125,1452.607666015625,15741778.0,1439.4167626045175,1456.4364932961696,1425.8306012864564
2024-04-21 18:30:00,1472.449951171875,1482.824951171875,1467.800048828125,1479.8499755859375,1462.2166748046875,10350362.0,1454.9048261235944,1465.1562017707047,1450.3103301575065
2024-04-22 18:30:00,1479.0,1493.5,1455.550048828125,1459.324951171875,1441.936279296875,14605554.0,1461.3768889290402,1475.7041133303053,1438.20635702296
2024-04-23 18:30:00,1463.5,1468.550048828125,1449.5,1450.175048828125,1432.8953857421875,10462776.0,1446.0615625184662,1451.051437133562,1432.2283805059903
2024-04-24 18:30:00,1442.5,1467.9749755859375,1441.5,1459.9749755859375,1442.5784912109375,15943926.0,1425.3117405225619,1450.483166375014,1424.3236561270523
2024-04-25 18:30:00,1463.949951171875,1465.0,1450.0,1452.550048828125,1435.2420654296875,9413848.0,1446.5061312694434,1447.5436681516292,1432.7224019248206
2024-04-28 18:30:00,1450.0,1467.9000244140625,1450.0,1465.0250244140625,1447.5684814453125,7247974.0,1432.7224880920985,1450.4092243096331,1432.7224880920985
2024-04-29 18:30:00,1468.0,1483.074951171875,1462.875,1467.0,1449.5198974609375,11474262.0,1450.5079819172845,1465.403306850403,1445.4440490785064
2024-05-01 18:30:00,1472.0,1477.324951171875,1464.125,1466.550048828125,1449.0753173828125,14512646.0,1454.460329459568,1459.7218309784546,1446.6791643138517
2024-05-02 18:30:00,1471.0,1474.949951171875,1416.1500244140625,1434.0,1416.9130859375,17226958.0,1453.4722101911175,1457.3750954799905,1399.275802819383
2024-05-05 18:30:00,1435.5,1440.0,1418.0,1419.5250244140625,1402.610595703125,7394208.0,1418.3952205864964,1422.841600588335,1401.1037428015688
2024-05-06 18:30:00,1415.9749755859375,1420.75,1392.0,1401.4749755859375,1384.775634765625,14517472.0,1399.1028593353728,1403.8209867220144,1375.4135586957902
2024-05-07 18:30:00,1397.5,1432.949951171875,1397.5,1418.550048828125,1401.6470947265625,9439002.0,1380.847871034619,1415.8754127905866,1380.847871034619
2024-05-08 18:30:00,1413.0,1423.75,1390.0,1394.125,1377.51318359375,11009612.0,1396.1632769069981,1406.7851843569276,1373.437335386219
2024-05-09 18:30:00,1396.75,1410.0,1388.074951171875,1407.425048828125,1390.65478515625,10505096.0,1380.106935558881,1393.1990543318577,1371.535254832905
2024-05-12 18:30:00,1399.9000244140625,1406.9749755859375,1384.0,1402.699951171875,1385.986083984375,8456620.0,1383.2195197456997,1390.2101693574684,1367.5089520262873
2024-05-13 18:30:00,1400.9749755859375,1427.074951171875,1400.0250244140625,1420.074951171875,1403.1539306640625,7188300.0,1384.2815424166113,1410.070521585227,1383.342910466477
2024-05-14 18:30:00,1420.5,1429.9749755859375,1413.0250244140625,1416.2750244140625,1399.3994140625,5046534.0,1403.5740469957013,1412.9361236084007,1396.188139403763
2024-05-15 18:30:00,1418.550048828125,1427.5,1398.0250244140625,1425.3499755859375,1408.3660888671875,14711774.0,1401.6471872524828,1410.4904944706304,1381.3667306256436
2024-05-16 18:30:00,1423.050048828125,1437.199951171875,1413.25,1435.699951171875,1418.5927734375,10916476.0,1406.0936018418706,1420.0749000882806,1396.4103261437938
2024-05-20 18:30:00,1425.5999755859375,1441.824951171875,1425.5999755859375,1436.125,1419.0126953125,11176128.0,1408.613082979292,1424.6447280920645,1408.613082979292
2024-05-21 18:30:00,1436.2750244140625,1468.7750244140625,1436.2750244140625,1460.6500244140625,1443.2454833984375,10281604.0,1419.1609264752628,1451.2736690394956,1419.1609264752628
2024-05-22 18:30:00,1458.550048828125,1492.2249755859375,1455.0,1486.050048828125,1468.343017578125,14608260.0,1441.1706938631594,1474.444366988288,1437.6629456463684
2024-05-23 18:30:00,1483.625,1488.5,1476.0999755859375,1480.25,1462.6119384765625,7094776.0,1465.9467233388211,1470.7636348065282,1458.5113640783345
2024-05-26 18:30:00,1480.2249755859375,1484.9000244140625,1461.550048828125,1466.25,1448.77880859375,6629010.0,1462.587264504762,1467.2066075031105,1444.134859977049
2024-05-27 18:30:00,1468.0,1478.5,1452.75,1456.199951171875,1438.8486328125,7820162.0,1450.5080784194065,1460.8829659012893,1435.4397894576246
2024-05-28 18:30:00,1446.5,1458.0,1438.449951171875,1440.7750244140625,1423.607421875,7383556.0,1429.264181324664,1440.6271526936466,1421.310053120064
2024-05-29 18:30:00,1435.5,1440.4000244140625,1420.0999755859375,1424.8499755859375,1407.8720703125,13206858.0,1418.3951935729253,1423.2368313836507,1403.178669288835
2024-05-30 18:30:00,1431.300048828125,1442.25,1422.25,1430.4000244140625,1413.35595703125,31069832.0,1414.245257118902,1425.0647331073133,1405.3030450073677
2024-06-02 18:30:00,1483.0,1514.5,1459.0,1510.324951171875,1492.32861328125,21527942.0,1465.3292536675044,1496.4539141466187,1441.6152266357983
2024-06-03 18:30:00,1498.050048828125,1498.050048828125,1359.300048828125,1397.2750244140625,1380.625732421875,36709098.0,1480.1999676014107,1480.1999676014107,1343.1032493273078
2024-06-04 18:30:00,1422.0,1431.1500244140625,1384.0999755859375,1420.75,1403.821044921875,17464890.0,1405.0561505394378,1414.097147783154,1367.6077240917773
2024-06-05 18:30:00,1435.0,1443.699951171875,1421.3499755859375,1431.5999755859375,1414.5416259765625,17855722.0,1417.9011371144834,1426.4974232883105,1404.4137607114592
2024-06-06 18:30:00,1428.5,1472.0,1426.5,1469.949951171875,1452.4345703125,18558696.0,1411.478521453965,1454.4601915157414,1409.5023527154926
2024-06-09 18:30:00,1469.949951171875,1493.3499755859375,1468.074951171875,1471.4000244140625,1453.867431640625,9251760.0,1452.4346368701142,1475.5558362929214,1450.5819785928986
2024-06-10 18:30:00,1469.0,1473.675048828125,1454.675048828125,1456.675048828125,1439.3179931640625,11774902.0,1451.4960860069511,1456.1154291491666,1437.3418242246385
2024-06-11 18:30:00,1457.5,1476.0,1455.175048828125,1463.324951171875,1445.8885498046875,10081742.0,1440.1330064471847,1458.41256776401,1437.835758473946
2024-06-12 18:30:00,1472.0,1472.25,1460.0999755859375,1465.25,1447.790771484375,9181160.0,1454.4603416652449,1454.7073627830548,1442.7021123343332
2024-06-13 18:30:00,1470.0,1479.675048828125,1457.2249755859375,1477.550048828125,1459.9442138671875,8157998.0,1452.4841280922399,1462.0438933040555,1439.8613252368543
2024-06-17 18:30:00,1487.3499755859375,1487.4000244140625,1471.3499755859375,1481.0250244140625,1463.3778076171875,7196766.0,1469.6273935638167,1469.6768460329972,1453.8180422457062
2024-06-18 18:30:00,1487.5,1487.5,1456.0,1458.6500244140625,1441.26953125,8725874.0,1469.7757459645413,1469.7757459645413,1438.6510831088215
2024-06-19 18:30:00,1459.0,1482.8499755859375,1450.0999755859375,1473.699951171875,1456.139892578125,16113776.0,1441.6151005379975,1465.1808887163045,1432.8211254931246
2024-06-20 18:30:00,1473.625,1474.699951171875,1440.574951171875,1454.199951171875,1436.8724365234375,31170360.0,1456.0660262473004,1457.1281688420868,1423.4097851653107
2024-06-23 18:30:00,1445.5250244140625,1449.5,1437.5,1441.4749755859375,1424.298828125,8878386.0,1428.3006178871863,1432.228228955547,1420.3712170566394
2024-06-24 18:30:00,1443.0,1455.925048828125,1441.0,1454.1500244140625,1436.822998046875,7045386.0,1425.8058325289194,1438.576872033328,1423.8296636688654
2024-06-25 18:30:00,1446.050048828125,1518.9749755859375,1445.125,1514.0250244140625,1495.9844970703125,22014882.0,1428.8194845866847,1500.875466568816,1427.905458276952
2024-06-26 18:30:00,1513.75,1537.5,1506.0,1530.550048828125,1512.312744140625,28383030.0,1495.7128766848623,1519.1798830077462,1488.0552219900264
2024-06-27 18:30:00,1531.0250244140625,1581.0,1531.0250244140625,1565.4000244140625,1546.7474365234375,28957336.0,1512.782033239127,1562.1615299634889,1512.782033239127
2024-06-30 18:30:00,1562.5250244140625,1579.4000244140625,1555.675048828125,1560.1500244140625,1541.5599365234375,7724306.0,1543.9066370278445,1560.5805616644209,1537.138282854078
2024-07-01 18:30:00,1569.5,1573.5,1557.0,1565.175048828125,1546.5250244140625,7749246.0,1550.798441129772,1554.750778666898,1538.4473863262538
2024-07-02 18:30:00,1566.324951171875,1575.0,1542.7750244140625,1552.425048828125,1533.927001953125,9049620.0,1547.661278880494,1556.2329594590622,1524.391963189475
2024-07-03 18:30:00,1557.0,1567.5,1550.800048828125,1554.0250244140625,1535.5079345703125,6837176.0,1538.447461634288,1548.822348177101,1532.321386398175
2024-07-04 18:30:00,1553.824951171875,1598.5,1548.0,1588.625,1569.6956787109375,12269710.0,1535.3102911811948,1579.4530127748421,1529.5547474353805
2024-07-07 18:30:00,1589.0,1608.800048828125,1582.5250244140625,1600.9000244140625,1581.824462890625,9500806.0,1570.0662334946016,1589.6303543798022,1563.6684106310508
2024-07-08 18:30:00,1597.5999755859375,1600.5,1580.5,1590.2750244140625,1571.3260498046875,6960002.0,1578.5637202787966,1581.4291893561121,1561.6675000170792
2024-07-09 18:30:00,1595.0,1597.5,1563.1500244140625,1584.2249755859375,1565.3480224609375,7134578.0,1575.9946562525065,1578.4648673124634,1544.5241914718106
2024-07-10 18:30:00,1587.5,1604.25,1570.5,1580.6500244140625,1561.815673828125,11940946.0,1568.5840280306456,1585.1344421846698,1551.786592769845
2024-07-11 18:30:00,1584.5,1605.1500244140625,1574.5,1596.7249755859375,1577.6990966796875,12924784.0,1565.619788574804,1586.023756297877,1555.7389442164904
2024-07-14 18:30:00,1604.449951171875,1605.8499755859375,1585.5,1597.2249755859375,1578.1932373046875,5329688.0,1585.332123675554,1586.7154660951303,1566.607970695329
2024-07-15 18:30:00,1593.5,1600.0,1569.125,1576.25,1557.468017578125,9386838.0,1574.5124732819936,1580.9350218080888,1550.427916309136
2024-07-17 18:30:00,1576.0,1593.9000244140625,1557.824951171875,1586.675048828125,1567.76904296875,12298374.0,1557.2211925457696,1574.9079294522828,1539.2627082750141
2024-07-18 18:30:00,1586.0,1589.9749755859375,1552.800048828125,1555.1500244140625,1536.61962890625,13140390.0,1567.1020115011324,1571.029623251694,1534.2976544625544
2024-07-21 18:30:00,1537.25,1537.5,1499.2750244140625,1500.675048828125,1482.7935791015625,19674376.0,1518.9327171487766,1519.179738244426,1481.4102368427714
2024-07-22 18:30:00,1501.0,1505.75,1463.0,1487.9000244140625,1470.1707763671875,18052044.0,1483.1146576505776,1487.8080584659276,1445.5674511277782
2024-07-23 18:30:00,1485.0,1509.5,1476.4000244140625,1495.699951171875,1477.8778076171875,11913362.0,1467.3053526491226,1491.5134207568017,1458.8078508242754
2024-07-24 18:30:00,1481.0,1500.4749755859375,1477.074951171875,1492.4000244140625,1474.6171875,12519876.0,1463.3530011800513,1482.595920809754,1459.474721651074
2024-07-25 18:30:00,1492.4000244140625,1512.425048828125,1490.3499755859375,1509.0250244140625,1491.044189453125,9859940.0,1474.6172851615388,1494.4037007697482,1472.59166375446
2024-07-28 18:30:00,1511.949951171875,1527.5,1511.7750244140625,1520.0999755859375,1501.987060546875,7538550.0,1493.9341486268256,1509.2989091727318,1493.7613062276428
2024-07-29 18:30:00,1517.0250244140625,1525.0,1510.0,1513.1500244140625,1495.1199951171875,8228208.0,1498.9488223237445,1506.8287716127938,1492.0075050067665
2024-07-30 18:30:00,1504.0,1510.449951171875,1501.1500244140625,1505.425048828125,1487.487060546875,10057346.0,1486.0789919790418,1492.4520883459395,1483.2629754591517
2024-07-31 18:30:00,1512.0,1518.0,1504.300048828125,1515.300048828125,1497.244384765625,10764222.0,1493.9836579008804,1499.9121644798522,1486.37545603751
2024-08-01 18:30:00,1505.0,1509.324951171875,1493.2750244140625,1499.324951171875,1481.4595947265625,10268248.0,1487.0670219426547,1491.3404387261814,1475.481756476256
2024-08-04 18:30:00,1480.0,1483.9000244140625,1433.25,1447.324951171875,1430.079345703125,17046704.0,1462.3650548737628,1466.2186085334113,1416.1721046606897
2024-08-05 18:30:00,1455.1500244140625,1477.5,1451.324951171875,1456.050048828125,1438.7003173828125,10236186.0,1437.8110173129378,1459.8946792000177,1434.0315221699125
2024-08-06 18:30:00,1469.0,1472.5,1461.5,1464.824951171875,1447.3707275390625,8174568.0,1451.4960282823629,1454.954323788822,1444.0853950542364
2024-08-07 18:30:00,1457.5250244140625,1465.0,1445.925048828125,1449.125,1431.8577880859375,12387192.0,1440.1577210643813,1447.5436277380477,1428.6959662921352
2024-08-08 18:30:00,1460.0,1476.5,1456.0,1474.300048828125,1456.7330322265625,6249776.0,1442.6033755756382,1458.9067698886504,1438.6510375603623
2024-08-11 18:30:00,1470.0,1473.0,1457.75,1460.625,1443.220703125,8184584.0,1452.483993902439,1455.4482469512195,1440.3799606199186
2024-08-12 18:30:00,1460.75,1470.074951171875,1458.0,1463.625,1446.1851806640625,6265064.0,1443.3444377180147,1452.5582774619256,1440.6272053348387
2024-08-13 18:30:00,1463.550048828125,1472.0,1453.699951171875,1461.8499755859375,1444.43115234375,6267466.0,1446.1109681889411,1454.460233101401,1436.3782403810737
2024-08-15 18:30:00,1468.6500244140625,1480.4000244140625,1458.050048828125,1478.199951171875,1460.58642578125,9416902.0,1451.1502913945535,1462.7602840003062,1440.676620060605
2024-08-18 18:30:00,1482.5,1498.300048828125,1480.5,1488.4000244140625,1475.65625,13797742.0,1469.8067419652286,1485.47150978375,1467.8238660907393
2024-08-19 18:30:00,1497.2249755859375,1503.925048828125,1490.0250244140625,1495.949951171875,1483.1416015625,8411808.0,1484.4057091952604,1491.0484162933285,1477.2674041310693
2024-08-20 18:30:00,1493.25,1507.875,1490.0,1498.675048828125,1485.8433837890625,7769996.0,1480.464784262564,1494.964564922092,1477.2426107826689
2024-08-21 18:30:00,1503.0,1506.5,1490.6500244140625,1498.125,1485.2979736328125,10445782.0,1490.1312336221058,1493.6012664349316,1477.8869991875908
2024-08-22 18:30:00,1503.75,1511.324951171875,1498.425048828125,1499.9749755859375,1487.1322021484375,9249654.0,1490.8749048344312,1498.3849993365056,1485.5955458508122
2024-08-25 18:30:00,1506.9749755859375,1523.0,1503.0,1512.5999755859375,1499.649169921875,8816114.0,1494.0723308917522,1509.9601498448217,1490.1313888488291
2024-08-26 18:30:00,1510.5,1513.4749755859375,1499.449951171875,1500.449951171875,1487.6031494140625,6251156.0,1497.5671500638725,1500.516654009415,1486.6117113802566
2024-08-27 18:30:00,1505.0,1507.4749755859375,1493.0,1498.300048828125,1485.4716796875,9610286.0,1492.1142662167426,1494.5680511870519,1480.2170096090344
2024-08-28 18:30:00,1503.0999755859375,1537.0,1494.0,1520.925048828125,1507.90283203125,38335358.0,1490.2303777286736,1523.8401488737275,1481.2083164719252
2024-08-29 18:30:00,1534.0,1539.7249755859375,1503.324951171875,1509.625,1496.6995849609375,41620730.0,1520.865886117465,1526.5418444404818,1490.4534771750382
2024-09-01 18:30:00,1510.875,1526.800048828125,1506.625,1516.25,1503.2679443359375,11240852.0,1497.9389648135596,1513.7276641806195,1493.7253530981907
2024-09-02 18:30:00,1521.25,1523.0,1507.5,1509.125,1496.203857421875,10923800.0,1508.2250430567562,1509.9600595401412,1494.5927706873033
2024-09-03 18:30:00,1500.699951171875,1517.5,1499.5,1514.550048828125,1501.5823974609375,11983304.0,1487.850885016148,1504.50709100704,1486.6612078847159
2024-09-04 18:30:00,1519.050048828125,1525.7750244140625,1487.050048828125,1492.9749755859375,1480.192138671875,16264168.0,1506.0439573959175,1512.7113538076746,1474.3179410781217
2024-09-05 18:30:00,1492.5,1497.0,1461.625,1464.824951171875,1452.2830810546875,19394228.0,1479.721175380084,1484.182646260627,1449.110527949692
2024-09-08 18:30:00,1466.5,1469.925048828125,1455.5999755859375,1462.449951171875,1449.928466796875,9010298.0,1453.943839140462,1457.3395627288749,1443.1371406451965
2024-09-09 18:30:00,1460.5,1472.050048828125,1457.574951171875,1461.5250244140625,1449.011474609375,10768260.0,1447.995226435091,1459.446383962114,1445.0952218200862
2024-09-10 18:30:00,1463.050048828125,1468.75,1447.550048828125,1451.5,1439.072265625,9760202.0,1450.5234230036904,1456.1745712275017,1435.1561339115874
2024-09-11 18:30:00,1457.0,1486.0,1445.875,1479.800048828125,1467.1298828125,22349376.0,1444.5250498204912,1473.2767495080643,1433.4953029575859
2024-09-12 18:30:00,1476.4000244140625,1483.1500244140625,1469.5,1472.625,1460.016357421875,8711328.0,1463.7590600068495,1470.451266381587,1456.918113729867
2024-09-15 18:30:00,1477.550048828125,1480.9000244140625,1464.75,1471.3499755859375,1458.7523193359375,5481774.0,1464.8993077290233,1468.2206009201684,1452.2088525514882
2024-09-16 18:30:00,1474.0,1477.4749755859375,1466.625,1472.300048828125,1459.6942138671875,5935328.0,1461.3796100548857,1464.8248328952707,1454.0677548146177
2024-09-17 18:30:00,1470.0,1482.0,1460.550048828125,1463.449951171875,1450.9197998046875,8574714.0,1457.413766699014,1469.3110219373734,1448.0447266088618
2024-09-18 18:30:00,1466.25,1476.5,1455.550048828125,1469.675048828125,1457.0916748046875,16955902.0,1453.6959512825117,1463.8581906691413,1443.0876132109174
2024-09-19 18:30:00,1474.0,1495.0,1471.375,1485.925048828125,1473.2025146484375,30897320.0,1461.3795684407844,1482.1997658201985,1458.7770437683578
2024-09-22 18:30:00,1491.0,1501.5,1488.949951171875,1493.375,1480.5887451171875,8832314.0,1478.2340798324108,1488.6441789861601,1476.2015834923338
2024-09-23 18:30:00,1488.5,1500.5,1487.875,1489.375,1476.6229248046875,17137444.0,1475.7554165819738,1487.6526722077606,1475.1357678514642
2024-09-24 18:30:00,1483.9000244140625,1496.5,1480.199951171875,1493.949951171875,1481.15869140625,7069002.0,1471.1948125268714,1483.6869066134093,1467.5264194610884
2024-09-25 18:30:00,1490.6500244140625,1504.0,1488.050048828125,1497.949951171875,1485.12451171875,18818998.0,1477.8870868947113,1491.122760061236,1475.309372285805
2024-09-26 18:30:00,1499.0,1533.4749755859375,1492.0,1526.175048828125,1513.10791015625,20597478.0,1486.1655345930462,1520.345334807694,1479.2254687210307
2024-09-29 18:30:00,1519.4000244140625,1524.9749755859375,1474.4000244140625,1476.574951171875,1463.9324951171875,27008814.0,1506.3908994638518,1511.9181178232873,1461.7761901136828
2024-09-30 18:30:00,1480.6500244140625,1487.949951171875,1462.824951171875,1464.824951171875,1452.2830810546875,16431642.0,1467.9726595996829,1475.2100841908111,1450.3002051077794
2024-10-02 18:30:00,1436.574951171875,1449.4000244140625,1402.074951171875,1406.9749755859375,1394.928466796875,37757294.0,1424.2750076222521,1436.9902726871705,1390.070396353704
2024-10-03 18:30:00,1403.925048828125,1417.3499755859375,1381.7750244140625,1386.5250244140625,1374.653564453125,37072876.0,1391.9046094477658,1405.2145916660443,1369.9442340651563
2024-10-06 18:30:00,1393.5,1396.5,1361.375,1370.7249755859375,1358.98876953125,22181340.0,1381.568793209071,1384.5431070803497,1349.7188488374588
2024-10-07 18:30:00,1372.9749755859375,1401.0,1365.0999755859375,1397.3499755859375,1385.3857421875,17020808.0,1361.2194430814652,1389.004514771482,1353.4118695241307
2024-10-08 18:30:00,1397.5250244140625,1400.9749755859375,1372.5,1374.5999755859375,1362.8306884765625,14310610.0,1385.5594536683957,1388.979866453412,1360.7486928237201
2024-10-09 18:30:00,1380.0250244140625,1386.0,1369.425048828125,1371.050048828125,1359.31103515625,22358646.0,1368.209166456891,1374.132983939481,1357.699948504806
2024-10-10 18:30:00,1370.0,1383.2750244140625,1368.824951171875,1372.0999755859375,1360.35205078125,7980122.0,1358.2700551936466,1371.4314188021033,1357.1050671377104
2024-10-13 18:30:00,1379.449951171875,1380.074951171875,1368.25,1372.5250244140625,1360.7734375,12221432.0,1367.6390728953818,1368.2587216327886,1356.5350159311083
2024-10-14 18:30:00,1358.5250244140625,1371.699951171875,1340.699951171875,1344.0250244140625,1332.5174560546875,33762794.0,1346.8933067731043,1359.9554295521655,1329.2208521541709
2024-10-15 18:30:00,1340.0,1364.0,1337.625,1354.074951171875,1342.4814453125,20034438.0,1328.5270030007441,1352.3215164873245,1326.1723376036346
2024-10-16 18:30:00,1365.699951171875,1368.449951171875,1352.050048828125,1356.425048828125,1344.811279296875,15543660.0,1354.0067695283685,1356.7332239102464,1340.4737382347967
2024-10-17 18:30:00,1352.175048828125,1368.425048828125,1341.324951171875,1359.300048828125,1347.66162109375,12082452.0,1340.5976258716714,1356.70849216764,1329.840427555484
2024-10-20 18:30:00,1367.125,1374.0,1357.7249755859375,1369.199951171875,1357.4769287109375,14067408.0,1355.4197431686716,1362.2358797577067,1346.1002013000875
2024-10-21 18:30:00,1369.199951171875,1376.0,1340.2249755859375,1343.3499755859375,1331.84814453125,15831960.0,1357.4767913068545,1364.2186177698431,1328.749900940748
2024-10-22 18:30:00,1337.5,1357.4749755859375,1335.0,1338.5250244140625,1327.064453125,17214742.0,1326.048205061888,1345.8521531156357,1323.5696102860716
2024-10-23 18:30:00,1335.2750244140625,1343.699951171875,1323.125,1339.800048828125,1328.3287353515625,22155934.0,1323.8424540123256,1332.1952468902052,1311.7964576126847
2024-10-24 18:30:00,1343.5,1344.3499755859375,1322.0,1327.8499755859375,1316.4808349609375,18597496.0,1331.996862815434,1332.8395608533488,1310.6809472586556
2024-10-27 18:30:00,1337.0,1353.0,1322.0999755859375,1334.3499755859375,1322.9251708984375,10824350.0,1325.552505604476,1341.4155124030337,1310.7800563182918
2024-10-28 18:30:00,1328.0999755859375,1343.199951171875,1320.300048828125,1340.0,1328.52685546875,12008361.0,1316.728719636798,1331.6994085045892,1308.995576227512
2024-10-29 18:30:00,1335.0,1350.0,1325.3499755859375,1343.9000244140625,1332.3935546875,11984423.0,1323.569732267355,1338.4413022928309,1314.0023313459362
2024-10-30 18:30:00,1340.0,1343.0,1326.1500244140625,1332.050048828125,1320.64501953125,9331650.0,1328.5269031210519,1331.5012170832633,1314.7955112005386
2024-10-31 18:30:00,1333.050048828125,1341.949951171875,1333.0,1338.6500244140625,1327.1884765625,2127335.0,1321.6364480777281,1330.4601492824747,1321.5868277686543
2024-11-03 18:30:00,1337.8499755859375,1340.0,1285.0999755859375,1302.1500244140625,1291.0009765625,19796890.0,1326.3952636738204,1328.52687951389,1274.0969107675833
2024-11-04 18:30:00,1293.0,1309.550048828125,1286.1500244140625,1305.300048828125,1294.1240234375,16267479.0,1281.9292880644173,1298.337634786513,1275.1379622128013
2024-11-05 18:30:00,1310.0,1328.300048828125,1300.199951171875,1325.3499755859375,1314.0023193359375,21625209.0,1298.7837703539942,1316.9271340293028,1289.0676296160968
2024-11-06 18:30:00,1324.0,1324.0,1302.5999755859375,1305.6500244140625,1294.4710693359375,9611974.0,1312.6639327180499,1312.6639327180499,1291.4471349781516
2024-11-07 18:30:00,1297.6500244140625,1301.6500244140625,1275.0,1283.75,1272.7584228515625,19814406.0,1286.5394340693545,1290.505185727704,1264.0833410989228
2024-11-10 18:30:00,1278.949951171875,1286.0,1267.0,1272.699951171875,1261.802978515625,9056552.0,1267.9994654475693,1274.9891511168566,1256.151830843746
2024-11-11 18:30:00,1275.550048828125,1289.300048828125,1267.5,1274.25,1263.33984375,10671091.0,1264.6287615317467,1278.2610337323058,1256.6476373969983
2024-11-12 18:30:00,1270.25,1275.449951171875,1249.5,1252.050048828125,1241.3299560546875,14633633.0,1259.374078659472,1264.5295076822267,1238.8017408266169
2024-11-13 18:30:00,1253.5999755859375,1272.5999755859375,1251.0999755859375,1267.5999755859375,1256.746826171875,12612633.0,1242.866693712679,1261.7040163358736,1240.38809863068
2024-11-17 18:30:00,1267.5999755859375,1272.9000244140625,1243.9000244140625,1260.75,1249.9554443359375,13620611.0,1256.7467703539512,1262.0014401044657,1233.24973843027
2024-11-18 18:30:00,1260.75,1281.5,1235.1500244140625,1241.6500244140625,1231.0189208984375,14183746.0,1249.9553610165642,1270.5276979121372,1224.5745744010292
2024-11-20 18:30:00,1241.6500244140625,1243.949951171875,1217.25,1223.0,1212.5286865234375,19433843.0,1231.0190296194417,1233.299264427905,1206.8279179645579
2024-11-21 18:30:00,1229.4000244140625,1268.8499755859375,1222.449951171875,1265.4000244140625,1254.5655517578125,20471957.0,1218.8737871048172,1257.9859641270039,1211.983221035894
2024-11-24 18:30:00,1290.0,1304.449951171875,1282.449951171875,1287.0,1275.9805908203125,28923341.0,1278.9549045518283,1293.2811339485756,1271.4694999174592
2024-11-25 18:30:00,1294.949951171875,1297.8499755859375,1284.199951171875,1295.699951171875,1284.606201171875,9247557.0,1283.8626226527838,1286.737817131633,1273.2046638791435
2024-11-26 18:30:00,1293.5,1303.8499755859375,1286.0,1293.199951171875,1282.1275634765625,9572746.0,1282.4250432843673,1292.6864023015983,1274.9892583407009
2024-11-27 18:30:00,1289.949951171875,1296.5999755859375,1269.050048828125,1270.800048828125,1259.91943359375,15027412.0,1278.905374093644,1285.4984608667178,1258.184417128475
2024-11-28 18:30:00,1280.0,1299.5,1275.25,1292.199951171875,1281.1361083984375,13202307.0,1269.0406134614407,1288.3736540571424,1264.3312830599236
2024-12-01 18:30:00,1288.0,1311.3499755859375,1277.050048828125,1309.1500244140625,1297.941162109375,11024152.0,1276.9722229086012,1300.1222774340952,1266.1160245478172
2024-12-02 18:30:00,1317.0,1326.800048828125,1307.0,1323.300048828125,1311.9698486328125,16869482.0,1305.7237413234882,1315.4398813546288,1295.8093621182986
2024-12-03 18:30:00,1326.0,1328.4000244140625,1304.050048828125,1308.949951171875,1297.74267578125,19608540.0,1314.6467414933138,1317.0262168141671,1292.884726573221
2024-12-04 18:30:00,1314.3499755859375,1329.949951171875,1306.1500244140625,1322.050048828125,1310.7305908203125,16858723.0,1303.0964459866593,1318.5628538088617,1294.966703202915
2024-12-05 18:30:00,1323.9000244140625,1323.9000244140625,1310.0,1311.550048828125,1300.3204345703125,9037514.0,1312.5646685095264,1312.5646685095264,1298.783657405313
2024-12-08 18:30:00,1303.0,1315.0,1293.0999755859375,1295.1500244140625,1284.0609130859375,14650002.0,1291.8436769577456,1303.7409326166044,1282.0284168341586
2024-12-09 18:30:00,1289.25,1294.9000244140625,1280.199951171875,1284.8499755859375,1273.8489990234375,16043729.0,1278.2113501165884,1283.812998621138,1269.238788448007
2024-12-10 18:30:00,1285.0,1290.0,1276.050048828125,1278.199951171875,1267.2559814453125,11724373.0,1273.9978081396894,1278.9549980546296,1265.1244866020038
2024-12-11 18:30:00,1270.0,1278.199951171875,1260.5999755859375,1262.9000244140625,1252.0870361328125,20906813.0,1259.1262215126183,1267.25596445406,1249.8066803924569
2024-12-12 18:30:00,1260.0,1275.199951171875,1239.5999755859375,1272.8499755859375,1261.951904296875,28630222.0,1249.2119494931856,1264.2817595214547,1228.986588963027
2024-12-15 18:30:00,1275.0,1281.0,1266.550048828125,1268.300048828125,1257.44091796875,9486781.0,1264.0835044447913,1270.0321327010022,1255.7059013940218
2024-12-16 18:30:00,1261.050048828125,1263.9000244140625,1242.800048828125,1245.300048828125,1234.6376953125,17462791.0,1250.2528426173371,1253.078416496042,1232.1591005022085
2024-12-17 18:30:00,1240.6500244140625,1259.949951171875,1240.6500244140625,1253.25,1242.5196533203125,12670179.0,1230.027558928225,1249.162239402372,1230.027558928225
2024-12-18 18:30:00,1239.0,1244.9000244140625,1229.0,1230.449951171875,1219.914794921875,14244653.0,1228.3916379278016,1234.2411461229626,1218.4772582835096
2024-12-19 18:30:00,1224.0,1239.5,1201.5,1205.300048828125,1194.980224609375,20312896.0,1213.5200660980383,1228.8873545167635,1191.2127119418244
2024-12-22 18:30:00,1215.0,1227.199951171875,1213.199951171875,1222.300048828125,1211.834716796875,10052824.0,1204.5971709809228,1216.6926661807136,1202.8125341694108
2024-12-23 18:30:00,1222.300048828125,1233.550048828125,1221.0,1222.75,1212.28076171875,6734917.0,1211.834663048231,1222.9883400626134,1210.5457452942906
2024-12-25 18:30:00,1224.25,1227.699951171875,1214.25,1216.550048828125,1206.1339111328125,10016178.0,1213.767935093776,1217.1883476811242,1203.8535553911518
2024-12-26 18:30:00,1218.300048828125,1227.9000244140625,1217.0,1221.050048828125,1210.595458984375,7000397.0,1207.86900439277,1217.3867853075249,1206.5800865394056
2024-12-29 18:30:00,1216.4000244140625,1223.199951171875,1208.0999755859375,1210.699951171875,1200.333984375,8818766.0,1205.9852538075309,1212.7269598518426,1197.756269680847
2024-12-30 18:30:00,1208.0,1219.0999755859375,1206.1500244140625,1215.449951171875,1205.043212890625,6405475.0,1197.6570485426987,1208.6619856280877,1195.8229125326573
2024-12-31 18:30:00,1214.8499755859375,1226.300048828125,1211.5999755859375,1221.25,1210.7935791015625,5892590.0,1204.4483521073844,1215.800389087432,1201.2261788160188
2025-01-01 18:30:00,1221.25,1244.449951171875,1220.0,1241.800048828125,1231.167724609375,15486276.0,1210.7936258321927,1233.7949384205442,1209.554328364606
2025-01-02 18:30:00,1243.9000244140625,1262.050048828125,1235.5,1251.1500244140625,1240.437744140625,15521102.0,1233.2498182568117,1251.244443122699,1224.921714407087
2025-01-05 18:30:00,1253.949951171875,1262.0,1215.0,1218.0,1207.5714111328125,14816766.0,1243.213556672038,1251.1946805005002,1204.5970973122883
2025-01-06 18:30:00,1222.0,1244.5,1221.25,1240.8499755859375,1230.2257080078125,10070505.0,1211.5371275851955,1233.8444805890147,1210.7935491517349
2025-01-07 18:30:00,1249.0,1271.050048828125,1245.3499755859375,1265.5,1254.664794921875,19346579.0,1238.3060678446636,1260.167324257905,1234.6872949225542
2025-01-08 18:30:00,1267.0,1269.75,1248.050048828125,1254.75,1244.0067138671875,12794704.0,1256.1518282285128,1258.8782824728921,1237.364128300027
2025-01-09 18:30:00,1253.8499755859375,1256.75,1236.0,1241.9000244140625,1231.266845703125,8120332.0,1243.114481097643,1245.9896754309787,1225.4173374439545
2025-01-12 18:30:00,1230.0,1245.25,1226.4000244140625,1239.8499755859375,1229.234375,13764861.0,1219.4687349455062,1234.5881643828388,1215.899582365329
2025-01-13 18:30:00,1244.0999755859375,1253.3499755859375,1227.25,1238.75,1228.143798828125,13095266.0,1233.4479678208604,1242.6187691440975,1216.742262047884
2025-01-14 18:30:00,1244.949951171875,1257.0,1241.8499755859375,1252.199951171875,1241.478515625,9578856.0,1234.2905907014622,1246.2374660533972,1231.2171573529768
2025-01-15 18:30:00,1258.9000244140625,1275.0,1251.300048828125,1266.449951171875,1255.6065673828125,14117603.0,1248.1212833322295,1264.0834104275011,1240.586378973141
2025-01-16 18:30:00,1322.25,1326.0,1285.0,1302.3499755859375,1291.19921875,29366277.0,1310.9288585996749,1314.6467509950228,1273.997794139219
2025-01-19 18:30:00,1316.0,1316.0,1300.25,1305.449951171875,1294.272705078125,14040244.0,1304.7324245206253,1304.7324245206253,1289.1172758229052
2025-01-20 18:30:00,1310.5,1313.0,1270.199951171875,1273.699951171875,1262.7945556640625,14562976.0,1299.2795231523412,1301.7581181984158,1259.324522599558
2025-01-21 18:30:00,1278.300048828125,1282.9000244140625,1268.699951171875,1277.0999755859375,1266.1654052734375,10273590.0,1267.3552034506358,1271.9157939003728,1257.83730213362
2025-01-22 18:30:00,1270.0,1277.3499755859375,1261.5999755859375,1263.6500244140625,1252.83056640625,8720682.0,1259.126173066555,1266.4132176584087,1250.7980702365203
2025-01-23 18:30:00,1266.0,1273.0,1243.5,1246.300048828125,1235.6292724609375,14235970.0,1255.1605533566642,1262.1006196074513,1232.8531975505623
2025-01-26 18:30:00,1239.0999755859375,1240.449951171875,1220.0,1229.3499755859375,1218.82421875,9536019.0,1228.4907387555406,1229.8291557820492,1209.5542981292017
2025-01-27 18:30:00,1238.0,1244.75,1218.5,1234.4000244140625,1223.8311767578125,10568025.0,1227.400329601704,1234.0925365684338,1208.0672872533735
2025-01-28 18:30:00,1236.0,1242.75,1228.050048828125,1235.5,1224.921630859375,5928156.0,1225.4173498520336,1232.1095562529247,1217.53546627882
2025-01-29 18:30:00,1235.550048828125,1257.0,1232.4000244140625,1253.050048828125,1242.3214111328125,9269259.0,1224.971246456504,1246.237542749693,1221.8481926097397
2025-01-30 18:30:00,1255.8499755859375,1267.0,1249.0,1265.0999755859375,1254.2681884765625,6584612.0,1245.09738698474,1256.1519448799122,1238.306060895825
2025-01-31 18:30:00,1265.0999755859375,1270.550048828125,1241.0,1264.5999755859375,1253.7724609375,7118453.0,1254.2681799336815,1259.6715896071485,1230.374548522757
2025-02-02 18:30:00,1251.0,1256.0,1237.550048828125,1245.9000244140625,1235.232666015625,9252345.0,1240.2889757645512,1245.2461659154887,1226.9541826685895
2025-02-03 18:30:00,1248.050048828125,1288.800048828125,1246.5999755859375,1285.199951171875,1274.196044921875,16691069.0,1237.3642207434832,1277.7653184740125,1235.9265630557768
2025-02-04 18:30:00,1282.6500244140625,1290.5,1276.699951171875,1278.199951171875,1267.2559814453125,10112028.0,1271.6679530846961,1279.4507170461238,1265.7688244708304
2025-02-05 18:30:00,1273.699951171875,1288.0,1270.3499755859375,1281.550048828125,1270.577392578125,9956001.0,1262.7945076095025,1276.9721191435924,1259.4732145791813
2025-02-06 18:30:00,1276.1500244140625,1283.699951171875,1262.0,1266.699951171875,1255.8544921875,8764283.0,1265.2236540965398,1272.7089385364054,1251.1947819010975
2025-02-09 18:30:00,1264.5,1266.5,1245.550048828125,1253.6500244140625,1242.916259765625,6970972.0,1253.673337746878,1255.6562137259161,1234.8856362555493
2025-02-10 18:30:00,1264.550048828125,1264.550048828125,1230.0999755859375,1234.8499755859375,1224.2772216796875,8859714.0,1253.7230036544372,1253.7230036544372,1219.567891058193
2025-02-11 18:30:00,1219.449951171875,1226.9000244140625,1193.3499755859375,1216.550048828125,1206.1339111328125,21131654.0,1209.0089844264594,1216.3952699200001,1183.1324776076385
2025-02-12 18:30:00,1217.050048828125,1228.0,1212.0,1216.0999755859375,1205.687744140625,8511216.0,1206.629682868639,1217.4858807075602,1201.622872489872
2025-02-13 18:30:00,1219.0,1224.0,1205.449951171875,1217.25,1206.827880859375,10298145.0,1208.56289732395,1213.5200872227356,1195.1288642881832
2025-02-16 18:30:00,1211.0999755859375,1227.5,1204.5,1224.9000244140625,1214.412353515625,8166683.0,1200.7304615718228,1216.9900679473901,1194.1869953911457
2025-02-17 18:30:00,1224.8499755859375,1229.9000244140625,1216.0999755859375,1225.4000244140625,1214.908203125,6673250.0,1214.362863790828,1219.3696743222742,1205.6877809072391
2025-02-18 18:30:00,1219.5,1232.75,1217.550048828125,1227.449951171875,1216.9405517578125,6217338.0,1209.0586678925579,1222.1952216847485,1207.125412159616
2025-02-19 18:30:00,1223.949951171875,1239.3499755859375,1222.0,1233.0,1222.4429931640625,7795582.0,1213.4704313005311,1228.738599945727,1211.5371757067999
2025-02-20 18:30:00,1228.699951171875,1240.0,1222.1500244140625,1228.1500244140625,1217.634521484375,6904025.0,1218.1797397323817,1229.3830367840985,1211.6858938870325
2025-02-23 18:30:00,1216.550048828125,1223.25,1210.5,1214.550048828125,1204.1510009765625,7172498.0,1206.1338768607443,1212.7764626626977,1200.1356289010387
2025-02-24 18:30:00,1211.0,1221.0,1201.5,1204.0,1193.6912841796875,11552182.0,1200.6313497853835,1210.5457292220917,1191.2126893205104
2025-02-26 18:30:00,1212.800048828125,1215.0,1200.6500244140625,1207.0999755859375,1196.7647705078125,11509215.0,1202.416039651657,1204.597154814102,1190.370043898487
2025-02-27 18:30:00,1202.0,1217.3499755859375,1193.300048828125,1200.0999755859375,1189.82470703125,23007298.0,1191.7084634163882,1206.9270123506615,1183.0830013175257
2025-03-02 18:30:00,1204.0,1206.449951171875,1156.0,1171.25,1161.2216796875,17944938.0,1193.6912720117396,1196.1202465389174,1146.1022512006402
2025-03-03 18:30:00,1162.199951171875,1174.0,1159.550048828125,1161.9000244140625,1151.9517822265625,11377373.0,1152.2491409974891,1163.948157257321,1149.6219272411693
2025-03-04 18:30:00,1161.0,1183.0,1157.0,1175.5999755859375,1165.5345458984375,8664095.0,1151.0595745918054,1172.8712116641736,1147.0938223968292
2025-03-05 18:30:00,1197.0,1213.949951171875,1185.1500244140625,1209.5999755859375,1199.243408203125,14468014.0,1186.75131332057,1203.5561393973805,1175.002796955133
2025-03-06 18:30:00,1216.0,1254.800048828125,1212.0,1249.800048828125,1239.0992431640625,16474965.0,1205.5885908312287,1244.0564330934674,1201.622838887705
2025-03-09 18:30:00,1245.0,1258.0,1235.4000244140625,1238.4000244140625,1227.7967529296875,11931051.0,1234.3402190424754,1247.2289120927182,1224.8224391488623
2025-03-10 18:30:00,1240.0,1249.5,1229.75,1247.300048828125,1236.62060546875,10089838.0,1229.3830600118497,1238.801720552263,1219.2208210077197
2025-03-11 18:30:00,1258.0,1263.0,1244.0,1257.050048828125,1246.287109375,11977555.0,1247.2289270068015,1252.1861167007874,1233.3487958636417
2025-03-12 18:30:00,1260.050048828125,1264.1500244140625,1243.8499755859375,1247.9000244140625,1237.215576171875,9505270.0,1249.2615727756533,1253.326444606414,1233.2002036288977
2025-03-16 18:30:00,1242.1500244140625,1257.4000244140625,1233.0999755859375,1238.8499755859375,1228.2427978515625,16640917.0,1231.5145912773855,1246.6340190017775,1222.5420300210542
2025-03-17 18:30:00,1238.8499755859375,1238.8499755859375,1238.8499755859375,1238.8499755859375,1228.2427978515625,0.0,1228.2427978515625,1228.2427978515625,1228.2427978515625
2025-03-18 18:30:00,1241.050048828125,1253.25,1238.800048828125,1247.1500244140625,1236.471923828125,16162399.0,1230.4241762433128,1242.5196714129374,1228.1934407470596
2025-03-19 18:30:00,1251.8499755859375,1273.0,1250.050048828125,1269.1500244140625,1258.2835693359375,15971477.0,1241.1316434245866,1262.1005814534499,1239.347127629136
2025-03-20 18:30:00,1275.0,1281.0,1270.0999755859375,1276.3499755859375,1265.4217529296875,21780769.0,1264.0833359554676,1270.0319634187874,1259.2252659887295
2025-03-23 18:30:00,1291.0,1306.0,1284.25,1302.0999755859375,1290.9512939453125,20299319.0,1279.9463572168718,1294.8179260458828,1273.254151243817
2025-03-24 18:30:00,1307.699951171875,1307.699951171875,1282.5999755859375,1285.449951171875,1274.4439697265625,13713899.0,1296.50346593687,1296.50346593687,1271.6183955406093
2025-03-25 18:30:00,1291.0,1293.800048828125,1268.75,1273.050048828125,1262.150146484375,12074747.0,1279.9464094999762,1282.7224842048433,1257.8869148358597
2025-03-26 18:30:00,1278.1500244140625,1285.0,1271.300048828125,1278.199951171875,1267.2559814453125,15028056.0,1267.2064821612498,1273.9978081396894,1260.4151561828103
2025-03-27 18:30:00,1280.0,1295.75,1269.0,1275.0999755859375,1264.1824951171875,18147129.0,1269.0405652360093,1284.6557128160619,1258.1347478785124
2025-03-31 18:30:00,1264.5999755859375,1277.9000244140625,1249.300048828125,1252.5999755859375,1241.8751220703125,12099648.0,1253.7723771839194,1266.9585500115554,1238.603449529153
2025-04-01 18:30:00,1247.550048828125,1255.550048828125,1243.9000244140625,1251.1500244140625,1240.437744140625,10142590.0,1236.8685913550723,1244.8000957785905,1233.2498182568117
2025-04-02 18:30:00,1233.050048828125,1251.800048828125,1233.050048828125,1248.699951171875,1238.0086669921875,7434366.0,1222.4927580494818,1241.08222182284,1222.4927580494818
2025-04-03 18:30:00,1241.0999755859375,1245.449951171875,1193.1500244140625,1204.699951171875,1194.38525390625,17908652.0,1230.473619610667,1234.7863505024063,1182.9342181609516
2025-04-06 18:30:00,1132.199951171875,1171.25,1114.8499755859375,1165.699951171875,1155.7191162109375,22156106.0,1122.5059464290011,1161.2216449878495,1105.304523000697
2025-04-07 18:30:00,1172.0,1196.5999755859375,1163.300048828125,1182.199951171875,1172.0780029296875,19555040.0,1161.9653833278503,1186.3547349162204,1153.3399207865864
2025-04-08 18:30:00,1169.5,1189.800048828125,1168.0,1185.3499755859375,1175.2010498046875,10223104.0,1159.4867811653644,1179.613021672609,1157.9996241138485
2025-04-10 18:30:00,1195.1500244140625,1222.6500244140625,1195.1500244140625,1218.949951171875,1208.5133056640625,11224242.0,1184.917153801556,1212.1816988912137,1184.917153801556
2025-04-14 18:30:00,1251.0,1251.0,1237.0999755859375,1240.0999755859375,1229.4822998046875,13378535.0,1240.288998738938,1240.288998738938,1226.5079856590305
2025-04-15 18:30:00,1234.0999755859375,1240.9000244140625,1229.0,1239.300048828125,1228.689208984375,8248464.0,1223.5336585713449,1230.2754856402491,1218.477348782242
2025-04-16 18:30:00,1240.199951171875,1280.199951171875,1227.5999755859375,1274.5,1263.5877685546875,15398401.0,1229.5813957339365,1269.238916912585,1217.0893007676923
2025-04-20 18:30:00,1270.0,1300.9000244140625,1267.0,1295.5,1284.4078369140625,10429964.0,1259.126169726638,1289.7616259352505,1256.1518559398821
2025-04-21 18:30:00,1300.0,1303.9000244140625,1286.300048828125,1291.199951171875,1280.144775390625,13051707.0,1288.8694787336528,1292.7361113748846,1275.2868257139828
2025-04-22 18:30:00,1297.0,1306.0,1285.4000244140625,1300.0,1288.869384765625,10480888.0,1285.8950708007812,1294.8180126953125,1274.3944143417477
2025-04-23 18:30:00,1292.4000244140625,1304.5,1290.300048828125,1301.5999755859375,1290.4556884765625,10468940.0,1281.3345072026398,1293.3308829080645,1279.2525115884996
2025-04-24 18:30:00,1303.5,1325.199951171875,1288.0999755859375,1300.4000244140625,1289.2659912109375,14431012.0,1292.3394247863746,1313.85358083958,1277.071255478384
2025-04-27 18:30:00,1340.0,1374.5999755859375,1320.199951171875,1368.800048828125,1357.0804443359375,31104496.0,1328.5269802313521,1362.8307123815491,1308.8964585313056
2025-04-28 18:30:00,1371.0,1410.9000244140625,1370.0,1399.699951171875,1387.7156982421875,32538970.0,1359.2614765022709,1398.8198762816546,1358.2700385179512
2025-04-29 18:30:00,1402.0,1412.4000244140625,1369.0,1405.0,1392.9703369140625,25480745.0,1389.9960230274132,1400.3070020394923,1357.2785702742715
2025-05-01 18:30:00,1414.0,1426.699951171875,1409.0999755859375,1419.800048828125,1407.6436767578125,13007841.0,1401.8932881277126,1414.4845019236116,1397.0352178747166
2025-05-04 18:30:00,1431.0,1439.5,1426.9000244140625,1431.300048828125,1419.0452880859375,12685649.0,1418.747808269532,1427.1750314493302,1414.6829365878357
2025-05-05 18:30:00,1431.0,1432.0,1410.5999755859375,1420.9000244140625,1408.7342529296875,14084117.0,1418.7477523435755,1419.7391903256466,1398.5223933042987
2025-05-06 18:30:00,1420.9000244140625,1424.4000244140625,1402.699951171875,1406.0,1393.9617919921875,13440169.0,1408.7342420156256,1412.2042749259901,1390.6899982666434
2025-05-07 18:30:00,1404.0999755859375,1420.800048828125,1398.0,1407.0,1394.9532470703125,16106175.0,1392.0780527042998,1408.6351396947061,1386.030305191398
2025-05-08 18:30:00,1385.5,1394.800048828125,1374.5,1377.199951171875,1365.4083251953125,13668904.0,1373.637308764333,1382.8577303043132,1362.731491083779
2025-05-11 18:30:00,1400.0,1439.0,1400.0,1436.5,1424.2005615234375,10674081.0,1388.013077711669,1426.6791563050656,1388.013077711669
2025-05-12 18:30:00,1433.5,1447.699951171875,1412.4000244140625,1415.699951171875,1403.57861328125,11407896.0,1421.226256646525,1435.304626683893,1400.3069407641844
2025-05-13 18:30:00,1420.0,1429.9000244140625,1415.5,1424.4000244140625,1412.204345703125,5570160.0,1407.8419941921477,1417.6572548355593,1403.3805230837922
2025-05-14 18:30:00,1425.0,1461.4000244140625,1412.699951171875,1454.199951171875,1441.7491455078125,20177211.0,1412.7992032271827,1448.8875719918406,1400.6044669576877
2025-05-15 18:30:00,1453.199951171875,1461.0,1447.300048828125,1456.4000244140625,1443.9302978515625,9036695.0,1440.757623701411,1448.4908883531898,1434.9082364412498
2025-05-18 18:30:00,1452.0999755859375,1454.5999755859375,1438.199951171875,1440.800048828125,1428.4638671875,6195791.0,1439.667043567546,1442.1456384779733,1425.886031660542
2025-05-19 18:30:00,1438.199951171875,1445.0,1421.800048828125,1424.5999755859375,1412.4024658203125,11270560.0,1425.88599760598,1432.6278240113834,1409.6265122020175
2025-05-20 18:30:00,1423.9000244140625,1436.199951171875,1418.0999755859375,1429.199951171875,1416.9630126953125,6136364.0,1411.708464386899,1423.9030780659657,1405.9580760983038
2025-05-21 18:30:00,1421.199951171875,1423.800048828125,1396.9000244140625,1409.4000244140625,1397.332763671875,12134466.0,1409.031659643212,1411.6094953044076,1384.9397884743898
2025-05-22 18:30:00,1406.5999755859375,1433.800048828125,1406.5999755859375,1426.800048828125,1414.5838623046875,6474883.0,1394.5567410207764,1421.5239286750705,1394.5567410207764
2025-05-25 18:30:00,1432.0,1441.0,1425.0999755859375,1434.800048828125,1422.5152587890625,4842944.0,1419.7391840414937,1428.6621258406371,1412.898237790455
2025-05-26 18:30:00,1426.0999755859375,1437.0,1413.9000244140625,1422.0999755859375,1409.9239501953125,12640414.0,1413.8897021801247,1424.696400543767,1401.794207036506
2025-05-27 18:30:00,1420.0999755859375,1422.5999755859375,1410.699951171875,1412.9000244140625,1400.8028564453125,5944611.0,1407.9411620533203,1410.4197571984832,1398.621620102477
2025-05-28 18:30:00,1412.0999755859375,1420.0,1408.5999755859375,1417.800048828125,1405.660888671875,13771917.0,1400.0096192804465,1407.842003929875,1396.5395861721686
2025-05-29 18:30:00,1418.0,1430.5999755859375,1409.699951171875,1420.9000244140625,1408.7342529296875,13788484.0,1405.8590585766528,1418.3511529457182,1397.6300749154059
2025-06-01 18:30:00,1412.0999755859375,1417.5,1395.5999755859375,1413.699951171875,1401.5958251953125,8098668.0,1400.0095486308933,1405.3633379328091,1383.650821945961
2025-06-02 18:30:00,1422.300048828125,1426.5,1403.4000244140625,1405.5,1393.466064453125,11252626.0,1410.1222707307113,1414.2862617875367,1391.3840689247124
2025-06-03 18:30:00,1414.699951171875,1425.699951171875,1406.0999755859375,1423.5,1411.3118896484375,8126827.0,1402.5871874772963,1413.493004678654,1394.0608455067168
2025-06-04 18:30:00,1428.0,1454.699951171875,1423.5999755859375,1442.4000244140625,1430.0501708984375,13716817.0,1415.7734397380668,1442.244785474372,1411.4110884077945
2025-06-05 18:30:00,1441.0,1451.5,1437.0,1443.5,1431.140625,8182161.0,1428.6620302216834,1439.0721282906131,1424.6962785763767
2025-06-08 18:30:00,1457.0,1457.5,1445.300048828125,1448.800048828125,1436.3953857421875,7885125.0,1444.5251287223314,1445.0208477095387,1432.9253528317358
2025-06-09 18:30:00,1450.0,1453.9000244140625,1436.0,1438.5,1426.1834716796875,7913181.0,1437.5850079496329,1441.4516401070769,1423.704876838395
2025-06-10 18:30:00,1445.800048828125,1468.5999755859375,1443.0999755859375,1448.9000244140625,1436.4945068359375,8195700.0,1433.4210733170682,1456.0257865422643,1430.7441181682645
2025-06-11 18:30:00,1453.5,1457.0,1434.4000244140625,1441.5999755859375,1429.2569580078125,8828114.0,1441.055094094315,1444.5251270006308,1422.1186530105915
2025-06-12 18:30:00,1424.0,1435.5,1414.300048828125,1427.9000244140625,1415.67431640625,9757276.0,1411.8076840776937,1423.2092208521976,1402.1907840779525
2025-06-15 18:30:00,1426.9000244140625,1442.4000244140625,1424.4000244140625,1437.800048828125,1425.489501953125,8458093.0,1414.6828043278585,1430.050092219024,1412.204209506703
2025-06-16 18:30:00,1448.0,1448.0,1425.800048828125,1431.199951171875,1418.9459228515625,10366599.0,1435.602128554236,1435.602128554236,1413.5922548276174
2025-06-17 18:30:00,1430.0,1442.800048828125,1425.699951171875,1430.0999755859375,1417.85546875,6681735.0,1417.7563491543892,1430.4468040463896,1413.4931173168031
2025-06-18 18:30:00,1430.0999755859375,1439.9000244140625,1425.699951171875,1433.300048828125,1421.028076171875,10007230.0,1417.8554020854735,1427.5715425014369,1413.4930508573852
2025-06-19 18:30:00,1431.0,1471.0,1428.0999755859375,1466.199951171875,1453.6463623046875,29010635.0,1418.7477927518771,1458.4053131642288,1415.8725983169522
2025-06-22 18:30:00,1453.0,1463.800048828125,1442.0,1456.800048828125,1444.326904296875,5989078.0,1440.5593915455418,1451.266970188698,1429.6535737155343
2025-06-23 18:30:00,1465.0,1475.0,1443.0999755859375,1450.800048828125,1438.378173828125,16402744.0,1452.4565437947847,1462.3709229333156,1430.7440292763747
2025-06-24 18:30:00,1464.0,1472.4000244140625,1460.5,1467.300048828125,1454.737060546875,7525851.0,1451.4652666586912,1459.7933702625824,1447.9952335758323
2025-06-25 18:30:00,1469.0999755859375,1498.800048828125,1465.0999755859375,1495.300048828125,1482.4971923828125,14657893.0,1456.5214458748073,1485.9672251547677,1452.55569413543
2025-06-26 18:30:00,1499.4000244140625,1522.0,1496.9000244140625,1515.4000244140625,1502.425048828125,11117052.0,1486.5620421012081,1508.9685148979506,1484.0834473001275
2025-06-29 18:30:00,1513.800048828125,1524.800048828125,1496.0,1500.5999755859375,1487.7518310546875,8409527.0,1500.838885203447,1511.7447031481738,1483.191240482831
2025-06-30 18:30:00,1500.5999755859375,1531.4000244140625,1500.0999755859375,1528.4000244140625,1515.3138427734375,10368523.0,1487.7518183386467,1518.2881567329412,1487.256099345396
2025-07-01 18:30:00,1528.4000244140625,1530.0,1508.699951171875,1518.800048828125,1505.796142578125,6361002.0,1515.3139235508756,1516.9002002088087,1495.7825215605471
2025-07-02 18:30:00,1520.800048828125,1531.9000244140625,1513.0,1517.800048828125,1504.8045654296875,11283291.0,1507.7788792727886,1518.783816287235,1500.0456148706696
2025-07-03 18:30:00,1524.0,1530.0,1517.199951171875,1527.300048828125,1514.223388671875,6603501.0,1510.9515946827762,1516.900223008299,1504.2097675037892
2025-07-06 18:30:00,1526.5999755859375,1544.800048828125,1525.0,1541.5,1528.3016357421875,7251074.0,1513.5291857359532,1531.5734294639212,1511.9429091838053
2025-07-07 18:30:00,1536.0,1544.9000244140625,1530.199951171875,1537.5999755859375,1524.43505859375,7171261.0,1522.8487819842126,1531.6726044702705,1517.0983931213486
2025-07-08 18:30:00,1536.699951171875,1551.0,1510.0999755859375,1519.0,1505.9942626953125,8870660.0,1523.5426661942138,1537.7202774459709,1497.1704406377573
2025-07-09 18:30:00,1519.699951171875,1524.699951171875,1507.5,1517.199951171875,1504.209716796875,10047129.0,1506.688311848956,1511.6455019531181,1494.5928164048603
2025-07-10 18:30:00,1512.0,1515.0,1490.300048828125,1495.199951171875,1482.3980712890625,7234991.0,1499.0542783474266,1502.0285923917668,1477.540121836759
2025-07-13 18:30:00,1492.199951171875,1500.0,1479.0999755859375,1483.699951171875,1470.9964599609375,10311846.0,1479.4236826617216,1487.1569471972039,1466.4358695278945
2025-07-14 18:30:00,1486.199951171875,1496.5,1482.4000244140625,1485.4000244140625,1472.6820068359375,8132454.0,1473.4750846086956,1483.6869442622558,1469.7076928815193
2025-07-15 18:30:00,1473.0,1491.0,1471.5,1485.5999755859375,1472.8802490234375,10409983.0,1460.388154594461,1478.234038357326,1458.9009976142222
2025-07-16 18:30:00,1487.4000244140625,1489.5999755859375,1473.9000244140625,1476.4000244140625,1463.759033203125,11854613.0,1474.6648507992907,1476.845965908467,1461.2804382949055
2025-07-17 18:30:00,1484.800048828125,1484.800048828125,1469.0999755859375,1476.0,1463.3624267578125,10296318.0,1472.0871292027396,1472.0871292027396,1456.521480639079
2025-07-20 18:30:00,1465.0,1476.0,1423.0999755859375,1428.5999755859375,1416.3682861328125,22442744.0,1452.4566531183941,1463.362470991638,1410.9153771961905
2025-07-21 18:30:00,1427.4000244140625,1431.9000244140625,1410.699951171875,1412.800048828125,1400.70361328125,20396320.0,1415.178583447059,1419.640054314783,1398.6214967228645
2025-07-22 18:30:00,1426.0,1426.0,1414.4000244140625,1424.5999755859375,1412.4024658203125,8354596.0,1413.7905031420296,1413.7905031420296,1402.2898472373465
2025-07-23 18:30:00,1419.199951171875,1423.0,1396.0,1402.9000244140625,1390.8883056640625,14740507.0,1407.0486714179167,1410.8161839876018,1384.0473596954969
2025-07-24 18:30:00,1398.9000244140625,1401.0,1384.0999755859375,1391.699951171875,1379.7841796875,11854722.0,1386.9226057137396,1389.0046012536307,1372.2492752918665
2025-07-27 18:30:00,1392.300048828125,1407.800048828125,1385.0,1387.5999755859375,1375.7193603515625,7748361.0,1380.379191620021,1395.746480796028,1373.1416457270684
2025-07-28 18:30:00,1383.0,1420.199951171875,1383.0,1417.0999755859375,1404.966796875,10750072.0,1371.1587845273314,1408.0402305383973,1371.1587845273314
2025-07-29 18:30:00,1418.0999755859375,1423.300048828125,1401.300048828125,1410.0999755859375,1398.0267333984375,7209849.0,1405.9582375902166,1411.1137879299629,1389.3021514025702
2025-07-30 18:30:00,1388.0999755859375,1402.5999755859375,1382.199951171875,1390.199951171875,1378.2969970703125,17065827.0,1376.215001569177,1390.5908519212596,1370.365493427784
2025-07-31 18:30:00,1386.9000244140625,1405.9000244140625,1384.300048828125,1393.699951171875,1381.76708984375,10321171.0,1375.025384070285,1393.8627060383,1372.4476694796913
2025-08-03 18:30:00,1395.0999755859375,1416.0999755859375,1391.699951171875,1411.5,1399.4146728515625,6312820.0,1383.155066191865,1403.975263237478,1379.7841529413568
2025-08-04 18:30:00,1411.0,1411.0,1388.0999755859375,1391.699951171875,1379.7841796875,9315972.0,1398.918980991344,1398.918980991344,1376.2150271869518
2025-08-05 18:30:00,1391.9000244140625,1395.9000244140625,1383.300048828125,1392.800048828125,1380.8748779296875,5834312.0,1379.9825595355662,1383.9483114870873,1371.456217044825
2025-08-06 18:30:00,1387.699951171875,1393.699951171875,1366.0,1389.4000244140625,1377.50390625,9976705.0,1375.818389126872,1381.7670168023217,1354.3042341107182
2025-08-07 18:30:00,1385.0,1397.199951171875,1365.0,1367.800048828125,1356.0888671875,8793606.0,1373.1415514013454,1385.2370458989403,1353.312792536344
2025-08-10 18:30:00,1370.0,1388.0,1361.199951171875,1386.199951171875,1374.331298828125,9997486.0,1358.2700517359046,1376.1159356273254,1349.5453489789295
2025-08-11 18:30:00,1381.9000244140625,1401.9000244140625,1375.199951171875,1380.4000244140625,1368.5810546875,12244664.0,1370.0682117041065,1389.8969719255274,1363.4255044148417
2025-08-12 18:30:00,1388.0,1391.800048828125,1377.5,1382.5999755859375,1370.7620849609375,7457021.0,1376.115874093997,1379.8833867126677,1365.7057756228248
2025-08-13 18:30:00,1377.300048828125,1380.699951171875,1370.0999755859375,1373.800048828125,1367.4774169921875,7126128.0,1370.961308962897,1374.3455639562076,1363.794372575189
2025-08-17 18:30:00,1390.0,1394.9000244140625,1377.0,1381.699951171875,1375.3409423828125,11785109.0,1383.602791829514,1388.4802648218374,1370.6626218339861
2025-08-18 18:30:00,1390.0,1421.0,1389.0999755859375,1420.0999755859375,1413.564208984375,14384719.0,1383.6027633741608,1414.460091190419,1382.7068811681168
2025-08-19 18:30:00,1413.0,1424.9000244140625,1410.0,1413.0,1406.4969482421875,8725641.0,1406.4969482421875,1418.342205158243,1403.510755146132
2025-08-20 18:30:00,1425.0,1431.9000244140625,1420.300048828125,1424.800048828125,1418.24267578125,11021323.0,1418.4417067156319,1425.3099750709036,1413.7633861810953
2025-08-21 18:30:00,1420.0,1423.4000244140625,1407.9000244140625,1409.199951171875,1402.71435546875,5818868.0,1413.464698965694,1416.84907536351,1401.4204113959267
2025-08-24 18:30:00,1414.699951171875,1419.5,1405.699951171875,1412.5999755859375,1406.0987548828125,5979407.0,1408.1890657335161,1412.9670232567023,1399.230486508923
2025-08-25 18:30:00,1408.0,1410.0,1381.5999755859375,1384.9000244140625,1378.5262451171875,12145259.0,1401.519906786198,1403.5107021083375,1375.241384232256
2025-08-27 18:30:00,1389.9000244140625,1392.199951171875,1366.5,1385.9000244140625,1379.521728515625,13161813.0,1383.50331940736,1385.7926612650012,1360.2109883890075
2025-08-28 18:30:00,1381.0999755859375,1403.5,1350.0,1357.199951171875,1350.9537353515625,18758842.0,1374.7437651325777,1397.0406983353935,1343.7869203796088
2025-08-31 18:30:00,1356.0,1363.199951171875,1340.5999755859375,1353.9000244140625,1347.6689453125,11232238.0,1349.759256141992,1356.9260708455383,1334.430107544873
2025-09-01 18:30:00,1354.800048828125,1384.5,1354.5,1366.5,1360.2109375,11517006.0,1348.5648331807902,1378.128095842481,1348.2661652716795
2025-09-02 18:30:00,1369.699951171875,1376.5,1360.5,1372.5999755859375,1366.2828369140625,7847563.0,1363.3961593284287,1370.1649121838109,1354.2385492379765
2025-09-03 18:30:00,1371.800048828125,1374.0,1357.0999755859375,1359.300048828125,1353.0440673828125,13223177.0,1365.4865379446771,1367.6763641601647,1350.8541196588233
2025-09-04 18:30:00,1363.0,1381.0,1359.300048828125,1375.0,1368.671875,5777575.0,1356.7271022727273,1374.6442613636364,1353.0441792852228
2025-09-07 18:30:00,1380.0,1386.0,1372.4000244140625,1378.5,1372.15576171875,6986720.0,1373.6488583038629,1379.6212446443146,1366.0838599076599
2025-09-08 18:30:00,1376.5999755859375,1381.199951171875,1368.699951171875,1376.199951171875,1369.8662109375,9754452.0,1370.2643943031567,1374.843199236951,1362.4007284883235
2025-09-09 18:30:00,1383.9000244140625,1388.5,1374.0999755859375,1377.0,1370.66259765625,7790815.0,1377.5308659113482,1382.1096709119122,1367.7759200987732
2025-09-10 18:30:00,1376.0,1385.5,1375.0,1383.300048828125,1376.9337158203125,9766072.0,1369.6672638548873,1379.1235422027225,1368.6718661340626
2025-09-11 18:30:00,1383.300048828125,1396.300048828125,1380.5,1395.0,1388.579833984375,7403368.0,1376.9337291414593,1389.873899637371,1374.146566892781
2025-09-14 18:30:00,1393.0,1400.800048828125,1388.5999755859375,1399.300048828125,1392.8599853515625,5396697.0,1386.5889315301856,1394.3530818320328,1382.2091575524387
2025-09-15 18:30:00,1404.699951171875,1408.0,1398.199951171875,1405.300048828125,1398.8323974609375,8686961.0,1398.2350616507645,1401.5199225726963,1391.7649767809332
2025-09-16 18:30:00,1407.0,1416.199951171875,1406.9000244140625,1413.800048828125,1407.2933349609375,7519417.0,1400.5245819104894,1409.6821922648512,1400.4250664409112
2025-09-17 18:30:00,1420.4000244140625,1422.0,1410.699951171875,1415.0,1408.4876708984375,9332642.0,1413.8628424954393,1415.4554544293837,1404.2074124117412
2025-09-18 18:30:00,1414.9000244140625,1417.0,1403.5999755859375,1407.4000244140625,1400.9227294921875,13461373.0,1408.3882121473878,1410.4785229891424,1397.1401696768169
2025-09-21 18:30:00,1403.9000244140625,1410.699951171875,1388.0,1390.5999755859375,1384.199951171875,7757970.0,1397.4387885526373,1404.2074196840813,1381.6119415772491
2025-09-22 18:30:00,1391.0,1395.0,1376.800048828125,1389.800048828125,1383.40380859375,14014702.0,1384.5982372618869,1388.5798281670254,1370.4636381520502
2025-09-23 18:30:00,1385.300048828125,1396.0,1380.4000244140625,1383.0,1376.635009765625,5922759.0,1378.9244730635044,1389.5751797778832,1374.0470000648747
2025-09-24 18:30:00,1381.300048828125,1384.5,1369.0,1372.4000244140625,1366.0838623046875,11411143.0,1374.942926360271,1378.128150477363,1362.6994857374575
2025-09-25 18:30:00,1372.0,1382.699951171875,1366.0,1377.5999755859375,1371.2598876953125,9879109.0,1365.685684712474,1376.3363918134596,1359.7132983361805
2025-09-28 18:30:00,1381.5999755859375,1389.0,1368.0,1372.800048828125,1366.48193359375,14231999.0,1375.2413599514077,1382.6073268149732,1361.7039763015719
2025-09-29 18:30:00,1377.0999755859375,1377.0999755859375,1362.800048828125,1364.0,1357.722412109375,14604684.0,1370.7620971908361,1370.7620971908361,1356.5279835173724
2025-09-30 18:30:00,1367.0,1378.5999755859375,1362.699951171875,1368.699951171875,1362.4007568359375,12045916.0,1360.7086293823172,1372.255218175594,1356.4283707523282
2025-10-02 18:30:00,1363.199951171875,1371.5999755859375,1356.9000244140625,1363.4000244140625,1357.125244140625,12842347.0,1356.926091696157,1365.287456651113,1350.6551591113212
2025-10-05 18:30:00,1360.0,1377.4000244140625,1359.0,1375.0,1368.671875,12396580.0,1353.740909090909,1371.0608538471567,1352.7455113636363
2025-10-06 18:30:00,1376.0,1395.9000244140625,1375.9000244140625,1384.800048828125,1378.4267578125,11244040.0,1369.667209612737,1389.47564777439,1369.5676941462978
2025-10-07 18:30:00,1384.800048828125,1389.0,1364.5,1367.4000244140625,1361.1068115234375,8525081.0,1378.426755451918,1382.6073771032557,1358.2201339506064
2025-10-08 18:30:00,1374.0,1380.0,1369.0999755859375,1377.800048828125,1371.458984375,8826633.0,1367.676424553763,1373.6488106871855,1362.7989515764332
2025-10-09 18:30:00,1377.800048828125,1388.0,1375.0999755859375,1381.699951171875,1375.3409423828125,6373084.0,1371.45898859096,1381.6119964455866,1368.7713419175536
2025-10-12 18:30:00,1376.9000244140625,1377.699951171875,1367.800048828125,1375.0,1368.671875,7600682.0,1370.5631549835205,1371.3594002602317,1361.505059967041
2025-10-13 18:30:00,1380.0,1388.0,1370.0999755859375,1375.9000244140625,1369.5677490234375,9768174.0,1373.6488553790207,1381.612037149334,1363.7943936365562
2025-10-14 18:30:00,1383.0,1384.0,1372.699951171875,1374.300048828125,1367.97509765625,10882743.0,1376.6350089791804,1377.6304066718624,1366.382364141153
2025-10-15 18:30:00,1375.0999755859375,1400.5,1375.0,1398.300048828125,1391.8646240234375,12315932.0,1368.7713249510273,1394.0544503152107,1368.671809484766
2025-10-16 18:30:00,1401.0,1423.300048828125,1399.0999755859375,1416.800048828125,1410.279541015625,19335561.0,1394.5522084059296,1416.7496262080865,1392.6609284325848
2025-10-19 18:30:00,1440.0,1473.800048828125,1433.300048828125,1466.800048828125,1460.04931640625,24721978.0,1433.3726108781723,1467.0170999313523,1426.7034952504036
2025-10-20 18:30:00,1468.0,1474.0,1460.0,1465.199951171875,1458.4566650390625,2066169.0,1461.2438272093502,1467.2162134241023,1453.2806455896807
2025-10-22 18:30:00,1475.0,1482.9000244140625,1444.5999755859375,1448.4000244140625,1441.7340087890625,18707090.0,1468.2115624957596,1476.0752283864208,1437.9514490416038
2025-10-23 18:30:00,1450.0,1459.800048828125,1441.0,1451.5999755859375,1444.9193115234375,9700837.0,1443.3266994671071,1453.0816457634617,1434.3681199531734
2025-10-26 18:30:00,1463.0,1485.0,1458.0,1484.0999755859375,1477.2696533203125,14113867.0,1456.266786847925,1478.16553552233,1451.289798512833
2025-10-27 18:30:00,1484.0999755859375,1492.0,1477.5999755859375,1486.9000244140625,1480.056884765625,17631577.0,1477.26972256393,1485.1333888036675,1470.79963742504
2025-10-28 18:30:00,1490.0,1508.300048828125,1488.0999755859375,1504.199951171875,1497.277099609375,11884745.0,1483.1425015536738,1501.3583271895798,1481.2512217130793
2025-10-29 18:30:00,1500.0,1503.0999755859375,1484.0,1488.5,1481.6494140625,9318663.0,1493.0964871305005,1496.1821955688695,1477.1701246011085
2025-10-30 18:30:00,1490.4000244140625,1497.5,1482.300048828125,1486.4000244140625,1479.5592041015625,8758053.0,1483.540795005222,1490.6080945575152,1475.4780977270138
2025-11-02 18:30:00,1486.0,1495.0,1479.300048828125,1484.699951171875,1477.866943359375,8452085.0,1479.1610089962214,1488.1195884585134,1472.4918928888083
2025-11-03 18:30:00,1483.9000244140625,1492.800048828125,1470.0999755859375,1473.0999755859375,1466.3203125,10007806.0,1477.07065615293,1485.9297198935935,1463.334119430687
2025-11-05 18:30:00,1484.0,1501.5999755859375,1476.199951171875,1496.0999755859375,1489.2144775390625,16772678.0,1477.1701896475465,1494.6891648996161,1469.406038969176
2025-11-06 18:30:00,1494.5999755859375,1498.4000244140625,1475.9000244140625,1478.0,1471.19775390625,7821765.0,1487.7213309001133,1491.5038906434634,1469.1074431042953
2025-11-09 18:30:00,1477.9000244140625,1501.0,1475.5,1489.300048828125,1482.44580078125,7068438.0,1471.0982430243503,1494.0919049344996,1468.7092643110286
2025-11-10 18:30:00,1497.0,1498.800048828125,1480.199951171875,1493.4000244140625,1486.5269775390625,7127506.0,1490.1103850249956,1491.9021495222175,1473.3876547459602
2025-11-11 18:30:00,1505.0,1524.699951171875,1500.0,1511.5,1504.5435791015625,12384459.0,1498.0734942427068,1517.6827797499902,1493.0965058897411
2025-11-12 18:30:00,1515.0,1522.0999755859375,1506.800048828125,1510.9000244140625,1503.9464111328125,7196443.0,1508.0275174062697,1515.0948167835015,1499.8653048593553
2025-11-13 18:30:00,1505.5,1520.9000244140625,1505.5,1518.9000244140625,1511.9095458984375,7682823.0,1498.5711928131457,1513.900341239272,1498.5711928131457
2025-11-16 18:30:00,1520.9000244140625,1523.699951171875,1511.5,1518.300048828125,1511.3123779296875,5871416.0,1513.900387650411,1516.6874283079178,1504.5436249599409
2025-11-17 18:30:00,1521.699951171875,1527.800048828125,1510.5,1519.4000244140625,1512.4072265625,11045042.0,1514.696568271851,1520.7685911952462,1503.5481631005248
2025-11-18 18:30:00,1517.4000244140625,1522.300048828125,1512.0,1518.9000244140625,1511.9095458984375,5692366.0,1510.4164493928117,1515.2939222795571,1505.0412776708577
2025-11-19 18:30:00,1530.0,1550.9000244140625,1526.699951171875,1549.0999755859375,1541.9705810546875,18171724.0,1522.9585089376258,1543.7623455509595,1519.6736478639639
2025-11-20 18:30:00,1541.0,1557.800048828125,1540.0999755859375,1546.5999755859375,1539.4820556640625,9615271.0,1533.9078528560988,1550.6305827884978,1533.0119706260582
2025-11-23 18:30:00,1550.0,1550.0,1531.800048828125,1535.9000244140625,1528.831298828125,18433951.0,1542.8663816107544,1542.8663816107544,1524.7501927010492
2025-11-24 18:30:00,1535.9000244140625,1559.5999755859375,1525.0999755859375,1539.699951171875,1532.61376953125,15033482.0,1528.8313312270848,1552.4222077972818,1518.0809876078647
2025-11-25 18:30:00,1542.300048828125,1571.5999755859375,1540.5,1569.9000244140625,1562.6748046875,14054299.0,1535.2018536795324,1564.3669320995493,1533.4100892950657
2025-11-26 18:30:00,1575.0,1575.5,1556.0,1563.4000244140625,1556.2047119140625,9794643.0,1567.7513003642512,1568.2489991897637,1548.8387449947777
2025-11-27 18:30:00,1568.0,1581.300048828125,1563.0,1567.5,1560.285888671875,8959508.0,1560.7835875199362,1574.0224254817672,1555.806599039324
2025-11-30 18:30:00,1575.0,1577.5,1563.5999755859375,1566.0999755859375,1558.892333984375,8920233.0,1567.7513979315313,1570.2398922139623,1556.403839701944
2025-12-01 18:30:00,1561.0999755859375,1567.5,1542.0,1546.300048828125,1539.1834716796875,11389150.0,1553.9152843475838,1560.2858537619331,1534.9032130787248
2025-12-02 18:30:00,1545.199951171875,1552.4000244140625,1533.0,1538.800048828125,1531.718017578125,6090883.0,1538.0884656023031,1545.2554018922647,1525.9446623591427
2025-12-03 18:30:00,1536.0,1560.5,1517.5999755859375,1535.5999755859375,1528.53271484375,11867930.0,1528.9308982335338,1553.3181423785347,1510.6155558800758
2025-12-04 18:30:00,1530.4000244140625,1545.800048828125,1520.5999755859375,1540.5999755859375,1533.5096435546875,10183266.0,1523.356635808528,1538.685784402705,1513.6016899280953
2025-12-07 18:30:00,1539.199951171875,1551.0,1535.0,1543.0,1535.898681640625,11301491.0,1532.1161217020071,1543.861863398969,1527.9354998822807
2025-12-08 18:30:00,1540.300048828125,1542.5,1520.0999755859375,1529.4000244140625,1522.3612060546875,11503971.0,1533.211064854301,1535.4008911036892,1513.1039592099478
2025-12-09 18:30:00,1534.0,1547.5,1531.4000244140625,1536.9000244140625,1529.8267822265625,7991629.0,1526.9401045329791,1540.3779737710465,1524.3520947592017
2025-12-10 18:30:00,1536.9000244140625,1550.0,1524.0,1545.0,1537.889404296875,4706197.0,1529.826707449835,1542.8663926602953,1516.9860531705099
2025-12-11 18:30:00,1550.800048828125,1559.800048828125,1546.0999755859375,1556.5,1549.3365478515625,5106655.0,1543.6628294631555,1552.62140892391,1538.9843872841
2025-12-14 18:30:00,1551.199951171875,1558.5999755859375,1546.5,1556.199951171875,1549.037841796875,5774543.0,1544.060853330096,1551.4268205626304,1539.3825327747268
2025-12-15 18:30:00,1545.0,1551.699951171875,1538.800048828125,1542.300048828125,1535.201904296875,11731856.0,1537.8894294536826,1544.5585453663573,1531.7180123854912
2025-12-16 18:30:00,1550.0,1550.0,1539.300048828125,1544.4000244140625,1537.292236328125,7116649.0,1542.8664391614582,1542.8664391614582,1532.2157323461342
2025-12-17 18:30:00,1535.199951171875,1551.5,1535.199951171875,1544.4000244140625,1537.292236328125,6580829.0,1528.1345045583196,1544.3595357154854,1528.1345045583196
2025-12-18 18:30:00,1554.4000244140625,1574.199951171875,1551.0,1565.0999755859375,1557.8968505859375,13937275.0,1547.2461442463334,1566.9549449740825,1543.8617679066683
2025-12-21 18:30:00,1573.5,1577.5,1565.300048828125,1575.4000244140625,1568.1495361328125,10184852.0,1566.2582562309594,1570.2398469681211,1558.0960438231807
2025-12-22 18:30:00,1580.9000244140625,1580.9000244140625,1568.0999755859375,1570.699951171875,1563.4710693359375,7506564.0,1573.6241984599117,1573.6241984599117,1560.8830596994947
2025-12-23 18:30:00,1572.699951171875,1575.699951171875,1553.5999755859375,1558.199951171875,1551.0286865234375,8815745.0,1565.4619535362338,1568.448146711295,1546.4498812900458
2025-12-25 18:30:00,1554.699951171875,1561.0,1554.300048828125,1559.199951171875,1552.0240478515625,2311495.0,1547.5447581940155,1553.8158123179846,1547.1466963201515
2025-12-28 18:30:00,1554.9000244140625,1558.0999755859375,1543.5999755859375,1545.5999755859375,1538.4866943359375,5972105.0,1547.7439417510202,1550.9291658570105,1536.495898892566
2025-12-29 18:30:00,1547.0,1553.5999755859375,1537.800048828125,1539.800048828125,1532.71337890625,8815884.0,1539.8801935176687,1546.449793829553,1530.7225835687998
2025-12-30 18:30:00,1541.0,1577.0,1541.0,1570.4000244140625,1563.172607421875,5771830.0,1533.9078900841737,1569.7422080874378,1533.9078900841737
2025-12-31 18:30:00,1573.699951171875,1592.5,1571.0999755859375,1575.5999755859375,1568.3485107421875,6408128.0,1566.457230908256,1585.1707553042595,1563.8692213237453
2026-01-01 18:30:00,1580.0,1594.5999755859375,1578.199951171875,1592.300048828125,1584.9718017578125,6602230.0,1572.7283614795997,1587.2611435561273,1570.9365970213464
2026-01-04 18:30:00,1593.0,1611.800048828125,1575.300048828125,1578.0999755859375,1570.8370361328125,8704973.0,1585.6684856930358,1604.3820104615531,1568.049995566515
2026-01-05 18:30:00,1569.0,1569.0,1496.300048828125,1507.5999755859375,1500.6614990234375,27417125.0,1561.77894010158,1561.77894010158,1489.4135782872731
2026-01-06 18:30:00,1510.0,1520.0,1498.0,1504.199951171875,1497.277099609375,11199340.0,1503.0504545946628,1513.004431115157,1491.1056827700695
2026-01-07 18:30:00,1500.0,1503.9000244140625,1468.800048828125,1470.5999755859375,1463.831787109375,16518684.0,1493.0965028672745,1496.9785780764303,1462.040144211037
2026-01-08 18:30:00,1465.0,1479.9000244140625,1465.0,1475.300048828125,1468.51025390625,8335311.0,1458.2576091430024,1473.0890589574892,1458.2576091430024
2026-01-11 18:30:00,1475.300048828125,1485.300048828125,1451.0,1483.199951171875,1476.373779296875,8883745.0,1468.5102348906719,1478.4642116159973,1444.322022844729
2026-01-12 18:30:00,1485.0,1485.800048828125,1444.699951171875,1452.800048828125,1446.11376953125,13499760.0,1478.165525590484,1478.9618923221497,1438.050951275772
2026-01-13 18:30:00,1444.0,1467.0,1440.199951171875,1458.800048828125,1452.086181640625,8321764.0,1437.3542473990606,1460.2483939989072,1433.5716876182923
2026-01-14 18:30:00,1458.800048828125,1458.800048828125,1458.800048828125,1458.800048828125,1452.086181640625,0.0,1452.086181640625,1452.086181640625,1452.086181640625
2026-01-15 18:30:00,1458.800048828125,1480.0,1455.0999755859375,1457.9000244140625,1451.1903076171875,17167161.0,1452.0861898343726,1473.1885721290346,1448.4031454989463
2026-01-18 18:30:00,1450.5999755859375,1450.5999755859375,1403.300048828125,1413.5999755859375,1407.0941162109375,20392765.0,1443.9238298491432,1443.9238298491432,1396.8415931572963
2026-01-19 18:30:00,1410.699951171875,1416.0,1390.0,1394.0,1387.5843505859375,13189498.0,1404.207443054835,1409.4830993039366,1383.6027599099377
2026-01-20 18:30:00,1389.5,1412.9000244140625,1373.0,1404.5999755859375,1398.1356201171875,17352720.0,1383.105138772638,1406.3974698374059,1366.681076311502
2026-01-21 18:30:00,1410.0999755859375,1419.5,1395.0,1402.5,1396.0452880859375,15721693.0,1403.610286379211,1412.9670491536458,1388.5798052619484
2026-01-22 18:30:00,1401.800048828125,1407.0,1381.0,1386.0999755859375,1379.720703125,9837802.0,1395.348519642108,1400.5245389866304,1374.6441992470054
2026-01-26 18:30:00,1380.0,1391.5999755859375,1368.0,1380.5,1374.146484375,26302396.0,1373.6487855396595,1385.195374217857,1361.7040134914885
2026-01-27 18:30:00,1385.0,1409.9000244140625,1384.9000244140625,1396.699951171875,1390.2718505859375,11121657.0,1378.6257466723232,1403.4111724845945,1378.526231208921
2026-01-28 18:30:00,1402.9000244140625,1402.9000244140625,1384.0,1391.0,1384.59814453125,20846683.0,1396.4434009824272,1396.4434009824272,1377.6303609139109
2026-01-29 18:30:00,1382.5999755859375,1398.0,1378.5,1395.4000244140625,1388.9779052734375,11239835.0,1376.236766748553,1391.5659148620384,1372.1556606847782
2026-02-01 18:30:00,1340.0,1392.9000244140625,1335.5,1390.4000244140625,1384.0009765625,15711165.0,1333.8329085367304,1386.4894707948447,1329.35361891851
2026-02-02 18:30:00,1473.9000244140625,1489.5,1430.199951171875,1437.0999755859375,1430.4859619140625,25456171.0,1467.1166446366906,1482.6448239290096,1423.6176937150067
2026-02-03 18:30:00,1444.0,1464.0,1440.300048828125,1456.800048828125,1450.095458984375,8333387.0,1437.3543194605445,1457.2622740237098,1433.6713964697635
2026-02-04 18:30:00,1457.0,1461.5,1439.5,1443.4000244140625,1436.757080078125,11763658.0,1450.2944646433757,1454.7737543419996,1432.8750047042822
2026-02-05 18:30:00,1441.5,1452.800048828125,1433.5,1450.800048828125,1444.123046875,8277304.0,1434.865799564727,1446.113842295832,1426.9026178813986
2026-02-08 18:30:00,1458.0,1465.9000244140625,1453.0,1461.5999755859375,1454.873291015625,5775864.0,1451.2898835062008,1459.153549837875,1446.3128948796364
2026-02-09 18:30:00,1471.0,1471.0,1452.199951171875,1458.5,1451.7874755859375,10259630.0,1464.2299462371711,1464.2299462371711,1445.5164217743147
2026-02-10 18:30:00,1459.5999755859375,1470.0,1453.5999755859375,1468.699951171875,1461.9405517578125,7106877.0,1452.882456999606,1463.234617369774,1446.91007080626
2026-02-11 18:30:00,1470.0,1473.0,1445.5,1448.9000244140625,1442.231689453125,11135399.0,1463.2345557130195,1466.2207486838624,1438.8473131178025
2026-02-12 18:30:00,1445.5,1450.699951171875,1416.300048828125,1419.5999755859375,1413.0665283203125,10755693.0,1438.8473526451965,1444.0233720001163,1409.7817888672503
2026-02-15 18:30:00,1420.0999755859375,1439.5999755859375,1409.300048828125,1437.0999755859375,1430.4859619140625,5896514.0,1413.564201587246,1432.9744560797708,1402.8139796964888
2026-02-16 18:30:00,1431.0999755859375,1431.800048828125,1418.5999755859375,1423.0,1416.450927734375,10731630.0,1424.5136248062843,1425.2104761017015,1412.0711535507119
2026-02-17 18:30:00,1427.0,1442.0999755859375,1419.199951171875,1441.300048828125,1434.666748046875,5521096.0,1420.4325123887006,1435.4629932986807,1412.6683617554224
2026-02-18 18:30:00,1443.0,1443.0,1400.0,1409.5,1403.0130615234375,11884664.0,1436.3588845536149,1436.3588845536149,1393.5567833507007
2026-02-19 18:30:00,1409.5,1427.4000244140625,1406.0999755859375,1419.4000244140625,1412.8675537109375,8177670.0,1403.013091941889,1420.8307355027325,1399.6287153786739
2026-02-22 18:30:00,1425.0,1434.9000244140625,1418.300048828125,1428.0,1421.4278564453125,7758856.0,1418.4416634695872,1428.2961245911818,1411.772547760535
2026-02-23 18:30:00,1425.300048828125,1433.300048828125,1415.0,1428.800048828125,1422.2242431640625,12529409.0,1418.7403513100855,1426.7035326906043,1408.4877066792656
2026-02-24 18:30:00,1435.0,1440.5,1393.5,1398.5,1392.063720703125,10728792.0,1428.395737725409,1433.8704252219175,1387.0867320699354
2026-02-25 18:30:00,1398.5,1412.9000244140625,1391.9000244140625,1406.800048828125,1400.3255615234375,16683858.0,1392.0637118415314,1406.397463315574,1385.4941111892442
2026-02-26 18:30:00,1398.0,1410.4000244140625,1388.0999755859375,1393.9000244140625,1387.48486328125,12031440.0,1391.5659695052796,1403.9089251530934,1381.711508080472
2026-03-01 18:30:00,1375.5,1378.5999755859375,1341.5,1358.0,1351.75,23728722.0,1369.1694587628867,1372.2551671563263,1335.3259388807069
2026-03-03 18:30:00,1330.0,1352.800048828125,1307.0,1345.0,1338.8099365234375,32495007.0,1323.8789706886037,1346.5740873609554,1300.9848230751916
2026-03-04 18:30:00,1353.0999755859375,1399.0,1353.0999755859375,1389.4000244140625,1383.005615234375,25957532.0,1346.8726294272453,1392.5614090361375,1346.8726294272453
2026-03-05 18:30:00,1396.5,1424.300048828125,1390.300048828125,1404.800048828125,1398.334716796875,19311971.0,1390.0728674061675,1417.7449716586152,1383.9014503612218
2026-03-08 18:30:00,1375.0,1429.4000244140625,1370.0,1424.0,1417.4462890625,24870822.0,1368.6718029922313,1422.8214608086796,1363.6948146177142
2026-03-09 18:30:00,1430.5999755859375,1431.5,1400.5999755859375,1408.800048828125,1402.3162841796875,18071259.0,1424.015880450879,1424.9117626543534,1394.1539503917586
2026-03-10 18:30:00,1424.9000244140625,1434.0,1383.5999755859375,1390.199951171875,1383.8017578125,21848087.0,1418.34212900751,1427.4002232775151,1377.2321576556008
2026-03-11 18:30:00,1390.0,1410.9000244140625,1381.0999755859375,1392.199951171875,1385.7926025390625,20939959.0,1383.6027762448114,1404.4066120742223,1374.7437125844203
2026-03-12 18:30:00,1385.199951171875,1400.800048828125,1378.4000244140625,1380.699951171875,1374.3455810546875,17265090.0,1378.8248707870416,1394.3531723993444,1372.0562392077015
2026-03-15 18:30:00,1380.0,1397.300048828125,1363.5,1395.0999755859375,1388.6793212890625,22837802.0,1373.6488401657623,1390.8692691567512,1357.224777946389
2026-03-16 18:30:00,1399.0,1405.9000244140625,1388.199951171875,1397.5999755859375,1391.167724609375,19007744.0,1392.5613056143347,1399.429573667814,1381.8109624429321
2026-03-17 18:30:00,1397.199951171875,1412.9000244140625,1397.199951171875,1408.0999755859375,1401.6195068359375,9559327.0,1390.7696473738063,1406.3974645008152,1390.7696473738063
2026-03-18 18:30:00,1388.0,1415.699951171875,1376.0999755859375,1384.800048828125,1378.4267578125,16498373.0,1381.6119817895922,1409.1844489610974,1369.7667250791762
2026-03-19 18:30:00,1398.0,1430.0,1396.0999755859375,1414.4000244140625,1407.8905029296875,22994918.0,1391.5659566755692,1423.4186824363833,1389.6746767818195
2026-03-22 18:30:00,1400.0,1415.5999755859375,1391.0,1407.800048828125,1401.3209228515625,18979554.0,1393.5567722314413,1409.0849519631759,1384.598192981382
2026-03-23 18:30:00,1420.0,1422.4000244140625,1406.5999755859375,1411.800048828125,1405.302490234375,18620893.0,1413.4647025895886,1415.8536813182018,1400.1263494042955
2026-03-24 18:30:00,1420.0,1430.5,1408.4000244140625,1413.0999755859375,1406.596435546875,19041331.0,1413.464703831985,1423.9163794589117,1401.9181150601291
2026-03-26 18:30:00,1401.0,1404.699951171875,1345.0,1348.0999755859375,1341.8956298828125,23266517.0,1394.552193095842,1398.235116023098,1338.809921280448
2026-03-29 18:30:00,1335.0,1365.0,1334.0999755859375,1343.9000244140625,1337.7149658203125,24393861.0,1328.855902170806,1358.7178325566667,1327.960019957529
2026-03-31 18:30:00,1384.199951171875,1384.4000244140625,1362.9000244140625,1369.199951171875,1362.8984375,14404619.0,1377.8294025098971,1378.028554948465,1356.6275051009459
2026-04-01 18:30:00,1357.0,1358.199951171875,1328.0,1350.5,1344.2845458984375,21280051.0,1350.7546307176451,1351.9490593116357,1321.8880984473344
2026-04-05 18:30:00,1359.0,1359.0,1290.0,1304.699951171875,1298.6953125,29274881.0,1352.7454554606609,1352.7454554606609,1284.0630151171836
2026-04-06 18:30:00,1295.0,1308.300048828125,1291.0,1304.5999755859375,1298.5958251953125,28388922.0,1289.040031502862,1302.2788696189978,1285.058440671965
2026-04-07 18:30:00,1349.0,1350.5999755859375,1326.199951171875,1347.800048828125,1341.5970458984375,21817543.0,1342.7914745147666,1344.3840865060406,1320.0963587364665
2026-04-08 18:30:00,1346.0,1350.0,1326.300048828125,1330.0,1323.87890625,20725390.0,1339.8052690319548,1343.7868597274437,1320.195983460075
2026-04-09 18:30:00,1337.0,1352.300048828125,1331.5,1350.199951171875,1343.9859619140625,19364461.0,1330.8467605257397,1346.0763943468285,1325.3720730291864
2026-04-12 18:30:00,1321.199951171875,1327.5999755859375,1310.0,1315.0999755859375,1309.0474853515625,28753269.0,1315.1193869938081,1321.4899565481755,1303.970981405046
2026-04-14 18:30:00,1337.0,1347.0,1334.199951171875,1344.0999755859375,1337.9140625,15313779.0,1330.8467629297493,1340.8007402141902,1328.059600686701
2026-04-15 18:30:00,1352.0,1353.800048828125,1330.0,1343.300048828125,1337.1177978515625,30211012.0,1345.7777093601655,1347.5694738488123,1323.8789596516422
2026-04-16 18:30:00,1340.0,1368.4000244140625,1340.0,1365.0,1358.7178955078125,13869105.0,1333.832952366644,1362.1022720767137,1333.832952366644
2026-04-19 18:30:00,1363.199951171875,1373.0,1352.800048828125,1363.300048828125,1357.0257568359375,13614733.0,1356.9261198573818,1366.6810660920328,1346.5740808024586
2026-04-20 18:30:00,1359.0,1369.800048828125,1350.0999755859375,1353.300048828125,1347.07177734375,27293629.0,1352.7454957201878,1363.4958396538184,1343.8864317482064
2026-04-21 18:30:00,1350.300048828125,1366.0,1349.0999755859375,1362.0999755859375,1355.8311767578125,9525953.0,1344.085556855853,1359.7132520720183,1342.8910067161314
2026-04-22 18:30:00,1346.0,1355.5,1340.699951171875,1343.4000244140625,1337.21728515625,16385079.0,1339.8052948565,1349.261572940554,1334.529638479888
2026-04-23 18:30:00,1340.0,1345.9000244140625,1325.0,1327.800048828125,1321.6890869140625,11744802.0,1333.8328899956957,1339.7057606040942,1318.9019248091768
2026-04-26 18:30:00,1313.0,1371.5999755859375,1311.0,1365.800048828125,1359.51416015625,24673098.0,1306.9571155871217,1365.2873936261717,1304.9663202853897
2026-04-27 18:30:00,1358.0,1395.199951171875,1357.0,1388.9000244140625,1382.5078125,41027699.0,1351.7500009887617,1388.7787447541255,1350.75460334444
2026-04-28 18:30:00,1392.0,1433.800048828125,1391.300048828125,1425.4000244140625,1418.83984375,30542143.0,1385.5935377241706,1427.2012083655534,1384.896807968084
2026-04-29 18:30:00,1409.0,1437.0,1393.0999755859375,1430.800048828125,1424.215087890625,30957881.0,1402.5153692729207,1430.386505071105,1386.6885214286783
2026-04-30 18:30:00,1430.800048828125,1430.800048828125,1430.800048828125,1430.800048828125,1424.215087890625,0.0,1424.215087890625,1424.215087890625,1424.215087890625
2026-05-03 18:30:00,1433.4000244140625,1467.4000244140625,1433.4000244140625,1463.0999755859375,1456.3663330078125,24035700.0,1426.8030702776819,1460.6465916696056,1426.8030702776819
2026-05-04 18:30:00,1460.0,1473.4000244140625,1450.0,1463.5999755859375,1456.864013671875,23543341.0,1453.280606341501,1466.6189594959255,1443.3266295857375
2026-05-05 18:30:00,1463.0,1473.300048828125,1427.5,1437.9000244140625,1431.2823486328125,14221786.0,1456.2668061036345,1466.519450812893,1420.9301884572374
2026-05-06 18:30:00,1438.800048828125,1449.5,1430.300048828125,1436.199951171875,1429.590087890625,19816903.0,1432.1782190445704,1442.828925531327,1423.717338832762
2026-05-07 18:30:00,1426.0,1442.800048828125,1417.5,1435.199951171875,1428.5947265625,8663105.0,1419.4371163507371,1436.1598462687914,1410.9762359236815
2026-05-10 18:30:00,1420.0,1428.0,1382.0,1388.199951171875,1381.81103515625,15261787.0,1413.4647305422184,1421.427912122738,1375.6396180347506
2026-05-11 18:30:00,1392.0,1393.5,1360.300048828125,1364.0,1357.722412109375,24357500.0,1385.593546668805,1387.0866431630602,1354.0394893602804
2026-05-12 18:30:00,1361.4000244140625,1372.4000244140625,1352.4000244140625,1358.800048828125,1352.54638671875,13797989.0,1355.1343963286624,1366.0837705701026,1346.1758174038478
2026-05-13 18:30:00,1365.199951171875,1378.0,1358.4000244140625,1361.800048828125,1355.5325927734375,17303059.0,1358.9168476375535,1371.6579863902991,1352.148216400817
2026-05-14 18:30:00,1356.800048828125,1364.800048828125,1329.199951171875,1336.4000244140625,1330.24951171875,19976192.0,1350.5556491178086,1358.5188307246153,1323.082575367519
2026-05-17 18:30:00,1334.0,1342.0,1318.699951171875,1335.9000244140625,1329.7518310546875,13022473.0,1327.860551095503,1335.8237328112184,1312.6309174607939
2026-05-18 18:30:00,1338.699951171875,1344.0,1318.4000244140625,1322.699951171875,1316.6124267578125,21665501.0,1332.5387892026445,1337.8144453658963,1312.3322897558653
2026-05-19 18:30:00,1318.699951171875,1362.9000244140625,1312.5999755859375,1359.699951171875,1353.442138671875,13248515.0,1312.6308349443716,1356.6274840630256,1306.558933569541
2026-05-20 18:30:00,1367.199951171875,1370.9000244140625,1345.199951171875,1349.5999755859375,1343.388671875,17150630.0,1360.9076465750106,1364.590690861155,1339.0088978228712
2026-05-21 18:30:00,1350.0,1367.4000244140625,1349.0999755859375,1354.5,1348.26611328125,7105813.0,1343.7868238683554,1361.106767233248,1342.8909416840763
2026-05-24 18:30:00,1366.800048828125,1371.0999755859375,1357.0,1367.0,1360.7086181640625,6750071.0,1360.5095872329855,1364.7897243191815,1350.7546414401118
2026-05-25 18:30:00,1360.0999755859375,1368.5,1352.4000244140625,1356.300048828125,1350.0579833984375,13769747.0,1353.8404218493883,1362.2017870434288,1346.1759079681497
2026-05-26 18:30:00,1353.0,1361.0,1348.5999755859375,1350.5,1344.2845458984375,13215138.0,1346.7730400596713,1354.736221375619,1342.393266034199
2026-05-27 18:30:00,1350.5,1350.5,1350.5,1350.5,1344.2845458984375,0.0,1344.2845458984375,1344.2845458984375,1344.2845458984375
2026-05-28 18:30:00,1364.0,1369.0,1317.0,1321.199951171875,1315.119384765625,42634247.0,1357.7224546740495,1362.6994431442622,1310.9387630540493
2026-05-31 18:30:00,1332.5,1335.5,1318.5,1320.0,1313.9249267578125,10700603.0,1326.3673976551404,1329.353590670499,1312.4318302501333
2026-06-01 18:30:00,1307.699951171875,1327.800048828125,1300.300048828125,1314.5999755859375,1308.5498046875,23302785.0,1301.6815361898255,1321.689127358814,1294.3156903458798
2026-06-02 18:30:00,1315.0,1324.0,1301.0,1313.199951171875,1307.15625,20012293.0,1308.9480145168118,1317.906594083847,1295.0124463014238
2026-06-03 18:30:00,1301.0,1311.199951171875,1293.0999755859375,1303.699951171875,1297.699951171875,23474327.0,1295.0124259474096,1305.1654340270677,1287.1487597049047
2026-06-04 18:30:00,1304.5,1306.0,1288.0,1291.0,1291.0,17785223.0,1304.5,1306.0,1288.0
2026-06-07 18:30:00,1277.0,1282.5999755859375,1259.199951171875,1263.300048828125,1263.300048828125,16494759.0,1277.0,1282.5999755859375,1259.199951171875
2026-06-08 18:30:00,1269.0,1274.199951171875,1257.5,1269.199951171875,1269.199951171875,23620214.0,1269.0,1274.199951171875,1257.5
2026-06-09 18:30:00,1275.0,1300.5,1254.4000244140625,1258.800048828125,1258.800048828125,21012796.0,1275.0,1300.5,1254.4000244140625
2026-06-10 18:30:00,1258.0,1276.0,1253.199951171875,1263.0,1263.0,13117486.0,1258.0,1276.0,1253.199951171875
2026-06-11 18:30:00,1277.0,1297.0,1262.5,1293.0,1293.0,11988785.0,1277.0,1297.0,1262.5
2026-06-14 18:30:00,1315.300048828125,1325.0,1303.300048828125,1307.0,1307.0,18633321.0,1315.300048828125,1325.0,1303.300048828125
2026-06-15 18:30:00,1313.4000244140625,1333.4000244140625,1306.4000244140625,1328.800048828125,1328.800048828125,18513223.0,1313.4000244140625,1333.4000244140625,1306.4000244140625
2026-06-16 18:30:00,1333.0,1334.0,1317.0,1332.699951171875,1332.699951171875,10029170.0,1333.0,1334.0,1317.0
2026-06-17 18:30:00,1330.0,1333.9000244140625,1322.0,1328.0999755859375,1328.0999755859375,15494549.0,1330.0,1333.9000244140625,1322.0
2026-06-18 18:30:00,1328.0,1338.199951171875,1305.300048828125,1309.5,1309.5,24887034.0,1328.0,1338.199951171875,1305.300048828125
2026-06-21 18:30:00,1316.699951171875,1344.9000244140625,1314.0999755859375,1326.5,1326.5,12931213.0,1316.699951171875,1344.9000244140625,1314.0999755859375
2026-06-22 18:30:00,1328.9000244140625,1333.0,1304.0,1309.5,1309.5,15400184.0,1328.9000244140625,1333.0,1304.0
2026-06-23 18:30:00,1305.699951171875,1322.0,1297.5,1313.5999755859375,1313.5999755859375,11030917.0,1305.699951171875,1322.0,1297.5
2026-06-24 18:30:00,1318.0,1328.0,1314.5999755859375,1318.0999755859375,1318.0999755859375,12694362.0,1318.0,1328.0,1314.5999755859375
2026-06-25 18:30:00,1318.0999755859375,1318.0999755859375,1318.0999755859375,1318.0999755859375,1318.0999755859375,0.0,1318.0999755859375,1318.0999755859375,1318.0999755859375
2026-06-28 18:30:00,1308.0,1313.699951171875,1292.5999755859375,1301.0,1301.0,13757656.0,1308.0,1313.699951171875,1292.5999755859375
2026-06-29 18:30:00,1306.9000244140625,1306.9000244140625,1290.0,1293.9000244140625,1293.9000244140625,15695263.0,1306.9000244140625,1306.9000244140625,1290.0
2026-06-30 18:30:00,1298.9000244140625,1312.199951171875,1296.5,1308.0,1308.0,7001401.0,1298.9000244140625,1312.199951171875,1296.5
2026-07-01 18:30:00,1310.0,1313.199951171875,1299.0,1303.5,1303.5,17795024.0,1310.0,1313.199951171875,1299.0
2026-07-02 18:30:00,1312.0,1312.0,1302.0,1304.0,1304.0,7839550.0,1312.0,1312.0,1302.0
2026-07-05 18:30:00,1304.0,1325.5999755859375,1299.4000244140625,1321.300048828125,1321.300048828125,7610709.0,1304.0,1325.5999755859375,1299.4000244140625
2026-07-06 18:30:00,1323.5,1328.0,1304.0999755859375,1308.4000244140625,1308.4000244140625,14335554.0,1323.5,1328.0,1304.0999755859375
2026-07-07 18:30:00,1297.0,1302.300048828125,1271.5999755859375,1275.9000244140625,1275.9000244140625,19960868.0,1297.0,1302.300048828125,1271.5999755859375
2026-07-08 18:30:00,1277.0999755859375,1296.5,1274.199951171875,1279.800048828125,1279.800048828125,14651963.0,1277.0999755859375,1296.5,1274.199951171875
2026-07-09 18:30:00,1291.9000244140625,1311.0999755859375,1287.800048828125,1307.800048828125,1307.800048828125,8412537.0,1291.9000244140625,1311.0999755859375,1287.800048828125
2026-07-12 18:30:00,1300.0,1306.4000244140625,1295.0,1296.9000244140625,1296.9000244140625,9488352.0,1300.0,1306.4000244140625,1295.0
2026-07-13 18:30:00,1290.0,1308.0,1286.9000244140625,1293.0,1293.0,13511284.0,1290.0,1308.0,1286.9000244140625
2026-07-14 18:30:00,1294.0999755859375,1310.9000244140625,1294.0999755859375,1295.5,1295.5,9577965.0,1294.0999755859375,1310.9000244140625,1294.0999755859375
2026-07-15 18:30:00,1295.5,1309.4000244140625,1291.800048828125,1296.5999755859375,1296.5999755859375,15631046.0,1295.5,1309.4000244140625,1291.800048828125
2026-07-16 18:30:00,1300.0,1330.300048828125,1296.0999755859375,1327.199951171875,1327.199951171875,18302218.0,1300.0,1330.300048828125,1296.0999755859375
2026-07-19 18:30:00,1317.199951171875,1345.9000244140625,1314.9000244140625,1323.0999755859375,1323.0999755859375,14305844.0,1317.199951171875,1345.9000244140625,1314.9000244140625
2026-07-20 18:30:00,1321.0,1326.9000244140625,1302.699951171875,1303.699951171875,1303.699951171875,12753410.0,1321.0,1326.9000244140625,1302.699951171875
2026-07-21 18:30:00,1302.0,1304.5999755859375,1280.699951171875,1288.5999755859375,1288.5999755859375,10840383.0,1302.0,1304.5999755859375,1280.699951171875
2026-07-22 18:30:00,1283.0,1287.300048828125,1268.0,1272.199951171875,1272.199951171875,12580741.0,1283.0,1287.300048828125,1268.0
2026-07-23 18:30:00,1265.0,1283.4000244140625,1249.800048828125,1278.0,1278.0,9817000.0,1265.0,1283.4000244140625,1249.800048828125
2026-07-26 18:30:00,1288.199951171875,1288.699951171875,1278.0,1280.0,1280.0,7163132.0,1288.199951171875,1288.699951171875,1278.0
2026-07-27 18:30:00,1275.0,1279.199951171875,1265.9000244140625,1267.699951171875,1267.699951171875,9312184.0,1275.0,1279.199951171875,1265.9000244140625
2026-07-28 18:30:00,1275.0,1282.4000244140625,1268.699951171875,1275.9000244140625,1275.9000244140625,9448307.0,1275.0,1282.4000244140625,1268.699951171875
2026-07-29 18:30:00,1279.800048828125,1297.0,1275.300048828125,1292.9000244140625,1292.9000244140625,12158451.0,1279.800048828125,1297.0,1275.300048828125
2026-07-30 18:30:00,1295.0,1309.699951171875,1293.5999755859375,1307.800048828125,1307.800048828125,8624996.0,1295.0,1309.699951171875,1293.5999755859375
2026-08-02 18:30:00,1315.199951171875,1319.0,1306.0,1319.0,1319.0,7508023.0,1315.199951171875,1319.0,1306.0
2026-08-03 18:30:00,1315.0,1315.0,1286.4000244140625,1290.9000244140625,1290.9000244140625,10759546.0,1315.0,1315.0,1286.4000244140625
2026-08-04 18:30:00,1293.0,1299.0,1270.0999755859375,1280.0,1280.0,24820782.0,1293.0,1299.0,1270.0999755859375
2026-08-05 18:30:00,1285.0,1325.199951171875,1281.199951171875,1325.0,1325.0,20342297.0,1285.0,1325.199951171875,1281.199951171875
2026-08-06 18:30:00,1320.0,1337.0,1316.5999755859375,1334.800048828125,1334.800048828125,9885638.0,1320.0,1337.0,1316.5999755859375
2026-08-09 18:30:00,1330.0999755859375,1332.9000244140625,1321.300048828125,1327.300048828125,1327.300048828125,8207102.0,1330.0999755859375,1332.9000244140625,1321.300048828125
2026-08-10 18:30:00,1326.5999755859375,1328.699951171875,1314.0999755859375,1323.9000244140625,1323.9000244140625,9953124.0,1326.5999755859375,1328.699951171875,1314.0999755859375
2026-08-11 18:30:00,1323.9000244140625,1329.0,1309.199951171875,1329.0,1329.0,7901012.0,1323.9000244140625,1329.0,1309.199951171875
2026-08-12 18:30:00,1327.800048828125,1327.800048828125,1307.199951171875,1317.0,1317.0,9397301.0,1327.800048828125,1327.800048828125,1307.199951171875
2026-08-13 18:30:00,1317.0,1317.5,1301.5,1310.0,1310.0,10497358.0,1317.0,1317.5,1301.5
2026-08-16 18:30:00,1314.0,1320.800048828125,1298.0999755859375,1316.0,1316.0,13383867.0,1314.0,1320.800048828125,1298.0999755859375
2026-08-17 18:30:00,1314.0,1328.5999755859375,1311.199951171875,1322.0,1322.0,10180567.0,1314.0,1328.5999755859375,1311.199951171875
2026-08-18 18:30:00,1320.300048828125,1321.5999755859375,1303.5,1311.0,1311.0,7489365.0,1320.300048828125,1321.5999755859375,1303.5
2026-08-19 18:30:00,1315.5,1316.5,1307.0,1313.199951171875,1313.199951171875,5546227.0,1315.5,1316.5,1307.0
2026-08-20 18:30:00,1314.0,1316.0,1308.0,1316.0,1316.0,5434871.0,1314.0,1316.0,1308.0
2026-08-23 18:30:00,1316.5999755859375,1320.0,1302.4000244140625,1309.800048828125,1309.800048828125,7277167.0,1316.5999755859375,1320.0,1302.4000244140625
2026-08-24 18:30:00,1304.300048828125,1317.0999755859375,1300.0,1317.0,1317.0,7115355.0,1304.300048828125,1317.0999755859375,1300.0
2026-08-25 18:30:00,1310.0,1315.5999755859375,1298.0,1298.0,1298.0,5744474.0,1310.0,1315.5999755859375,1298.0
2026-08-26 18:30:00,1305.0,1308.4000244140625,1282.199951171875,1282.199951171875,1282.199951171875,11271497.0,1305.0,1308.4000244140625,1282.199951171875
2026-08-27 18:30:00,1284.9000244140625,1291.800048828125,1280.0,1287.0,1287.0,6830228.0,1284.9000244140625,1291.800048828125,1280.0
2026-08-30 18:30:00,1278.699951171875,1297.5999755859375,1271.0,1277.0,1277.0,34871137.0,1278.699951171875,1297.5999755859375,1271.0
2026-08-31 18:30:00,1285.0,1311.800048828125,1280.0,1309.0,1309.0,12617528.0,1285.0,1311.800048828125,1280.0
2026-09-01 18:30:00,1298.0,1321.9000244140625,1293.0999755859375,1313.0999755859375,1313.0999755859375,13497841.0,1298.0,1321.9000244140625,1293.0999755859375
2026-09-02 18:30:00,1313.0999755859375,1316.800048828125,1302.5,1302.5,1302.5,9721454.0,1313.0999755859375,1316.800048828125,1302.5
2026-09-03 18:30:00,1304.0999755859375,1333.0,1304.0999755859375,1322.0,1322.0,13031534.0,1304.0999755859375,1333.0,1304.0999755859375
2026-09-06 18:30:00,1323.0999755859375,1324.199951171875,1301.9000244140625,1309.5,1309.5,10210522.0,1323.0999755859375,1324.199951171875,1301.9000244140625
2026-09-07 18:30:00,1304.0999755859375,1306.800048828125,1288.0,1294.9000244140625,1294.9000244140625,9799528.0,1304.0999755859375,1306.800048828125,1288.0
2026-09-08 18:30:00,1283.5,1294.699951171875,1277.199951171875,1279.0,1279.0,12152819.0,1283.5,1294.699951171875,1277.199951171875
2026-09-09 18:30:00,1278.5,1285.300048828125,1266.300048828125,1274.0,1274.0,9296079.0,1278.5,1285.300048828125,1266.300048828125
2026-09-10 18:30:00,1267.0,1267.4000244140625,1253.0,1257.5,1257.5,8777736.0,1267.0,1267.4000244140625,1253.0
