timestamp,open,high,low,close,adjusted_close,volume,adj_open,adj_high,adj_low
2020-12-31 18:30:00,2880.0,2940.0,2879.0,2928.25,2521.07373046875,2681440.0,2479.5329441646036,2531.189880501366,2478.671995225657
2021-01-03 18:30:00,2950.0,3050.75,2940.949951171875,3039.449951171875,2616.811279296875,5113293.0,2539.79943672027,2626.5400446014796,2532.007806579266
2021-01-04 18:30:00,3039.60009765625,3114.25,3039.60009765625,3093.0,2662.915771484375,5801309.0,2616.9411700789765,2681.210941269064,2616.9411700789765
2021-01-05 18:30:00,3100.0,3113.5,3037.199951171875,3051.5,2627.186279296875,3726716.0,2668.942312246538,2680.5651255418056,2614.8746646566897
2021-01-06 18:30:00,3075.0,3080.85009765625,3000.25,3032.800048828125,2611.086181640625,3717827.0,2647.418187574669,2652.4548233256423,2583.062249518992
2021-01-07 18:30:00,3090.0,3128.0,3060.0,3120.89990234375,2686.93603515625,5879039.0,2660.3327913201115,2693.0488580094852,2634.5043176179747
2021-01-10 18:30:00,3230.0,3230.0,3146.550048828125,3176.449951171875,2734.76123046875,9508039.0,2780.8650884473204,2780.8650884473204,2709.0189411264223
2021-01-11 18:30:00,3176.449951171875,3210.0,3150.0,3174.85009765625,2733.384765625,3611458.0,2734.7621582868046,2763.6470471892667,2711.9900930361964
2021-01-12 18:30:00,3175.0,3177.0,3126.25,3158.949951171875,2719.695556640625,3572801.0,2733.5138339658242,2735.2357324439126,2691.542558562412
2021-01-13 18:30:00,3155.0,3266.5,3120.39990234375,3250.699951171875,2804.01318359375,6931542.0,2721.4636008005186,2817.642108404087,2691.617988643426
2021-01-14 18:30:00,3235.0,3274.0,3210.0,3233.35009765625,2789.04736328125,4131692.0,2790.4705484120045,2824.1114607421646,2768.905861020876
2021-01-17 18:30:00,3250.0,3256.75,3187.39990234375,3221.75,2779.040771484375,4160906.0,2803.4088639168835,2809.231328480403,2749.4108120240853
2021-01-18 18:30:00,3233.0,3279.0,3232.0,3260.699951171875,2812.63916015625,2975735.0,2788.7455273267615,2828.4245543162547,2787.8829397835116
2021-01-19 18:30:00,3270.0,3327.949951171875,3267.10009765625,3308.800048828125,2854.129150390625,3453446.0,2820.6607181001477,2870.6476143956615,2818.1592989480555
2021-01-20 18:30:00,3305.0,3309.14990234375,3262.10009765625,3273.85009765625,2823.9814453125,2778546.0,2850.85095479463,2854.4306077625524,2813.8460447924285
2021-01-21 18:30:00,3241.89990234375,3325.0,3241.89990234375,3303.10009765625,2849.212646484375,3052459.0,2796.422126882678,2868.1032271116046,2796.422126882678
2021-01-24 18:30:00,3308.949951171875,3339.800048828125,3278.64990234375,3291.300048828125,2839.0341796875,2272887.0,2854.2587642828466,2880.8696719465147,2828.1223218457994
2021-01-26 18:30:00,3300.0,3306.449951171875,3227.0,3261.050048828125,2812.94091796875,2786662.0,2846.5386578880207,2852.1023049644546,2783.5697724256493
2021-01-27 18:30:00,3230.0,3275.0,3183.800048828125,3196.550048828125,2757.303955078125,3083938.0,2786.1574631585613,2824.973898403804,2746.3059650919727
2021-01-28 18:30:00,3210.050048828125,3216.85009765625,3100.0,3111.35009765625,2683.8115234375,5445659.0,2768.948861893027,2774.814498620506,2674.0210717281498
2021-01-31 18:30:00,3100.0,3165.0,3044.10009765625,3139.35009765625,2707.9638671875,3985846.0,2674.020968399952,2730.089149995435,2625.8024164648887
2021-02-01 18:30:00,3174.0,3224.0,3150.0,3203.449951171875,2763.255859375,2881837.0,2737.852699851867,2780.9820744557087,2717.150600042023
2021-02-02 18:30:00,3213.0,3236.0,3162.64990234375,3200.050048828125,2760.322509765625,2505866.0,2771.4929730942167,2791.3324808381217,2728.0616186438883
2021-02-03 18:30:00,3216.050048828125,3237.85009765625,3176.0,3188.449951171875,2750.316650390625,2057261.0,2774.124145975899,2792.928592710051,2739.5774797814165
2021-02-04 18:30:00,3198.949951171875,3205.85009765625,3129.0,3157.949951171875,2724.00830078125,2366135.0,2759.374390193334,2765.3263706207213,2699.0364334246647
2021-02-07 18:30:00,3189.5,3226.0,3155.14990234375,3214.10009765625,2772.4423828125,2526592.0,2751.2226474927297,2782.707089139848,2721.5926846096877
2021-02-08 18:30:00,3195.0,3245.800048828125,3164.0,3176.89990234375,2740.3544921875,2658751.0,2755.967412155405,2799.7869048334064,2729.227196262817
2021-02-09 18:30:00,3185.0,3219.39990234375,3157.300048828125,3213.300048828125,2771.752197265625,2127983.0,2747.3409311746523,2777.013854169125,2723.4473017724445
2021-02-10 18:30:00,3215.0,3219.300048828125,3185.050048828125,3206.0,2765.45556640625,1165882.0,2773.218854022487,2776.9280224465538,2747.384400129207
2021-02-11 18:30:00,3184.199951171875,3245.5,3182.0,3190.800048828125,2752.3447265625,2777404.0,2746.6515638130354,2799.5282290845175,2744.7539130941104
2021-02-14 18:30:00,3209.0,3209.0,3131.550048828125,3139.85009765625,2708.39599609375,2630853.0,2768.0438495941085,2768.0438495941085,2701.2364762713687
2021-02-15 18:30:00,3150.0,3167.64990234375,3100.0,3108.800048828125,2681.6123046875,3435770.0,2717.15087078366,2732.3754572987605,2674.021491882332
2021-02-16 18:30:00,3105.10009765625,3132.85009765625,3045.550048828125,3073.10009765625,2650.817626953125,3678426.0,2678.4204258750324,2702.357228065124,2627.0533001377667
2021-02-17 18:30:00,3065.0,3097.89990234375,3031.0,3057.35009765625,2637.231689453125,4189909.0,2643.8303988706775,2672.209440285452,2614.5024270724384
2021-02-18 18:30:00,3058.0,3087.14990234375,3016.14990234375,3071.85009765625,2649.73876953125,3725028.0,2637.7918516951354,2662.936186188286,2601.6924904818256
2021-02-21 18:30:00,3096.0,3096.0,2943.14990234375,2958.449951171875,2551.921875,5366696.0,2670.570824384041,2670.570824384041,2538.7242445051543
2021-02-22 18:30:00,2970.0,3028.0,2968.0,2980.199951171875,2570.683349609375,3832829.0,2561.8849988027264,2611.9150762204226,2560.1598237193575
2021-02-23 18:30:00,2972.0,3003.35009765625,2921.14990234375,2948.10009765625,2542.994140625,3774549.0,2563.6098964027583,2590.6520971446007,2519.7472404187038
2021-02-24 18:30:00,2974.0,3029.89990234375,2968.449951171875,2995.300048828125,2583.708251953125,4224073.0,2565.335097001332,2613.553651608383,2560.5476944966717
2021-02-25 18:30:00,2960.0,2972.35009765625,2880.0,2894.300048828125,2496.587158203125,5553153.0,2553.2591174413137,2563.9121577933784,2484.2521142672244
2021-02-28 18:30:00,2926.0,2965.0,2901.800048828125,2924.199951171875,2522.37841796875,3265871.0,2523.9311176442743,2557.572031379109,2503.0565414965754
2021-03-01 18:30:00,2960.0,3025.0,2948.0,3006.35009765625,2593.240234375,3306469.0,2553.2592161286207,2609.3274083746887,2542.9081652524237
2021-03-02 18:30:00,3035.0,3064.0,2996.89990234375,3059.10009765625,2638.740966796875,3509857.0,2617.952528053705,2642.9675604469694,2585.0878667758557
2021-03-03 18:30:00,3023.0,3081.449951171875,3016.050048828125,3049.699951171875,2630.6328125,3916760.0,2607.6017705058875,2658.0199630833813,2601.606830055768
2021-03-04 18:30:00,3016.10009765625,3063.199951171875,2996.60009765625,3008.050048828125,2594.705810546875,3203686.0,2601.6496805392176,2642.27741665036,2584.829227925613
2021-03-07 18:30:00,3016.0,3033.0,2996.0,3006.949951171875,2593.757568359375,2003125.0,2601.5640277362004,2616.2280159561988,2584.3122768891435
2021-03-08 18:30:00,3006.949951171875,3066.89990234375,2992.10009765625,3050.949951171875,2631.71142578125,1942397.0,2593.7575738375635,2645.469654992304,2580.9482751621667
2021-03-09 18:30:00,3075.0,3093.199951171875,3060.0,3070.949951171875,2648.962890625,3053778.0,2652.456411920203,2668.155461410439,2639.517600154739
2021-03-11 18:30:00,3075.0,3117.0,3041.35009765625,3057.949951171875,2637.749267578125,2938317.0,2652.456425813767,2688.685098946833,2623.430442171593
2021-03-14 18:30:00,3041.0,3099.0,3041.0,3066.14990234375,2644.82275390625,3097083.0,2623.128761082734,2673.1588393934207,2623.128761082734
2021-03-15 18:30:00,3060.0,3141.0,3060.0,3110.050048828125,2682.690185546875,4894756.0,2639.5176408388097,2709.387225449249,2639.5176408388097
2021-03-16 18:30:00,3105.0,3155.0,3085.300048828125,3112.949951171875,2685.191650390625,3838390.0,2678.334122051727,2721.46349599781,2661.3411908354997
2021-03-17 18:30:00,3125.949951171875,3146.449951171875,2987.050048828125,3036.5,2619.246826171875,3656306.0,2696.4052324647,2714.0882754209074,2576.591918330186
2021-03-18 18:30:00,3030.0,3099.0,3005.0,3050.199951171875,2631.064697265625,5776626.0,2613.6404695869146,2673.1590149339436,2592.075779243788
2021-03-21 18:30:00,3048.699951171875,3139.449951171875,3018.64990234375,3129.64990234375,2699.596435546875,2821646.0,2629.770031169302,2708.0498337575755,2603.8492389926228
2021-03-22 18:30:00,3140.0,3169.0,3122.85009765625,3142.60009765625,2710.767578125,3305973.0,2708.5247663743808,2733.539804025609,2693.7314748970084
2021-03-23 18:30:00,3111.199951171875,3152.300048828125,3111.14990234375,3121.10009765625,2692.2216796875,2207104.0,2683.6819378774467,2719.134365061862,2683.638766387938
2021-03-24 18:30:00,3112.199951171875,3130.85009765625,3050.0,3064.85009765625,2643.701416015625,3179786.0,2684.5448082856474,2700.632191713419,2630.8919072465596
2021-03-25 18:30:00,3090.64990234375,3118.0,3043.050048828125,3066.800048828125,2645.383544921875,3697370.0,2665.956131668487,2689.5479854378573,2624.8970905748097
2021-03-29 18:30:00,3083.0,3188.449951171875,3060.89990234375,3158.550048828125,2724.525634765625,4694008.0,2659.357110741005,2750.3169153067583,2640.2938438418096
2021-03-30 18:30:00,3155.0,3205.0,3132.0,3177.85009765625,2741.173583984375,3530069.0,2721.4633767178425,2764.5927487735926,2701.6238655721972
2021-03-31 18:30:00,3191.10009765625,3215.0,3145.0,3165.0,2730.089111328125,4285076.0,2752.602726625417,2773.218481175331,2712.837363389243
2021-04-04 18:30:00,3171.0,3263.0,3151.0,3238.89990234375,2793.833984375,5317862.0,2735.264389628821,2814.62242300815,2718.01264324201
2021-04-05 18:30:00,3275.0,3275.0,3230.0,3264.699951171875,2816.0888671875,2291562.0,2824.973558972409,2824.973558972409,2786.157128391109
2021-04-06 18:30:00,3259.0,3277.550048828125,3234.800048828125,3271.39990234375,2821.868408203125,2491268.0,2811.1724084069633,2827.1734472042103,2790.297834912281
2021-04-07 18:30:00,3270.0,3335.0,3266.050048828125,3317.35009765625,2861.50439453125,2578118.0,2820.6607969198403,2876.728977898369,2817.2536188096706
2021-04-08 18:30:00,3354.0,3354.35009765625,3308.0,3322.25,2865.730712890625,2911129.0,2893.1178601956976,2893.4198499935837,2853.4388436277186
2021-04-11 18:30:00,3322.25,3338.10009765625,3213.199951171875,3246.550048828125,2800.43359375,3791828.0,2865.7314277949345,2879.403524412328,2771.666215324672
2021-04-12 18:30:00,3214.0,3214.0,3073.050048828125,3104.050048828125,2677.5146484375,8654596.0,2772.3560975851465,2772.3560975851465,2650.7744371664544
2021-04-14 18:30:00,3160.300048828125,3237.25,3087.449951171875,3218.949951171875,2776.6259765625,6062760.0,2726.0353041877324,2792.411369848915,2663.1957209025627
2021-04-15 18:30:00,3229.0,3247.0,3182.60009765625,3195.14990234375,2756.09619140625,3224657.0,2785.2948606645173,2800.8214346787513,2745.2708874426585
2021-04-18 18:30:00,3169.0,3189.0,3135.10009765625,3161.800048828125,2727.3291015625,2679106.0,2733.53968922068,2750.7914386004254,2704.2980582590685
2021-04-19 18:30:00,3225.0,3225.35009765625,3126.35009765625,3144.550048828125,2712.44921875,3141893.0,2781.844332141803,2782.146321965287,2696.750170373957
2021-04-21 18:30:00,3148.0,3148.0,3105.25,3118.800048828125,2690.23779296875,1988980.0,2715.425304500609,2715.425304500609,2678.549690851498
2021-04-22 18:30:00,3105.0,3119.0,3091.050048828125,3109.5,2682.21533203125,1615309.0,2678.333689003708,2690.40991175606,2666.3006377368515
2021-04-25 18:30:00,3102.050048828125,3153.0,3088.050048828125,3100.800048828125,2674.711181640625,2490260.0,2675.78941594287,2719.7382039838667,2663.7131917577217
2021-04-26 18:30:00,3106.0,3136.10009765625,3103.0,3132.0,2701.6240234375,1471417.0,2679.196748658006,2705.160716389788,2676.6089861834494
2021-04-27 18:30:00,3149.949951171875,3151.0,3112.0,3124.10009765625,2694.808837890625,1639037.0,2717.1065913346793,2718.012350040801,2684.3714482154783
2021-04-28 18:30:00,3145.60009765625,3157.35009765625,3105.5,3115.25,2687.17578125,1621395.0,2713.3553968122974,2723.4908002083935,2678.765552900048
2021-04-29 18:30:00,3099.0,3132.050048828125,3020.0,3035.64990234375,2618.513427734375,3072305.0,2673.1584252464727,2701.6669817097545,2605.014018794562
2021-05-02 18:30:00,3024.89990234375,3055.0,3004.0,3037.0,2619.67822265625,1545831.0,2609.2408297283305,2635.2047975682726,2591.212835317542
2021-05-03 18:30:00,3062.800048828125,3090.0,3035.0,3049.75,2630.67626953125,1990777.0,2641.93307870196,2665.3954169527215,2617.95310370599
2021-05-04 18:30:00,3070.0,3099.39990234375,3052.39990234375,3095.699951171875,2670.311767578125,1939289.0,2648.14331355387,2673.503298834241,2632.961691102309
2021-05-05 18:30:00,3105.5,3134.0,3074.0,3111.449951171875,2683.8974609375,1791671.0,2678.7651081458753,2703.3488484717996,2651.5936056803803
2021-05-06 18:30:00,3133.0,3159.85009765625,3111.800048828125,3132.89990234375,2702.400146484375,1912540.0,2702.486489466706,2725.6470468101074,2684.1996775869275
2021-05-09 18:30:00,3145.949951171875,3164.199951171875,3125.0,3145.5,2713.2685546875,2137153.0,2713.6566768829516,2729.3988962830617,2695.585513717513
2021-05-10 18:30:00,3125.0,3128.10009765625,3091.14990234375,3122.60009765625,2693.515625,2415625.0,2695.585750619421,2698.25985592109,2666.387081531657
2021-05-11 18:30:00,3120.0,3120.0,3070.60009765625,3087.60009765625,2663.3251953125,1978558.0,2691.272945509579,2691.272945509579,2648.661208109403
2021-05-13 18:30:00,3098.5,3098.5,3040.0,3051.5,2632.185546875,2043935.0,2672.7271561501516,2672.7271561501516,2622.2657914140586
2021-05-16 18:30:00,3055.0,3075.199951171875,3036.0,3069.75,2647.927734375,2890462.0,2635.204569921207,2652.628793698723,2618.8154089298805
2021-05-17 18:30:00,3100.0,3124.0,3078.0,3088.800048828125,2664.360107421875,2098538.0,2674.021044561117,2694.7231429706226,2655.0441210190706
2021-05-18 18:30:00,3084.0,3118.0,3067.10009765625,3082.0,2658.494140625,1986041.0,2660.2193152782284,2689.5472843831117,2645.641673695492
2021-05-19 18:30:00,3067.10009765625,3088.800048828125,3052.10009765625,3060.0,2639.517822265625,2329027.0,2645.6422779203626,2664.3603850643035,2632.7034650661194
2021-05-20 18:30:00,3061.0,3088.199951171875,3055.10009765625,3080.5,2657.200439453125,1685566.0,2640.3799854458744,2663.8423201990017,2635.290804111499
2021-05-23 18:30:00,3081.5,3105.0,3072.0,3081.5,2658.063232421875,1652260.0,2658.063232421875,2678.3340375368884,2649.8686516306993
2021-05-24 18:30:00,3092.0,3128.25,3082.10009765625,3114.0,2699.235595703125,1841613.0,2680.165851610168,2711.587589036063,2671.5845514174143
2021-05-25 18:30:00,3120.0,3165.0,3103.800048828125,3158.5,2737.809326171875,1923753.0,2704.4372637822544,2743.4435704714215,2690.3950356987057
2021-05-26 18:30:00,3161.949951171875,3217.75,3161.800048828125,3180.0,2756.445556640625,5959785.0,2740.799651958414,2789.1675125409974,2740.669715590691
2021-05-27 18:30:00,3189.5,3198.0,3135.64990234375,3143.60009765625,2724.8935546875,1763701.0,2764.6798965159405,2772.0477532710383,2718.0022723066113
2021-05-30 18:30:00,3150.0,3170.35009765625,3128.60009765625,3159.14990234375,2738.373046875,1652799.0,2730.4418480607005,2748.081453855223,2711.89226428172
2021-05-31 18:30:00,3168.60009765625,3169.949951171875,3132.0,3153.0,2733.0419921875,1377441.0,2746.5642636676007,2747.734325938931,2714.839048376546
2021-06-01 18:30:00,3150.85009765625,3159.449951171875,3115.0,3129.449951171875,2712.62841796875,2240078.0,2731.1782099155653,2738.6326212021613,2700.1031024025397
2021-06-02 18:30:00,3154.550048828125,3154.550048828125,3122.64990234375,3141.25,2722.85693359375,1281706.0,2734.3855066677797,2734.3855066677797,2706.7342420318428
2021-06-03 18:30:00,3128.0,3156.85009765625,3125.0,3143.75,2725.02392578125,1836060.0,2711.3717184393636,2736.379179711541,2708.7712979932903
2021-06-06 18:30:00,3145.0,3190.449951171875,3133.60009765625,3183.199951171875,2759.218994140625,2559821.0,2726.1070211368938,2765.5033425995257,2716.2255095885403
2021-06-07 18:30:00,3198.0,3231.0,3187.199951171875,3200.14990234375,2773.91162109375,2574057.0,2772.0480711734235,2800.6526947971643,2762.6865156629224
2021-06-08 18:30:00,3202.0,3220.0,3186.199951171875,3200.25,2773.9990234375,1710925.0,2775.515935644676,2791.118461204203,2761.8203431067545
2021-06-09 18:30:00,3210.0,3224.0,3193.0,3216.800048828125,2788.344482421875,1874324.0,2782.4501531684887,2794.585449786669,2767.7144358464125
2021-06-10 18:30:00,3211.550048828125,3309.0,3211.0,3273.800048828125,2837.751953125,3452954.0,2783.7932334575407,2868.263508106389,2783.3164474250875
2021-06-13 18:30:00,3279.0,3308.699951171875,3270.35009765625,3276.35009765625,2839.96240234375,1847360.0,2842.2593556002153,2868.003473953107,2834.7615618028526
2021-06-14 18:30:00,3298.0,3298.0,3251.550048828125,3262.75,2828.173828125,1304985.0,2858.7287671921695,2858.7287671921695,2818.46563449062
2021-06-15 18:30:00,3262.10009765625,3294.699951171875,3253.0,3274.35009765625,2838.228759765625,1635552.0,2827.6103771033627,2855.8681501125543,2819.722351048015
2021-06-16 18:30:00,3265.5,3336.050048828125,3260.0,3317.75,2875.848388671875,2273413.0,2830.557731356494,2891.7109961422934,2825.7902937443487
2021-06-17 18:30:00,3350.89990234375,3358.0,3275.0,3297.300048828125,2858.1220703125,3380431.0,2904.5827872718105,2910.737200128449,2838.792236575542
2021-06-20 18:30:00,3265.0,3286.0,3251.699951171875,3273.10009765625,2837.145263671875,1130569.0,2830.124044333925,2848.3269861198405,2818.5954722116307
2021-06-21 18:30:00,3304.0,3327.050048828125,3285.0,3301.199951171875,2861.502685546875,1708688.0,2863.929787012964,2883.9097269133786,2847.460457123967
2021-06-22 18:30:00,3329.0,3329.0,3256.39990234375,3261.39990234375,2827.00341796875,1467104.0,2885.5996382580515,2885.5996382580515,2822.6693842675513
2021-06-23 18:30:00,3284.0,3383.0,3278.5,3373.60009765625,2924.259521484375,4155204.0,2846.593547120891,2932.4074208008446,2841.8261096942265
2021-06-24 18:30:00,3375.25,3399.64990234375,3350.0,3380.800048828125,2930.50048828125,2722861.0,2925.689668189585,2946.839669579688,2903.8027963662275
2021-06-27 18:30:00,3391.5,3391.5,3333.0,3336.75,2892.3173828125,1355238.0,2939.7750517145705,2939.7750517145705,2889.0668575452346
2021-06-28 18:30:00,3342.0,3366.300048828125,3326.5,3340.85009765625,2895.871337890625,1497322.0,2896.8680809773546,2917.9315267632273,2883.4325767119
2021-06-29 18:30:00,3346.0,3382.0,3338.5,3345.75,2900.119140625,1693146.0,2900.335842346634,2931.5408902618997,2893.83479069762
2021-06-30 18:30:00,3358.0,3362.0,3332.35009765625,3341.5,2896.434814453125,990310.0,2910.7371261210815,2914.2043531921013,2888.503617177266
2021-07-01 18:30:00,3331.0,3339.699951171875,3295.199951171875,3325.449951171875,2882.523193359375,1682274.0,2887.3340143629234,2894.875192670294,2856.3022825414587
2021-07-04 18:30:00,3342.0,3374.0,3302.0,3321.0,2878.665283203125,1972858.0,2896.8682253733346,2924.6060420136537,2862.1959545729355
2021-07-05 18:30:00,3313.0,3328.0,3256.10009765625,3262.300048828125,2827.7841796875,2159420.0,2871.73124699857,2884.733350441063,2822.4100192558253
2021-07-06 18:30:00,3275.0,3282.699951171875,3241.60009765625,3274.949951171875,2838.7490234375,2640710.0,2838.792406104131,2845.4667764595783,2809.841142245182
2021-07-07 18:30:00,3298.0,3298.0,3231.89990234375,3258.5,2824.489501953125,2485811.0,2858.7283650272843,2858.7283650272843,2801.432360145236
2021-07-08 18:30:00,3250.0,3282.0,3201.0,3208.14990234375,2780.84619140625,6365067.0,2817.122141165437,2844.8599591707584,2774.648607344789
2021-07-11 18:30:00,3235.0,3236.0,3188.35009765625,3193.10009765625,2767.80078125,1892226.0,2804.1199002548983,2804.9867070246833,2763.6834490935203
2021-07-12 18:30:00,3214.0,3214.0,3175.0,3187.550048828125,2762.990478515625,1809339.0,2785.9174795432514,2785.9174795432514,2752.1120091940957
2021-07-13 18:30:00,3187.0,3222.0,3185.0,3214.550048828125,2786.39404296875,2044279.0,2762.5134715755094,2792.8517117716633,2760.7798578500147
2021-07-14 18:30:00,3227.60009765625,3231.85009765625,3194.0,3202.949951171875,2782.39794921875,2232968.0,2803.8114955031597,2807.503464302064,2774.623139694448
2021-07-15 18:30:00,3213.0,3219.85009765625,3192.0,3194.800048828125,2775.31787109375,1256526.0,2791.1281405842824,2797.0788098448206,2772.8854729987643
2021-07-18 18:30:00,3180.0,3199.800048828125,3176.0,3184.60009765625,2766.457275390625,1597058.0,2762.461177532685,2779.66144992292,2758.9863835986816
2021-07-19 18:30:00,3184.60009765625,3215.0,3156.14990234375,3205.800048828125,2784.87353515625,1811945.0,2766.4571704217306,2792.8655184842964,2741.7425298362173
2021-07-21 18:30:00,3190.0,3224.949951171875,3190.0,3216.35009765625,2794.038330078125,2859334.0,2771.148041204873,2801.5090094588377,2771.148041204873
2021-07-22 18:30:00,3230.0,3241.550048828125,3206.64990234375,3212.85009765625,2790.997802734375,1776193.0,2805.8958957992936,2815.9294049643454,2785.611702864252
2021-07-25 18:30:00,3200.0,3224.25,3190.85009765625,3197.550048828125,2777.70703125,1259611.0,2779.8353002348217,2800.901239619414,2771.886793507054
2021-07-26 18:30:00,3200.0,3210.0,3161.14990234375,3182.949951171875,2765.023681640625,1121367.0,2779.835032590563,2788.5220170674083,2746.0860130641854
2021-07-27 18:30:00,3188.0,3204.449951171875,3132.39990234375,3197.800048828125,2777.92431640625,1660654.0,2769.411028043648,2783.7010770355455,2721.1113029465578
2021-07-28 18:30:00,3200.25,3225.449951171875,3190.300048828125,3195.800048828125,2776.1865234375,1731997.0,2780.052189087591,2801.943347409682,2771.4086820063676
2021-07-29 18:30:00,3219.0,3223.5,3162.35009765625,3167.449951171875,2751.558837890625,2999943.0,2796.340284995809,2800.2494279850853,2747.12860308686
2021-08-01 18:30:00,3180.0,3224.89990234375,3167.0,3219.39990234375,2796.6875,2608669.0,2762.460868413856,2801.465341124615,2751.1677893920387
2021-08-02 18:30:00,3229.0,3290.0,3218.949951171875,3284.89990234375,2853.58740234375,3804735.0,2805.027244694332,2858.017849193048,2796.296783011644
2021-08-03 18:30:00,3300.0,3305.199951171875,3261.199951171875,3273.949951171875,2844.075439453125,2929598.0,2866.7050780162026,2871.22226784343,2832.9995334698806
2021-08-04 18:30:00,3275.0,3315.0,3262.5,3283.949951171875,2852.76220703125,2534521.0,2844.9873983899706,2879.73533608023,2834.128667861765
2021-08-05 18:30:00,3272.550048828125,3324.0,3265.0,3309.800048828125,2875.21826171875,2292362.0,2842.859243449068,2887.553737675778,2836.30052753051
2021-08-08 18:30:00,3323.89990234375,3337.0,3310.0,3322.699951171875,2886.424072265625,1510489.0,2887.466467907405,2898.846501548629,2875.3916452280378
2021-08-09 18:30:00,3315.60009765625,3349.89990234375,3315.60009765625,3333.89990234375,2896.154052734375,2040777.0,2880.2570387080414,2910.053229734612,2880.2570387080414
2021-08-10 18:30:00,3350.0,3360.0,3327.10009765625,3344.199951171875,2905.10205078125,1929707.0,2910.140545485884,2918.8275321888273,2890.2474307699995
2021-08-11 18:30:00,3326.0,3368.0,3326.0,3351.75,2911.66015625,1310205.0,2889.2911701909447,2925.776506675617,2889.2911701909447
2021-08-12 18:30:00,3360.75,3480.0,3357.5,3463.39990234375,3008.650390625,4363584.0,2919.4785717498116,3023.0708709928867,2916.6553015398326
2021-08-15 18:30:00,3460.0,3494.35009765625,3436.5,3472.949951171875,3016.94677734375,2083489.0,3005.6971728276917,3035.537054738601,2985.2827556133993
2021-08-16 18:30:00,3482.10009765625,3560.800048828125,3463.0,3553.050048828125,3086.529541015625,4336019.0,3024.8954190032327,3093.2619550301024,3008.303191243384
2021-08-17 18:30:00,3573.85009765625,3595.0,3536.60009765625,3560.550048828125,3093.044677734375,2631309.0,3104.598410915286,3122.9713004918467,3072.239389790579
2021-08-19 18:30:00,3506.0,3575.0,3500.0,3559.5,3092.13232421875,2836148.0,3045.656954266312,3105.5971510274003,3040.4447632436086
2021-08-22 18:30:00,3580.0,3673.0,3561.89990234375,3637.39990234375,3159.8037109375,3744176.0,3109.940503893269,3190.729461117312,3094.2169768470135
2021-08-23 18:30:00,3657.0,3667.35009765625,3594.39990234375,3613.199951171875,3138.781005859375,2511141.0,3176.8300380677483,3185.821151311202,3122.4494335776335
2021-08-24 18:30:00,3610.0,3697.75,3607.050048828125,3659.0,3178.568115234375,2123263.0,3136.0018846668745,3212.2301853260205,3133.4392662639175
2021-08-25 18:30:00,3660.0,3687.60009765625,3647.89990234375,3671.85009765625,3189.73046875,1902533.0,3179.436307347297,3203.412469252929,3168.9249713334366
2021-08-26 18:30:00,3666.0,3729.5,3651.10009765625,3720.14990234375,3231.689208984375,3944728.0,3184.6492617603117,3239.8116262234266,3171.705736665024
2021-08-29 18:30:00,3715.0,3740.35009765625,3687.60009765625,3701.300048828125,3215.313720703125,2033114.0,3227.214847440969,3249.2364387035072,3203.412593965281
2021-08-30 18:30:00,3709.39990234375,3804.10009765625,3703.449951171875,3786.449951171875,3289.283447265625,3207480.0,3222.3501843175904,3304.616103294764,3217.181470574093
2021-08-31 18:30:00,3796.0,3816.699951171875,3707.0,3714.949951171875,3227.1708984375,2643336.0,3297.578942242385,3315.5609557012417,3220.264788960095
2021-09-01 18:30:00,3734.0,3859.14990234375,3722.0,3836.75,3332.979248046875,3403717.0,3243.720469722299,3352.438011237074,3233.296086852276
2021-09-02 18:30:00,3825.0,3856.89990234375,3804.550048828125,3842.050048828125,3337.5830078125,1746812.0,3322.7716564433317,3350.4830528749976,3305.006815102271
2021-09-05 18:30:00,3849.699951171875,3877.60009765625,3814.0,3852.0,3346.226806640625,1723693.0,3344.2287575634564,3368.4655743015705,3313.216261819144
2021-09-06 18:30:00,3864.0,3869.949951171875,3808.25,3815.89990234375,3314.866455078125,1585039.0,3356.6509369270207,3361.8196504818197,3308.220996519753
2021-09-07 18:30:00,3810.0,3815.0,3756.0,3774.14990234375,3278.5986328125,4147175.0,3309.7415614728015,3314.085054335627,3262.8318385542893
2021-09-08 18:30:00,3789.699951171875,3808.699951171875,3765.0,3791.39990234375,3293.583740234375,1441148.0,3292.1069950523597,3308.612268216968,3270.6501823552917
2021-09-12 18:30:00,3767.0,3852.39990234375,3767.0,3845.35009765625,3340.4501953125,1691473.0,3272.3875762084303,3346.5743506812473,3272.3875762084303
2021-09-13 18:30:00,3849.949951171875,3896.5,3825.0,3885.89990234375,3375.67529296875,1991188.0,3344.445625451803,3384.8835815661164,3322.771641085691
2021-09-14 18:30:00,3882.10009765625,3980.0,3866.0,3954.550048828125,3435.311767578125,2461369.0,3372.3746023512094,3457.4201024494814,3358.388471374295
2021-09-15 18:30:00,3930.0,3981.75,3892.10009765625,3903.300048828125,3390.791015625,2946666.0,3413.985223966324,3458.9403729078654,3381.0616345028816
2021-09-16 18:30:00,3920.0,3945.0,3805.0,3827.85009765625,3325.247802734375,6477148.0,3405.2982886398604,3427.0157522153695,3305.3979561925175
2021-09-19 18:30:00,3809.0,3871.0,3807.85009765625,3823.5,3321.468994140625,2002008.0,3308.8728648310816,3362.7321763615428,3307.8739463058937
2021-09-20 18:30:00,3858.0,3871.550048828125,3821.64990234375,3862.949951171875,3355.73876953125,1568129.0,3351.438754448293,3363.2096613345666,3319.8614796911293
2021-09-21 18:30:00,3862.5,3896.85009765625,3852.449951171875,3862.14990234375,3355.043701171875,1744067.0,3355.3478304693117,3385.1877076595533,3346.6173684546684
2021-09-22 18:30:00,3870.0,3879.0,3835.0,3869.25,3361.211181640625,2003869.0,3361.8627054207454,3369.680990782189,3331.458262348465
2021-09-23 18:30:00,3890.0,3944.39990234375,3855.0,3871.300048828125,3362.992919921875,2320754.0,3379.2375412637257,3426.494660091767,3348.8330903783194
2021-09-26 18:30:00,3900.0,3904.0,3802.89990234375,3836.949951171875,3333.15283203125,1673362.0,3387.92431758242,3391.399111754299,3303.573604226205
2021-09-27 18:30:00,3850.0,3850.0,3751.25,3779.14990234375,3282.9423828125,2253075.0,3344.4897663332904,3344.4897663332904,3258.7057755734427
2021-09-28 18:30:00,3759.800048828125,3806.0,3722.14990234375,3791.89990234375,3294.017333984375,2489161.0,3266.1322429687943,3306.266066094063,3233.4256213963404
2021-09-29 18:30:00,3805.0,3805.0,3750.10009765625,3775.550048828125,3279.814697265625,2252412.0,3305.3978259324667,3305.3978259324667,3257.706362633929
2021-09-30 18:30:00,3781.75,3810.0,3725.0,3730.199951171875,3240.419189453125,1578374.0,3285.200640749703,3309.7413740348698,3235.9019995485273
2021-10-03 18:30:00,3724.800048828125,3783.64990234375,3707.449951171875,3773.300048828125,3277.860107421875,1356860.0,3235.728229979652,3286.8510096871387,3220.6562261020495
2021-10-04 18:30:00,3754.0,3840.0,3741.60009765625,3833.300048828125,3329.98193359375,1877966.0,3261.0941015516205,3335.802171006452,3250.322325208248
2021-10-05 18:30:00,3836.0,3857.449951171875,3795.0,3810.89990234375,3310.5224609375,1678154.0,3332.326874381064,3350.960411592795,3296.710241990651
2021-10-06 18:30:00,3830.0,3899.0,3820.050048828125,3892.89990234375,3381.756103515625,1647233.0,3327.115055968153,3387.055248882462,3318.4715488271363
2021-10-07 18:30:00,3925.0,3989.89990234375,3900.0,3935.64990234375,3418.89306640625,2934339.0,3409.6415124864593,3466.019958648897,3387.9240506234883
2021-10-10 18:30:00,3755.0,3757.5,3660.0,3685.60009765625,3201.67578125,11845402.0,3261.9633818218576,3264.1351284142825,3179.43701130972
2021-10-11 18:30:00,3706.0,3707.0,3630.60009765625,3652.85009765625,3173.224853515625,5752877.0,3219.3960859971685,3220.2647843474106,3153.8963152227384
2021-10-12 18:30:00,3650.0,3675.449951171875,3645.0,3655.199951171875,3175.26708984375,3545655.0,3170.749899527101,3192.858236546606,3166.4064065140506
2021-10-13 18:30:00,3625.0,3670.0,3608.199951171875,3611.449951171875,3143.280517578125,6442299.0,3155.0740091312496,3194.240445106672,3140.4518305354554
2021-10-17 18:30:00,3603.449951171875,3652.699951171875,3601.449951171875,3647.14990234375,3174.3525390625,3590107.0,3136.3176201055894,3179.1831087021405,3134.5768896042064
2021-10-18 18:30:00,3669.0,3690.10009765625,3625.199951171875,3634.14990234375,3163.0380859375,3135441.0,3193.3704027509225,3211.7351962506837,3155.2483587152783
2021-10-19 18:30:00,3612.0,3630.0,3578.300048828125,3608.85009765625,3141.0185546875,2933693.0,3143.760120959149,3159.426699635025,3114.4288467142956
2021-10-20 18:30:00,3604.10009765625,3607.449951171875,3511.25,3532.5,3074.5654296875,4871211.0,3136.883670314862,3139.7992665819975,3056.070167017759
2021-10-21 18:30:00,3560.0,3561.60009765625,3485.0,3498.85009765625,3045.27783203125,2691670.0,3098.5005871767303,3099.8932567069073,3033.2231871659847
2021-10-24 18:30:00,3503.0,3514.550048828125,3450.0,3492.949951171875,3040.142578125,2595594.0,3048.8897923083487,3058.94255450439,3002.7604291932066
2021-10-25 18:30:00,3494.5,3529.0,3475.0,3482.60009765625,3031.134521484375,3878763.0,3041.491784387086,3071.5193896414444,3024.519659678101
2021-10-26 18:30:00,3483.0,3511.25,3483.0,3489.75,3037.357666015625,2510813.0,3031.4826995436415,3056.0705221856474,3031.4826995436415
2021-10-27 18:30:00,3518.0,3518.0,3415.0,3421.64990234375,2978.08544921875,2424942.0,3061.9452338402966,3061.9452338402966,2972.297604765382
2021-10-28 18:30:00,3400.050048828125,3461.0,3385.949951171875,3397.75,2957.28369140625,3960501.0,2959.2855740900413,3012.3342965071097,2947.0133383911043
2021-10-31 18:30:00,3437.949951171875,3487.0,3412.949951171875,3476.39990234375,3025.737548828125,2020718.0,2992.2720488052664,3034.9635051049436,2970.512918427399
2021-11-01 18:30:00,3494.0,3513.60009765625,3469.75,3484.199951171875,3032.527099609375,3087414.0,3041.056723071079,3058.1159699944874,3019.9503620137025
2021-11-02 18:30:00,3504.199951171875,3519.89990234375,3466.050048828125,3492.25,3039.533447265625,1537639.0,3049.9342708836666,3063.5989646219014,3016.729917190848
2021-11-03 18:30:00,3512.949951171875,3513.25,3505.0,3508.64990234375,3053.806640625,328991.0,3057.5492533198626,3057.810405366759,3050.6298927803286
2021-11-07 18:30:00,3548.0,3548.0,3481.199951171875,3502.75,3048.672119140625,2526082.0,3088.056149799711,3088.056149799711,3029.9157040300906
2021-11-08 18:30:00,3508.0,3535.0,3496.0,3505.699951171875,3051.23974609375,1782692.0,3053.2416288846557,3076.7414931890703,3042.7972447493607
2021-11-09 18:30:00,3498.0,3519.699951171875,3480.199951171875,3484.300048828125,3032.6142578125,1516489.0,3044.538221499019,3063.4251085051474,3029.045674614578
2021-11-10 18:30:00,3480.0,3510.050048828125,3436.0,3488.199951171875,3036.0078125,1284514.0,3028.8708604420863,3055.0253768933417,2990.5747920916688
2021-11-11 18:30:00,3506.0,3534.14990234375,3485.699951171875,3526.050048828125,3068.951416015625,1747259.0,3051.500550347196,3076.001247008398,3033.832093367419
2021-11-14 18:30:00,3528.0,3569.60009765625,3528.0,3553.300048828125,3092.66943359375,1809157.0,3070.6491463666757,3106.856432182133,3070.6491463666757
2021-11-15 18:30:00,3569.0,3575.550048828125,3542.0,3556.39990234375,3095.366943359375,2013204.0,3106.333630694664,3112.034565678552,3082.833768540347
2021-11-16 18:30:00,3550.60009765625,3562.85009765625,3506.39990234375,3521.89990234375,3065.33984375,1632914.0,3090.319500939084,3100.9814771812103,3051.8491799334315
2021-11-17 18:30:00,3515.14990234375,3520.85009765625,3451.60009765625,3475.699951171875,3025.12890625,2136598.0,3059.464777964114,3064.426030619223,3004.1532281043856
2021-11-21 18:30:00,3478.39990234375,3515.949951171875,3440.300048828125,3458.39990234375,3010.071533203125,3167936.0,3027.4788407337737,3060.1611031208754,2994.3180473828165
2021-11-22 18:30:00,3445.0,3480.949951171875,3407.800048828125,3464.25,3015.1630859375,2153461.0,2998.408553382316,3029.6981444091452,2966.0310056960593
2021-11-23 18:30:00,3472.199951171875,3493.050048828125,3424.0,3443.300048828125,2996.929443359375,2161746.0,3022.0829202611835,3040.230125174157,2980.131347413317
2021-11-24 18:30:00,3443.89990234375,3463.0,3434.050048828125,3445.89990234375,2999.19140625,1849619.0,2997.450675821812,3014.074736407611,2988.87770595789
2021-11-25 18:30:00,3425.0,3490.0,3411.89990234375,3446.85009765625,3000.01904296875,1941251.0,2981.0014741153645,3037.5752247190135,2969.599602458624
2021-11-28 18:30:00,3447.14990234375,3529.35009765625,3406.449951171875,3502.0,3048.01904296875,2981745.0,3000.27942498904,3071.823617064497,2964.855602539076
2021-11-29 18:30:00,3491.0,3563.75,3491.0,3529.14990234375,3071.64990234375,5588446.0,3038.44554802296,3101.764629552227,3038.44554802296
2021-11-30 18:30:00,3535.0,3590.0,3535.0,3577.800048828125,3113.9931640625,2102118.0,3076.7414849151487,3124.611578739854,3076.7414849151487
2021-12-01 18:30:00,3589.199951171875,3648.0,3574.10009765625,3642.89990234375,3170.653564453125,3152938.0,3123.914991843836,3175.092512337047,3110.7726037312136
2021-12-02 18:30:00,3646.449951171875,3665.949951171875,3630.85009765625,3640.449951171875,3168.521240234375,2486263.0,3173.743431912985,3190.7155548684677,3160.165861043513
2021-12-05 18:30:00,3640.449951171875,3658.0,3522.0,3536.39990234375,3077.960205078125,1849642.0,3168.5217700801913,3183.7967257927357,3065.4270279502502
2021-12-06 18:30:00,3562.5,3598.0,3524.300048828125,3584.5,3119.82421875,1484458.0,3100.6761833719834,3131.5741495501466,3067.4282735320944
2021-12-07 18:30:00,3601.0,3646.449951171875,3601.0,3626.89990234375,3156.72802734375,1428660.0,3134.185649600943,3173.743712566218,3134.185649600943
2021-12-08 18:30:00,3610.0,3634.75,3566.0,3601.75,3134.83837890625,1567957.0,3142.018892996894,3163.5604352688256,3103.722817846793
2021-12-09 18:30:00,3585.0,3642.0,3575.10009765625,3636.800048828125,3165.3447265625,1510718.0,3120.259759230678,3169.8705838544292,3111.6432273189575
2021-12-12 18:30:00,3650.0,3662.0,3601.699951171875,3609.64990234375,3141.714111328125,1883864.0,3176.8334371989795,3187.2778211020996,3134.7947494906152
2021-12-13 18:30:00,3605.0,3635.0,3576.699951171875,3623.800048828125,3154.0302734375,1747007.0,3137.6673609293484,3163.7783237110075,3113.0359768736716
2021-12-14 18:30:00,3620.0,3623.0,3558.14990234375,3570.35009765625,3107.509033203125,1603233.0,3150.72258812373,3153.333684191236,3096.890405868701
2021-12-15 18:30:00,3582.0,3608.449951171875,3570.0,3581.60009765625,3117.30029296875,2072320.0,3117.648354075334,3140.6694726505343,3107.203970979604
2021-12-16 18:30:00,3602.5,3651.35009765625,3573.699951171875,3584.35009765625,3119.69384765625,4333992.0,3135.4908923462717,3178.0083208796227,3110.424330014637
2021-12-19 18:30:00,3589.0,3606.0,3510.14990234375,3556.89990234375,3095.80224609375,2312310.0,3123.7410571799337,3138.5372672585236,3055.112668377628
2021-12-20 18:30:00,3582.64990234375,3641.199951171875,3566.39990234375,3608.300048828125,3140.539306640625,2340989.0,3118.2143081191102,3169.1742414013142,3104.0708713088916
2021-12-21 18:30:00,3624.0,3636.800048828125,3606.25,3630.75,3160.079345703125,1224328.0,3154.2043789377194,3165.3450991541345,3138.7553922583197
2021-12-22 18:30:00,3648.0,3670.5,3630.0,3662.699951171875,3187.886962890625,1792861.0,3175.092635394332,3194.67585477382,3159.4260598907417
2021-12-23 18:30:00,3685.0,3705.0,3644.800048828125,3670.89990234375,3195.0244140625,2209923.0,3207.296651783725,3224.7039606129447,3172.308003535306
2021-12-26 18:30:00,3671.0,3700.0,3653.10009765625,3696.10009765625,3216.95751953125,1534135.0,3195.1112638122977,3220.3518594675843,3179.531808732032
2021-12-27 18:30:00,3710.0,3725.0,3693.85009765625,3706.550048828125,3226.052001953125,1456218.0,3229.0547192341683,3242.1101965356543,3214.998407002832
2021-12-28 18:30:00,3692.25,3719.949951171875,3685.0,3694.699951171875,3215.739013671875,1456923.0,3213.6066609317045,3237.7157401092845,3207.296511756607
2021-12-29 18:30:00,3681.35009765625,3740.0,3680.0,3733.75,3249.725830078125,1966475.0,3204.118781898666,3255.1656121840474,3202.943703967191
2021-12-30 18:30:00,3742.800048828125,3760.0,3731.300048828125,3738.35009765625,3253.73046875,1207141.0,3257.6035521515405,3272.573794030178,3247.5943503878843
2022-01-02 18:30:00,3750.0,3830.0,3745.0,3817.75,3322.837158203125,2346158.0,3263.8699085224853,3333.4991332376317,3259.5180819777884
2022-01-03 18:30:00,3831.10009765625,3889.14990234375,3811.699951171875,3884.75,3381.1513671875,2488606.0,3334.4563570429486,3384.9808892481374,3317.5711438865596
2022-01-04 18:30:00,3865.0,3870.0,3812.39990234375,3860.949951171875,3360.4365234375,1733031.0,3363.9615450450983,3368.313371105959,3318.1802498882444
2022-01-05 18:30:00,3812.0,3835.0,3772.0,3807.449951171875,3313.87255859375,1810293.0,3317.8327634933953,3337.8511668408105,3283.0181489761508
2022-01-06 18:30:00,3820.0,3864.89990234375,3796.39990234375,3853.5,3353.952392578125,2460591.0,3324.7951575576585,3363.8744711407244,3304.2544532630545
2022-01-09 18:30:00,3978.0,3978.0,3861.0,3879.85009765625,3376.886962890625,3937092.0,3462.3132338266632,3462.3132338266632,3360.4804916552907
2022-01-10 18:30:00,3856.0,3925.0,3856.0,3915.89990234375,3408.26318359375,1906106.0,3356.128390327744,3416.18359233309,3356.128390327744
2022-01-11 18:30:00,3925.0,3929.0,3836.550048828125,3859.89990234375,3359.52392578125,3203744.0,3416.184808493278,3419.666270718494,3339.201017536506
2022-01-12 18:30:00,3918.0,3923.0,3857.0,3897.89990234375,3392.597412109375,6684507.0,3410.091842700252,3414.4436699625035,3356.9995501007843
2022-01-13 18:30:00,3877.85009765625,3977.0,3860.050048828125,3968.14990234375,3453.739990234375,3348123.0,3375.146173409217,3461.4428081583696,3359.653628525893
2022-01-16 18:30:00,3992.699951171875,4043.0,3962.300048828125,4019.14990234375,3498.128662109375,3442604.0,3475.10754208303,3518.886959817252,3448.6485215692674
2022-01-17 18:30:00,4033.949951171875,4041.699951171875,3980.0,3990.60009765625,3473.280029296875,2389041.0,3511.0102394918767,3517.755570912798,3464.0540716471287
2022-01-18 18:30:00,4012.0,4012.0,3910.5,3914.64990234375,3413.162109375,3102539.0,3498.0411337969117,3498.0411337969117,3409.5438319324085
2022-01-19 18:30:00,3910.0,3920.0,3811.0,3826.550048828125,3336.3486328125,6176776.0,3409.108201339722,3417.827148146218,3322.790627955417
2022-01-20 18:30:00,3807.0,3851.550048828125,3771.10009765625,3833.5,3342.40869140625,3112358.0,3319.303479374878,3358.1464350043802,3288.002541429297
2022-01-23 18:30:00,3840.0,3849.64990234375,3740.10009765625,3771.35009765625,3288.22021484375,3258414.0,3348.075701814863,3356.4894006591326,3260.9735050308036
2022-01-24 18:30:00,3769.5,3809.39990234375,3722.199951171875,3769.89990234375,3286.9560546875,3330501.0,3286.6073819205503,3321.3958985887766,3245.366716144262
2022-01-26 18:30:00,3731.0,3733.39990234375,3625.10009765625,3649.25,3181.76171875,5718297.0,3253.0391101339314,3255.131572257952,3160.7055469917223
2022-01-27 18:30:00,3646.0,3729.800048828125,3646.0,3690.050048828125,3217.335205078125,3143862.0,3178.928199480695,3251.9930207471753,3178.928199480695
2022-01-30 18:30:00,3749.0,3758.0,3721.39990234375,3736.25,3257.616943359375,2739393.0,3268.7336020486573,3276.5806552410922,3244.669220445881
2022-01-31 18:30:00,3770.0,3808.0,3736.39990234375,3800.64990234375,3313.766357421875,2105169.0,3287.0428712143316,3320.1748683247147,3257.7471254655034
2022-02-01 18:30:00,3827.89990234375,3864.0,3800.64990234375,3856.199951171875,3362.2001953125,1984212.0,3337.525533494624,3369.0010163346046,3313.7664036563433
2022-02-02 18:30:00,3851.0,3882.5,3816.050048828125,3824.60009765625,3334.6484375,1960538.0,3357.666371624586,3385.1310537087656,3327.193695504169
2022-02-03 18:30:00,3815.300048828125,3824.699951171875,3769.0,3814.89990234375,3326.191162109375,2307366.0,3326.5400477247117,3334.7357731436837,3286.1712786456783
2022-02-06 18:30:00,3791.0,3831.800048828125,3756.14990234375,3779.0,3294.89013671875,1919149.0,3305.352873326484,3340.9262203657618,3274.9672572822224
2022-02-07 18:30:00,3791.550048828125,3799.699951171875,3721.0,3743.449951171875,3263.89404296875,2946443.0,3305.8322615249517,3312.9381179027605,3244.320050301402
2022-02-08 18:30:00,3750.0,3777.949951171875,3746.10009765625,3760.550048828125,3278.8037109375,1638721.0,3269.605179127238,3293.974593822682,3266.204874886914
2022-02-09 18:30:00,3789.800048828125,3789.800048828125,3758.0,3770.35009765625,3287.348388671875,2112459.0,3304.3066986400545,3304.3066986400545,3276.580403583315
2022-02-10 18:30:00,3752.5,3752.5,3690.0,3694.949951171875,3221.607421875,3851488.0,3271.7850066553174,3271.7850066553174,3217.2915854918374
2022-02-13 18:30:00,3724.0,3793.25,3710.0,3733.75,3255.436767578125,5951745.0,3246.9357944321227,3307.3145011357815,3234.729268889145
2022-02-14 18:30:00,3786.0,3835.0,3748.0,3817.800048828125,3328.7197265625,3931683.0,3300.993431710489,3343.7162732725105,3267.861432131778
2022-02-15 18:30:00,3844.0,3854.10009765625,3806.0,3813.10009765625,3324.62158203125,3256906.0,3351.5630416267727,3360.3692627561973,3318.431044857309
2022-02-16 18:30:00,3825.0,3835.0,3779.0,3784.199951171875,3299.423828125,3134372.0,3334.9971738861013,3343.7161207459344,3294.8900183308697
2022-02-17 18:30:00,3769.0,3815.949951171875,3757.60009765625,3793.89990234375,3307.881103515625,3688883.0,3286.1710113776135,3327.1064235629706,3276.231497285131
2022-02-20 18:30:00,3810.0,3827.800048828125,3705.550048828125,3719.39990234375,3242.92529296875,7465922.0,3321.919043560008,3337.438812898183,3230.8496782327734
2022-02-21 18:30:00,3650.0,3667.89990234375,3570.0,3586.39990234375,3126.962646484375,5408531.0,3182.4152270942186,3198.0220549797664,3112.6636604729756
2022-02-22 18:30:00,3611.0,3622.89990234375,3555.64990234375,3563.800048828125,3107.258056640625,2426203.0,3148.4114396987115,3158.786900421603,3100.1519878434424
2022-02-23 18:30:00,3474.0,3483.85009765625,3391.10009765625,3401.64990234375,2965.881103515625,5039136.0,3028.9627825938674,3037.5510322212986,2956.6827829162953
2022-02-24 18:30:00,3468.0,3530.0,3462.0,3520.75,3069.72314453125,2549723.0,3023.7307009115602,3077.788170189679,3018.4993329169033
2022-02-27 18:30:00,3490.0,3563.75,3455.89990234375,3554.199951171875,3098.88818359375,3288942.0,3042.912584919786,3107.2148207758987,3013.180889703397
2022-03-01 18:30:00,3552.5,3571.949951171875,3506.0,3546.14990234375,3091.86962890625,2761341.0,3097.4062459767724,3114.3645570939316,3056.863138182847
2022-03-02 18:30:00,3562.85009765625,3578.60009765625,3530.10009765625,3544.39990234375,3090.34326171875,1928039.0,3106.429888039803,3120.162228552476,3077.8753387197994
2022-03-03 18:30:00,3501.5,3561.199951171875,3487.050048828125,3524.35009765625,3072.8623046875,2370257.0,3052.939424780361,3104.9914980604067,3040.3405883905943
2022-03-06 18:30:00,3450.0,3548.0,3431.550048828125,3484.89990234375,3038.4658203125,3054130.0,3008.0367797732265,3093.4824622131614,2991.950364784815
2022-03-07 18:30:00,3460.0,3609.0,3460.0,3599.949951171875,3138.77734375,3300992.0,3016.755720684322,3146.6680335114793,3016.755720684322
2022-03-08 18:30:00,3605.0,3654.0,3597.050048828125,3632.60009765625,3167.24462890625,2719654.0,3143.1802511302744,3185.9030894951516,3136.2487311522195
2022-03-09 18:30:00,3684.0,3684.0,3615.0,3620.949951171875,3157.08740234375,2005441.0,3212.0604115144542,3212.0604115144542,3151.899670907913
2022-03-10 18:30:00,3603.25,3639.85009765625,3592.85009765625,3599.14990234375,3138.080322265625,1623423.0,3141.655176362718,3173.566613608854,3132.5875549010075
2022-03-13 18:30:00,3580.0,3648.35009765625,3580.0,3643.0,3176.312255859375,1765688.0,3121.382892115444,3180.9769774502593,3121.382892115444
2022-03-14 18:30:00,3659.0,3659.0,3585.39990234375,3593.89990234375,3133.502685546875,3651133.0,3190.2631230599486,3190.2631230599486,3126.0915796310483
2022-03-15 18:30:00,3640.5,3668.0,3616.25,3655.89990234375,3187.559814453125,3090475.0,3174.1327209416286,3198.109825687102,3152.9892740297114
2022-03-16 18:30:00,3696.60009765625,3710.0,3660.300048828125,3672.75,3202.2509765625,3600452.0,3223.0457484666144,3234.7290512686336,3191.3959310793352
2022-03-20 18:30:00,3696.0,3713.949951171875,3615.0,3626.699951171875,3162.100341796875,2413831.0,3222.5226847081344,3238.173151385832,3151.8992167802776
2022-03-21 18:30:00,3640.0,3711.0,3625.0,3700.949951171875,3226.8388671875,2907611.0,3173.6969241757306,3235.6014520923454,3160.6185027848965
2022-03-22 18:30:00,3708.0,3729.800048828125,3690.0,3712.39990234375,3236.822021484375,1596195.0,3232.985769686814,3251.993118025489,3217.291664008723
2022-03-23 18:30:00,3700.0,3758.199951171875,3695.0,3749.85009765625,3269.474365234375,1879046.0,3226.010330100435,3276.7545581252484,3221.6508566813804
2022-03-24 18:30:00,3759.89990234375,3779.5,3672.0,3707.449951171875,3232.50634765625,1690133.0,3278.237187540887,3295.3264108407147,3201.597719435667
2022-03-27 18:30:00,3695.0,3713.0,3661.199951171875,3707.699951171875,3232.72412109375,1760990.0,3221.651100344847,3237.3452058404378,3192.181015230141
2022-03-28 18:30:00,3694.75,3722.0,3691.0,3705.35009765625,3230.6748046875,2689063.0,3221.432636600081,3245.191764916571,3218.163031785885
2022-03-29 18:30:00,3738.0,3738.0,3706.199951171875,3731.550048828125,3253.518310546875,1583455.0,3259.141988097822,3259.141988097822,3231.415697472005
2022-03-30 18:30:00,3740.0,3754.64990234375,3720.199951171875,3739.949951171875,3260.8427734375,2168110.0,3260.8864107485983,3273.6595838693274,3243.622851883413
2022-03-31 18:30:00,3748.0,3763.0,3728.050048828125,3758.75,3277.234619140625,1387014.0,3267.861749927253,3280.9401720854466,3250.467491029845
2022-04-03 18:30:00,3762.0,3780.0,3737.10009765625,3770.35009765625,3287.348388671875,1472994.0,3280.067982512089,3295.7620876915726,3258.3578888264396
2022-04-04 18:30:00,3772.0,3835.60009765625,3772.0,3814.800048828125,3326.103759765625,2314947.0,3288.7866261011463,3344.2392110933524,3288.7866261011463
2022-04-05 18:30:00,3809.300048828125,3809.300048828125,3731.14990234375,3755.35009765625,3274.26953125,2051729.0,3321.308203208905,3321.308203208905,3253.1695112514726
2022-04-06 18:30:00,3745.5,3745.5,3679.0,3684.14990234375,3212.19091796875,2494829.0,3265.681745359496,3265.681745359496,3207.7007452082726
2022-04-07 18:30:00,3690.0,3705.0,3642.5,3685.64990234375,3213.498291015625,2296773.0,3217.2911177231267,3230.369536900863,3175.876123660295
2022-04-10 18:30:00,3690.0,3712.35009765625,3656.10009765625,3696.39990234375,3222.871337890625,2291660.0,3217.2912972094496,3236.7782280173724,3187.734153364789
2022-04-11 18:30:00,3683.0,3739.0,3648.35009765625,3691.10009765625,3218.25048828125,4483476.0,3211.1880563374766,3260.014157655668,3180.9769912928095
2022-04-12 18:30:00,3707.0,3709.85009765625,3655.550048828125,3661.949951171875,3192.8349609375,1621672.0,3232.1138622901385,3234.5988474920932,3187.2549196419677
2022-04-17 18:30:00,3610.0,3610.0,3522.5,3528.050048828125,3076.088134765625,3820792.0,3147.5398627614222,3147.5398627614222,3071.249076614158
2022-04-18 18:30:00,3550.0,3563.550048828125,3439.14990234375,3471.89990234375,3027.130859375,3170014.0,3095.225914643108,3107.040129369162,2998.5763104441376
2022-04-19 18:30:00,3500.0,3569.14990234375,3480.0,3556.800048828125,3101.155517578125,2640370.0,3051.6318495608343,3111.923290814037,3034.1939532776296
2022-04-20 18:30:00,3580.0,3644.0,3567.39990234375,3628.64990234375,3163.801025390625,2280996.0,3121.38342791976,3177.1846959049176,3110.397468139204
2022-04-21 18:30:00,3581.10009765625,3617.0,3571.5,3612.550048828125,3149.763427734375,1581465.0,3122.342380367201,3153.64331680634,3113.9721056051544
2022-04-24 18:30:00,3558.0,3584.0,3533.10009765625,3548.199951171875,3093.65673828125,1960694.0,3102.2013489316732,3124.8706111779416,3080.491256003329
2022-04-25 18:30:00,3575.14990234375,3587.89990234375,3518.14990234375,3546.300048828125,3092.00048828125,1943469.0,3117.1545248627376,3128.2711832624163,3067.456522605351
2022-04-26 18:30:00,3546.0,3568.449951171875,3506.300048828125,3561.199951171875,3104.991455078125,1727648.0,3091.7386978183854,3111.3126918404437,3057.124519775637
2022-04-27 18:30:00,3588.0,3604.39990234375,3538.050048828125,3584.300048828125,3125.13232421875,1703660.0,3128.358292147701,3142.65728057788,3084.8071929445496
2022-04-28 18:30:00,3597.0,3623.25,3536.85009765625,3546.699951171875,3092.34912109375,2051115.0,3136.205470355331,3159.092707941327,3083.761085375679
2022-05-01 18:30:00,3519.89990234375,3547.949951171875,3492.75,3542.39990234375,3088.599853515625,1324161.0,3068.9822217914025,3093.4389119139187,3045.3103646568115
2022-05-03 18:30:00,3538.5,3545.449951171875,3465.300048828125,3479.75,3033.975830078125,2305825.0,3085.199647886039,3091.259273972882,3021.376993207293
2022-05-04 18:30:00,3512.10009765625,3533.0,3485.35009765625,3513.39990234375,3063.315185546875,1612262.0,3062.1818925690936,3080.4044092212253,3038.858706057158
2022-05-05 18:30:00,3459.0,3474.5,3424.5,3432.60009765625,2992.865966796875,2010812.0,3015.8839027648073,3029.398271221834,2985.803534263684
2022-05-08 18:30:00,3398.0,3456.0,3346.85009765625,3445.10009765625,3003.764404296875,2481830.0,2962.6980803096562,3013.2679710271254,2918.1007532108174
2022-05-09 18:30:00,3434.0,3464.800048828125,3422.0,3438.75,2998.228271484375,1622685.0,2994.08677114572,3020.941173809357,2983.6240334480644
2022-05-10 18:30:00,3435.0,3448.449951171875,3382.14990234375,3412.0,2974.90478515625,1841769.0,2994.9583637197297,3006.6853051327807,2948.878642613765
2022-05-11 18:30:00,3378.0,3449.699951171875,3350.10009765625,3408.64990234375,2971.983642578125,2807195.0,2945.2601564408105,3007.7749608828694,2920.9343806143934
2022-05-12 18:30:00,3435.0,3439.89990234375,3382.14990234375,3414.89990234375,2977.432861328125,2187823.0,2994.958028386916,2999.2302268913486,2948.878312440302
2022-05-15 18:30:00,3415.0,3430.0,3366.60009765625,3376.800048828125,2944.214111328125,1195813.0,2977.520446813198,2990.5988675166236,2935.32082782278
2022-05-16 18:30:00,3370.0,3467.0,3350.39990234375,3451.60009765625,3009.43212890625,1754076.0,2938.285429213155,3022.8592234664716,2921.1962062592934
2022-05-17 18:30:00,3465.0,3495.0,3443.050048828125,3448.800048828125,3006.99072265625,1866781.0,3021.1153753446147,3047.2722184211916,3001.9773277332397
2022-05-18 18:30:00,3397.0,3405.0,3230.0,3261.949951171875,2844.076904296875,4642963.0,2961.826327355389,2968.8014850294667,2816.2199109090097
2022-05-19 18:30:00,3310.0,3313.89990234375,3270.050048828125,3293.0,2871.14892578125,3065125.0,2885.971134022453,2889.371437825948,2851.1389872286045
2022-05-22 18:30:00,3304.800048828125,3338.89990234375,3267.0,3321.75,2896.21630859375,2293690.0,2881.437735548261,2911.1692180116047,2848.4800723039907
2022-05-23 18:30:00,3315.14990234375,3324.85009765625,3275.60009765625,3288.0,2866.7900390625,1711510.0,2890.4618972135286,2898.9194468786245,2855.978628927339
2022-05-24 18:30:00,3292.85009765625,3292.85009765625,3154.050048828125,3167.64990234375,2780.4609375,3548046.0,2890.3576316315725,2890.3576316315725,2768.5234246366185
2022-05-25 18:30:00,3191.0,3241.5,3180.550048828125,3226.949951171875,2832.512939453125,2813186.0,2800.9572278964383,2845.2845046149496,2791.78459666296
2022-05-26 18:30:00,3253.199951171875,3278.89990234375,3229.199951171875,3261.300048828125,2862.6640625,3103153.0,2855.554057865002,2878.1126466259984,2834.4876314487365
2022-05-29 18:30:00,3297.0,3386.60009765625,3286.35009765625,3375.25,2962.6865234375,2094624.0,2894.001175549496,2972.6492762308844,2884.6530318120685
2022-05-30 18:30:00,3354.14990234375,3383.39990234375,3325.0,3364.35009765625,2953.1181640625,4840965.0,2944.1647611228614,2969.83946910257,2918.5779156420817
2022-05-31 18:30:00,3388.0,3388.0,3340.050048828125,3355.199951171875,2945.086669921875,1493835.0,2973.8774984812158,2973.8774984812158,2931.7885726124696
2022-06-01 18:30:00,3355.0,3432.0,3346.300048828125,3423.0,3004.599365234375,2657939.0,2944.911151142661,3012.499275922984,2937.274613670097
2022-06-02 18:30:00,3459.39990234375,3477.300048828125,3431.199951171875,3440.14990234375,3019.65283203125,1913622.0,3036.5498622964137,3052.2620346027693,3011.796853027463
2022-06-05 18:30:00,3418.0,3453.0,3377.14990234375,3430.949951171875,3011.578125,1084210.0,3000.211072077612,3030.932952569922,2964.3541629834826
2022-06-06 18:30:00,3401.050048828125,3418.85009765625,3356.0,3362.699951171875,2951.66943359375,2308256.0,2985.33191096936,3000.956219056718,2945.7884328004134
2022-06-07 18:30:00,3380.14990234375,3413.949951171875,3346.5,3404.14990234375,2988.053466796875,2185707.0,2966.987037508978,2996.6556349491925,2937.450233831093
2022-06-08 18:30:00,3385.0,3437.0,3353.10009765625,3427.10009765625,3008.198486328125,1279197.0,2971.2443716436987,3016.888302906763,2943.243661069149
2022-06-09 18:30:00,3382.0,3393.0,3352.0,3359.89990234375,2949.2119140625,1527582.0,2968.610667955225,2978.2661136522997,2942.27763423593
2022-06-12 18:30:00,3290.0,3293.0,3192.449951171875,3219.60009765625,2826.061279296875,3030921.0,2887.8560463627555,2890.4893497484964,2802.229755076651
2022-06-13 18:30:00,3190.0,3238.89990234375,3174.699951171875,3210.550048828125,2818.117919921875,2611493.0,2800.07974578441,2843.0025125943066,2786.649853360226
2022-06-14 18:30:00,3218.5,3234.0,3201.0,3206.300048828125,2814.38720703125,1404536.0,2825.095932347547,2838.70133453844,2809.734994390088
2022-06-15 18:30:00,3240.0,3244.85009765625,3133.050048828125,3142.0,2757.94677734375,2032028.0,2843.968032652371,2848.2252927417594,2750.090797397265
2022-06-16 18:30:00,3092.0,3118.75,3023.85009765625,3088.89990234375,2711.33740234375,5240434.0,2714.0585687758285,2737.538862021221,2654.2387672178434
2022-06-19 18:30:00,3094.0,3138.75,3069.0,3112.39990234375,2731.964599609375,1502769.0,2715.813756717515,2755.0938684218168,2693.869560234665
2022-06-20 18:30:00,3130.0,3237.75,3125.39990234375,3211.949951171875,2819.34619140625,2964461.0,2747.413164355795,2841.992643096797,2743.3753468292443
2022-06-21 18:30:00,3199.89990234375,3250.550048828125,3183.0,3222.949951171875,2829.001708984375,3336315.0,2808.7691181856167,2853.2281861623023,2793.934927975882
2022-06-22 18:30:00,3222.949951171875,3318.0,3222.949951171875,3308.800048828125,2904.3583984375,3692578.0,2829.0019403695915,2912.433820057707,2829.0019403695915
2022-06-23 18:30:00,3339.0,3345.0,3277.5,3293.10009765625,2890.577392578125,2132118.0,2930.8668511739374,2936.1334582739805,2876.8841283984966
2022-06-26 18:30:00,3350.0,3362.89990234375,3306.5,3314.699951171875,2909.537109375,2037686.0,2940.5223579770245,2951.845477755388,2902.3394557167258
2022-06-27 18:30:00,3307.0,3330.0,3272.60009765625,3318.14990234375,2912.565673828125,1400046.0,2902.7786467833243,2922.9673098846292,2872.5835146469863
2022-06-28 18:30:00,3271.0,3333.0,3271.0,3290.5,2888.294921875,2133994.0,2871.178449917376,2925.600053064694,2871.178449917376
2022-06-29 18:30:00,3272.0,3310.89990234375,3255.0,3267.10009765625,2867.756103515625,2719603.0,2872.0570812735455,2906.20217295668,2857.135024310938
2022-06-30 18:30:00,3260.0,3333.0,3252.050048828125,3315.10009765625,2909.887939453125,1502879.0,2861.5228509461544,2925.599896381452,2854.54464022768
2022-07-03 18:30:00,3312.0,3317.949951171875,3225.050048828125,3235.050048828125,2839.62255859375,2622535.0,2907.166743052194,2912.3894182241925,2830.8448812294623
2022-07-04 18:30:00,3255.0,3272.0,3206.949951171875,3216.300048828125,2823.1650390625,2170627.0,2857.134615129158,2872.0566699547176,2814.9578231889177
2022-07-05 18:30:00,3218.5,3268.5,3202.25,3260.75,2862.181884765625,2182144.0,2825.0961883364757,2868.9845864774807,2810.8324589406493
2022-07-06 18:30:00,3271.0,3319.39990234375,3265.050048828125,3287.85009765625,2885.968505859375,1989921.0,2871.1780349704322,2913.6619042777047,2865.955360218419
2022-07-07 18:30:00,3300.0,3305.0,3250.0,3265.449951171875,2866.30712890625,2136916.0,2896.634052528085,2901.022892001612,2852.7456577928106
2022-07-10 18:30:00,3206.14990234375,3225.0,3106.0,3113.800048828125,2733.193359375,6974600.0,2814.255085372196,2830.8010937637823,2726.3467278233516
2022-07-11 18:30:00,3114.89990234375,3136.199951171875,3080.25,3084.699951171875,2707.650390625,3734815.0,2734.158936312343,2752.8554340083,2703.7443666293075
2022-07-12 18:30:00,3104.0,3110.0,3035.0,3038.75,2667.317138671875,3863530.0,2724.591492698478,2729.858099965292,2664.025509130116
2022-07-13 18:30:00,3056.0,3057.0,2967.0,2998.75,2639.154541015625,4764908.0,2689.539400531471,2690.419485413844,2611.2118460002866
2022-07-14 18:30:00,3018.550048828125,3028.89990234375,2953.0,2994.60009765625,2635.501953125,4574806.0,2656.5799405130747,2665.688689015533,2598.890340539718
2022-07-17 18:30:00,3023.0,3076.949951171875,3014.300048828125,3063.5,2696.14013671875,3202795.0,2660.496697666323,2707.977235850919,2652.8400018798093
2022-07-18 18:30:00,3030.050048828125,3078.949951171875,3030.050048828125,3074.25,2705.60107421875,1865074.0,2666.701363599561,2709.737430383473,2666.701363599561
2022-07-19 18:30:00,3107.800048828125,3171.949951171875,3098.050048828125,3164.800048828125,2785.292724609375,3402251.0,2735.127885487383,2791.585245676255,2726.547057742832
2022-07-20 18:30:00,3167.0,3184.0,3144.050048828125,3177.300048828125,2796.293701171875,2420640.0,2787.228784035556,2802.1902268295585,2767.0308792365477
2022-07-21 18:30:00,3185.0,3197.0,3143.5,3171.0,2790.74951171875,2075886.0,2803.070701615963,2813.63172152786,2766.547174420653
2022-07-24 18:30:00,3165.0,3186.449951171875,3149.10009765625,3166.75,2787.0087890625,1797504.0,2785.468640525085,2804.3464181965073,2771.475376902359
2022-07-25 18:30:00,3164.699951171875,3168.89990234375,3096.5,3115.89990234375,2742.256103515625,2639367.0,2785.204284119927,2788.9005972546584,2725.1825445833438
2022-07-26 18:30:00,3115.0,3194.10009765625,3110.0,3188.85009765625,2806.45849609375,1389808.0,2741.4641477682935,2811.078941286618,2737.063723775086
2022-07-27 18:30:00,3216.0,3264.0,3201.64990234375,3260.5,2869.5166015625,2106333.0,2830.3528264453307,2872.5968984818282,2817.7235231303016
2022-07-28 18:30:00,3290.0,3317.300048828125,3275.0,3301.89990234375,2905.9521484375,2430257.0,2895.4792244226105,2919.5055843641176,2882.277951362933
2022-07-31 18:30:00,3327.0,3327.0,3271.0,3298.800048828125,2903.223876953125,1306913.0,2928.0422261586746,2928.0422261586746,2878.7574757334005
2022-08-01 18:30:00,3290.0,3312.89990234375,3271.64990234375,3291.800048828125,2897.063720703125,1269114.0,2895.4795247987254,2915.6333844814667,2879.3298798012397
2022-08-02 18:30:00,3280.0,3349.0,3277.050048828125,3339.5,2939.04296875,2895824.0,2886.677927084893,2947.40377372174,2884.081720092872
2022-08-03 18:30:00,3350.0,3387.89990234375,3307.35009765625,3354.949951171875,2952.640869140625,2150567.0,2948.284491745122,2981.6396243775794,2910.748955728847
2022-08-04 18:30:00,3361.199951171875,3377.0,3355.0,3365.050048828125,2961.529296875,1106933.0,2958.1408845663077,2972.0462668986875,2952.6844019677515
2022-08-07 18:30:00,3365.0,3378.89990234375,3336.0,3374.449951171875,2969.802490234375,1068836.0,2961.4857307835255,2973.718825122396,2935.9632683191207
2022-08-09 18:30:00,3385.0,3385.0,3335.0,3354.25,2952.02490234375,1878359.0,2979.0875141786073,2979.0875141786073,2935.0832672926604
2022-08-10 18:30:00,3400.0,3428.699951171875,3375.050048828125,3422.5,3012.08984375,1449248.0,2992.287938276114,3017.54632584103,2970.3298682901786
2022-08-11 18:30:00,3419.0,3419.0,3381.25,3401.550048828125,2993.65283203125,1472354.0,3009.010270550342,3009.010270550342,2975.787065603493
2022-08-15 18:30:00,3411.0,3414.85009765625,3387.5,3392.699951171875,2985.863525390625,839942.0,3001.969119488297,3005.3575317636055,2981.2871276067444
2022-08-16 18:30:00,3385.10009765625,3417.949951171875,3371.10009765625,3401.10009765625,2993.2568359375,1622326.0,2979.175477553487,3008.086137566978,2966.8542889674754
2022-08-17 18:30:00,3390.0,3392.0,3362.0,3381.25,2975.78662109375,1430659.0,2983.4873628119226,2985.2475323475046,2958.844989313771
2022-08-18 18:30:00,3387.0,3421.5,3371.25,3385.75,2979.747314453125,1398410.0,2980.847420528017,3011.2103481950435,2966.986083984375
2022-08-21 18:30:00,3365.0,3384.10009765625,3347.39990234375,3354.550048828125,2952.28857421875,1536532.0,2961.4854176096087,2978.295123607797,2945.995838840667
2022-08-22 18:30:00,3319.949951171875,3341.89990234375,3270.0,3284.60009765625,2890.72705078125,1849256.0,2921.837924178498,2941.155745444211,2877.877724840754
2022-08-23 18:30:00,3292.0,3308.0,3250.199951171875,3255.35009765625,2864.984619140625,1691923.0,2897.2396465133943,2911.3210056702032,2860.4520527433338
2022-08-24 18:30:00,3276.0,3278.14990234375,3214.75,3218.199951171875,2832.2890625,1946930.0,2883.158010542912,2885.0501070521514,2829.252812696223
2022-08-25 18:30:00,3234.300048828125,3257.0,3216.800048828125,3222.199951171875,2835.809326171875,1457962.0,2846.4584386730107,2866.4363215518924,2831.05695398552
2022-08-28 18:30:00,3125.0,3142.699951171875,3081.0,3132.550048828125,2756.909912109375,2539173.0,2750.2652283447997,2765.8426876252506,2711.5414939297048
2022-08-29 18:30:00,3155.0,3226.5,3142.10009765625,3211.14990234375,2826.08447265625,3431525.0,2776.6677926566595,2839.5938614918264,2765.314783665754
2022-08-31 18:30:00,3190.0,3190.0,3121.0,3131.699951171875,2756.160888671875,3546935.0,2807.4698636353323,2807.4698636353323,2746.744026459521
2022-09-01 18:30:00,3163.0,3163.0,3120.300048828125,3130.39990234375,2755.01708984375,2052900.0,2783.707937331414,2783.707937331414,2746.1283631926813
2022-09-04 18:30:00,3123.64990234375,3147.949951171875,3112.25,3133.39990234375,2757.65771484375,2147912.0,2749.076887768465,2770.462992067452,2739.0440066723772
2022-09-05 18:30:00,3135.5,3140.85009765625,3106.35009765625,3127.050048828125,2752.0693359375,1936453.0,2759.506009846509,2764.214549676102,2733.8516227618284
2022-09-06 18:30:00,3102.0,3161.89990234375,3102.0,3149.60009765625,2771.9150390625,1291534.0,2730.022918646201,2782.73990969169,2730.022918646201
2022-09-07 18:30:00,3170.0,3183.5,3160.10009765625,3169.64990234375,2789.56103515625,1346113.0,2789.869150819009,2801.7502970448945,2781.1563961991515
2022-09-08 18:30:00,3195.0,3233.5,3168.5,3217.64990234375,2831.80517578125,1561185.0,2811.871338156078,2845.75460780209,2788.5490876205113
2022-09-11 18:30:00,3239.89990234375,3269.800048828125,3225.0,3242.949951171875,2854.0712890625,1785928.0,2851.3869871393563,2877.701654619494,2838.273808049508
2022-09-12 18:30:00,3263.449951171875,3263.449951171875,3225.0,3229.35009765625,2842.1015625,1972678.0,2872.1123213298083,2872.1123213298083,2838.2731081757606
2022-09-13 18:30:00,3135.0,3141.39990234375,3113.800048828125,3120.39990234375,2746.216796875,5090269.0,2759.066122177662,2764.698579511597,2740.4083655364684
2022-09-14 18:30:00,3130.0,3137.75,3100.0,3104.35009765625,2732.09130859375,2138023.0,2754.6653975512245,2761.4860546857367,2728.2628538047275
2022-09-15 18:30:00,3076.0,3094.35009765625,3000.0,3008.699951171875,2647.9111328125,5322221.0,2707.140883675961,2723.2905259336594,2640.2544379154365
2022-09-18 18:30:00,3036.0,3042.0,2987.800048828125,3028.800048828125,2665.600830078125,2072220.0,2671.93739753417,2677.2179062249493,2629.5173540244687
2022-09-19 18:30:00,3050.0,3079.949951171875,3030.0,3040.300048828125,2675.721923828125,1544295.0,2684.258703617558,2710.61720102937,2666.6570072003938
2022-09-20 18:30:00,3028.0,3041.39990234375,2998.14990234375,3001.199951171875,2641.310546875,2253818.0,2664.896863274496,2676.6899140420137,2638.626245172588
2022-09-21 18:30:00,2990.0,3029.949951171875,2979.300048828125,3007.39990234375,2646.76708984375,2017983.0,2631.453699411689,2666.6130461683933,2622.036834497055
2022-09-22 18:30:00,3004.0,3022.5,2979.0,2982.050048828125,2624.45703125,2652374.0,2643.7748504500028,2660.056419935131,2621.772729524154
2022-09-25 18:30:00,2959.85009765625,3025.85009765625,2926.10009765625,2994.39990234375,2635.325927734375,2925489.0,2604.9191687641182,2663.0047675160854,2575.216305765953
2022-09-26 18:30:00,3009.39990234375,3025.0,2976.0,3017.449951171875,2655.6123046875,2227447.0,2648.52757782633,2662.256989071138,2619.1328262729608
2022-09-27 18:30:00,2980.0,3049.949951171875,2980.0,3035.64990234375,2671.629150390625,2739767.0,2622.652520640546,2684.2144051236332,2622.652520640546
2022-09-28 18:30:00,3054.0,3055.85009765625,2990.0,2997.300048828125,2637.878173828125,2493902.0,2687.7789382550586,2689.407181056036,2631.453511913106
2022-09-29 18:30:00,2990.85009765625,3019.699951171875,2950.10009765625,3004.550048828125,2644.259033203125,2817353.0,2632.2019134840502,2657.5922330079447,2596.3384551119543
2022-10-02 18:30:00,2995.0,3020.699951171875,2974.0,2984.949951171875,2627.00927734375,1763331.0,2635.8541732184285,2658.4723112978595,2617.372391035595
2022-10-03 18:30:00,3029.949951171875,3098.0,3023.0,3091.14990234375,2720.473876953125,2145875.0,2666.6127334648536,2726.502543409668,2660.4961874523647
2022-10-05 18:30:00,3111.0,3124.0,3092.449951171875,3101.949951171875,2729.9794921875,1790816.0,2737.9443040294004,2749.385408482111,2721.6186850874424
2022-10-06 18:30:00,3097.39990234375,3105.0,3058.10009765625,3064.89990234375,2697.3720703125,1939879.0,2725.9748289925205,2732.663560045022,2691.387665003336
2022-10-09 18:30:00,3010.0,3127.0,3005.0,3118.550048828125,2744.5888671875,3064063.0,2649.055606254816,2752.0255417803355,2644.6551816597084
2022-10-10 18:30:00,3100.0,3145.0,3053.35009765625,3069.550048828125,2701.464599609375,4730645.0,2728.263141363747,2767.8669611577366,2687.2072674564333
2022-10-11 18:30:00,3084.89990234375,3109.89990234375,3062.050048828125,3100.75,2728.923095703125,1665247.0,2714.9736648998382,2736.97578612618,2694.8638550176415
2022-10-12 18:30:00,3100.75,3110.0,3052.35009765625,3103.300048828125,2731.16748046875,2054781.0,2728.9232210277037,2737.064006255312,2686.3271983230893
2022-10-13 18:30:00,3145.0,3150.0,3071.0,3099.14990234375,2727.5146484375,2245977.0,2767.866621375349,2772.2670452567086,2702.740347931223
2022-10-16 18:30:00,3072.64990234375,3128.39990234375,3071.449951171875,3111.75,2745.69140625,1517005.0,2711.190947627584,2760.3826551550005,2710.132155751458
2022-10-17 18:30:00,3150.0,3155.35009765625,3128.550048828125,3144.699951171875,2774.765380859375,1793722.0,2779.4419453117853,2784.1626709744187,2760.515312292103
2022-10-18 18:30:00,3159.0,3159.0,3112.0,3121.85009765625,2754.60400390625,1194289.0,2787.383691123662,2787.383691123662,2745.9126453867793
2022-10-19 18:30:00,3105.0,3160.0,3105.0,3157.300048828125,2785.8828125,1587601.0,2739.7352164939557,2788.265147865024,2739.7352164939557
2022-10-20 18:30:00,3157.800048828125,3160.39990234375,3127.0,3137.39990234375,2768.323974609375,1021913.0,2786.324298557894,2788.6183117668575,2759.1474909324643
2022-10-23 18:30:00,3170.10009765625,3178.0,3155.0,3161.699951171875,2789.765380859375,260949.0,2797.17735486645,2804.147932217598,2783.853595389088
2022-10-24 18:30:00,3180.5,3184.25,3151.14990234375,3162.10009765625,2790.119140625,2069643.0,2806.35452790859,2809.6633879870865,2780.457096859329
2022-10-26 18:30:00,3160.699951171875,3174.0,3134.35009765625,3157.39990234375,2785.970703125,2438421.0,2788.8825418652286,2800.6180038058537,2765.6324239844766
2022-10-27 18:30:00,3150.0,3178.5,3145.0,3163.25,2791.13330078125,1355739.0,2779.4419971424763,2804.589329497575,2775.0301844485994
2022-10-30 18:30:00,3199.0,3199.0,3177.800048828125,3193.14990234375,2817.515869140625,1919414.0,2822.677776187459,2822.677776187459,2803.9717333524763
2022-10-31 18:30:00,3214.5,3262.60009765625,3203.449951171875,3259.699951171875,2876.2373046875,2991060.0,2836.3545585212883,2878.7962854625307,2826.604408773105
2022-11-01 18:30:00,3270.0,3270.0,3222.050048828125,3241.699951171875,2860.354736328125,1405955.0,2885.325640459638,2885.325640459638,2843.0163977761526
2022-11-02 18:30:00,3228.050048828125,3228.050048828125,3195.0,3206.75,2829.516357421875,1422652.0,2848.3107244829384,2848.3107244829384,2819.1485965425713
2022-11-03 18:30:00,3217.0,3220.050048828125,3166.14990234375,3217.39990234375,2838.91259765625,1464013.0,2838.559738877123,2841.250987184591,2793.6915262799826
2022-11-06 18:30:00,3229.0,3242.800048828125,3195.10009765625,3233.699951171875,2853.295654296875,1474498.0,2849.148593513063,2861.325239443402,2819.2365900807545
2022-11-08 18:30:00,3249.800048828125,3249.800048828125,3201.64990234375,3216.050048828125,2837.721923828125,1162267.0,2867.50165781084,2867.50165781084,2825.015774743182
2022-11-09 18:30:00,3170.0,3225.0,3170.0,3205.64990234375,2828.545166015625,1573092.0,2797.0890301257955,2845.6189659797133,2797.0890301257955
2022-11-10 18:30:00,3269.60009765625,3341.60009765625,3255.050048828125,3315.949951171875,2925.869873046875,3265394.0,2884.972500644262,2948.502600302408,2872.1340832542387
2022-11-13 18:30:00,3324.0,3349.0,3309.0,3335.5,2943.1201171875,1342074.0,2932.972948442887,2955.032010931176,2919.737510949914
2022-11-14 18:30:00,3321.0,3339.949951171875,3292.0,3332.60009765625,2940.561279296875,1400708.0,2930.3257883875335,2947.046514255534,2904.7372765347063
2022-11-15 18:30:00,3338.89990234375,3367.89990234375,3321.449951171875,3355.35009765625,2960.6357421875,1748235.0,2946.1207035803,2971.709221625976,2930.7235177024486
2022-11-16 18:30:00,3340.0,3360.0,3317.75,3349.0,2955.03173828125,1417986.0,2947.090476518177,2964.7377248805615,2927.4579127150246
2022-11-17 18:30:00,3350.0,3362.75,3321.0,3343.449951171875,2950.13525390625,1164540.0,2955.9147721418635,2967.1648955283736,2930.326256203919
2022-11-20 18:30:00,3322.5,3333.699951171875,3273.0,3283.5,2897.23779296875,1304194.0,2931.649936695195,2941.5323553991875,2887.972985042399
2022-11-21 18:30:00,3280.0,3318.949951171875,3255.25,3314.949951171875,2924.98779296875,1149739.0,2894.1492638662367,2928.517243290538,2872.310790000173
2022-11-22 18:30:00,3330.0,3330.0,3291.0,3308.300048828125,2919.1201171875,1150011.0,2938.2673417659494,2938.2673417659494,2903.855201727249
2022-11-23 18:30:00,3316.25,3392.949951171875,3308.300048828125,3380.14990234375,2982.517578125,1296591.0,2926.1346994104915,2993.8118614360064,2919.1199604786734
2022-11-24 18:30:00,3383.0,3403.35009765625,3348.0,3389.64990234375,2990.89990234375,1588981.0,2985.0322780039132,3002.9884406892334,2954.1495911194506
2022-11-27 18:30:00,3366.0,3417.0,3365.550048828125,3395.25,2995.841064453125,2195437.0,2970.031963168903,3015.0324474593413,2969.6349431563262
2022-11-28 18:30:00,3383.0,3429.0,3383.0,3397.35009765625,2997.694091796875,1576028.0,2985.0321047409852,3025.6207765760682,2985.0321047409852
2022-11-29 18:30:00,3383.0,3414.89990234375,3375.0,3390.800048828125,2991.915283203125,3410702.0,2985.0328115260754,3013.1800935776782,2977.9739104051155
2022-11-30 18:30:00,3425.0,3480.0,3420.0,3475.64990234375,3066.783203125,2180856.0,3022.0916277039573,3070.6215662510285,3017.679815108769
2022-12-01 18:30:00,3458.10009765625,3468.89990234375,3413.0,3439.14990234375,3034.577392578125,2411749.0,3051.2983369722797,3060.827681164754,3011.5036956693657
2022-12-04 18:30:00,3433.0,3439.14990234375,3407.0,3425.89990234375,3022.8857421875,1475065.0,3029.150602395043,3034.577045852439,3006.2091763355406
2022-12-05 18:30:00,3400.050048828125,3407.949951171875,3368.0,3385.35009765625,2987.1064453125,1166999.0,3000.0771330182374,3007.0477116962575,2971.797367361695
2022-12-06 18:30:00,3368.300048828125,3393.699951171875,3354.0,3380.60009765625,2982.9150390625,1167505.0,2972.061936190009,2994.473859666086,2959.4441081486752
2022-12-07 18:30:00,3360.0,3380.60009765625,3339.449951171875,3350.550048828125,2956.399658203125,1285619.0,2964.737940576892,2982.914693880783,2946.6053484812223
2022-12-08 18:30:00,3374.10009765625,3374.10009765625,3276.35009765625,3292.75,2905.39990234375,1797896.0,2977.180197169085,2977.180197169085,2890.9292396247524
2022-12-11 18:30:00,3255.5,3296.0,3236.10009765625,3286.449951171875,2899.8408203125,1527610.0,2872.5317381331474,2908.2674270885745,2855.4139881103843
2022-12-12 18:30:00,3277.199951171875,3336.449951171875,3267.800048828125,3332.10009765625,2940.119873046875,1378016.0,2891.67804747704,2943.9580202787447,2883.3839269897835
2022-12-13 18:30:00,3348.800048828125,3377.0,3340.89990234375,3365.35009765625,2969.458740234375,1213311.0,2954.8555977030205,2979.7381772420185,2947.8848046662138
2022-12-14 18:30:00,3358.800048828125,3364.75,3298.949951171875,3305.10009765625,2916.296142578125,1415694.0,2963.678961806573,2968.9289751611977,2910.869484401753
2022-12-15 18:30:00,3275.0,3292.0,3225.199951171875,3240.25,2859.074951171875,2703680.0,2889.7370465513122,2904.7372083196706,2845.795353110489
2022-12-18 18:30:00,3227.0,3245.5,3194.5,3202.050048828125,2825.369384765625,2120965.0,2847.384289941205,2863.7079990716397,2818.7075036309825
2022-12-19 18:30:00,3198.89990234375,3249.0,3163.64990234375,3243.949951171875,2862.340087890625,1529971.0,2822.589610027799,2866.7960620653575,2791.4863286526675
2022-12-20 18:30:00,3249.0,3283.050048828125,3240.0,3268.550048828125,2884.04638671875,1432566.0,2866.796154401474,2896.8406447177717,2858.854890815874
2022-12-21 18:30:00,3294.0,3294.0,3245.10009765625,3259.699951171875,2876.2373046875,1384101.0,2906.5023847469665,2906.5023847469665,2863.3549400669413
2022-12-22 18:30:00,3217.0,3266.85009765625,3217.0,3228.35009765625,2848.5751953125,1360281.0,2838.56029430426,2882.54615313989,2838.56029430426
2022-12-25 18:30:00,3228.35009765625,3272.0,3225.050048828125,3252.89990234375,2870.23681640625,870157.0,2848.574989923709,2887.090025891861,2845.6631506643457
2022-12-26 18:30:00,3269.199951171875,3273.800048828125,3231.5,3259.5,2876.060791015625,835883.0,2884.619664842959,2888.678618824853,2851.3546391063023
2022-12-27 18:30:00,3249.800048828125,3266.10009765625,3226.0,3257.10009765625,2873.943115234375,910795.0,2867.5018256081944,2881.884378094464,2846.501554071851
2022-12-28 18:30:00,3231.10009765625,3271.5,3228.0,3268.75,2884.222412109375,1037927.0,2851.00155026507,2886.6489089761594,2848.2661403561187
2022-12-29 18:30:00,3286.050048828125,3299.0,3246.199951171875,3256.699951171875,2873.589599609375,1163131.0,2899.487022349278,2910.9135724032853,2864.324794362259
2023-01-01 18:30:00,3261.0,3266.85009765625,3235.199951171875,3261.449951171875,2877.78125,709547.0,2877.3842299429016,2882.546136946802,2854.6192334296225
2023-01-02 18:30:00,3252.0,3320.0,3245.300048828125,3311.35009765625,2921.8115234375,1245178.0,2869.443216210816,2929.4438738683607,2863.5314297904347
2023-01-03 18:30:00,3306.699951171875,3327.35009765625,3286.199951171875,3314.64990234375,2924.722900390625,1231668.0,2917.708161297688,2935.9290769595705,2899.6197292688294
2023-01-04 18:30:00,3330.199951171875,3337.300048828125,3281.949951171875,3311.10009765625,2921.591064453125,1826057.0,2938.4440618611807,2944.7089228612836,2895.8700638839987
2023-01-05 18:30:00,3300.0,3301.550048828125,3200.0,3211.550048828125,2833.75146484375,2488376.0,2911.7963885995287,2913.1640936237372,2823.560134399543
2023-01-08 18:30:00,3229.0,3327.0,3221.14990234375,3319.949951171875,2929.399658203125,2885060.0,2849.148823161941,2935.6203575905165,2842.2221906134705
2023-01-09 18:30:00,3285.0,3298.0,3230.10009765625,3286.39990234375,2899.7958984375,3864655.0,2898.5606771633866,2910.031389127808,2850.1190643433856
2023-01-10 18:30:00,3290.10009765625,3349.5,3271.14990234375,3328.699951171875,2937.1201171875,2720512.0,2903.061052704587,2955.473300937228,2886.3401103867363
2023-01-11 18:30:00,3329.0,3350.0,3315.550048828125,3334.35009765625,2942.105712890625,2250391.0,2937.3849869866353,2955.914600902742,2925.5172535387624
2023-01-12 18:30:00,3342.89990234375,3379.0,3305.0,3374.550048828125,2977.57666015625,1742837.0,2949.6497555026567,2981.5031305171833,2916.208300195114
2023-01-15 18:30:00,3317.0,3353.0,3298.050048828125,3334.050048828125,3008.710205078125,1843607.0,2993.323916583658,3025.8110015993384,2976.2231200624447
2023-01-16 18:30:00,3330.0,3381.800048828125,3321.0,3378.39990234375,3048.732177734375,1688475.0,3005.0551874608955,3051.8005344403805,2996.933416683974
2023-01-17 18:30:00,3380.0,3408.949951171875,3372.25,3390.0,3059.200439453125,2421189.0,3050.1762493662427,3076.3012356043387,3043.1825020489086
2023-01-18 18:30:00,3380.0,3387.0,3361.0,3373.10009765625,3043.94970703125,1585044.0,3050.176310188505,3056.4932433752856,3033.030348681528
2023-01-19 18:30:00,3365.0,3394.64990234375,3355.60009765625,3363.10009765625,3034.925537109375,1529349.0,3036.640045144708,3063.3966813383663,3028.1573943638814
2023-01-22 18:30:00,3388.0,3419.0,3355.60009765625,3414.89990234375,3081.670654296875,1067916.0,3057.395670541336,3085.3706604429835,3028.1573821258276
2023-01-23 18:30:00,3425.0,3451.949951171875,3417.300048828125,3436.300048828125,3100.982177734375,1387863.0,3090.784799878651,3115.1049457004037,3083.8362182605956
2023-01-24 18:30:00,3425.300048828125,3435.0,3405.0,3429.75,3095.071533203125,874110.0,3091.055812758132,3099.80923290407,3072.736663184384
2023-01-26 18:30:00,3426.0,3446.0,3382.300048828125,3411.050048828125,3078.196044921875,1785879.0,3091.6871634661047,3109.735541536543,3052.25150144562
2023-01-29 18:30:00,3420.0,3458.449951171875,3385.550048828125,3433.64990234375,3098.590576171875,1953798.0,3086.272646280671,3120.970609015345,3055.1843591556817
2023-01-30 18:30:00,3449.0,3449.0,3351.0,3358.699951171875,3030.955078125,2820375.0,3112.4435693655014,3112.4435693655014,3024.0064949097696
2023-01-31 18:30:00,3363.0,3419.0,3355.0,3408.35009765625,3075.759765625,2205161.0,3034.834977460141,3085.3704394695874,3027.615625744506
2023-02-01 18:30:00,3427.0,3469.0,3420.10009765625,3460.39990234375,3122.73046875,1813847.0,3092.5897637316407,3130.491359902265,3086.363161059032
2023-02-02 18:30:00,3504.0,3504.0,3452.89990234375,3482.300048828125,3142.493408203125,1804469.0,3162.0758544483574,3162.0758544483574,3115.9621601108056
2023-02-05 18:30:00,3473.14990234375,3473.14990234375,3436.85009765625,3459.949951171875,3122.32470703125,1138714.0,3134.236594271582,3134.236594271582,3101.4789594399563
2023-02-06 18:30:00,3468.89990234375,3493.0,3461.39990234375,3472.550048828125,3133.6953125,1455647.0,3130.401350781037,3152.1497379876287,3123.6332079139006
2023-02-07 18:30:00,3478.050048828125,3539.89990234375,3478.050048828125,3520.10009765625,3176.60498046875,1986946.0,3138.658220197554,3194.4726991238244,3138.658220197554
2023-02-08 18:30:00,3515.0,3547.60009765625,3505.300048828125,3540.85009765625,3195.33056640625,1655427.0,3172.0029459457633,3201.421894965321,3163.249525265047
2023-02-09 18:30:00,3520.0,3542.35009765625,3508.14990234375,3537.550048828125,3192.352294921875,1187821.0,3176.5147978181903,3196.683950073236,3165.8210448180002
2023-02-12 18:30:00,3549.0,3549.0,3473.39990234375,3482.39990234375,3142.583984375,1087939.0,3202.6851807113194,3202.6851807113194,3134.462212995343
2023-02-13 18:30:00,3505.0,3524.85009765625,3495.0,3500.10009765625,3158.556884765625,1579818.0,3162.9786498154,3180.8917554026953,3153.954459659008
2023-02-14 18:30:00,3487.0,3526.0,3460.14990234375,3520.64990234375,3177.101318359375,1429449.0,3146.7350075745903,3181.929348066534,3122.504969647513
2023-02-15 18:30:00,3527.199951171875,3575.0,3527.0,3558.050048828125,3210.851318359375,1618931.0,3183.011609706679,3226.1472732558686,3182.831170006559
2023-02-16 18:30:00,3526.14990234375,3538.89990234375,3490.0,3501.14990234375,3159.50439453125,1061369.0,3182.0648709651223,3193.5707139463975,3149.442510168604
2023-02-19 18:30:00,3502.0,3522.0,3475.050048828125,3487.300048828125,3147.00537109375,1296082.0,3160.2708844264075,3178.3192618360385,3135.950739930351
2023-02-20 18:30:00,3494.0,3508.89990234375,3444.75,3451.0,3114.248046875,1139541.0,3153.0520648453344,3166.498020154709,3108.607927983963
2023-02-21 18:30:00,3414.949951171875,3447.0,3395.0,3401.550048828125,3069.623291015625,1218430.0,3081.715617084995,3110.6381891326687,3063.712402699568
2023-02-22 18:30:00,3421.0,3452.39990234375,3408.0,3413.800048828125,3080.677734375,1441570.0,3087.1751064959585,3115.510972284333,3075.443660607491
2023-02-23 18:30:00,3422.5,3433.949951171875,3382.300048828125,3400.449951171875,3068.630126953125,977592.0,3088.528506610633,3098.8611583545735,3052.2513129923154
2023-02-26 18:30:00,3390.0,3390.0,3316.0,3331.85009765625,3006.724853515625,1128022.0,3059.2004305919913,3059.2004305919913,2992.4214241424907
2023-02-27 18:30:00,3328.5,3392.0,3299.89990234375,3312.85009765625,2989.57861328125,4116217.0,3003.701381280899,3061.004982816527,2977.8921119899733
2023-02-28 18:30:00,3323.0,3389.0,3315.0,3385.699951171875,3055.31982421875,1669307.0,2998.738199575175,3058.297850845702,2991.5188479060203
2023-03-01 18:30:00,3361.0,3369.89990234375,3318.0,3321.449951171875,2997.33984375,1556538.0,3033.0305628388037,3041.0620046165113,2994.2265419515475
2023-03-02 18:30:00,3354.0,3358.0,3331.10009765625,3342.14990234375,3016.019775390625,1043190.0,3026.713529386069,3030.3232056286283,3006.0482210242776
2023-03-05 18:30:00,3361.89990234375,3404.949951171875,3359.0,3371.85009765625,3042.821533203125,1334132.0,3033.8422880766893,3072.6914693231265,3031.22536115521
2023-03-07 18:30:00,3364.0,3396.0,3330.85009765625,3390.39990234375,3059.5615234375,1844590.0,3035.7377481425538,3064.6151583508063,3005.8226441318043
2023-03-08 18:30:00,3385.0,3385.0,3330.85009765625,3336.85009765625,3011.236328125,1648500.0,3054.687706188105,3054.687706188105,3005.821815204135
2023-03-09 18:30:00,3312.89990234375,3337.25,3290.0,3331.0,3005.9580078125,1024404.0,2989.6241340532706,3011.598127160692,2968.9588248883592
2023-03-12 18:30:00,3333.0,3369.800048828125,3272.0,3281.949951171875,2961.694091796875,1901233.0,3007.762627347276,3040.97169171865,2952.7150665107374
2023-03-13 18:30:00,3280.0,3304.39990234375,3209.39990234375,3214.949951171875,2901.231689453125,2670334.0,2959.934084802029,2981.9530185255367,2896.223220337673
2023-03-14 18:30:00,3250.0,3260.35009765625,3192.0,3198.89990234375,2886.748046875,1780522.0,2932.8617458363906,2942.2018705999863,2880.521443910695
2023-03-15 18:30:00,3208.0,3219.800048828125,3172.0,3185.0,2874.204345703125,1901060.0,2894.959981480573,2905.608569116776,2862.4728993941326
2023-03-16 18:30:00,3150.5,3221.39990234375,3144.0,3179.300048828125,2869.06103515625,6739966.0,2843.07132149779,2907.05274636702,2837.2055974572454
2023-03-19 18:30:00,3169.64990234375,3169.64990234375,3095.050048828125,3143.300048828125,2836.57373046875,2289468.0,2860.3523392948427,2860.3523392948427,2793.0320130478685
2023-03-20 18:30:00,3143.300048828125,3156.75,3097.449951171875,3106.10009765625,2803.004150390625,1815297.0,2836.5740979939796,2848.7115912401773,2795.1980927186637
2023-03-21 18:30:00,3130.050048828125,3143.5,3106.10009765625,3130.800048828125,2825.29296875,1123939.0,2824.6161546151097,2836.753644037391,2803.0032673043625
2023-03-22 18:30:00,3114.89990234375,3146.35009765625,3101.0,3124.64990234375,2819.743896484375,1372218.0,2810.9453098106806,2839.326568206747,2798.401771807873
2023-03-23 18:30:00,3148.89990234375,3170.0,3106.0,3120.5,2815.99853515625,1329577.0,2841.6271470449155,2860.668276380488,2802.9134594440998
2023-03-26 18:30:00,3135.0,3152.75,3106.0,3122.300048828125,2817.62353515625,1524217.0,2829.0842150260914,2845.102155956463,2802.914058013091
2023-03-27 18:30:00,3127.0,3149.550048828125,3110.14990234375,3115.89990234375,2811.84716796875,1303530.0,2821.864106617975,2842.2136983642395,2806.6582589143677
2023-03-28 18:30:00,3129.0,3150.0,3104.10009765625,3138.89990234375,2832.60302734375,1740616.0,2823.6691670035793,2842.619966782127,2801.1990211073035
2023-03-30 18:30:00,3189.949951171875,3213.0,3152.0,3205.89990234375,2893.06494140625,2382581.0,2878.671402631456,2899.472204338833,2844.424646148771
2023-04-02 18:30:00,3224.949951171875,3224.949951171875,3173.75,3200.0,2887.74072265625,1521830.0,2910.256032039784,2910.256032039784,2864.0522245407105
2023-04-04 18:30:00,3185.5,3264.35009765625,3185.5,3239.800048828125,2923.6572265625,2655065.0,2874.655829017467,2945.8116578814243,2874.655829017467
2023-04-05 18:30:00,3225.0,3257.35009765625,3215.0,3220.699951171875,2906.4208984375,1703464.0,2910.3013442933197,2939.494687765259,2901.277154078457
2023-04-09 18:30:00,3220.0,3272.0,3215.0,3263.39990234375,2944.954345703125,2203187.0,2905.7894456494955,2952.715237939487,2901.277350236996
2023-04-10 18:30:00,3264.0,3272.949951171875,3192.14990234375,3213.800048828125,2900.1943359375,2348779.0,2945.4957273871946,2953.572333679193,2880.6568316583844
2023-04-11 18:30:00,3227.949951171875,3260.949951171875,3199.0,3241.64990234375,2925.32666015625,2417727.0,2912.9635630873936,2942.7433920921726,2886.838575342086
2023-04-12 18:30:00,3210.0,3230.0,3180.0,3188.85009765625,2877.67919921875,4174070.0,2896.7652748184937,2914.813656593064,2869.692702156639
2023-04-16 18:30:00,3134.10009765625,3163.39990234375,3070.25,3139.5,2833.144287109375,5505048.0,2828.2713129172603,2854.7120118386847,2770.6517749633886
2023-04-17 18:30:00,3154.949951171875,3156.85009765625,3110.60009765625,3130.75,2825.248291015625,2617302.0,2847.086786804494,2848.801515098883,2807.064636248936
2023-04-18 18:30:00,3130.75,3140.0,3071.5,3089.60009765625,2788.11376953125,3298034.0,2825.2482224420037,2833.595598009388,2771.779897861731
2023-04-19 18:30:00,3090.0,3113.0,3078.0,3104.800048828125,2801.830322265625,2419999.0,2788.4744781128575,2809.230113386837,2777.6454510133904
2023-04-20 18:30:00,3110.0,3164.449951171875,3100.800048828125,3160.85009765625,2852.4111328125,1929184.0,2806.523039363576,2855.6597089636048,2798.2208287767953
2023-04-23 18:30:00,3151.10009765625,3180.949951171875,3126.14990234375,3174.800048828125,2864.99951171875,1640676.0,2843.612228270697,2870.5492997183014,2821.096700902608
2023-04-24 18:30:00,3183.0,3191.199951171875,3147.5,3176.0,2866.082275390625,2024090.0,2872.399207357796,2879.79899788449,2840.3633380957153
2023-04-25 18:30:00,3181.0,3208.39990234375,3181.0,3198.14990234375,2886.071533203125,2000029.0,2870.595133890123,2895.321328903337,2870.595133890123
2023-04-26 18:30:00,3185.0,3199.199951171875,3170.64990234375,3187.949951171875,2876.86669921875,2434446.0,2874.204607146831,2887.0189132942296,2861.2548059548058
2023-04-27 18:30:00,3200.39990234375,3227.25,3196.25,3219.25,2905.1123046875,2931312.0,2888.101618768192,2912.331656535757,2884.3566681237626
2023-05-01 18:30:00,3235.0,3235.0,3210.0,3219.39990234375,2905.2470703125,2321159.0,2919.3248920765545,2919.3248920765545,2896.7644215040928
2023-05-02 18:30:00,3216.0,3216.0,3173.14990234375,3179.89990234375,2869.60205078125,2468285.0,2902.1794643631756,2902.1794643631756,2863.510722614443
2023-05-03 18:30:00,3180.14990234375,3224.449951171875,3178.0,3220.699951171875,2906.4208984375,1953253.0,2869.827763052802,2909.8049697680735,2867.8876502834637
2023-05-04 18:30:00,3220.0,3244.0,3210.050048828125,3230.699951171875,2915.44482421875,1710027.0,2905.788985628069,2927.447040179334,2896.809961242115
2023-05-07 18:30:00,3245.0,3254.85009765625,3231.300048828125,3250.60009765625,2933.403564453125,928235.0,2928.3499294526296,2937.2388455625774,2915.9868320573555
2023-05-08 18:30:00,3252.60009765625,3298.0,3246.0,3283.25,2962.867431640625,1107375.0,2935.208375084693,2976.1781130132586,2929.2523210554996
2023-05-09 18:30:00,3290.0,3306.5,3266.050048828125,3286.800048828125,2966.070556640625,1559987.0,2968.9582531273554,2983.848165339088,2947.345364010718
2023-05-10 18:30:00,3309.0,3309.699951171875,3272.0,3282.14990234375,2961.8740234375,1719623.0,2986.1040583661356,2986.7357075154237,2952.7145599800533
2023-05-11 18:30:00,3279.14990234375,3290.0,3260.0,3274.300048828125,2954.79052734375,1027479.0,2959.1671272317485,2968.9584613481547,2941.8858917917887
2023-05-14 18:30:00,3284.0,3292.0,3248.35009765625,3255.050048828125,2937.4189453125,1150390.0,2963.5439307236315,2970.7632825646147,2931.372782209103
2023-05-15 18:30:00,3256.199951171875,3285.0,3250.449951171875,3258.14990234375,2940.216552734375,986306.0,2938.456879642463,2964.446592461722,2933.2679700818376
2023-05-16 18:30:00,3255.949951171875,3280.0,3198.25,3208.699951171875,2895.591552734375,1588815.0,2938.2308468250335,2959.9340659758723,2886.161319057114
2023-05-17 18:30:00,3225.949951171875,3228.949951171875,3195.0,3199.85009765625,2887.605712890625,1369364.0,2911.1587181306295,2913.865975306526,2883.228892329398
2023-05-18 18:30:00,3210.0,3234.5,3203.050048828125,3222.85009765625,2908.361328125,1152449.0,2896.765155186877,2918.8744219476494,2890.49338684266
2023-05-21 18:30:00,3230.0,3308.449951171875,3217.050048828125,3298.699951171875,2976.809326171875,1333243.0,2914.813188789529,2985.6079108748772,2903.126907529479
2023-05-22 18:30:00,3306.0,3327.949951171875,3290.10009765625,3297.050048828125,2975.32080078125,1687418.0,2983.397407291097,3003.205461561012,2969.049032388337
2023-05-23 18:30:00,3276.0,3317.199951171875,3276.0,3303.35009765625,2981.005859375,1016555.0,2956.324611866416,2993.5042301988665,2956.324611866416
2023-05-24 18:30:00,3294.0,3306.0,3267.10009765625,3293.5,2972.117431640625,1374917.0,2972.5686412097216,2983.3976708680448,2948.293654519183
2023-05-25 18:30:00,3293.5,3338.64990234375,3291.0,3328.89990234375,3004.0625,1791115.0,2972.1169557498865,3012.861085188572,2969.860908265637
2023-05-28 18:30:00,3360.800048828125,3372.0,3312.0,3320.35009765625,2996.3466796875,1210372.0,3032.849480091868,3042.9565276981425,2988.811393753336
2023-05-29 18:30:00,3315.0,3326.949951171875,3301.35009765625,3316.199951171875,2992.601806640625,1344224.0,2991.518947917476,3002.3028107703726,2979.201016847023
2023-05-30 18:30:00,3309.0,3327.699951171875,3265.14990234375,3289.5,2968.507568359375,5815424.0,2986.104740447233,3002.979933206516,2946.5335755997253
2023-05-31 18:30:00,3314.0,3340.0,3297.5,3324.0,2999.640625,1177314.0,2990.6164353941035,3014.0793283694343,2975.7265225443743
2023-06-01 18:30:00,3326.25,3335.89990234375,3297.449951171875,3305.60009765625,2983.03662109375,2030661.0,3001.671487107062,3010.3797431667695,2975.6817733469197
2023-06-04 18:30:00,3315.0,3327.0,3285.050048828125,3288.89990234375,2967.96533203125,1861468.0,2991.518552654102,3002.3475790890493,2964.4911515736353
2023-06-05 18:30:00,3280.0,3288.85009765625,3220.60009765625,3232.300048828125,2916.888916015625,2022849.0,2959.9342573409676,2967.920753448757,2906.330658002561
2023-06-06 18:30:00,3253.0,3278.85009765625,3241.0,3274.89990234375,2955.331787109375,1567196.0,2935.568899857537,2958.8965182829807,2924.739872252775
2023-06-07 18:30:00,3261.0,3270.0,3233.0,3236.449951171875,2920.633544921875,1759366.0,2942.7879725257776,2950.9097424591514,2917.52024384417
2023-06-08 18:30:00,3245.0,3250.0,3205.35009765625,3209.300048828125,2896.133544921875,1775689.0,2928.3498614294867,2932.86195674756,2892.569033684028
2023-06-11 18:30:00,3215.0,3254.39990234375,3211.0,3246.89990234375,2930.064208984375,2324605.0,2901.2771305591828,2936.8323515906563,2897.6674545025
2023-06-12 18:30:00,3260.0,3265.0,3239.0,3243.699951171875,2927.1767578125,1371928.0,2941.886233041138,2946.3983284905876,2922.9354321534497
2023-06-13 18:30:00,3243.699951171875,3255.85009765625,3225.85009765625,3251.050048828125,2933.808837890625,1658544.0,2927.175971235423,2938.1404924215467,2911.0679269996626
2023-06-14 18:30:00,3245.300048828125,3247.449951171875,3210.0,3216.300048828125,2924.036376953125,2273810.0,2950.4011606002655,2952.3557023297635,2918.308810597265
2023-06-15 18:30:00,3197.0,3199.39990234375,3156.0,3174.89990234375,2886.39794921875,4156189.0,2906.489819361,2908.6716434866084,2869.2154738515223
2023-06-18 18:30:00,3190.0,3214.89990234375,3175.0,3210.39990234375,2918.671875,1468186.0,2900.1257053530403,2922.7629614182097,2886.488750625675
2023-06-19 18:30:00,3214.0,3232.5,3201.050048828125,3227.699951171875,2934.39990234375,1528452.0,2921.9448612962487,2938.76377229002,2910.171667991738
2023-06-20 18:30:00,3250.0,3261.39990234375,3223.949951171875,3258.199951171875,2962.128662109375,1645987.0,2954.6738371268343,2965.0378350347974,2930.990945518115
2023-06-21 18:30:00,3260.0,3267.64990234375,3230.10009765625,3238.5,2944.21875,1529603.0,2963.7650532654006,2970.7198119240816,2936.5821435529915
2023-06-22 18:30:00,3237.300048828125,3249.39990234375,3209.14990234375,3216.35009765625,2924.081787109375,1119505.0,2943.128025485959,2954.1283706652703,2917.5358703597485
2023-06-25 18:30:00,3205.0,3213.89990234375,3173.0,3189.64990234375,2899.80810546875,1978803.0,2913.7633478828543,2921.8545208154455,2884.6711709305137
2023-06-26 18:30:00,3202.0,3209.64990234375,3182.300048828125,3197.35009765625,2906.808349609375,863542.0,2911.035717443629,2917.990476643383,2893.1258918679814
2023-06-27 18:30:00,3208.0,3230.949951171875,3193.39990234375,3215.449951171875,2923.263427734375,1575872.0,2916.490450350226,2937.354949548723,2903.2170571492807
2023-06-29 18:30:00,3220.0,3310.0,3214.10009765625,3302.25,3002.17578125,2672406.0,2927.3998078961313,3009.2215416572035,2922.036027465169
2023-07-02 18:30:00,3314.300048828125,3318.800048828125,3268.75,3272.300048828125,2974.947021484375,1687264.0,3013.13049275471,3017.2215789622455,2971.719564640637
2023-07-03 18:30:00,3290.0,3315.0,3277.300048828125,3308.85009765625,3008.176025390625,1656681.0,2991.0388296361334,3013.7670882199945,2979.4929186666623
2023-07-04 18:30:00,3320.0,3329.0,3305.0,3319.949951171875,3018.267333984375,1453008.0,3018.312834894104,3026.495008241709,3004.6758793147633
2023-07-05 18:30:00,3306.550048828125,3328.449951171875,3302.0,3322.89990234375,3020.948974609375,1848238.0,3006.084827429316,3025.9946921480014,3001.948240187536
2023-07-06 18:30:00,3302.0,3356.89990234375,3302.0,3329.25,3026.72216796875,1789326.0,3001.9483663386086,3051.8595329506525,3001.9483663386086
2023-07-09 18:30:00,3324.75,3324.75,3265.199951171875,3271.949951171875,2974.62939453125,1407431.0,3022.631527699752,3022.631527699752,2968.492763863689
2023-07-10 18:30:00,3295.0,3295.0,3260.800048828125,3272.39990234375,2975.0380859375,1110172.0,2995.58452074979,2995.58452074979,2964.4923069892843
2023-07-11 18:30:00,3280.949951171875,3289.14990234375,3250.10009765625,3259.89990234375,2963.674072265625,1515240.0,2982.811311383607,2990.266136197233,2954.764772000077
2023-07-12 18:30:00,3284.0,3367.449951171875,3272.75,3340.550048828125,3036.99560546875,4585146.0,2985.5842369007783,3061.4511244735218,2975.3565198894707
2023-07-13 18:30:00,3365.0,3524.85009765625,3352.0,3514.64990234375,3195.27490234375,6306101.0,3059.223633971811,3204.548209497131,3047.4049393977743
2023-07-16 18:30:00,3510.0,3549.89990234375,3477.050048828125,3491.699951171875,3174.41064453125,2743228.0,3191.047775615765,3227.3219906075915,3161.0919726546085
2023-07-17 18:30:00,3476.0,3524.0,3465.0,3496.85009765625,3179.09228515625,2600090.0,3160.1368301745892,3203.775083295527,3150.136397167708
2023-07-18 18:30:00,3500.0,3516.85009765625,3445.64990234375,3470.050048828125,3154.727783203125,2405370.0,3181.9561925165294,3197.2751275399046,3132.5448697161914
2023-07-19 18:30:00,3453.10009765625,3478.89990234375,3436.050048828125,3463.300048828125,3156.77880859375,1715404.0,3147.4816096060504,3170.9979886535184,3131.940584552698
2023-07-20 18:30:00,3404.050048828125,3434.89990234375,3359.050048828125,3368.300048828125,3070.186767578125,3770223.0,3102.772693816824,3130.8921637786366,3061.7554440058743
2023-07-23 18:30:00,3381.0,3413.449951171875,3372.10009765625,3394.75,3094.295166015625,1680132.0,3081.7621198317484,3111.3400643191408,3073.6499098603877
2023-07-24 18:30:00,3397.5,3406.800048828125,3380.199951171875,3399.14990234375,3098.306396484375,1272980.0,3096.802519593953,3105.279462829651,3081.0336204622276
2023-07-25 18:30:00,3400.35009765625,3420.85009765625,3385.0,3388.300048828125,3088.416748046875,1066803.0,3099.400300884362,3118.0859374639376,3085.408771798231
2023-07-26 18:30:00,3394.949951171875,3411.64990234375,3385.050048828125,3396.89990234375,3096.25537109375,1701769.0,3094.4780014441108,3109.699914070163,3085.454295510359
2023-07-27 18:30:00,3385.0,3393.699951171875,3331.0,3355.39990234375,3058.428466796875,2599831.0,3085.408792220562,3093.3387496319633,3036.1880906607657
2023-07-30 18:30:00,3364.39990234375,3426.64990234375,3360.89990234375,3421.449951171875,3118.632568359375,2743678.0,3066.6317666989726,3123.3722948817326,3063.4415361987367
2023-07-31 18:30:00,3415.0,3460.0,3415.0,3452.050048828125,3146.524658203125,1956167.0,3112.753742203544,3153.7709950290664,3112.753742203544
2023-08-01 18:30:00,3434.949951171875,3446.39990234375,3413.60009765625,3440.64990234375,3136.133544921875,1914899.0,3130.9380706417523,3141.3746384347655,3111.477796074465
2023-08-02 18:30:00,3420.0,3433.25,3368.0,3399.949951171875,3099.035400390625,2026351.0,3117.3109079687597,3129.3882090010948,3069.913198256954
2023-08-03 18:30:00,3401.25,3471.0,3401.25,3443.550048828125,3138.77685546875,2248493.0,3100.220594527487,3163.7973343932103,3100.220594527487
2023-08-06 18:30:00,3453.949951171875,3488.0,3441.25,3484.050048828125,3175.6923828125,1853889.0,3148.2563099923013,3179.292741496562,3136.680374620139
2023-08-07 18:30:00,3484.050048828125,3489.949951171875,3456.60009765625,3470.60009765625,3163.43212890625,1634225.0,3175.691682433625,3181.069409658445,3150.67120901963
2023-08-08 18:30:00,3464.89990234375,3467.0,3425.050048828125,3462.5,3156.0498046875,1794589.0,3158.2373025425936,3160.1515300654332,3121.9143791043803
2023-08-09 18:30:00,3450.0,3464.89990234375,3430.050048828125,3442.10009765625,3137.455078125,1096701.0,3144.6557951355153,3158.236973179639,3126.471525696296
2023-08-10 18:30:00,3438.10009765625,3466.64990234375,3414.0,3448.800048828125,3143.56201171875,1679974.0,3133.8090658955844,3159.8320536556635,3111.8419612799826
2023-08-13 18:30:00,3440.699951171875,3455.0,3411.0,3449.85009765625,3144.519287109375,1190425.0,3136.178979187144,3149.213394617888,3109.1076379281085
2023-08-15 18:30:00,3450.0,3466.0,3435.199951171875,3458.39990234375,3152.312255859375,1328445.0,3144.6557916406823,3159.239702558436,3131.165629535196
2023-08-16 18:30:00,3455.0,3460.800048828125,3413.199951171875,3435.75,3131.667236328125,1843241.0,3149.213505497685,3154.5002181176783,3111.112990794358
2023-08-17 18:30:00,3410.0,3410.0,3356.5,3367.10009765625,3069.09326171875,2526749.0,3108.1962872876197,3108.1962872876197,3059.431330874163
2023-08-20 18:30:00,3375.0,3409.75,3372.0,3401.64990234375,3100.584716796875,1375579.0,3076.293480989737,3107.967910164372,3073.558997895524
2023-08-21 18:30:00,3400.0,3411.0,3365.050048828125,3382.14990234375,3082.810546875,1222012.0,3099.0808101413627,3109.1072480565263,3067.224126908382
2023-08-22 18:30:00,3388.0,3402.0,3376.0,3398.25,3097.486083984375,1330046.0,3088.143265662933,3100.9041882483175,3077.2053320183186
2023-08-23 18:30:00,3408.0,3413.050048828125,3378.10009765625,3387.75,3087.9150390625,1152881.0,3106.372799977861,3110.975891033685,3079.1192074418814
2023-08-24 18:30:00,3375.0,3385.800048828125,3350.25,3381.300048828125,3082.036376953125,1158046.0,3076.2939171345733,3086.138102175971,3053.73442840892
2023-08-27 18:30:00,3394.0,3394.0,3360.10009765625,3375.550048828125,3076.795166015625,1037485.0,3093.6121942799687,3093.6121942799687,3062.712621128665
2023-08-28 18:30:00,3381.050048828125,3389.550048828125,3365.0,3376.14990234375,3077.342041015625,944517.0,3081.8084975473785,3089.556200731551,3067.178966440109
2023-08-29 18:30:00,3398.0,3408.10009765625,3383.050048828125,3390.949951171875,3090.83203125,1188200.0,3097.2581115677926,3106.464294438142,3083.6313141767887
2023-08-30 18:30:00,3401.0,3417.39990234375,3343.64990234375,3356.800048828125,3059.704833984375,3417652.0,3099.9928470608975,3114.941268101216,3047.7185475864435
2023-08-31 18:30:00,3366.0,3389.0,3356.800048828125,3379.199951171875,3080.1220703125,1277950.0,3068.090387808054,3089.054760630272,3059.704683185733
2023-09-03 18:30:00,3378.0,3432.85009765625,3370.050048828125,3418.5,3115.943603515625,1828332.0,3079.028080349797,3129.023637156642,3071.7817443830672
2023-09-04 18:30:00,3420.0,3447.0,3405.14990234375,3429.35009765625,3125.833984375,1501842.0,3117.3114211549,3141.921774479807,3103.77563781306
2023-09-05 18:30:00,3434.0,3443.89990234375,3398.10009765625,3429.89990234375,3126.33447265625,1314818.0,3130.0716886126784,3139.0953939260744,3097.3491295124654
2023-09-06 18:30:00,3430.800048828125,3460.0,3422.300048828125,3455.25,3149.44091796875,1885092.0,3127.15492515693,3153.770516220787,3119.4072230217057
2023-09-07 18:30:00,3455.25,3465.0,3435.050048828125,3441.89990234375,3137.272216796875,1518917.0,3149.4407550044966,3158.327824640932,3131.028614213004
2023-09-10 18:30:00,3462.0,3485.699951171875,3445.0,3480.64990234375,3172.593017578125,1783604.0,3155.5937353709564,3177.1961089834826,3140.098329969077
2023-09-11 18:30:00,3492.0,3589.89990234375,3483.0,3580.800048828125,3263.879150390625,4476016.0,3182.9384041965895,3272.1736158051285,3174.7349547012377
2023-09-12 18:30:00,3571.10009765625,3588.85009765625,3545.0,3567.85009765625,3252.07568359375,1754929.0,3255.0380406666054,3271.2170677568156,3231.247945622234
2023-09-13 18:30:00,3570.050048828125,3597.699951171875,3545.60009765625,3560.050048828125,3244.965576171875,2604721.0,3254.0805198711637,3279.2832501865755,3231.7945270329637
2023-09-14 18:30:00,3567.85009765625,3607.35009765625,3562.449951171875,3598.300048828125,3279.830322265625,2952897.0,3252.0753624763356,3288.079391037457,3247.153159229306
2023-09-17 18:30:00,3580.050048828125,3619.300048828125,3575.25,3606.14990234375,3286.9853515625,1395753.0,3263.1954818934582,3298.9716361140518,3258.820264386671
2023-09-19 18:30:00,3580.0,3625.0,3580.0,3606.050048828125,3286.894775390625,1649396.0,3263.1502992373726,3304.167551602088,3263.1502992373726
2023-09-20 18:30:00,3588.550048828125,3605.0,3528.0,3585.300048828125,3267.9814453125,2004073.0,3270.9438025915615,3285.93784338978,3215.752763239707
2023-09-21 18:30:00,3584.0,3633.75,3565.050048828125,3603.64990234375,3284.706787109375,1989083.0,3266.796010717758,3312.1428582437647,3249.52323591542
2023-09-24 18:30:00,3602.5,3620.0,3558.64990234375,3577.14990234375,3260.55224609375,1238778.0,3283.658719154224,3299.6098718496296,3243.689598958607
2023-09-25 18:30:00,3567.60009765625,3594.949951171875,3536.0,3585.699951171875,3268.345703125,1726062.0,3251.847786603666,3276.7770270409974,3223.0444721045315
2023-09-26 18:30:00,3590.0,3614.0,3555.699951171875,3589.300048828125,3271.62744140625,1541134.0,3272.2654430863545,3294.141312343756,3241.0011354327476
2023-09-27 18:30:00,3600.0,3602.800048828125,3527.35009765625,3536.75,3223.72802734375,1755753.0,3281.38005186612,3283.9322808574702,3215.160068443675
2023-09-28 18:30:00,3537.199951171875,3568.449951171875,3505.550048828125,3528.60009765625,3216.29931640625,2243791.0,3224.1380349399456,3252.622235715334,3195.28932540776
2023-10-02 18:30:00,3534.199951171875,3534.199951171875,3480.10009765625,3513.85009765625,3202.855224609375,1948148.0,3221.404005246326,3221.404005246326,3172.0922834404655
2023-10-03 18:30:00,3486.300048828125,3548.0,3477.300048828125,3537.75,3224.639404296875,1788138.0,3177.7430606044213,3233.982222159653,3169.539610773689
2023-10-04 18:30:00,3554.0,3624.0,3551.199951171875,3589.35009765625,3271.672607421875,2990768.0,3239.4511904452584,3303.2558002739493,3236.8989615455466
2023-10-05 18:30:00,3591.0,3634.949951171875,3575.050048828125,3621.39990234375,3300.885498046875,2075691.0,3273.176159256762,3313.2362908012565,3258.637869109981
2023-10-08 18:30:00,3645.050048828125,3679.0,3631.0,3638.35009765625,3316.3359375,4233074.0,3322.4429058385053,3353.388098061812,3309.636364246382
2023-10-09 18:30:00,3640.050048828125,3648.0,3601.35009765625,3628.89990234375,3307.722412109375,1848148.0,3317.8857096422857,3325.1320466518578,3282.6109158249983
2023-10-10 18:30:00,3650.0,3650.0,3605.0,3609.89990234375,3290.403564453125,2426417.0,3326.9545791162677,3326.9545791162677,3285.9373308805875
2023-10-11 18:30:00,3575.0,3588.64990234375,3538.10009765625,3542.550048828125,3229.014404296875,4241281.0,3258.5923519076296,3271.0341609654283,3224.9582988828793
2023-10-12 18:30:00,3530.0,3577.0,3525.0,3570.85009765625,3254.809814453125,2890357.0,3217.575179804026,3260.4154159090654,3213.017707877958
2023-10-15 18:30:00,3566.0,3574.64990234375,3519.10009765625,3524.050048828125,3212.151611328125,1671104.0,3250.3887536458633,3258.273090521427,3207.639758938849
2023-10-16 18:30:00,3530.0,3534.14990234375,3503.35009765625,3507.050048828125,3196.656494140625,1672065.0,3217.5752462064243,3221.3578589700005,3193.2840093522973
2023-10-17 18:30:00,3511.0,3522.699951171875,3484.0,3487.25,3178.608642578125,1408245.0,3200.256633189991,3210.921072479593,3175.64628596808
2023-10-18 18:30:00,3469.5,3476.85009765625,3451.89990234375,3455.64990234375,3157.9560546875,1514545.0,3170.613008079076,3177.3299169246034,3154.529105910934
2023-10-19 18:30:00,3450.39990234375,3499.5,3444.050048828125,3494.550048828125,3193.5048828125,1481211.0,3153.158141056141,3198.0284103099434,3147.3553086674356
2023-10-22 18:30:00,3473.0,3478.949951171875,3401.300048828125,3410.14990234375,3116.37548828125,1106272.0,3173.811234327899,3179.2486146541296,3108.288023694424
2023-10-24 18:30:00,3390.5,3425.0,3377.199951171875,3390.10009765625,3098.05322265625,1518537.0,3098.418674622007,3129.946603916937,3086.2643847938266
2023-10-25 18:30:00,3368.050048828125,3373.699951171875,3330.0,3336.75,3049.299072265625,1984471.0,3077.90271648634,3083.0658968190555,3043.1305643648857
2023-10-26 18:30:00,3350.0,3362.0,3337.0,3350.949951171875,3062.27587890625,1108851.0,3061.407763117545,3072.3739998809515,3049.5276732905218
2023-10-29 18:30:00,3350.0,3382.85009765625,3333.75,3378.550048828125,3087.497802734375,910972.0,3061.407257455826,3091.427414880595,3046.5571476248833
2023-10-30 18:30:00,3399.0,3399.0,3350.050048828125,3368.75,3078.5419921875,999811.0,3106.1860427295915,3106.1860427295915,3061.4529873832034
2023-10-31 18:30:00,3355.0,3371.60009765625,3311.0,3330.64990234375,3043.724365234375,1563475.0,3065.976774735599,3081.146823579833,3025.7672432636564
2023-11-01 18:30:00,3343.199951171875,3375.949951171875,3343.199951171875,3360.10009765625,3070.637451171875,1245384.0,3055.193202126613,3085.1218868690776,3055.193202126613
2023-11-02 18:30:00,3382.0,3387.89990234375,3344.300048828125,3350.89990234375,3062.2294921875,1402598.0,3090.6504056818926,3096.0420483703,3056.198197111951
2023-11-05 18:30:00,3375.0,3392.300048828125,3359.0,3380.25,3089.051513671875,1099852.0,3084.2537855610026,3100.063486624272,3069.6321379850096
2023-11-06 18:30:00,3378.0,3404.14990234375,3366.0,3370.449951171875,3080.095458984375,1191144.0,3086.9950929939328,3110.892257060667,3076.028858205322
2023-11-07 18:30:00,3371.449951171875,3401.949951171875,3369.550048828125,3381.550048828125,3090.239501953125,992899.0,3081.009497872084,3108.8820129756928,3079.273266502525
2023-11-08 18:30:00,3390.10009765625,3391.5,3342.050048828125,3347.449951171875,3059.0771484375,2112352.0,3098.0531123476367,3099.3324172908847,3054.14243153224
2023-11-09 18:30:00,3338.0,3347.449951171875,3322.35009765625,3333.449951171875,3046.282958984375,1338557.0,3050.441034374945,3059.076899811592,3036.139325479398
2023-11-12 18:30:00,3356.0,3356.0,3327.0,3331.550048828125,3044.54736328125,1030990.0,3066.8910271259133,3066.8910271259133,3040.38928702262
2023-11-14 18:30:00,3383.10009765625,3413.0,3356.050048828125,3404.300048828125,3111.029296875,2059802.0,3091.6556611078686,3118.9797720354964,3066.9358969333903
2023-11-15 18:30:00,3430.050048828125,3529.35009765625,3414.199951171875,3497.85009765625,3196.52099609375,3951984.0,3134.561714373673,3225.3073673120084,3120.077054215627
2023-11-16 18:30:00,3497.85009765625,3524.5,3492.550048828125,3502.449951171875,3200.724609375,2021292.0,3196.5210191589413,3220.875113994912,3191.6775533131577
2023-11-19 18:30:00,3491.25,3533.89990234375,3491.25,3519.60009765625,3216.397216796875,1475621.0,3190.4893941274177,3229.4651366518156,3190.4893941274177
2023-11-20 18:30:00,3519.60009765625,3539.050048828125,3501.0,3510.199951171875,3207.80615234375,1807236.0,3216.3965027924314,3234.1708956759758,3199.398750947556
2023-11-21 18:30:00,3500.0,3532.64990234375,3481.10009765625,3530.14990234375,3226.0380859375,1798051.0,3198.4855071691995,3228.322718442621,3181.213774673943
2023-11-22 18:30:00,3530.0,3544.0,3500.0,3508.25,3206.02490234375,2729804.0,3225.9012058072935,3238.695148266586,3198.4856148230956
2023-11-23 18:30:00,3494.25,3504.550048828125,3453.0,3457.10009765625,3159.281005859375,1989733.0,3193.230552452981,3202.6432821116277,3155.5341196594813
2023-11-27 18:30:00,3457.10009765625,3481.25,3433.0,3470.14990234375,3171.206298828125,1689195.0,3159.2806979209345,3181.3501544527285,3137.256755543617
2023-11-28 18:30:00,3481.0,3518.0,3475.800048828125,3513.75,3211.051025390625,1441634.0,3181.12233920591,3214.9349006970383,3176.370348158616
2023-11-29 18:30:00,3499.449951171875,3516.64990234375,3481.0,3487.60009765625,3187.153564453125,3266235.0,3197.982587796699,3213.7008135539186,3181.1220458782195
2023-11-30 18:30:00,3500.0,3516.949951171875,3490.050048828125,3511.64990234375,3209.131591796875,1172141.0,3198.4852942750963,3213.9750570070746,3189.3925021316686
2023-12-03 18:30:00,3544.64990234375,3547.800048828125,3498.0,3512.449951171875,3209.863037109375,1625213.0,3239.2890601133026,3242.1678310288294,3196.6579054208332
2023-12-04 18:30:00,3538.0,3538.0,3502.800048828125,3531.60009765625,3227.363037109375,1377656.0,3233.2116065096975,3233.2116065096975,3201.044028590681
2023-12-05 18:30:00,3532.60009765625,3612.85009765625,3525.14990234375,3604.10009765625,3293.617431640625,1896572.0,3228.276947197519,3301.613644771774,3221.468564387526
2023-12-06 18:30:00,3605.0,3630.550048828125,3591.699951171875,3614.89990234375,3303.48681640625,1967653.0,3294.4397617823906,3317.788748405097,3282.2854733793333
2023-12-07 18:30:00,3633.0,3645.0,3602.050048828125,3626.699951171875,3314.270263671875,1641155.0,3320.027581556413,3330.993816342727,3291.7438789584367
2023-12-10 18:30:00,3622.89990234375,3653.0,3615.0,3642.89990234375,3329.07470703125,1102503.0,3310.797648664154,3338.304710750083,3303.5782998526
2023-12-11 18:30:00,3638.949951171875,3698.39990234375,3631.0,3672.10009765625,3355.759765625,2236866.0,3325.4654041320105,3379.7939215758247,3318.2003172411905
2023-12-12 18:30:00,3643.550048828125,3650.0,3563.0,3593.550048828125,3283.976318359375,3850968.0,3329.6689659326335,3335.5632728478577,3256.058066070388
2023-12-13 18:30:00,3630.0,3678.0,3627.60009765625,3667.25,3351.3271484375,3290396.0,3317.2861268874835,3361.15106740831,3315.0929691048923
2023-12-14 18:30:00,3666.699951171875,3895.949951171875,3666.699951171875,3861.0,3528.386474609375,8531230.0,3350.824789993706,3560.3255927142964,3350.824789993706
2023-12-17 18:30:00,3858.10009765625,3929.0,3830.14990234375,3859.199951171875,3526.740966796875,2521612.0,3525.73586250062,3590.5279420252045,3500.193496184867
2023-12-18 18:30:00,3845.0,3855.10009765625,3790.0,3816.199951171875,3487.44580078125,2004435.0,3513.764812005255,3522.9948166196496,3463.502896618964
2023-12-19 18:30:00,3827.25,3898.800048828125,3766.550048828125,3780.050048828125,3454.40966796875,2586083.0,3497.543479836221,3562.9296988605265,3442.072653930527
2023-12-20 18:30:00,3756.25,3806.699951171875,3743.35009765625,3787.5,3461.21826171875,1517562.0,3432.6603552689257,3478.764194819794,3420.8717407298955
2023-12-21 18:30:00,3800.0,3845.949951171875,3762.0,3824.0,3494.573486328125,2413058.0,3472.6410167486597,3514.6325128426206,3437.9146065811733
2023-12-25 18:30:00,3819.85009765625,3834.0,3790.14990234375,3795.550048828125,3468.57470703125,1285231.0,3490.7813789656334,3503.712309330165,3463.639767096589
2023-12-26 18:30:00,3799.0,3818.199951171875,3768.0,3811.199951171875,3482.8759765625,1293976.0,3471.7270162885334,3489.2729465846164,3443.397577619161
2023-12-27 18:30:00,3824.0,3838.0,3792.10009765625,3799.89990234375,3472.549560546875,1682889.0,3494.5735047759663,3507.367445431527,3465.421686382815
2023-12-28 18:30:00,3792.0,3822.60009765625,3765.39990234375,3793.39990234375,3466.609619140625,1574996.0,3465.3303142807017,3493.2943032121766,3441.0217370731516
2023-12-31 18:30:00,3790.0,3832.0,3773.0,3811.10009765625,3482.785400390625,825907.0,3463.503012056297,3501.8848396305357,3447.967510419105
2024-01-01 18:30:00,3811.10009765625,3811.10009765625,3767.25,3783.199951171875,3457.288818359375,1344068.0,3482.7854523506976,3482.7854523506976,3442.71290681581
2024-01-02 18:30:00,3767.0,3771.85009765625,3687.050048828125,3691.75,3373.716796875,1803075.0,3442.4842348014154,3446.9165110740164,3369.421732416939
2024-01-03 18:30:00,3701.75,3719.0,3651.0,3666.800048828125,3350.915771484375,3598144.0,3382.8548848897744,3398.6188470061647,3336.4768514169155
2024-01-04 18:30:00,3675.0,3747.75,3674.85009765625,3737.89990234375,3415.891357421875,1963127.0,3358.4100876147368,3424.892899553233,3358.2730988954427
2024-01-07 18:30:00,3737.89990234375,3739.75,3672.39990234375,3678.300048828125,3361.425537109375,1067805.0,3415.891042086117,3417.5817593808756,3356.0336705400387
2024-01-08 18:30:00,3709.949951171875,3752.35009765625,3682.75,3689.89990234375,3372.025634765625,1370944.0,3390.3484295340677,3429.0959253055153,3365.491675951761
2024-01-09 18:30:00,3690.0,3729.25,3688.0,3713.050048828125,3393.181396484375,1292227.0,3372.1170435014856,3407.9857681511967,3370.289337786851
2024-01-10 18:30:00,3724.0,3773.0,3707.0,3735.550048828125,3413.7431640625,1777909.0,3403.1881186966993,3447.966909732182,3387.6526197660214
2024-01-11 18:30:00,3848.0,3905.25,3821.60009765625,3882.800048828125,3548.308349609375,6813450.0,3516.5062216937445,3568.824304124089,3492.3805925763054
2024-01-14 18:30:00,3960.0,3965.0,3885.0,3903.800048828125,3567.4990234375,2801505.0,3618.85751219593,3623.4267767315314,3550.3185441619166
2024-01-15 18:30:00,3899.0,3899.0,3855.550048828125,3861.300048828125,3528.660400390625,1432672.0,3563.1126115927123,3563.1126115927123,3523.405745987789
2024-01-16 18:30:00,3819.0,3909.949951171875,3812.550048828125,3884.60009765625,3549.95361328125,3458696.0,3490.0047645318223,3573.119654011733,3484.1104570374932
2024-01-17 18:30:00,3898.0,3908.800048828125,3862.0,3902.60009765625,3566.40234375,2239110.0,3562.198531252639,3572.06818699225,3529.299827526345
2024-01-18 18:30:00,3945.0,3963.550048828125,3915.050048828125,3943.050048828125,3628.4716796875,2941975.0,3630.266062846807,3647.336180140823,3602.7055327268636
2024-01-22 18:30:00,3900.0,3933.89990234375,3842.75,3858.25,3550.43701171875,2618854.0,3588.8561772055014,3620.051529496022,3536.17360896319
2024-01-23 18:30:00,3880.0,3883.64990234375,3805.60009765625,3841.800048828125,3535.29931640625,2657709.0,3570.4516563375996,3573.8103676439687,3501.9874154730123
2024-01-24 18:30:00,3839.89990234375,3861.0,3778.699951171875,3810.300048828125,3506.31201171875,2205154.0,3533.5503710597345,3552.9670901927334,3477.232988921668
2024-01-28 18:30:00,3800.800048828125,3820.0,3780.85009765625,3801.0,3497.75439453125,1646747.0,3497.5703955598956,3515.2385654063073,3479.212061073679
2024-01-29 18:30:00,3807.449951171875,3847.800048828125,3787.0,3800.550048828125,3497.34033203125,1411621.0,3503.6897568365657,3540.8207042314343,3484.871312637016
2024-01-30 18:30:00,3811.199951171875,3834.0,3796.449951171875,3815.949951171875,3511.511474609375,2459358.0,3507.140432085803,3528.12148113154,3493.5671947757637
2024-01-31 18:30:00,3820.0,3904.89990234375,3805.050048828125,3854.14990234375,3546.663330078125,2363107.0,3515.237929033222,3593.3644622504908,3501.480694636214
2024-02-01 18:30:00,3875.050048828125,3984.39990234375,3872.0,3966.300048828125,3649.86669921875,2826510.0,3565.896668660393,3666.522537605696,3563.089954213246
2024-02-04 18:30:00,3983.0,4022.0,3962.10009765625,3973.300048828125,3656.307861328125,1691523.0,3665.233944757109,3701.1225020871434,3646.001448771063
2024-02-05 18:30:00,3997.0,4149.89990234375,3990.0,4136.0,3806.02783203125,4474396.0,3678.1173222023467,3818.818793148955,3671.675785736143
2024-02-06 18:30:00,4153.0,4155.0,4073.949951171875,4083.39990234375,3757.624267578125,2124267.0,3821.6716355150297,3823.512074540079,3748.92823811736
2024-02-07 18:30:00,4090.0,4158.0,4086.050048828125,4134.10009765625,3804.279296875,2345173.0,3763.697529491343,3826.272451742055,3760.062707616723
2024-02-08 18:30:00,4136.5498046875,4184.75,4100.0,4133.7001953125,3803.911376953125,2100596.0,3806.533642964029,3850.888400846203,3772.8998012950433
2024-02-11 18:30:00,4130.0,4159.60009765625,4105.5498046875,4120.7001953125,3791.948486328125,1013716.0,3800.5063475256047,3827.7449332471438,3778.006802130109
2024-02-12 18:30:00,4125.4501953125,4170.0,4081.5,4149.5,3818.450439453125,1257415.0,3796.3193423865514,3837.3149373465553,3755.8755196115026
2024-02-13 18:30:00,4107.0,4114.89990234375,4049.5,4100.10009765625,3772.99169921875,1391283.0,3779.341123293365,3786.6107667795436,3726.428507128435
2024-02-14 18:30:00,4128.0,4146.2998046875,4083.0,4103.2001953125,3775.8447265625,1091582.0,3798.665989794075,3815.505826442883,3757.2561134518432
2024-02-15 18:30:00,4113.25,4147.9501953125,4100.10009765625,4128.2998046875,3798.94189453125,1307556.0,3785.092771105926,3817.024566750078,3772.9919748251077
2024-02-18 18:30:00,4123.0498046875,4128.2998046875,4055.0,4103.7998046875,3776.396728515625,772291.0,3794.110954472966,3798.942107006786,3731.49019516973
2024-02-19 18:30:00,4082.10009765625,4098.0,4010.0,4030.64990234375,3709.08251953125,1193648.0,3756.427991026826,3771.059390745061,3690.0800773274027
2024-02-20 18:30:00,4013.0,4063.35009765625,3980.60009765625,3991.5,3673.05615234375,1885939.0,3692.840871691211,3739.174013609637,3663.0258496095253
2024-02-21 18:30:00,3971.0,4094.949951171875,3971.0,4087.10009765625,3761.029296875,2982052.0,3654.1917205441428,3768.2528853223134,3654.1917205441428
2024-02-22 18:30:00,4130.0,4130.0,4046.39990234375,4052.10009765625,3728.8212890625,2538072.0,3800.5062936958448,3800.5062936958448,3723.5758585151752
2024-02-25 18:30:00,4036.0,4050.0,3982.75,4001.050048828125,3681.84375,1379284.0,3714.0053720028695,3726.8884431644256,3665.003690620523
2024-02-26 18:30:00,3999.0,4124.0,3999.0,4104.39990234375,3776.9482421875,2960475.0,3679.957211743162,3794.9846314650663,3679.957211743162
2024-02-27 18:30:00,4095.60009765625,4154.89990234375,4089.0,4118.9501953125,3790.338134765625,1939225.0,3768.850920451233,3823.4197548467,3762.7773821335977
2024-02-28 18:30:00,4099.0,4138.10009765625,4064.550048828125,4095.10009765625,3768.39111328125,3772719.0,3771.97987960793,3807.9605533454464,3740.2783615123485
2024-02-29 18:30:00,4107.2001953125,4140.0,4086.800048828125,4094.35009765625,3767.700439453125,2043265.0,3779.5253487627083,3809.7083657464814,3760.7527379598155
2024-03-03 18:30:00,4105.0,4117.89990234375,4075.89990234375,4080.699951171875,3755.139404296875,1749271.0,3777.500781504877,3789.371522353806,3750.722306075315
2024-03-04 18:30:00,4062.0,4064.0,3980.0,4012.10009765625,3692.012451171875,2070859.0,3737.9313106921068,3739.7717495452293,3662.473317714078
2024-03-05 18:30:00,3994.050048828125,4072.0,3958.449951171875,4064.300048828125,3740.048095703125,1744204.0,3675.4026769184316,3747.1337408010263,3642.642773405773
2024-03-06 18:30:00,4065.0,4124.0,4037.699951171875,4108.60009765625,3780.813720703125,2688905.0,3740.692062833141,3794.9850103625763,3715.570026925066
2024-03-10 18:30:00,4089.0,4153.0,4089.0,4122.35009765625,3793.467041015625,2304068.0,3762.77763005425,3821.671679534189,3762.77763005425
2024-03-11 18:30:00,4122.35009765625,4229.9501953125,4121.0498046875,4192.25,3857.790283203125,4039801.0,3793.4670286122573,3892.482738841845,3792.270473640545
2024-03-12 18:30:00,4205.0,4241.0,4131.89990234375,4149.0,3817.990234375,2837260.0,3869.5225200161185,3902.650417928266,3802.2543930015554
2024-03-13 18:30:00,4153.4501953125,4225.0,4086.0,4207.60009765625,3871.916015625,2919608.0,3822.086214963553,3887.92774653845,3760.017224226297
2024-03-14 18:30:00,4192.60009765625,4239.0,4177.0,4219.25,3882.636474609375,3373143.0,3858.1127125937037,3900.8108113691155,3843.7571972372716
2024-03-17 18:30:00,4215.25,4254.75,4117.85009765625,4152.5,3821.211181640625,1526904.0,3878.9549508514497,3915.3036183228055,3789.3256682682727
2024-03-18 18:30:00,4051.25,4058.0,3966.60009765625,3977.300048828125,3659.989013671875,8931209.0,3728.0391998604628,3734.250681402964,3650.142710085243
2024-03-19 18:30:00,3986.0,4018.0,3960.199951171875,3970.89990234375,3654.099609375,1817913.0,3667.995014019841,3697.442038718445,3644.253305423998
2024-03-20 18:30:00,3990.050048828125,4008.39990234375,3948.0,3972.949951171875,3655.986083984375,3829582.0,3671.7219275853204,3688.6078209191865,3633.0266519750294
2024-03-21 18:30:00,3897.0,3938.0,3855.0,3910.89990234375,3598.88623046875,5852485.0,3586.095269718309,3623.824267937054,3547.4460520308135
2024-03-25 18:30:00,3875.0,3946.699951171875,3871.449951171875,3877.5,3568.151123046875,3440925.0,3565.850574289269,3631.8302677248153,3562.5837501208753
2024-03-26 18:30:00,3888.5,3895.0,3829.39990234375,3840.89990234375,3534.470703125,1968575.0,3578.273237663649,3584.254663932085,3523.888179726998
2024-03-27 18:30:00,3850.10009765625,3915.0,3840.5,3876.300048828125,3567.047119140625,4311783.0,3542.9374116432614,3602.6595711179307,3534.103214017475
2024-03-31 18:30:00,3897.699951171875,3933.300048828125,3888.050048828125,3916.75,3604.26953125,1569676.0,3586.73930579266,3619.499208082045,3577.8592779642013
2024-04-01 18:30:00,3890.0,3909.85009765625,3873.0,3883.800048828125,3573.9482421875,2142666.0,3579.653557681035,3597.920003104046,3564.0098274803727
2024-04-02 18:30:00,3851.0,3981.0,3851.0,3947.300048828125,3632.3818359375,3973090.0,3543.764668801441,3663.3931826794437,3543.764668801441
2024-04-03 18:30:00,3975.89990234375,4028.64990234375,3935.25,4003.300048828125,3683.91455078125,3394637.0,3658.7004031789797,3707.241978924869,3621.2935725878497
2024-04-04 18:30:00,3978.0,4002.0,3960.5,3979.25,3661.783447265625,1636819.0,3660.633172890031,3682.718440901434,3644.5293316317166
2024-04-07 18:30:00,3983.0,4032.64990234375,3960.0,3972.550048828125,3655.6181640625,2302538.0,3665.2344132847697,3710.923223399392,3644.069363948704
2024-04-08 18:30:00,3984.0,4015.85009765625,3925.050048828125,3946.550048828125,3631.69189453125,1876992.0,3666.1540659059356,3695.4631434716894,3611.907177559117
2024-04-09 18:30:00,3956.39990234375,3990.199951171875,3918.0,3984.64990234375,3666.75244140625,2101965.0,3640.756241235992,3671.859704425388,3605.419903259126
2024-04-11 18:30:00,3971.0,4013.35009765625,3945.5,4001.39990234375,3682.165771484375,4354821.0,3654.191191937587,3693.1625729079133,3630.7255975295266
2024-04-14 18:30:00,4001.39990234375,4064.199951171875,3919.050048828125,3941.199951171875,3626.768798828125,4200329.0,3682.165963982411,3739.95578953719,3606.386028171306
2024-04-15 18:30:00,3902.0,3928.699951171875,3862.85009765625,3872.800048828125,3563.826171875,3051420.0,3590.6965366993572,3615.2663527431537,3554.670032660961
2024-04-17 18:30:00,3876.800048828125,3936.0,3850.0,3862.0,3553.8876953125,3476284.0,3567.5069887926393,3621.983938050233,3542.84506135503
2024-04-18 18:30:00,3838.0,3852.550048828125,3800.89990234375,3826.199951171875,3520.943603515625,2957749.0,3531.8022379238537,3545.191475811575,3497.6620065717075
2024-04-21 18:30:00,3837.0,3878.0,3812.0,3864.60009765625,3556.280517578125,1728883.0,3530.8823684558647,3568.6113695261515,3507.8768799983727
2024-04-22 18:30:00,3877.050048828125,3895.0,3860.60009765625,3874.699951171875,3565.574462890625,1807586.0,3567.737068587587,3584.2549637317557,3552.5995026977444
2024-04-23 18:30:00,3890.0,3898.0,3824.449951171875,3831.050048828125,3525.40673828125,1317312.0,3579.6536294557072,3587.015384991863,3519.3332000987416
2024-04-24 18:30:00,3811.199951171875,3873.64990234375,3811.0,3852.199951171875,3544.869384765625,2856271.0,3507.1403866301107,3564.6080473941747,3506.9563876693583
2024-04-25 18:30:00,3855.14990234375,3876.800048828125,3802.550048828125,3821.35009765625,3516.480712890625,2039178.0,3547.583950815871,3567.5068368634634,3499.1805421614235
2024-04-28 18:30:00,3838.0,3877.800048828125,3819.199951171875,3870.199951171875,3561.433349609375,1110693.0,3531.8023275934233,3568.42710744999,3514.502156616341
2024-04-29 18:30:00,3872.0,3881.75,3810.0,3820.64990234375,3515.83642578125,2203078.0,3563.089785398555,3572.0619252249066,3506.036178297648
2024-05-01 18:30:00,3778.050048828125,3871.10009765625,3778.050048828125,3863.300048828125,3555.083984375,2491044.0,3476.635273211625,3562.261741296734,3476.635273211625
2024-05-02 18:30:00,3890.14990234375,3893.60009765625,3797.60009765625,3843.39990234375,3536.771484375,2962234.0,3579.7917453667596,3582.966682325397,3494.625611625741
2024-05-05 18:30:00,3853.0,3939.949951171875,3853.0,3921.050048828125,3608.226806640625,2053831.0,3545.6058231496777,3625.618865765193,3545.6058231496777
2024-05-06 18:30:00,3930.800048828125,3988.0,3913.5,3978.949951171875,3661.50732421875,2062112.0,3617.1988452844685,3669.8353556027478,3601.2790030469796
2024-05-07 18:30:00,3961.0,3984.300048828125,3938.60009765625,3976.949951171875,3659.66650390625,1247685.0,3644.9890493847392,3666.4302063725313,3624.3762246560705
2024-05-08 18:30:00,3962.0,3971.0,3910.050048828125,3960.199951171875,3644.253173828125,1726486.0,3645.9096138402,3654.191589237616,3598.1042563399305
2024-05-09 18:30:00,3962.60009765625,3973.60009765625,3885.050048828125,3893.89990234375,3583.242431640625,1672489.0,3646.461687676862,3656.584101641413,3575.0986242941894
2024-05-12 18:30:00,3884.5,3955.0,3870.0,3947.800048828125,3632.8427734375,931326.0,3574.5928311660427,3639.4683092448704,3561.2496477313903
2024-05-13 18:30:00,3936.0,3945.800048828125,3892.89990234375,3901.199951171875,3589.960205078125,1058317.0,3621.983888045264,3631.0020839186186,3582.322338430397
2024-05-14 18:30:00,3904.5,3926.949951171875,3875.5,3880.39990234375,3570.8193359375,1115021.0,3592.996713752849,3613.655594732349,3566.3103506592815
2024-05-15 18:30:00,3891.10009765625,3909.5,3843.5,3900.949951171875,3615.82080078125,2599399.0,3606.6908950730917,3623.745907431527,3562.569994938758
2024-05-16 18:30:00,3919.0,3920.0,3830.0,3834.10009765625,3553.857177734375,2765804.0,3632.5515570276343,3633.4784647992665,3550.0567653523444
2024-05-20 18:30:00,3830.60009765625,3844.75,3810.050048828125,3820.199951171875,3540.972900390625,1908117.0,3550.6128766567804,3563.7285306494523,3531.564877355128
2024-05-21 18:30:00,3835.0,3841.25,3817.550048828125,3832.0,3551.910888671875,1311168.0,3554.691612227725,3560.4847863024115,3538.517115470372
2024-05-22 18:30:00,3840.949951171875,3905.0,3825.5,3893.449951171875,3608.869140625,2095742.0,3560.206480963538,3619.574971009692,3545.8858006651926
2024-05-23 18:30:00,3878.25,3883.800048828125,3844.300048828125,3849.5,3568.13134765625,1309452.0,3594.7799452001173,3599.9243284199265,3563.311472664004
2024-05-26 18:30:00,3855.0,3908.35009765625,3841.35009765625,3847.050048828125,3565.86083984375,1841538.0,3573.229711889253,3622.680335515065,3560.577510431646
2024-05-27 18:30:00,3858.0,3870.0,3830.0,3839.89990234375,3559.233154296875,1801993.0,3576.0102759178876,3587.1331694666214,3550.056857637509
2024-05-28 18:30:00,3848.89990234375,3848.89990234375,3800.0,3803.64990234375,3525.633056640625,1568095.0,3567.5756380844864,3567.5756380844864,3522.2499334071467
2024-05-29 18:30:00,3777.0,3794.39990234375,3715.449951171875,3736.10009765625,3463.020263671875,2919230.0,3500.9307015339277,3517.058806463482,3443.8794821472993
2024-05-30 18:30:00,3740.0,3749.800048828125,3653.75,3670.949951171875,3402.6318359375,10956800.0,3466.6348590080306,3475.718599887057,3386.689068476094
2024-06-02 18:30:00,3732.800048828125,3751.550048828125,3696.0,3702.85009765625,3432.20068359375,2156773.0,3459.961527315394,3477.3410487975398,3425.8512745605985
2024-06-03 18:30:00,3700.0,3745.0,3591.5,3715.0,3443.46240234375,3395997.0,3429.5587856451884,3471.269635740873,3328.989291525593
2024-06-04 18:30:00,3716.0,3783.800048828125,3700.0,3746.449951171875,3472.613525390625,2799670.0,3444.389229413079,3507.2336206771465,3429.5587052821297
2024-06-05 18:30:00,3781.0,3839.89990234375,3741.5,3830.39990234375,3550.427490234375,4328036.0,3504.6383361596722,3559.233114194575,3468.0254786409455
2024-06-06 18:30:00,3837.300048828125,3915.0,3837.300048828125,3893.949951171875,3609.332763671875,4552445.0,3556.8235246852323,3628.844219100155,3556.8235246852323
2024-06-09 18:30:00,3895.0,3905.89990234375,3841.89990234375,3858.699951171875,3576.6591796875,1734661.0,3610.305978999996,3620.409183775903,3561.0870829656333
2024-06-10 18:30:00,3845.0,3879.949951171875,3841.0,3852.10009765625,3570.54150390625,1419898.0,3563.9603682346064,3596.355749469534,3560.2527371623205
2024-06-11 18:30:00,3874.39990234375,3893.5,3827.449951171875,3831.64990234375,3551.586181640625,2177001.0,3591.211490093849,3608.9155195936296,3547.693214139478
2024-06-12 18:30:00,3856.800048828125,3890.0,3852.0,3878.14990234375,3594.6875,1932323.0,3574.898153664247,3605.6714482720763,3570.4489508339425
2024-06-13 18:30:00,3889.0,3889.0,3828.0,3832.050048828125,3551.956787109375,1860730.0,3604.7441367037127,3604.7441367037127,3548.2027655700213
2024-06-17 18:30:00,3826.050048828125,3842.0,3795.050048828125,3815.10009765625,3536.245849609375,1774045.0,3546.3954442186373,3561.1795775806077,3517.6613039518497
2024-06-18 18:30:00,3827.64990234375,3833.85009765625,3792.949951171875,3801.699951171875,3523.825439453125,1509050.0,3547.8786522964565,3553.625661858595,3515.714995969622
2024-06-19 18:30:00,3796.0,3809.949951171875,3780.050048828125,3787.25,3510.431396484375,2846526.0,3518.5418393437685,3531.4721572718627,3503.757705904956
2024-06-20 18:30:00,3827.0,3877.800048828125,3798.050048828125,3810.75,3532.2138671875,4642195.0,3547.2761188024833,3594.363079879569,3520.4421834921905
2024-06-23 18:30:00,3808.75,3857.0,3791.300048828125,3816.800048828125,3537.82177734375,1702154.0,3530.3601242080126,3575.083426076877,3514.185628169532
2024-06-24 18:30:00,3817.0,3847.64990234375,3792.89990234375,3838.449951171875,3557.88916015625,1338808.0,3538.007033326123,3566.41666656242,3515.668465075754
2024-06-25 18:30:00,3844.5,3866.949951171875,3841.0,3855.85009765625,3574.017822265625,1639845.0,3563.497327360351,3584.3063639061556,3560.2531497961004
2024-06-26 18:30:00,3831.0,3942.0,3818.10009765625,3934.14990234375,3646.59423828125,4526556.0,3550.9837890347926,3653.8705550444147,3539.0267689087714
2024-06-27 18:30:00,3917.800048828125,3960.0,3897.85009765625,3904.14990234375,3618.786865234375,2731571.0,3631.439292021709,3670.554754499888,3612.947527343435
2024-06-30 18:30:00,3884.0,4001.699951171875,3884.0,3978.199951171875,3687.42431640625,2658723.0,3600.109652784797,3709.2066482395257,3600.109652784797
2024-07-01 18:30:00,3993.60009765625,4023.39990234375,3982.550048828125,4017.39990234375,3723.75927734375,2307449.0,3701.699052905465,3729.320724102144,3691.4566765329196
2024-07-02 18:30:00,4020.0,4026.10009765625,3955.0,3965.25,3675.4208984375,1821198.0,3726.1690969595234,3731.8233246647856,3665.920094147989
2024-07-03 18:30:00,3999.85009765625,4047.35009765625,3982.10009765625,4020.949951171875,3727.0498046875,2518001.0,3707.4921862442698,3751.5203059355035,3691.039573096493
2024-07-04 18:30:00,4010.0,4026.75,3988.0,4011.800048828125,3718.568603515625,1668616.0,3716.900124285456,3732.4258292933814,3696.5081535287777
2024-07-07 18:30:00,4022.0,4031.25,3978.050048828125,3993.199951171875,3701.328125,1758882.0,3728.023114490228,3736.5970115088844,3687.285562563459
2024-07-08 18:30:00,3985.0,4006.949951171875,3975.10009765625,3985.5,3694.19091796875,1305801.0,3693.7274640836704,3714.0730443794923,3684.551167677433
2024-07-09 18:30:00,3983.699951171875,4003.300048828125,3902.0,3909.14990234375,3623.421630859375,2669716.0,3692.5226544204043,3710.6901382951037,3616.794330433944
2024-07-10 18:30:00,3931.0,3980.0,3895.60009765625,3923.699951171875,3636.908203125,4872189.0,3643.674675535382,3689.0931591530957,3610.8622289094983
2024-07-11 18:30:00,3980.0,4199.9501953125,3971.300048828125,4183.9501953125,3878.13623046875,13509164.0,3689.0931958411575,3892.966755879167,3681.0291429084155
2024-07-14 18:30:00,4235.7001953125,4240.0,4157.0498046875,4169.2001953125,3864.463623046875,4848030.0,3926.1029828505975,3930.088504778696,3853.201332828978
2024-07-15 18:30:00,4172.0,4194.5498046875,4144.89990234375,4178.4501953125,3873.0380859375,2029521.0,3867.059349578485,3887.960939474929,3841.940057628319
2024-07-17 18:30:00,4160.0,4325.0,4160.0,4315.5498046875,4000.116455078125,5613364.0,3855.936139365209,4008.8759141236847,3855.936139365209
2024-07-18 18:30:00,4317.39990234375,4358.75,4285.25,4302.39990234375,3997.189453125,3903354.0,4011.125359400057,4049.542098426852,3981.2561576790754
2024-07-21 18:30:00,4299.9501953125,4319.9501953125,4265.0,4287.35009765625,3983.207763671875,1896386.0,3994.914017106796,4013.4952277518023,3962.4431700475134
2024-07-22 18:30:00,4283.0,4361.7001953125,4266.2998046875,4302.35009765625,3997.14453125,2365208.0,3979.167115356308,4052.2843764255626,3963.6516196739526
2024-07-23 18:30:00,4287.5,4339.10009765625,4268.10009765625,4306.25,4000.76708984375,1809793.0,3983.347204111484,4031.2868203752514,3965.3235197357376
2024-07-24 18:30:00,4295.0,4343.0,4274.2001953125,4322.5,4015.864501953125,2810342.0,3990.3153350812427,4034.9102445303465,3970.991055777116
2024-07-25 18:30:00,4350.0,4422.4501953125,4337.0498046875,4387.85009765625,4076.578369140625,3552210.0,4041.4133370768022,4108.723954458355,4029.3818216621617
2024-07-28 18:30:00,4415.0,4431.0,4371.0,4381.10009765625,4070.30810546875,1746803.0,4101.803173878207,4116.668145742772,4060.924501250656
2024-07-29 18:30:00,4391.10009765625,4398.0,4327.2998046875,4365.35009765625,4055.675048828125,1797906.0,4079.598360858332,4086.008788693186,4020.3240184773604
2024-07-30 18:30:00,4350.0,4414.0,4345.0,4385.35009765625,4074.25537109375,2330091.0,4041.412993167837,4100.872862492605,4036.7676908768394
2024-07-31 18:30:00,4399.39990234375,4419.2998046875,4365.0498046875,4397.10009765625,4085.172607421875,2202244.0,4087.3092654244533,4105.797481325745,4055.395941895072
2024-08-01 18:30:00,4365.0,4398.0,4270.0,4283.0498046875,3979.21337890625,2811282.0,4055.3500872010236,4086.0090912967016,3967.0893178346782
2024-08-04 18:30:00,4239.0,4239.0,4110.5,4155.0498046875,3860.293212890625,2787771.0,3938.2880347144414,3938.2880347144414,3818.903743027533
2024-08-05 18:30:00,4170.9501953125,4258.25,4160.7998046875,4171.2001953125,3875.297607421875,2203067.0,3875.0653422807904,3956.172148090316,3865.6350146384816
2024-08-06 18:30:00,4228.0,4244.9501953125,4180.2998046875,4200.4501953125,3902.47265625,1237666.0,3928.0680935195514,3943.8158516524645,3883.7517228332504
2024-08-07 18:30:00,4181.0,4232.0,4160.0,4172.5498046875,3876.55126953125,2441283.0,3884.4020123383602,3931.784098592667,3864.8917415277633
2024-08-08 18:30:00,4217.0,4253.64990234375,4205.5498046875,4228.75,3928.7646484375,1302536.0,3917.8481873983887,3951.8981645067097,3907.2102630563363
2024-08-11 18:30:00,4230.0,4239.0,4186.35009765625,4195.64990234375,3898.01318359375,936912.0,3929.926507307199,3938.288053067427,3889.3731010986708
2024-08-12 18:30:00,4213.0,4234.0,4183.0,4196.9501953125,3899.220947265625,1495593.0,3914.132187982019,3933.642459984778,3886.260370835221
2024-08-13 18:30:00,4209.0,4306.2001953125,4188.14990234375,4295.25,3990.54736328125,3226545.0,3910.4158901229916,4000.7207578523953,3891.044886752686
2024-08-15 18:30:00,4350.0,4427.0,4325.10009765625,4416.0498046875,4102.77783203125,3457058.0,4041.413561593398,4112.951226936545,4018.280043659057
2024-08-18 18:30:00,4421.0,4494.25,4390.35009765625,4490.0,4171.4814453125,2055210.0,4107.376273881194,4175.429952248486,4078.9006616478773
2024-08-19 18:30:00,4505.0,4565.0,4500.0,4523.2998046875,4202.4189453125,2212298.0,4185.417320561787,4241.16094747271,4180.7720183192105
2024-08-20 18:30:00,4518.0,4560.0,4492.5498046875,4551.5,4228.61962890625,1896990.0,4197.496096539259,4236.516644581457,4173.851321089861
2024-08-21 18:30:00,4560.0,4560.9501953125,4497.2001953125,4502.0,4182.630859375,1829872.0,4236.516374666815,4237.39916370202,4178.171549911448
2024-08-22 18:30:00,4500.0,4506.0,4455.0,4463.89990234375,4147.2333984375,1809253.0,4180.772575829952,4186.346939264392,4138.964850071652
2024-08-25 18:30:00,4489.0,4552.14990234375,4485.0,4502.4501953125,4183.048828125,1844164.0,4170.5527823500615,4229.222864979793,4166.836540173764
2024-08-26 18:30:00,4505.0,4510.0,4486.7998046875,4497.14990234375,4178.12548828125,930697.0,4185.418705944727,4190.064009724909,4168.509618727682
2024-08-27 18:30:00,4498.75,4562.5,4457.2998046875,4506.0498046875,4186.39404296875,1848058.0,4179.612080899268,4238.839704162915,4141.102331061256
2024-08-28 18:30:00,4460.0,4556.0,4460.0,4511.7998046875,4191.736328125,2133641.0,4143.611160232403,4232.800996865208,4143.611160232403
2024-08-29 18:30:00,4500.0,4592.25,4487.7998046875,4553.75,4230.71044921875,3637222.0,4180.773433210952,4266.479288591777,4169.438710445956
2024-09-01 18:30:00,4576.0,4588.0,4512.0,4521.0498046875,4200.32861328125,1216500.0,4251.380667040353,4262.529392565808,4191.920797571257
2024-09-02 18:30:00,4521.0498046875,4555.89990234375,4495.89990234375,4512.35009765625,4192.2470703125,1717263.0,4200.329626081671,4232.707481664155,4176.963840595747
2024-09-03 18:30:00,4476.9501953125,4487.0,4436.7001953125,4479.25,4161.4951171875,1265505.0,4159.358459046624,4168.695337572208,4121.963766080883
2024-09-04 18:30:00,4481.0,4499.0,4454.14990234375,4475.9501953125,4158.4287109375,1688793.0,4163.120285213532,4179.843374955519,4138.1749189531665
2024-09-05 18:30:00,4473.9501953125,4518.9501953125,4440.0,4456.75,4140.59130859375,1649179.0,4156.5713342216295,4198.379066063604,4125.02954174146
2024-09-08 18:30:00,4455.0,4490.25,4430.5,4449.5498046875,4133.9013671875,1184938.0,4138.964928860649,4171.714314661398,4116.202944403391
2024-09-09 18:30:00,4442.4501953125,4539.9501953125,4440.4501953125,4507.85009765625,4188.06640625,1385591.0,4127.305926632389,4217.8893457264885,4125.4478052150735
2024-09-10 18:30:00,4521.4501953125,4549.35009765625,4471.25,4479.35009765625,4161.5869140625,1325919.0,4200.700448764482,4226.6211439470535,4154.061433875873
2024-09-11 18:30:00,4510.25,4532.60009765625,4431.2998046875,4517.7001953125,4197.21728515625,2742216.0,4190.295602177849,4211.0601974701785,4116.94608580757
2024-09-12 18:30:00,4530.0,4547.0,4505.0,4522.60009765625,4201.76953125,1458786.0,4208.644488913913,4224.43851900476,4185.417974074432
2024-09-15 18:30:00,4527.0,4546.0498046875,4494.4501953125,4513.25,4193.0830078125,1155120.0,4205.857591838961,4223.556015887551,4175.616848928026
2024-09-16 18:30:00,4513.25,4535.7998046875,4466.0,4505.64990234375,4186.02197265625,1699364.0,4193.0829242332575,4214.033060161901,4149.184809090063
2024-09-17 18:30:00,4497.0498046875,4497.0498046875,4321.0,4346.14990234375,4037.836669921875,2961779.0,4178.03182491242,4178.03182491242,4014.47088636393
2024-09-18 18:30:00,4390.0498046875,4422.2001953125,4281.7998046875,4296.14990234375,3991.38330078125,2927551.0,4078.621993722427,4108.491652642897,3978.0511914620456
2024-09-19 18:30:00,4316.89990234375,4330.7001953125,4227.5,4284.89990234375,3980.93115234375,5447908.0,4010.6610876463974,4023.4823944313507,3927.6031716231882
2024-09-22 18:30:00,4300.0,4309.39990234375,4253.0,4268.5,3965.695068359375,1702319.0,3994.960476501186,4003.693555186361,3951.294629432452
2024-09-23 18:30:00,4251.64990234375,4291.0,4240.0,4271.2998046875,3968.296142578125,3012026.0,3950.0401935138225,3986.598816855598,3939.216728843565
2024-09-24 18:30:00,4252.35009765625,4289.60009765625,4240.0,4274.75,3971.501708984375,2713073.0,3950.69084274909,3985.29834930729,3939.2168538730334
2024-09-25 18:30:00,4260.0,4316.7998046875,4260.0,4292.5,3987.992919921875,3964251.0,3957.7984481927056,4010.568912711446,3957.7984481927056
2024-09-26 18:30:00,4335.0,4378.0,4300.0498046875,4308.7001953125,4003.04345703125,3012477.0,4027.47756855055,4067.4271730367495,3995.006720191253
2024-09-29 18:30:00,4286.89990234375,4298.75,4260.0498046875,4268.5,3965.695068359375,2503416.0,3982.7896922279247,3993.799150781273,3957.8443250356186
2024-09-30 18:30:00,4255.5498046875,4295.75,4242.9501953125,4287.89990234375,3983.718994140625,1823365.0,3953.663791959934,3991.01221083208,3941.9579909083504
2024-10-02 18:30:00,4262.60009765625,4279.0,4210.0,4232.75,3932.480712890625,3350119.0,3960.213258708617,3975.4497597209815,3911.34458715245
2024-10-03 18:30:00,4225.0,4298.0,4224.0498046875,4252.25,3950.597900390625,2965463.0,3925.280999271066,3993.1024224537377,3924.398210251953
2024-10-06 18:30:00,4273.89990234375,4297.25,4229.39990234375,4272.85009765625,3969.73681640625,1472619.0,3970.712148613736,3992.405805122665,3929.3689504456147
2024-10-07 18:30:00,4272.60009765625,4279.39990234375,4203.9501953125,4253.25,3951.52685546875,1541867.0,3969.5042681636573,3975.821698560318,3905.7243509858204
2024-10-08 18:30:00,4260.0,4295.0,4246.7001953125,4252.9501953125,3951.24853515625,1082504.0,3957.798231053306,3990.315352669941,3945.4419062961365
2024-10-09 18:30:00,4253.25,4293.85009765625,4198.60009765625,4227.39990234375,3927.5107421875,2378875.0,3951.5270497469596,3989.247001339516,3900.753978007147
2024-10-10 18:30:00,4143.0,4241.9501953125,4112.4501953125,4149.2001953125,3854.8583984375,5759183.0,3849.098041297021,3941.028768538948,3820.7154216048507
2024-10-13 18:30:00,4140.0,4165.39990234375,4122.2001953125,4136.64990234375,3843.197998046875,2137590.0,3846.3104414273184,3869.908487223454,3829.773346107295
2024-10-14 18:30:00,4131.0498046875,4169.9501953125,4095.0,4116.7998046875,3824.756591796875,2759474.0,3837.995705676313,3874.1365268299264,3804.5032516700458
2024-10-15 18:30:00,4085.0,4115.0,4067.199951171875,4094.949951171875,3804.45654296875,2359151.0,3795.2124356440127,3823.0842527968452,3778.67511210238
2024-10-16 18:30:00,4112.7998046875,4129.9501953125,4092.949951171875,4109.0,3817.509765625,2522659.0,3821.040014226119,3836.9737654296287,3802.5982985672913
2024-10-17 18:30:00,4090.0,4146.14990234375,4080.0,4123.0498046875,3839.907958984375,2361000.0,3809.127780700298,3861.4217056150137,3799.81450984284
2024-10-20 18:30:00,4132.60009765625,4139.9501953125,4070.0,4079.85009765625,3799.675048828125,1595450.0,3848.8025545031073,3855.647899798256,3790.501385728475
2024-10-21 18:30:00,4066.0,4089.800048828125,4006.35009765625,4015.5,3739.744384765625,1928049.0,3786.7764085311996,3808.942041444194,3731.2228318055472
2024-10-22 18:30:00,3999.60009765625,4113.5498046875,3995.14990234375,4066.25,3787.009033203125,1966476.0,3724.936169449571,3831.0606256089795,3720.791581721823
2024-10-23 18:30:00,4004.0,4079.0,4004.0,4047.89990234375,3769.918701171875,2676744.0,3729.033534340181,3798.88306357982,3729.033534340181
2024-10-24 18:30:00,4057.050048828125,4092.0,4032.699951171875,4057.550048828125,3778.90625,1759676.0,3778.4405864586356,3810.9904225250416,3755.762681044286
2024-10-27 18:30:00,4068.949951171875,4134.0,4051.0,4090.85009765625,3809.919677734375,1532534.0,3789.5234771784344,3850.106352412569,3772.8062006829505
2024-10-28 18:30:00,4095.85009765625,4103.5,4060.10009765625,4075.25,3795.390625,1445885.0,3814.576053505887,3821.700614609533,3781.2811109026725
2024-10-29 18:30:00,4075.0,4107.0,4060.050048828125,4084.64990234375,3804.14501953125,1935002.0,3795.157804269821,3824.96027046286,3781.234510070215
2024-10-30 18:30:00,4070.0,4078.300048828125,3960.0,3968.449951171875,3695.925048828125,3740372.0,3790.501362953683,3798.23142349314,3688.055380171151
2024-10-31 18:30:00,3989.85009765625,3998.949951171875,3976.050048828125,3984.199951171875,3710.593505859375,154895.0,3715.855640568731,3724.3305810268316,3703.003280699814
2024-11-03 18:30:00,3966.300048828125,3991.89990234375,3913.25,3964.14990234375,3691.92041015625,2269192.0,3693.9228999424704,3717.7647384247807,3644.51594943524
2024-11-04 18:30:00,3941.10009765625,3986.0,3941.10009765625,3971.35009765625,3698.626220703125,967590.0,3670.453574014962,3712.2700726947464,3670.453574014962
2024-11-05 18:30:00,4003.60009765625,4149.7998046875,3975.25,4139.64990234375,3855.3681640625,3792017.0,3728.6612931693503,3864.8210432401042,3702.258078759821
2024-11-06 18:30:00,4169.7001953125,4205.7998046875,4085.050048828125,4150.89990234375,3865.845703125,3724349.0,3883.3549260647524,3916.975471746434,3804.5179478782275
2024-11-07 18:30:00,4155.0,4169.75,4117.64990234375,4147.0,3862.213623046875,1648039.0,3869.6642401156896,3883.401315336317,3834.879080725745
2024-11-10 18:30:00,4128.2001953125,4234.2998046875,4117.64990234375,4198.7001953125,3910.363525390625,1406487.0,3844.704960664376,3943.518408459811,3834.879186284666
2024-11-11 18:30:00,4216.0,4218.0,4164.35009765625,4197.39990234375,3909.15234375,1587640.0,3926.4751190486577,3928.3377732797053,3878.3721644817633
2024-11-12 18:30:00,4178.10009765625,4196.75,4131.0498046875,4150.35009765625,3865.334228515625,1098813.0,3891.178560274982,3908.5477229218827,3847.3593393431142
2024-11-13 18:30:00,4135.0,4160.0,4116.4501953125,4145.89990234375,3861.189208984375,1825432.0,3851.0378338185446,3874.3210129831064,3833.761896778277
2024-11-17 18:30:00,4213.0,4213.0,3990.199951171875,4019.5,3743.469482421875,3313944.0,3923.6812860911455,3923.6812860911455,3716.181551430071
2024-11-18 18:30:00,4019.89990234375,4132.14990234375,4014.10009765625,4039.550048828125,3762.142822265625,1776233.0,3743.8421064286954,3848.3835842405188,3738.4405905885956
2024-11-20 18:30:00,4044.89990234375,4092.449951171875,4024.0,4072.85009765625,3793.156005859375,2384347.0,3767.1252292109634,3811.4098822098795,3747.660582048356
2024-11-21 18:30:00,4071.0,4254.9501953125,4054.0,4244.60009765625,3953.111083984375,3096553.0,3791.4326091135326,3962.7504103811857,3775.6000484761144
2024-11-24 18:30:00,4280.0,4328.10009765625,4252.2001953125,4315.10009765625,4018.76953125,4052167.0,3986.079860138673,4030.8767831616365,3960.189149488993
2024-11-25 18:30:00,4321.0498046875,4366.60009765625,4310.0,4352.7001953125,4053.7880859375,2060669.0,4024.3112162534667,4066.7334430694864,4014.020232591793
2024-11-26 18:30:00,4358.9501953125,4377.39990234375,4324.0498046875,4332.5498046875,4035.021240234375,1558993.0,4059.6086406624336,4076.7913536382084,4027.1049595017485
2024-11-27 18:30:00,4319.0,4339.9501953125,4233.0,4244.89990234375,3953.390380859375,2558544.0,4022.401811054281,4041.9132960200004,3942.307679137016
2024-11-28 18:30:00,4220.0,4298.7001953125,4195.64990234375,4270.85009765625,3977.55859375,2017425.0,3930.2005178866866,4003.496145463694,3907.5226111522825
2024-12-01 18:30:00,4270.0,4288.2001953125,4230.0498046875,4276.64990234375,3982.960205078125,1670944.0,3976.766970418375,3993.7173066183545,3939.560268502564
2024-12-02 18:30:00,4314.35009765625,4325.0,4265.4501953125,4302.75,4007.26806640625,2010905.0,4018.0715527591838,4027.9900963818563,3972.529744122267
2024-12-03 18:30:00,4313.5498046875,4386.9501953125,4289.0498046875,4354.39990234375,4055.37109375,3302642.0,4017.3262864453577,4085.686067146796,3994.5087699045835
2024-12-04 18:30:00,4400.7998046875,4489.0,4360.0,4464.0498046875,4157.490234375,3746747.0,4098.583799897478,4180.727025606259,4060.585839082934
2024-12-05 18:30:00,4453.0,4465.0,4412.75,4445.5,4140.21435546875,1842087.0,4147.199308267314,4158.375232745017,4109.713394915021
2024-12-08 18:30:00,4430.4501953125,4469.39990234375,4415.5498046875,4452.14990234375,4146.40771484375,2066639.0,4126.198190317889,4162.47310676674,4112.321053205062
2024-12-09 18:30:00,4426.14990234375,4493.7998046875,4412.10009765625,4432.5498046875,4128.15380859375,2087828.0,4122.193406026578,4185.1975942064855,4109.108442002176
2024-12-10 18:30:00,4431.85009765625,4448.64990234375,4407.0,4427.4501953125,4123.404296875,1635256.0,4127.502045111503,4143.148158287083,4104.358476029229
2024-12-11 18:30:00,4430.0498046875,4485.0,4426.0,4454.9501953125,4149.01611328125,1914642.0,4125.825703197917,4177.002312539005,4122.054010099808
2024-12-12 18:30:00,4434.9501953125,4494.89990234375,4394.39990234375,4473.89990234375,4166.6640625,1967048.0,4130.389146191078,4186.221930852545,4092.6235608796533
2024-12-15 18:30:00,4459.0,4475.0,4397.0,4415.2001953125,4111.99609375,1646224.0,4152.788043789598,4167.689279201268,4095.0457565693796
2024-12-16 18:30:00,4410.0,4432.9501953125,4318.0,4328.5,4031.24951171875,3225027.0,4107.152673369455,4128.52681305927,4021.470576782156
2024-12-17 18:30:00,4311.7001953125,4362.0,4289.60009765625,4347.85009765625,4049.2705078125,1575404.0,4015.6031250525107,4062.44869495374,3995.0207057764947
2024-12-18 18:30:00,4282.0,4364.0,4262.0,4271.89990234375,3978.536376953125,3015763.0,3987.942872155441,4064.311698759071,3969.3163290813845
2024-12-19 18:30:00,4329.0,4382.0,4152.5,4170.2998046875,3883.91357421875,4116989.0,4031.715380245397,4081.075721006082,3867.3361322404735
2024-12-22 18:30:00,4200.0498046875,4217.0,4114.89990234375,4158.2998046875,3872.737548828125,2195338.0,3911.620457771177,3927.406635038312,3832.3180410204754
2024-12-23 18:30:00,4158.2998046875,4218.0,4158.2998046875,4179.5,3892.48193359375,1181886.0,3872.7376155550933,3928.338029883583,3872.7376155550933
2024-12-25 18:30:00,4179.5,4199.9501953125,4143.14990234375,4169.10009765625,3882.796142578125,1208464.0,3892.4818540644487,3911.5276763317006,3858.628020945553
2024-12-26 18:30:00,4163.0,4180.9501953125,4147.25,4164.85009765625,3878.838134765625,858100.0,3877.1150885157394,3893.832593461187,3862.446685286308
2024-12-29 18:30:00,4151.0,4199.2998046875,4112.0,4158.7998046875,3873.203125,1527169.0,3865.938955213331,3910.921874141445,3829.617196780828
2024-12-30 18:30:00,4135.0,4139.9501953125,4032.050048828125,4094.800048828125,3813.59814453125,1555429.0,3851.0374473961565,3855.6476983079733,3755.1573706922877
2024-12-31 18:30:00,4094.39990234375,4134.0,4085.449951171875,4112.4501953125,3830.036376953125,763161.0,3813.22564967337,3850.1062943866386,3804.890317466962
2025-01-01 18:30:00,4120.0,4183.0,4096.9501953125,4175.75,3888.9892578125,1720835.0,3837.0677703855595,3895.741379495824,3815.6008619680624
2025-01-02 18:30:00,4179.9501953125,4179.9501953125,4092.300048828125,4099.89990234375,3818.347900390625,1791953.0,3892.900907869697,3892.900907869697,3811.269950829448
2025-01-05 18:30:00,4105.5,4149.64990234375,4066.39990234375,4095.0,3813.78466796875,2085593.0,3823.563603014824,3864.681605615779,3787.148620607623
2025-01-06 18:30:00,4114.9501953125,4140.35009765625,4011.550048828125,4028.300048828125,3751.6650390625,2669054.0,3832.364669490885,3856.020287112112,3736.065309985075
2025-01-07 18:30:00,4034.89990234375,4126.0,4017.75,4108.39990234375,3826.26416015625,2181277.0,3757.811618423141,3842.6556080381715,3741.839449635328
2025-01-08 18:30:00,4101.0,4137.75,4025.300048828125,4038.85009765625,3761.490478515625,2392472.0,3819.3723657494074,3853.5986360350184,3748.870951071417
2025-01-09 18:30:00,4200.0,4297.0,4170.0,4265.64990234375,3972.715576171875,7894300.0,3911.5740395746316,4001.9127733457603,3883.6342250062416
2025-01-12 18:30:00,4245.0,4322.9501953125,4227.39990234375,4291.10009765625,3996.41796875,4003771.0,3953.4836967820274,4026.0808290149944,3937.092248220012
2025-01-13 18:30:00,4302.0,4313.89990234375,4219.0498046875,4233.0498046875,3942.35400390625,3441709.0,4006.5691894349775,4017.6518909895462,3929.315424489214
2025-01-14 18:30:00,4218.0,4256.4501953125,4207.4501953125,4249.60009765625,3957.767822265625,1653474.0,3928.3377943076216,3964.1475039910265,3918.512475086078
2025-01-15 18:30:00,4260.0,4294.0,4191.85009765625,4206.2998046875,3917.44140625,2637705.0,3967.4538586211947,3999.118983314416,3903.984001105146
2025-01-16 18:30:00,4159.89990234375,4160.60009765625,4100.0498046875,4124.2998046875,3911.750244140625,1761466.0,3945.5156582213353,3946.179768328342,3888.7499900580783
2025-01-19 18:30:00,4145.7998046875,4145.7998046875,4068.10009765625,4077.800048828125,3867.647216796875,1287799.0,3932.1425484323627,3932.1425484323627,3858.447160711793
2025-01-20 18:30:00,4095.300048828125,4111.0,4030.0,4035.85009765625,3827.85888671875,1971591.0,3884.245030505511,3899.135870393051,3822.3102791739225
2025-01-21 18:30:00,4050.0,4163.14990234375,4044.199951171875,4156.60009765625,3942.38623046875,2409223.0,3841.2798581228535,3948.598485486215,3835.77871966863
2025-01-22 18:30:00,4168.0,4191.35009765625,4140.0498046875,4145.4501953125,3931.810546875,1822998.0,3953.198226312215,3975.3449548724125,3926.688470425829
2025-01-23 18:30:00,4104.0,4178.0,4104.0,4152.35009765625,3938.355224609375,1910099.0,3892.49689011529,3962.683237549143,3892.49689011529
2025-01-26 18:30:00,4102.0,4156.35009765625,4041.050048828125,4065.14990234375,3855.648681640625,1551782.0,3890.599675788401,3942.148791419916,3832.7908361324735
2025-01-27 18:30:00,4070.800048828125,4102.0,4028.300048828125,4040.300048828125,3832.079345703125,2468272.0,3861.007499214359,3890.5995312485556,3820.6977771085412
2025-01-28 18:30:00,4054.0,4107.85009765625,4054.0,4099.7998046875,3888.512939453125,1217089.0,3845.0734688360117,3896.148353343233,3845.0734688360117
2025-01-29 18:30:00,4099.89990234375,4129.89990234375,4058.5,4100.0498046875,3888.75048828125,1531251.0,3888.6083112735987,3917.0622374954364,3849.3419857109207
2025-01-30 18:30:00,4110.0,4128.4501953125,4085.25,4112.39990234375,3900.463623046875,1492943.0,3898.1874018590165,3915.686749530312,3874.7129156799383
2025-01-31 18:30:00,4113.0,4135.89990234375,4056.0,4073.14990234375,3863.236572265625,437172.0,3901.032960408717,3922.7526963272944,3846.970505085766
2025-02-02 18:30:00,4030.89990234375,4077.0,3998.699951171875,4068.64990234375,3858.96826171875,1265713.0,3823.1637429283855,3866.8880293594016,3792.623246059982
2025-02-03 18:30:00,4083.699951171875,4118.85009765625,4066.050048828125,4107.0498046875,3895.389404296875,2547132.0,3873.242905885086,3906.5815588564824,3856.5026066809596
2025-02-04 18:30:00,4150.0,4150.0,4076.0,4091.10009765625,3880.26171875,1693912.0,3936.126163727403,3936.126163727403,3865.939817675396
2025-02-05 18:30:00,4105.39990234375,4139.5,4051.550048828125,4082.75,3872.341796875,2284536.0,3893.8244160755,3926.1671344471406,3842.749763323274
2025-02-06 18:30:00,4090.0,4090.0,4008.0,4029.39990234375,3821.7412109375,1548940.0,3879.218228908592,3879.218228908592,3801.444171507491
2025-02-09 18:30:00,4040.0,4052.0,4014.35009765625,4036.949951171875,3828.90234375,1339511.0,3831.7952057492353,3843.1767756673025,3807.46719267282
2025-02-10 18:30:00,4018.39990234375,4040.0,3955.0,3963.550048828125,3759.284912109375,1810908.0,3811.308028813468,3831.7949459001434,3751.1754977809574
2025-02-11 18:30:00,3971.10009765625,4021.75,3940.14990234375,3950.14990234375,3746.57568359375,1678002.0,3766.446193388272,3814.4858114252734,3737.0910418049134
2025-02-12 18:30:00,3968.0,3984.449951171875,3902.25,3910.14990234375,3708.636962890625,2277310.0,3763.5057059907817,3779.1078947757164,3701.144188811121
2025-02-13 18:30:00,3925.0,3948.0,3900.0,3934.85009765625,3732.06396484375,1681975.0,3722.7215010647665,3744.536174828968,3699.009899147157
2025-02-16 18:30:00,3856.5,3934.0,3856.199951171875,3904.5,3703.278076171875,1799806.0,3657.7517993998813,3731.257767104663,3657.467213858333
2025-02-17 18:30:00,3898.39990234375,3924.39990234375,3864.5,3873.199951171875,3673.591064453125,2149879.0,3697.492313192335,3722.1523795147264,3665.33947318774
2025-02-18 18:30:00,3872.199951171875,3874.949951171875,3768.14990234375,3784.10009765625,3589.083251953125,4366672.0,3672.6428039185434,3675.251080308744,3573.955063643061
2025-02-19 18:30:00,3761.5,3788.0,3751.300048828125,3779.39990234375,3584.625,2888572.0,3567.647585834546,3592.781883594646,3557.973298668796
2025-02-20 18:30:00,3776.10009765625,3817.0,3775.0,3786.0,3590.885009765625,1833931.0,3581.495307989525,3620.2873962692524,3580.451904877241
2025-02-23 18:30:00,3743.14990234375,3763.199951171875,3670.0,3675.60009765625,3486.1748046875,2508516.0,3550.2433706104594,3569.260122487774,3480.8633130033377
2025-02-24 18:30:00,3625.0,3658.0,3621.25,3629.550048828125,3442.498291015625,4101954.0,3438.1827325843765,3469.4820512534207,3434.6259918265305
2025-02-26 18:30:00,3611.699951171875,3638.0,3600.699951171875,3612.550048828125,3426.373779296875,3823856.0,3425.5674922476032,3450.5121425585785,3415.1343879133137
2025-02-27 18:30:00,3584.949951171875,3600.0,3457.0,3483.25,3303.7373046875,7085018.0,3400.196049414815,3414.470479257877,3278.840124109578
2025-03-02 18:30:00,3485.0,3523.25,3476.14990234375,3493.050048828125,3313.032470703125,4990439.0,3305.3972886171223,3341.6760393458467,3297.0032889623258
2025-03-03 18:30:00,3474.0,3551.0,3464.300048828125,3532.050048828125,3350.022705078125,2797737.0,3294.9643171966636,3367.996053645755,3285.7642616440216
2025-03-04 18:30:00,3520.85009765625,3600.35009765625,3520.85009765625,3547.050048828125,3364.249755859375,2501894.0,3339.400041837824,3414.8029405590255,3339.400041837824
2025-03-05 18:30:00,3557.0,3609.449951171875,3536.10009765625,3601.60009765625,3415.98876953125,2786513.0,3373.6871734120996,3423.434074596987,3353.8643641732256
2025-03-06 18:30:00,3600.0,3625.0,3574.39990234375,3611.199951171875,3425.09375,2051315.0,3414.470997652364,3438.1826018027277,3390.190222378938
2025-03-09 18:30:00,3606.5,3622.10009765625,3582.60009765625,3589.64990234375,3404.654052734375,1004626.0,3420.635765390215,3435.4318979249574,3397.9675660982793
2025-03-10 18:30:00,3558.0,3588.75,3537.64990234375,3575.300048828125,3391.043701171875,1995450.0,3374.6352261327497,3403.8004968476407,3355.3338893126197
2025-03-11 18:30:00,3565.0,3569.25,3486.85009765625,3506.199951171875,3325.5048828125,3174167.0,3381.2746199098347,3385.305592458114,3307.15224085139
2025-03-12 18:30:00,3502.300048828125,3524.300048828125,3484.10009765625,3511.050048828125,3330.104736328125,1693004.0,3321.805675922365,3342.6718849425615,3304.5436765901054
2025-03-16 18:30:00,3489.0,3530.449951171875,3477.35009765625,3497.699951171875,3317.44287109375,2690906.0,3309.1912796488264,3348.505070694925,3298.141765391246
2025-03-17 18:30:00,3497.699951171875,3497.699951171875,3497.699951171875,3497.699951171875,3317.44287109375,0.0,3317.44287109375,3317.44287109375,3317.44287109375
2025-03-18 18:30:00,3547.0,3547.0,3462.75,3497.10009765625,3316.874267578125,3051244.0,3364.202538836237,3364.202538836237,3284.2944294770737
2025-03-19 18:30:00,3512.0,3578.949951171875,3512.0,3563.14990234375,3379.519775390625,2845192.0,3331.0059291540974,3394.505554527131,3331.0059291540974
2025-03-20 18:30:00,3475.0,3616.25,3465.0,3578.10009765625,3393.699462890625,4161925.0,3295.9127223046994,3429.883275405574,3286.428081377204
2025-03-23 18:30:00,3600.0,3649.75,3566.60009765625,3628.949951171875,3441.928955078125,1834751.0,3414.4709640539177,3461.6570558488297,3382.7923538442037
2025-03-24 18:30:00,3645.0,3710.0,3638.0,3657.75,3469.24462890625,3135390.0,3457.1517113972473,3518.8018790902024,3450.5124625687754
2025-03-25 18:30:00,3647.75,3680.5,3625.85009765625,3635.800048828125,3448.42578125,1734499.0,3459.7598808023267,3490.8220797184467,3438.988609875757
2025-03-26 18:30:00,3614.85009765625,3663.0,3610.5,3651.199951171875,3463.0322265625,2528474.0,3428.5556939598323,3474.2241497420814,3424.4297823215356
2025-03-27 18:30:00,3651.0,3660.949951171875,3591.89990234375,3606.14990234375,3420.3037109375,2051919.0,3462.8424183134416,3472.279589767322,3406.7880975546004
2025-03-31 18:30:00,3572.699951171875,3584.0,3525.0,3550.800048828125,3367.806396484375,2618493.0,3388.577667798288,3399.2953585160476,3343.3359762190476
2025-04-01 18:30:00,3544.0,3564.10009765625,3530.050048828125,3543.949951171875,3361.30908203125,1764313.0,3361.3565515448827,3380.4207713370747,3348.1255245230677
2025-04-02 18:30:00,3491.0,3502.0,3396.14990234375,3403.14990234375,3227.765625,4537821.0,3311.0882917953854,3321.52139726939,3221.1263760619972
2025-04-03 18:30:00,3362.60009765625,3399.64990234375,3295.5,3299.39990234375,3129.3623046875,5317367.0,3189.305420015634,3224.445829064787,3125.663387385046
2025-04-06 18:30:00,3100.0,3291.39990234375,3056.050048828125,3274.050048828125,3105.319091796875,6623955.0,2940.238860434007,3121.7748058386424,2898.5539074179674
2025-04-07 18:30:00,3302.050048828125,3349.0,3255.300048828125,3292.949951171875,3123.2451171875,5557558.0,3131.8762339649347,3176.4065815025783,3087.535532954112
2025-04-08 18:30:00,3260.550048828125,3270.0,3212.050048828125,3246.60009765625,3079.28369140625,2990265.0,3092.5147195117684,3101.4776590955953,3046.5142098890965
2025-04-10 18:30:00,3289.550048828125,3298.949951171875,3206.0,3231.5,3064.9619140625,7108961.0,3120.0203045213184,3128.9357749466626,3040.7760781322527
2025-04-14 18:30:00,3314.39990234375,3314.39990234375,3238.60009765625,3248.199951171875,3080.80126953125,3512160.0,3143.5895512500647,3143.5895512500647,3071.696152437833
2025-04-15 18:30:00,3248.199951171875,3278.10009765625,3229.0,3273.800048828125,3105.08203125,2384391.0,3080.8012559903377,3109.1604734732773,3062.590790324908
2025-04-16 18:30:00,3245.5,3303.60009765625,3218.0,3298.89990234375,3128.88818359375,2932346.0,3078.240292358944,3133.3461501914685,3052.1575291360596
2025-04-20 18:30:00,3290.10009765625,3354.0,3284.10009765625,3321.60009765625,3150.41845703125,2432946.0,3120.5418377878595,3181.148601343861,3114.851053170071
2025-04-21 18:30:00,3322.60009765625,3333.89990234375,3295.0,3314.39990234375,3143.58935546875,2710498.0,3151.3669464223676,3162.0844056249766,3125.189244347029
2025-04-22 18:30:00,3365.0,3420.89990234375,3337.300048828125,3413.0,3237.10791015625,3543923.0,3191.5816342442954,3244.6006837766467,3165.3092254984945
2025-04-23 18:30:00,3401.10009765625,3412.5,3387.699951171875,3401.60009765625,3226.295654296875,2252175.0,3225.8214222352462,3236.633820616935,3213.1118640484187
2025-04-24 18:30:00,3420.0,3477.800048828125,3405.0,3448.0,3270.304443359375,2742991.0,3243.7474467195657,3298.568721809185,3229.5204842339535
2025-04-27 18:30:00,3435.0,3457.800048828125,3405.0,3443.5,3266.0361328125,1593296.0,3257.9741879514845,3279.5992157727555,3229.520264912607
2025-04-28 18:30:00,3455.0,3495.0,3430.39990234375,3472.5,3293.54150390625,1578332.0,3276.943382576269,3314.881945616226,3253.6110736832507
2025-04-29 18:30:00,3472.0,3509.89990234375,3366.0,3453.699951171875,3275.71044921875,2809332.0,3293.06738873724,3329.014085869881,3192.53019311335
2025-05-01 18:30:00,3472.0,3491.5,3420.0,3431.0,3254.180419921875,1721761.0,3293.0674491310842,3311.562499608635,3243.7473145242825
2025-05-04 18:30:00,3450.0,3504.5,3446.39990234375,3454.300048828125,3276.27978515625,1284443.0,3272.2013429677813,3323.892639545098,3268.786779377753
2025-05-05 18:30:00,3460.0,3473.0,3437.0,3460.0,3281.68603515625,1324763.0,3281.68603515625,3294.0160693923863,3259.871359200009
2025-05-06 18:30:00,3420.60009765625,3459.5,3420.60009765625,3445.10009765625,3267.5537109375,1477128.0,3244.3163408615387,3281.211501134211,3244.3163408615387
2025-05-07 18:30:00,3448.0,3477.0,3428.699951171875,3448.89990234375,3271.15771484375,2543591.0,3270.304189784248,3297.809648457028,3251.9987864937443
2025-05-08 18:30:00,3399.0,3446.199951171875,3398.10009765625,3440.300048828125,3263.001220703125,2531757.0,3223.8296054868374,3268.5970664946117,3222.976080385976
2025-05-11 18:30:00,3505.0,3630.5,3502.199951171875,3620.39990234375,3433.819091796875,2228678.0,3324.3664350329263,3443.3986711517946,3321.710689429311
2025-05-12 18:30:00,3620.39990234375,3623.0,3510.5,3515.0,3333.851318359375,3062887.0,3433.819342081611,3436.2854413701325,3329.5832299005933
2025-05-13 18:30:00,3521.0,3561.0,3508.60009765625,3548.699951171875,3365.814697265625,2119499.0,3339.5422865093847,3377.4808526725133,3327.7814236222675
2025-05-14 18:30:00,3564.0,3600.0,3514.10009765625,3579.89990234375,3395.40625,3548330.0,3380.3257647168743,3414.470469410984,3332.9975027782
2025-05-15 18:30:00,3593.89990234375,3593.89990234375,3546.10009765625,3561.300048828125,3377.765380859375,1666727.0,3408.6851728219754,3408.6851728219754,3363.3487722739774
2025-05-18 18:30:00,3550.0,3550.0,3503.699951171875,3518.800048828125,3337.45556640625,2537377.0,3367.0476004136544,3367.0476004136544,3323.133665679634
2025-05-19 18:30:00,3531.800048828125,3558.0,3494.0,3498.300048828125,3318.011962890625,2038374.0,3349.785509814958,3374.635222590325,3313.93352100354
2025-05-20 18:30:00,3508.0,3537.0,3498.300048828125,3525.800048828125,3344.094970703125,1440153.0,3327.212262398612,3354.7177229486574,3318.012206388427
2025-05-21 18:30:00,3495.0,3497.800048828125,3451.300048828125,3477.0,3297.8095703125,2034383.0,3314.881923566922,3317.5376692737764,3273.4340900331863
2025-05-22 18:30:00,3477.0,3535.0,3465.60009765625,3514.60009765625,3333.47216796875,1274331.0,3297.8098235860703,3352.820743852965,3286.9974249846496
2025-05-25 18:30:00,3521.0,3545.0,3510.10009765625,3537.300048828125,3355.002197265625,967470.0,3339.542185709067,3362.3053247198645,3329.204019365113
2025-05-26 18:30:00,3532.0,3540.0,3483.10009765625,3498.699951171875,3318.391357421875,2467680.0,3349.9752588067204,3357.5629717372003,3303.5954561426133
2025-05-27 18:30:00,3520.0,3529.0,3493.0,3497.699951171875,3317.44287109375,1222933.0,3338.593667057572,3347.129844047208,3312.985136088664
2025-05-28 18:30:00,3504.699951171875,3532.5,3486.5,3498.10009765625,3317.822509765625,3188072.0,3324.0822341714443,3350.4495836467595,3306.820233088302
2025-05-29 18:30:00,3490.0,3506.699951171875,3453.10009765625,3463.39990234375,3284.91064453125,3404365.0,3310.1398835450454,3325.979188538535,3275.141649033021
2025-06-01 18:30:00,3450.0,3460.0,3418.60009765625,3449.800048828125,3272.01123046875,1877585.0,3272.2008769614918,3281.6855171845687,3242.4191992844703
2025-06-02 18:30:00,3446.0,3473.5,3400.5,3405.199951171875,3229.709716796875,2848125.0,3268.4070961095445,3294.4898573234195,3225.2519821011338
2025-06-03 18:30:00,3389.0,3394.800048828125,3370.0,3380.89990234375,3235.1640625,2544807.0,3242.9150002967904,3248.465034332547,3224.7340073768614
2025-06-04 18:30:00,3409.0,3409.0,3363.699951171875,3371.10009765625,3225.78662109375,3584683.0,3262.0528233362247,3262.0528233362247,3218.7054627680072
2025-06-05 18:30:00,3371.10009765625,3390.89990234375,3358.699951171875,3384.199951171875,3238.322021484375,2070390.0,3225.7868448606714,3244.7331673196672,3213.9212139850256
2025-06-08 18:30:00,3400.0,3434.0,3390.89990234375,3421.89990234375,3274.39697265625,1718678.0,3253.4410779830223,3285.975488762853,3244.7332451805223
2025-06-09 18:30:00,3440.0,3485.800048828125,3423.199951171875,3462.89990234375,3313.62939453125,2419874.0,3291.7166070762078,3335.54241560308,3275.640735062478
2025-06-10 18:30:00,3470.0,3489.0,3449.10009765625,3471.89990234375,3322.24169921875,2847013.0,3320.423693236899,3338.604687522634,3300.424692969312
2025-06-11 18:30:00,3471.89990234375,3474.699951171875,3423.199951171875,3434.199951171875,3286.16650390625,4060134.0,3322.241373890929,3324.920724772973,3275.6406661399797
2025-06-12 18:30:00,3393.199951171875,3450.5,3393.199951171875,3445.699951171875,3297.1708984375,2178493.0,3246.933943792306,3301.76403815699,3246.933943792306
2025-06-15 18:30:00,3440.0,3509.0,3426.199951171875,3496.300048828125,3345.590087890625,1934088.0,3291.716884024651,3357.7426005937496,3278.5116939874692
2025-06-16 18:30:00,3510.0,3520.0,3488.10009765625,3515.300048828125,3363.77099609375,2111940.0,3358.6994089523137,3368.2683531373627,3337.743514633776
2025-06-17 18:30:00,3519.10009765625,3538.0,3443.10009765625,3451.39990234375,3302.625244140625,2696327.0,3367.4071820205213,3385.4923927635227,3294.683207501011
2025-06-18 18:30:00,3450.0,3451.0,3413.0,3424.0,3276.40625,2672768.0,3301.2855030665887,3302.242397415304,3265.8804121641356
2025-06-19 18:30:00,3425.0,3446.300048828125,3410.89990234375,3435.699951171875,3287.602294921875,2351248.0,3277.3635707817734,3297.745469784743,3263.8712652626323
2025-06-22 18:30:00,3415.0,3425.0,3370.0,3393.60009765625,3247.31689453125,3123421.0,3267.7943410253647,3277.3632849229502,3224.7340934862314
2025-06-23 18:30:00,3434.60009765625,3442.10009765625,3382.0,3390.39990234375,3244.25439453125,3403048.0,3286.549310178985,3293.726017546798,3236.2165757260095
2025-06-24 18:30:00,3407.300048828125,3450.0,3400.0,3444.800048828125,3296.31005859375,1757699.0,3260.426516604334,3301.2858630262535,3253.441140373699
2025-06-25 18:30:00,3444.800048828125,3451.39990234375,3415.300048828125,3441.800048828125,3293.439208984375,2879106.0,3296.3098921986184,3302.625255099875,3268.081507258558
2025-06-26 18:30:00,3455.0,3466.39990234375,3431.0,3441.10009765625,3292.76953125,1778433.0,3306.0702704397795,3316.978773543857,3283.1048040170426
2025-06-29 18:30:00,3439.89990234375,3464.89990234375,3430.0,3462.0,3312.7685546875,1468351.0,3291.6210940950255,3315.5434551196317,3282.1479325760038
2025-06-30 18:30:00,3455.0,3485.0,3413.5,3429.699951171875,3281.860595703125,2375183.0,3306.0700701470973,3334.776901436363,3266.35895353028
2025-07-01 18:30:00,3487.199951171875,3489.89990234375,3420.0,3423.300048828125,3275.736572265625,3090585.0,3336.8820295980254,3339.4655976963195,3272.57877409358
2025-07-02 18:30:00,3430.0,3435.300048828125,3397.60009765625,3400.800048828125,3254.20654296875,2531870.0,3282.147812903343,3287.2193999790024,3251.144527592608
2025-07-03 18:30:00,3408.0,3427.0,3390.10009765625,3419.800048828125,3272.38720703125,1109320.0,3261.095807453449,3279.276799337726,3243.967492756551
2025-07-06 18:30:00,3418.300048828125,3426.10009765625,3408.39990234375,3411.699951171875,3264.63671875,1639174.0,3270.952315509477,3278.416138875185,3261.4789203702617
2025-07-07 18:30:00,3405.0,3425.0,3393.39990234375,3406.199951171875,3259.373291015625,2325242.0,3258.2250645884633,3277.3629504303926,3247.1249973534364
2025-07-08 18:30:00,3410.0,3414.0,3367.0,3383.800048828125,3237.939208984375,2034938.0,3263.0097947012437,3266.837372173034,3221.8633368794976
2025-07-09 18:30:00,3380.0,3399.0,3356.0,3382.0,3236.217041015625,3035012.0,3234.3032521090518,3252.484246721499,3211.3377852301705
2025-07-10 18:30:00,3299.89990234375,3335.0,3261.10009765625,3266.0,3125.21728515625,7635550.0,3157.655913683438,3191.2430024482833,3120.528595780786
2025-07-13 18:30:00,3266.0,3272.0,3200.0,3222.699951171875,3083.78369140625,3924009.0,3125.217267735536,3130.9586344245786,3062.062234156067
2025-07-14 18:30:00,3206.0,3259.39990234375,3206.0,3252.300048828125,3112.10791015625,2590889.0,3067.8036497758007,3118.901720676558,3067.8036497758007
2025-07-15 18:30:00,3227.0,3244.89990234375,3220.60009765625,3233.10009765625,3104.234375,2540733.0,3098.3774165813243,3115.5638600833036,3092.2326031663256
2025-07-16 18:30:00,3224.10009765625,3242.0,3204.10009765625,3209.199951171875,3081.286865234375,2947640.0,3095.593117992358,3112.7795615982277,3076.3902829424
2025-07-17 18:30:00,3225.0,3228.800048828125,3187.0,3189.89990234375,3062.75634765625,3432645.0,3096.4574198500977,3100.1060057073505,3059.972030096825
2025-07-20 18:30:00,3190.0,3197.60009765625,3152.0,3158.199951171875,3032.319580078125,3844346.0,3062.8521341278406,3070.1493050764375,3026.3667482040605
2025-07-21 18:30:00,3159.60009765625,3180.10009765625,3154.60009765625,3159.60009765625,3033.6640625,3198036.0,3033.6640625,3053.3469689942053,3028.8633535989743
2025-07-22 18:30:00,3159.60009765625,3182.0,3157.60009765625,3179.10009765625,3052.386962890625,1922875.0,3033.6641973444102,3055.1712804131353,3031.7439136986445
2025-07-23 18:30:00,3165.10009765625,3173.699951171875,3140.0,3148.0,3022.526123046875,2934778.0,3038.944640160175,3047.2017182749632,3014.8449893161333
2025-07-24 18:30:00,3140.0,3156.89990234375,3125.60009765625,3135.800048828125,3010.8125,2568917.0,3014.8450484057557,3031.0713499661365,3001.0191011832776
2025-07-27 18:30:00,3110.0,3118.0,3069.89990234375,3079.300048828125,2956.564697265625,3374473.0,2986.041003699968,2993.72213811463,2947.539223682625
2025-07-28 18:30:00,3060.0,3074.0,3041.199951171875,3056.0,2934.193359375,4785312.0,2938.0339265993125,2951.4759118844077,2919.9832137631183
2025-07-29 18:30:00,3060.0,3069.0,3047.199951171875,3053.60009765625,2931.88916015625,2880121.0,2938.033974050545,2946.6752504448114,2925.7441118523307
2025-07-30 18:30:00,3041.699951171875,3059.800048828125,3015.0,3036.800048828125,2915.758544921875,2968371.0,2920.4631457840833,2937.841805411508,2894.827407662822
2025-07-31 18:30:00,3029.89990234375,3036.800048828125,3000.0,3003.0,2883.305908203125,2053847.0,2909.133629601001,2915.7587488570334,2880.4254827204045
2025-08-03 18:30:00,3009.10009765625,3079.39990234375,2991.60009765625,3074.39990234375,2951.859619140625,2519252.0,2889.1625521624956,2956.660327755159,2872.360072011628
2025-08-04 18:30:00,3074.39990234375,3077.5,3042.0,3063.89990234375,2941.7783203125,1927996.0,2951.859809051624,2954.836342347973,2920.751308991888
2025-08-05 18:30:00,3063.0,3066.800048828125,3026.0,3032.300048828125,2911.437744140625,1487081.0,2940.9140476547227,2944.5626330221426,2905.3888045064286
2025-08-06 18:30:00,3016.0,3051.60009765625,3010.89990234375,3047.0,2925.552001953125,2543076.0,2895.7876067904904,2929.9687479023937,2890.890789951502
2025-08-07 18:30:00,3048.10009765625,3059.800048828125,3025.0,3036.39990234375,2915.37451171875,2762140.0,2926.6083584758467,2937.841970823321,2904.4289887975438
2025-08-10 18:30:00,3036.39990234375,3049.89990234375,3021.300048828125,3040.800048828125,2919.59912109375,1884215.0,2915.3743566889298,2928.3362704951187,2900.8763567070323
2025-08-11 18:30:00,3041.0,3096.39990234375,3026.89990234375,3035.39990234375,2914.4140625,3358232.0,2919.7909498577897,2972.982707005533,2906.2528579377536
2025-08-12 18:30:00,3036.10009765625,3044.39990234375,3028.60009765625,3036.199951171875,2915.182373046875,2148166.0,2915.0864995163706,2923.0554886191444,2907.8854362960733
2025-08-13 18:30:00,3034.0,3055.89990234375,3019.10009765625,3022.300048828125,2901.836669921875,3342174.0,2913.0702823357074,2934.0972944331475,2898.764262979319
2025-08-17 18:30:00,3046.5,3049.0,3003.39990234375,3011.199951171875,2891.178955078125,2945609.0,2925.072007661826,2927.4723621732833,2883.6898021204543
2025-08-18 18:30:00,3011.199951171875,3025.0,3011.10009765625,3016.199951171875,2895.979736328125,2650784.0,2891.1790271854784,2904.429031301108,2891.083153648401
2025-08-19 18:30:00,3010.89990234375,3103.39990234375,3010.89990234375,3098.60009765625,2975.095458984375,4952358.0,2890.890836056874,2979.7039520714934,2890.890836056874
2025-08-20 18:30:00,3130.0,3130.0,3083.10009765625,3102.60009765625,2978.935791015625,3230726.0,3005.2435803513467,3005.2435803513467,2960.213027495864
2025-08-21 18:30:00,3086.0,3095.699951171875,3050.0,3054.0,2932.273193359375,1593791.0,2962.997732386061,2972.3110613965996,2928.432625981039
2025-08-24 18:30:00,3087.300048828125,3152.0,3077.10009765625,3140.60009765625,3015.42138671875,3448370.0,2964.245782645686,3026.366909314735,2954.4523833109183
2025-08-25 18:30:00,3129.0,3162.0,3120.0,3157.199951171875,3031.35986328125,5522097.0,3004.283909445262,3035.9685911364395,2995.6426326203955
2025-08-27 18:30:00,3145.0,3146.5,3086.5,3093.699951171875,2970.390380859375,3116051.0,3019.6456977878825,3021.0859103623443,2963.477407383879
2025-08-28 18:30:00,3093.0,3115.0,3077.199951171875,3084.699951171875,2961.74951171875,2271789.0,2969.7187359392783,2990.8418565958136,2954.548447858567
2025-08-31 18:30:00,3090.0,3131.10009765625,3090.0,3112.60009765625,2988.537353515625,1246862.0,2966.8380558481663,3006.2999761800884,2966.8380558481663
2025-09-01 18:30:00,3121.10009765625,3155.0,3103.10009765625,3111.5,2987.48095703125,2185229.0,2996.6984112924383,3029.2471217848606,2979.4158603599094
2025-09-02 18:30:00,3129.89990234375,3141.89990234375,3088.0,3097.5,2974.0390625,1799774.0,3005.1475613511693,3016.6692623196923,2964.917715899919
2025-09-03 18:30:00,3116.0,3118.0,3090.800048828125,3095.699951171875,2972.310546875,1481391.0,2991.8014698280053,2993.7217531847627,2967.60594641478
2025-09-04 18:30:00,3097.10009765625,3103.39990234375,3028.60009765625,3048.300048828125,2926.800048828125,2802055.0,2973.6550115959403,2979.703716897792,2907.8853038462717
2025-09-07 18:30:00,3050.0,3064.89990234375,3016.0,3019.0,2898.668212890625,2626187.0,2928.432609909376,2942.7386295513115,2895.7877873726816
2025-09-08 18:30:00,3032.10009765625,3060.0,3030.800048828125,3049.39990234375,2927.8564453125,2489301.0,2911.246178939102,2938.034042622692,2909.997947659983
2025-09-09 18:30:00,3056.39990234375,3122.699951171875,3053.39990234375,3110.0,2986.041015625,2079428.0,2934.5773210773896,2998.2347696750494,2931.696895660388
2025-09-10 18:30:00,3139.0,3139.0,3110.10009765625,3124.199951171875,2999.675048828125,2263446.0,3013.885194748687,3013.885194748687,2986.137189714118
2025-09-11 18:30:00,3144.0,3148.699951171875,3121.0,3133.39990234375,3008.508056640625,1447167.0,3018.685652923867,3023.198272253378,2996.602392740264
2025-09-14 18:30:00,3134.0,3134.0,3096.0,3111.89990234375,2987.865234375,1732539.0,3009.0844623500607,3009.0844623500607,2972.5990732086116
2025-09-15 18:30:00,3128.0,3150.0,3109.10009765625,3145.699951171875,3020.318359375,2573429.0,3003.3238944500986,3024.4470164698882,2985.1773061151375
2025-09-16 18:30:00,3152.0,3182.39990234375,3142.39990234375,3172.800048828125,3046.337890625,2418271.0,3026.366894691811,3055.5551110798156,3017.1494398273812
2025-09-17 18:30:00,3185.0,3203.0,3161.39990234375,3176.699951171875,3050.082275390625,2633138.0,3058.0514988629902,3075.334050504916,3035.392059613066
2025-09-18 18:30:00,3170.0,3180.5,3144.0,3169.199951171875,3042.881591796875,4901694.0,3043.64975218093,3053.731241896356,3018.6860633617807
2025-09-21 18:30:00,3095.0,3106.89990234375,3065.0,3073.800048828125,2951.283935546875,3634901.0,2971.6388949892716,2983.0644887376598,2942.8346407567424
2025-09-22 18:30:00,3070.0,3080.699951171875,3052.0,3062.39990234375,2940.338134765625,3177741.0,2947.6353061603577,2957.9087764692863,2930.352753876681
2025-09-23 18:30:00,3050.0,3057.0,3033.0,3035.39990234375,2914.4140625,1625714.0,2928.4322252766387,2935.1532172690772,2912.1098161521463
2025-09-24 18:30:00,3022.0,3029.60009765625,2951.0,2957.39990234375,2839.523193359375,4974361.0,2901.548445826189,2908.845617084501,2833.3783797594588
2025-09-25 18:30:00,2941.0,2954.800048828125,2891.300048828125,2899.10009765625,2783.547119140625,3934636.0,2823.7769658283983,2837.0269692313786,2776.057966398974
2025-09-28 18:30:00,2916.0,2929.300048828125,2894.0,2896.10009765625,2780.666748046875,3110035.0,2799.773476015783,2812.5434087793974,2778.6503565122343
2025-09-29 18:30:00,2911.0,2915.300048828125,2885.10009765625,2888.39990234375,2773.2734375,2253458.0,2794.9727356006983,2799.101392157332,2770.105157137798
2025-09-30 18:30:00,2891.0,2924.800048828125,2866.60009765625,2914.199951171875,2798.044921875,1952902.0,2775.7696811050214,2808.2225177556543,2752.3423171660024
2025-10-02 18:30:00,2924.0,2924.0,2891.10009765625,2901.89990234375,2786.235595703125,2899519.0,2807.4548247704774,2807.4548247704774,2775.866251046319
2025-10-05 18:30:00,2902.0,2993.60009765625,2895.60009765625,2988.39990234375,2869.287841796875,2112774.0,2786.3316788238635,2874.28076699856,2780.1868646812827
2025-10-06 18:30:00,2995.0,3004.5,2955.5,2973.699951171875,2855.173583984375,3062943.0,2875.624650921264,2884.745997894136,2837.699050349848
2025-10-07 18:30:00,2975.0,3043.0,2968.0,3027.199951171875,2906.541015625,4121889.0,2856.421663900003,2921.711301932003,2849.70067174965
2025-10-08 18:30:00,3034.0,3066.0,3020.0,3061.699951171875,2939.666015625,3211304.0,2913.070135429991,2943.794672125363,2899.628150625765
2025-10-09 18:30:00,3050.0,3070.0,3006.89990234375,3028.300048828125,2907.597412109375,8817365.0,2928.4324419455565,2947.635277630445,2887.0502372807746
2025-10-12 18:30:00,3027.0,3035.5,2998.199951171875,3007.199951171875,2887.338134765625,2866865.0,2906.348987711864,2914.510192335436,2878.6968592818434
2025-10-13 18:30:00,3021.0,3027.199951171875,2955.5,2960.300048828125,2842.307861328125,3611416.0,2900.5884226064827,2906.5412549765147,2837.699133735008
2025-10-14 18:30:00,2971.0,2979.699951171875,2951.0,2969.800048828125,2862.063720703125,4282226.0,2863.2201408860237,2871.604481316868,2843.945686891503
2025-10-15 18:30:00,2969.89990234375,2975.0,2943.10009765625,2970.699951171875,2862.93115234375,3251495.0,2862.1601270799792,2867.075207263124,2836.332545372744
2025-10-16 18:30:00,2970.0,2988.800048828125,2955.39990234375,2962.199951171875,2854.73974609375,4374683.0,2862.2568312933195,2880.374867719902,2848.1863837329993
2025-10-19 18:30:00,2985.5,3023.0,2978.5,3015.199951171875,2905.81689453125,3133039.0,2877.1943748710046,2913.333979311689,2870.4483153754104
2025-10-20 18:30:00,3031.10009765625,3031.800048828125,2996.0,3006.699951171875,2897.62548828125,310644.0,2921.1404673344027,2921.815026282457,2887.3137006926995
2025-10-22 18:30:00,3055.0,3098.0,3036.10009765625,3073.199951171875,2961.712890625,5564758.0,2944.1731825516827,2985.613263353556,2925.958915568601
2025-10-23 18:30:00,3080.0,3090.0,3058.300048828125,3063.199951171875,2952.075439453125,2684318.0,2968.2660284834456,2977.9032558486515,2947.3532921577225
2025-10-26 18:30:00,3066.5,3094.199951171875,3060.199951171875,3084.89990234375,2972.988525390625,1946312.0,2955.256119066933,2981.9511949510156,2949.1846180560947
2025-10-27 18:30:00,3076.0,3090.199951171875,3040.199951171875,3057.89990234375,2946.9677734375,3470737.0,2964.4112497423184,2978.0960660621163,2929.9099274122086
2025-10-28 18:30:00,3057.89990234375,3076.0,3046.10009765625,3057.60009765625,2946.678955078125,2895420.0,2946.96788369373,2964.4113606511696,2935.596142774
2025-10-29 18:30:00,3049.10009765625,3063.800048828125,3032.800048828125,3035.300048828125,2925.187744140625,2241536.0,2938.487165302022,2952.653842834952,2922.778437237614
2025-10-30 18:30:00,3035.0,3067.39990234375,3025.10009765625,3058.0,2947.064208984375,1868085.0,2924.898585437403,2956.1231088421955,2915.357824198127
2025-11-02 18:30:00,3046.89990234375,3058.0,3010.0,3016.800048828125,2907.359130859375,2194877.0,2936.367047373489,2947.06446508497,2900.80576844531
2025-11-03 18:30:00,3019.60009765625,3029.300048828125,2976.0,2990.199951171875,2881.72412109375,2670720.0,2910.0577150577624,2919.405779977123,2868.039303195767
2025-11-05 18:30:00,2990.10009765625,3024.0,2990.0,3010.89990234375,2901.6728515625,2542721.0,2881.627605776501,2914.2977142131544,2881.531139384038
2025-11-06 18:30:00,3001.0,3004.0,2960.5,2991.800048828125,2883.265869140625,1830520.0,2892.1320716871546,2895.023240036059,2853.1012989769483
2025-11-09 18:30:00,2993.0,3047.89990234375,2992.0,3025.199951171875,2915.4541015625,1556656.0,2884.422275161144,2937.3305615709287,2883.4585523829414
2025-11-10 18:30:00,3045.0,3055.699951171875,3018.0,3047.0,2936.46337890625,2806868.0,2934.5359333014544,2944.847720230334,2908.5154176367123
2025-11-11 18:30:00,3060.0,3136.39990234375,3057.10009765625,3131.800048828125,3018.18701171875,4460315.0,2948.991669923252,3022.619995280987,2946.1969680097523
2025-11-12 18:30:00,3131.800048828125,3131.89990234375,3102.0,3105.699951171875,2993.03369140625,1740435.0,3018.186949242595,3018.2831803470704,2989.4679642954256
2025-11-13 18:30:00,3090.0,3113.10009765625,3077.300048828125,3106.0,2993.322998046875,2210794.0,2977.9034333434784,3000.1655239975616,2965.6642009169345
2025-11-16 18:30:00,3106.0,3123.5,3086.60009765625,3102.199951171875,2989.66064453125,2232853.0,2993.322838009285,3010.187986001932,2974.6267109195564
2025-11-17 18:30:00,3102.0,3105.0,3078.0,3087.10009765625,2975.108642578125,2548350.0,2989.4680176661295,2992.3591859617445,2966.338671301208
2025-11-18 18:30:00,3097.0,3155.0,3083.5,3147.699951171875,3033.51025390625,3151053.0,2984.6495543039355,3040.5454775036865,2971.639296317787
2025-11-19 18:30:00,3148.0,3164.5,3138.10009765625,3144.800048828125,3030.715576171875,2700767.0,3033.79944214396,3049.7008686990343,3024.2586803244717
2025-11-20 18:30:00,3144.800048828125,3170.0,3135.199951171875,3150.60009765625,3036.30517578125,4177037.0,3030.715536432949,3055.0013041600305,3021.463703354114
2025-11-23 18:30:00,3158.0,3178.89990234375,3131.0,3141.199951171875,3027.24609375,6703764.0,3043.4366842823783,3063.578397230728,3017.4161679823073
2025-11-24 18:30:00,3145.300048828125,3149.800048828125,3115.0,3119.199951171875,3006.04443359375,2737920.0,3031.197695489111,3035.534448554938,3001.9968444557608
2025-11-25 18:30:00,3118.800048828125,3178.0,3117.0,3162.89990234375,3048.15869140625,2508527.0,3005.658657913636,3062.71099952004,3003.923909850209
2025-11-26 18:30:00,3180.0,3180.0,3125.0,3136.60009765625,3022.81298828125,2836233.0,3064.6384631299097,3064.6384631299097,3011.6337098367826
2025-11-27 18:30:00,3140.0,3147.300048828125,3125.0,3137.5,3023.68017578125,1616690.0,3026.089482694223,3033.12470593688,3011.6336412163846
2025-11-30 18:30:00,3137.89990234375,3154.0,3122.199951171875,3133.39990234375,3019.72900390625,1747647.0,3024.0657566161144,3039.581788202742,3008.935355329588
2025-12-01 18:30:00,3131.0,3144.0,3120.39990234375,3135.699951171875,3021.94580078125,2512003.0,3017.416350282513,3029.9447477765,3007.2007935969305
2025-12-02 18:30:00,3140.0,3211.89990234375,3139.0,3180.0,3064.638427734375,3952112.0,3026.089516693691,3095.3810901757683,3025.125793917674
2025-12-03 18:30:00,3194.0,3250.0,3187.39990234375,3229.199951171875,3112.0537109375,5025905.0,3078.130714428876,3132.0991928283806,3071.7700496468055
2025-12-04 18:30:00,3230.0,3271.60009765625,3222.39990234375,3238.199951171875,3120.727294921875,5244013.0,3112.824814585589,3152.9157793761647,3105.5004267906515
2025-12-07 18:30:00,3243.0,3259.89990234375,3208.60009765625,3236.5,3119.0888671875,2544725.0,3125.353065437683,3141.6398867746047,3092.2010949656524
2025-12-08 18:30:00,3230.0,3233.699951171875,3181.199951171875,3208.300048828125,3091.911865234375,2734893.0,3112.824602659864,3116.390329915732,3065.794883587669
2025-12-09 18:30:00,3225.0,3225.0,3178.10009765625,3189.199951171875,3073.504638671875,1386849.0,3108.005961204973,3108.005961204973,3062.8074569989867
2025-12-10 18:30:00,3205.0,3208.39990234375,3153.10009765625,3191.89990234375,3076.10693359375,1914362.0,3088.73179730002,3092.0083609433445,3038.714674477584
2025-12-11 18:30:00,3197.699951171875,3223.0,3185.699951171875,3220.5,3103.669189453125,1146554.0,3081.696263178982,3106.078496384854,3070.131589906683
2025-12-14 18:30:00,3211.10009765625,3238.199951171875,3197.300048828125,3230.199951171875,3113.017333984375,1562190.0,3094.610369719165,3120.727116365754,3081.31094805451
2025-12-15 18:30:00,3220.0,3220.0,3191.10009765625,3205.10009765625,3088.827880859375,1734623.0,3103.187255724176,3103.187255724176,3075.3357623562265
2025-12-16 18:30:00,3200.5,3236.89990234375,3200.5,3217.800048828125,3101.067138671875,1376350.0,3084.394687896739,3119.474102184826,3084.394687896739
2025-12-17 18:30:00,3228.0,3287.800048828125,3221.0,3280.800048828125,3161.78173828125,2307422.0,3110.897128527372,3168.5277977297296,3104.1510690788923
2025-12-18 18:30:00,3299.0,3317.89990234375,3278.800048828125,3282.0,3162.938232421875,3902511.0,3179.3215200364916,3197.5357868591873,3159.854366515901
2025-12-21 18:30:00,3310.0,3328.60009765625,3291.0,3324.89990234375,3204.281982421875,2632816.0,3189.9226061933546,3207.8479451634685,3171.6118722000997
2025-12-22 18:30:00,3319.89990234375,3319.89990234375,3293.5,3310.0,3189.922607421875,2365420.0,3199.463369445318,3199.463369445318,3174.0211805268714
2025-12-23 18:30:00,3304.10009765625,3327.10009765625,3296.10009765625,3319.0,3198.595947265625,1367708.0,3184.236571775606,3206.4021959958864,3176.5267894381177
2025-12-25 18:30:00,3313.10009765625,3320.0,3271.800048828125,3280.0,3161.010986328125,1176664.0,3192.9103071634727,3199.559900795541,3153.108505919085
2025-12-28 18:30:00,3280.0,3288.0,3242.89990234375,3251.5,3133.544677734375,2079473.0,3161.010777477703,3168.7205598617948,3125.2565675579217
2025-12-29 18:30:00,3250.0,3267.5,3239.5,3246.800048828125,3129.01513671875,2807593.0,3132.099002526,3148.9641510011397,3121.9799134409154
2025-12-30 18:30:00,3240.0,3246.0,3198.5,3206.199951171875,3089.887939453125,3362634.0,3122.461816571668,3128.2441532690227,3082.4673210816295
2025-12-31 18:30:00,3215.0,3234.10009765625,3198.199951171875,3227.39990234375,3110.31884765625,1255735.0,3098.368779137981,3116.775978595714,3082.1781891606697
2026-01-01 18:30:00,3234.0,3254.300048828125,3219.5,3250.699951171875,3132.7734375,1184324.0,3116.679314934201,3136.242933448354,3102.7053353217875
2026-01-04 18:30:00,3240.5,3247.0,3191.0,3216.10009765625,3099.428955078125,2341703.0,3122.94369701057,3129.207895137578,3075.2394189664337
2026-01-05 18:30:00,3210.0,3263.199951171875,3205.0,3255.800048828125,3137.688720703125,2912325.0,3093.550169667909,3144.8201752673103,3088.7315556964636
2026-01-06 18:30:00,3242.89990234375,3300.60009765625,3223.199951171875,3295.60009765625,3176.044921875,1989442.0,3125.2565425983025,3180.8635358265738,3106.271250685878
2026-01-07 18:30:00,3286.89990234375,3286.89990234375,3182.0,3203.89990234375,3087.671630859375,4159336.0,3167.6606296336045,3167.6606296336045,3066.566193971062
2026-01-08 18:30:00,3191.0,3229.699951171875,3191.0,3207.800048828125,3091.43017578125,1938673.0,3075.239584998998,3112.5356118812538,3075.239584998998
2026-01-11 18:30:00,3203.0,3252.0,3174.300048828125,3239.60009765625,3122.076416015625,2228342.0,3086.804068110982,3134.026484388671,3059.145271347969
2026-01-12 18:30:00,3245.0,3280.0,3210.5,3268.0,3149.4462890625,5645341.0,3127.2806634050835,3161.0109633185434,3094.0322249189585
2026-01-13 18:30:00,3260.0,3260.0,3183.0,3192.5,3076.68505859375,3539511.0,3141.7363480080267,3141.7363480080267,3067.529691935444
2026-01-14 18:30:00,3192.5,3192.5,3192.5,3192.5,3076.68505859375,0.0,3076.68505859375,3076.68505859375,3076.68505859375
2026-01-15 18:30:00,3219.39990234375,3221.89990234375,3171.0,3206.699951171875,3146.54931640625,4293470.0,3159.0110444402844,3161.464149941515,3111.519017760894
2026-01-18 18:30:00,3188.0,3220.0,3152.10009765625,3163.60009765625,3104.258056640625,3387562.0,3128.2002715520307,3159.600023336744,3092.973770842994
2026-01-19 18:30:00,3151.60009765625,3160.0,3091.10009765625,3102.300048828125,3044.10791015625,4499273.0,3092.4832014713097,3100.7255406282875,3033.118044759914
2026-01-20 18:30:00,3100.0,3138.5,3082.0,3122.60009765625,3064.027099609375,2015150.0,3041.8509292683366,3079.6287553253787,3024.188569033875
2026-01-21 18:30:00,3150.0,3160.0,3122.300048828125,3150.39990234375,3091.305419921875,2269827.0,3090.9130188550284,3100.7254411371077,3063.7326570458863
2026-01-22 18:30:00,3190.300048828125,3194.5,3152.0,3162.5,3103.178466796875,2068857.0,3130.457047950816,3134.578217290946,3092.875423666008
2026-01-26 18:30:00,3175.0,3175.0,3130.0,3158.0,3098.762939453125,4279874.0,3115.4440572399217,3115.4440572399217,3071.2881572160486
2026-01-27 18:30:00,3176.0,3205.199951171875,3170.60009765625,3200.10009765625,3140.073486328125,2751234.0,3116.425451779539,3145.0776781720924,3111.1268393421374
2026-01-28 18:30:00,3200.10009765625,3200.10009765625,3125.60009765625,3144.39990234375,3085.41796875,2457641.0,3140.07335254898,3140.07335254898,3066.9708064954257
2026-01-29 18:30:00,3141.0,3141.0,3092.0,3123.89990234375,3065.302734375,3022068.0,3082.082073579965,3082.082073579965,3034.001200735196
2026-02-01 18:30:00,3198.0,3198.0,3134.0,3169.60009765625,3110.1455078125,2636272.0,3138.0126916764966,3138.0126916764966,3075.2131881532646
2026-02-02 18:30:00,3350.0,3350.0,3186.300048828125,3225.300048828125,3164.80078125,4366060.0,3287.1616459496977,3287.1616459496977,3126.532332237451
2026-02-03 18:30:00,3120.0,3120.0,2986.0,2999.10009765625,2942.84375,10852595.0,3061.475843095512,3061.475843095512,2929.9893806035893
2026-02-04 18:30:00,2990.0,3029.699951171875,2972.300048828125,2991.5,2935.38623046875,3521545.0,2933.9143670738968,2972.869637012123,2916.5464269268496
2026-02-05 18:30:00,2976.60009765625,2985.0,2916.0,2941.60009765625,2886.422119140625,4687389.0,2920.765595757455,2929.0079343210614,2861.302223276454
2026-02-08 18:30:00,2959.10009765625,2977.0,2937.5,2948.199951171875,2892.8984375,2380318.0,2903.5941220720847,2921.15826303242,2882.3991930324937
2026-02-09 18:30:00,2949.800048828125,3011.60009765625,2943.5,2984.60009765625,2928.61572265625,3547763.0,2894.468444356794,2955.109263473934,2888.2865702537815
2026-02-10 18:30:00,2980.0,2998.0,2904.199951171875,2909.800048828125,2855.21875,3363513.0,2924.1019081110685,2941.76426862986,2849.723697569715
2026-02-11 18:30:00,2869.800048828125,2880.0,2740.0,2750.10009765625,2698.514404296875,10612156.0,2815.9690535680857,2825.977676593803,2688.603761759382
2026-02-12 18:30:00,2585.0,2713.0,2585.0,2692.199951171875,2641.700439453125,11168735.0,2536.5113141072056,2662.110326952746,2536.5113141072056
2026-02-15 18:30:00,2700.0,2719.800048828125,2671.0,2706.60009765625,2655.830322265625,2918730.0,2649.3540277067937,2668.7826718221954,2620.898002964758
2026-02-16 18:30:00,2716.0,2760.0,2695.199951171875,2717.39990234375,2666.427490234375,4209118.0,2665.0538469624375,2708.228504276998,2644.6439610469733
2026-02-17 18:30:00,2730.0,2730.0,2657.300048828125,2694.89990234375,2644.349609375,2950820.0,2678.7913077273606,2678.7913077273606,2607.4550449905755
2026-02-18 18:30:00,2708.0,2748.699951171875,2666.60009765625,2677.89990234375,2627.66845703125,3238849.0,2657.2039438116426,2697.140454434555,2616.5806115438327
2026-02-19 18:30:00,2667.0,2702.60009765625,2647.5,2686.199951171875,2635.81298828125,2293482.0,2616.973184248376,2651.905505554349,2597.838959616639
2026-02-22 18:30:00,2686.0,2704.0,2660.199951171875,2676.300048828125,2626.0986328125,4699596.0,2635.616634548502,2653.2789947204583,2610.3005370564806
2026-02-23 18:30:00,2641.0,2647.5,2561.300048828125,2573.699951171875,2525.423095703125,7798833.0,2591.460746119642,2597.8388206557183,2513.255787797201
2026-02-24 18:30:00,2596.0,2654.199951171875,2595.0,2629.300048828125,2579.980224609375,3621285.0,2547.3048106742554,2604.4130601353972,2546.3235684513456
2026-02-25 18:30:00,2650.0,2671.0,2635.0,2647.699951171875,2598.03515625,3464267.0,2600.292061423079,2620.8981494569975,2585.573427113137
2026-02-26 18:30:00,2681.60009765625,2688.60009765625,2626.10009765625,2637.39990234375,2587.92822265625,5083717.0,2631.299321894741,2638.168017666852,2576.8403768444346
2026-03-01 18:30:00,2592.0,2623.800048828125,2580.300048828125,2613.5,2564.4765625,3374385.0,2543.37985460111,2574.5834053591284,2531.8993684474203
2026-03-03 18:30:00,2625.0,2635.0,2580.39990234375,2587.800048828125,2539.2587890625,3446434.0,2575.7609535201655,2585.5733762002424,2531.997452542583
2026-03-04 18:30:00,2600.0,2609.5,2546.39990234375,2578.800048828125,2530.427490234375,2960636.0,2551.229777430436,2560.551578540278,2498.6350985020495
2026-03-05 18:30:00,2572.0,2619.199951171875,2553.60009765625,2557.60009765625,2509.625244140625,3998643.0,2523.7550365456814,2570.069622274581,2505.7002751879877
2026-03-08 18:30:00,2530.0,2560.0,2505.0,2527.39990234375,2479.99169921875,3653428.0,2482.54302502939,2511.9802941008847,2458.0119674698108
2026-03-09 18:30:00,2541.0,2545.199951171875,2490.10009765625,2513.10009765625,2465.9599609375,4323710.0,2493.3365235176843,2497.45769299971,2443.39138949283
2026-03-10 18:30:00,2508.10009765625,2521.0,2460.10009765625,2464.89990234375,2418.6640625,2720664.0,2461.053921737681,2473.711851651557,2413.954291083466
2026-03-11 18:30:00,2459.800048828125,2472.89990234375,2436.0,2442.39990234375,2396.5859375,2752075.0,2413.6596961153996,2426.513825649523,2390.3060830242093
2026-03-12 18:30:00,2437.0,2445.89990234375,2397.0,2410.5,2365.284423828125,2466488.0,2391.287343235487,2400.0203033629555,2352.0376535639975
2026-03-15 18:30:00,2410.0,2425.0,2366.10009765625,2409.199951171875,2364.0087890625,3807907.0,2364.793830777467,2379.5124645789865,2321.7173916761253
2026-03-16 18:30:00,2420.0,2420.0,2360.0,2391.699951171875,2346.837158203125,2993367.0,2374.6063631722786,2374.6063631722786,2315.7318252423875
2026-03-17 18:30:00,2410.0,2482.89990234375,2410.0,2440.800048828125,2395.01611328125,3082388.0,2364.793804301608,2436.326267951688,2364.793804301608
2026-03-18 18:30:00,2417.0,2424.0,2350.199951171875,2356.0,2311.806640625,2757060.0,2371.6624152761565,2378.5311107279285,2306.115387909886
2026-03-19 18:30:00,2386.0,2407.800048828125,2364.199951171875,2390.60009765625,2345.7578125,4206320.0,2341.2440023374425,2362.6351312433567,2319.8528734315287
2026-03-22 18:30:00,2365.0,2406.800048828125,2348.0,2383.800048828125,2339.085205078125,3860515.0,2320.6378037995523,2361.6537756859007,2303.956686393805
2026-03-23 18:30:00,2404.10009765625,2435.39990234375,2379.10009765625,2398.800048828125,2353.803955078125,3420182.0,2359.0045869106293,2389.7172776589064,2334.47353068287
2026-03-24 18:30:00,2400.89990234375,2421.60009765625,2369.800048828125,2377.39990234375,2332.80517578125,5843778.0,2355.864368126978,2376.1762738846405,2325.3478785890734
2026-03-26 18:30:00,2403.89990234375,2422.10009765625,2385.0,2389.800048828125,2344.97265625,4979411.0,2358.8080275261386,2376.6668272056972,2340.262645780238
2026-03-29 18:30:00,2375.10009765625,2398.0,2346.199951171875,2358.89990234375,2314.652099609375,6804756.0,2330.5484146912077,2353.0187649541185,2302.1903717438945
2026-03-31 18:30:00,2429.0,2472.0,2397.89990234375,2408.199951171875,2363.02734375,4132661.0,2383.437228779803,2425.6306420517385,2352.9205014959025
2026-04-01 18:30:00,2386.0,2469.89990234375,2375.699951171875,2450.699951171875,2404.730224609375,5378361.0,2341.24390183887,2423.570027038862,2331.1370592120925
2026-04-05 18:30:00,2474.0,2482.0,2448.199951171875,2473.89990234375,2427.4951171875,2572417.0,2427.593337237373,2435.4432752720936,2402.2772391631793
2026-04-06 18:30:00,2461.0,2543.89990234375,2448.0,2539.800048828125,2492.1591796875,4516550.0,2414.837240451596,2496.182129281132,2402.0810908677395
2026-04-07 18:30:00,2572.0,2580.300048828125,2540.10009765625,2559.199951171875,2511.195068359375,4769337.0,2523.755016821873,2531.899375247164,2492.453485493659
2026-04-08 18:30:00,2554.0,2605.0,2531.10009765625,2589.0,2540.436279296875,5628261.0,2506.0927992754805,2556.136155878084,2483.622446743067
2026-04-09 18:30:00,2565.800048828125,2565.800048828125,2501.10009765625,2524.300048828125,2476.94970703125,10480239.0,2517.671257898199,2517.671257898199,2454.1849361455575
2026-04-12 18:30:00,2489.89990234375,2504.89990234375,2470.0,2472.60009765625,2426.2197265625,3739587.0,2443.195026142192,2457.9136601554055,2423.6684008424363
2026-04-14 18:30:00,2501.89990234375,2559.0,2493.39990234375,2554.89990234375,2506.975830078125,5261384.0,2454.9699887251027,2510.9990192902537,2446.629429262826
2026-04-15 18:30:00,2572.0,2594.0,2558.0,2576.89990234375,2528.56298828125,3905403.0,2523.754997213638,2545.3423261167095,2510.0176060935014
2026-04-16 18:30:00,2570.0,2589.0,2555.89990234375,2581.5,2533.07666015625,2718206.0,2521.7923752088177,2540.435976426315,2507.9567647966655
2026-04-19 18:30:00,2587.10009765625,2594.0,2561.199951171875,2579.60009765625,2531.212646484375,2288558.0,2538.571963483115,2545.3424392975157,2513.15764504414
2026-04-20 18:30:00,2560.0,2614.0,2560.0,2610.5,2561.532958984375,2719959.0,2511.9802240950007,2564.9673069470045,2511.9802240950007
2026-04-21 18:30:00,2580.0,2580.0,2503.60009765625,2538.5,2490.883544921875,5232045.0,2531.6050998221144,2531.6050998221144,2456.6382849386455
2026-04-22 18:30:00,2529.0,2559.5,2516.300048828125,2521.800048828125,2474.496826171875,2509050.0,2481.5617226658205,2511.4896121641627,2469.0999936393873
2026-04-23 18:30:00,2488.0,2505.0,2388.800048828125,2396.89990234375,2351.939453125,5107719.0,2441.3307179215667,2458.0118361710306,2343.991534636913
2026-04-26 18:30:00,2396.89990234375,2459.0,2396.89990234375,2447.60009765625,2401.6884765625,5853425.0,2351.9393059532576,2412.874541687738,2351.9393059532576
2026-04-27 18:30:00,2444.0,2487.0,2427.39990234375,2444.699951171875,2398.8427734375,4508363.0,2398.155951805419,2440.349366669426,2381.867235359066
2026-04-28 18:30:00,2451.0,2487.89990234375,2447.60009765625,2474.699951171875,2428.280029296875,2835961.0,2405.024637022461,2441.2323784506298,2401.688509360205
2026-04-29 18:30:00,2479.0,2491.0,2438.0,2473.89990234375,2427.4951171875,3970446.0,2432.4995485090735,2444.2744555611544,2392.26861608113
2026-04-30 18:30:00,2473.89990234375,2473.89990234375,2473.89990234375,2473.89990234375,2427.4951171875,0.0,2427.4951171875,2427.4951171875,2427.4951171875
2026-05-03 18:30:00,2494.0,2498.300048828125,2425.0,2431.300048828125,2385.6943359375,2632358.0,2447.2181772447047,2451.4375668418284,2379.512461835769
2026-05-04 18:30:00,2430.0,2460.39990234375,2412.199951171875,2427.300048828125,2381.76953125,3385720.0,2384.418837601779,2414.248508305356,2366.9526763935437
2026-05-05 18:30:00,2441.89990234375,2471.0,2406.5,2435.39990234375,2389.71728515625,3147628.0,2396.0953597954776,2424.6496051586114,2361.3594798924314
2026-05-06 18:30:00,2438.199951171875,2439.699951171875,2398.0,2401.39990234375,2356.35498046875,5829594.0,2392.4647422177254,2393.9366055534624,2353.018852732181
2026-05-07 18:30:00,2398.0,2407.0,2375.10009765625,2394.39990234375,2349.486083984375,3792199.0,2353.018651512491,2361.8498307717123,2330.5483023329007
2026-05-10 18:30:00,2371.0,2415.0,2371.0,2392.89990234375,2348.014404296875,1975188.0,2326.5252955775945,2369.699953108347,2326.5252955775945
2026-05-11 18:30:00,2375.0,2375.0,2283.0,2300.300048828125,2257.151611328125,6347884.0,2330.450360002076,2330.450360002076,2240.176072372522
2026-05-12 18:30:00,2306.0,2309.199951171875,2269.0,2272.800048828125,2230.167236328125,3171843.0,2262.7444282326155,2265.8843552424923,2226.4384681959255
2026-05-13 18:30:00,2265.0,2265.0,2206.39990234375,2246.0,2203.8701171875,5633313.0,2222.513720137884,2222.513720137884,2165.012827845418
2026-05-14 18:30:00,2252.0,2304.89990234375,2252.0,2264.0,2221.532470703125,3410637.0,2209.7575636145925,2261.665183205434,2209.7575636145925
2026-05-17 18:30:00,2264.0,2292.89990234375,2252.199951171875,2283.199951171875,2240.3720703125,3773336.0,2221.5322685970373,2249.8900714309348,2209.953563101145
2026-05-18 18:30:00,2300.0,2377.60009765625,2297.10009765625,2327.10009765625,2283.448974609375,10394707.0,2256.857213357978,2333.0017090765828,2254.0117066090534
2026-05-19 18:30:00,2323.89990234375,2342.0,2317.800048828125,2327.39990234375,2283.7431640625,2537422.0,2280.308816116464,2298.0693970332622,2274.3233820043192
2026-05-20 18:30:00,2331.0,2335.89990234375,2314.0,2327.199951171875,2283.546875,3299087.0,2287.275643394801,2292.0836345084317,2270.594525446405
2026-05-21 18:30:00,2331.10009765625,2340.0,2308.10009765625,2317.300048828125,2273.83251953125,2617262.0,2287.373709336333,2296.1066687906364,2264.805139514887
2026-05-24 18:30:00,2325.0,2326.10009765625,2293.0,2308.199951171875,2295.61328125,3298364.0,2312.3217190072714,2313.415817804508,2280.496215777924
2026-05-25 18:30:00,2308.199951171875,2327.89990234375,2272.39990234375,2276.199951171875,2263.78759765625,3587597.0,2295.613098349941,2315.205623652634,2260.008270887014
2026-05-26 18:30:00,2275.0,2295.60009765625,2260.89990234375,2284.199951171875,2271.744140625,2653950.0,2262.5943570616037,2283.0821217701528,2248.571147658945
2026-05-27 18:30:00,2284.199951171875,2284.199951171875,2284.199951171875,2284.199951171875,2271.744140625,0.0,2271.744140625,2271.744140625,2271.744140625
2026-05-28 18:30:00,2291.0,2334.0,2235.0,2258.89990234375,2246.58203125,16331582.0,2278.507085795833,2321.2726050840133,2222.81245602518
2026-05-31 18:30:00,2284.0,2335.0,2280.0,2297.39990234375,2284.8720703125,7505095.0,2271.5452382799426,2322.267132829976,2267.5670504720965
2026-06-01 18:30:00,2320.0,2457.39990234375,2316.199951171875,2446.89990234375,2433.556884765625,11306127.0,2307.34897134468,2443.9996279549005,2303.569644295269
2026-06-02 18:30:00,2393.0,2393.0,2224.800048828125,2241.699951171875,2229.475830078125,15660062.0,2379.9508308808004,2379.9508308808004,2212.6680838914085
2026-06-03 18:30:00,2241.699951171875,2253.10009765625,2216.60009765625,2241.0,2228.77978515625,4867263.0,2229.4759194813155,2240.8139007540485,2204.5129359355733
2026-06-04 18:30:00,2262.89990234375,2271.800048828125,2192.0,2198.89990234375,2186.9091796875,5019717.0,2250.560184151513,2259.4117976453776,2180.0469028924485
2026-06-07 18:30:00,2170.0,2177.0,2143.300048828125,2151.39990234375,2139.668212890625,6536734.0,2158.1668832997775,2165.128711955583,2131.6125282744956
2026-06-08 18:30:00,2174.0,2174.0,2132.800048828125,2151.0,2139.2705078125,4148655.0,2162.145087858845,2162.145087858845,2121.169801728995
2026-06-09 18:30:00,2151.300048828125,2180.800048828125,2144.800048828125,2153.89990234375,2142.154541015625,2848650.0,2139.568864676436,2168.907999188303,2133.1043096144995
2026-06-10 18:30:00,2127.0,2154.60009765625,2110.0,2135.60009765625,2123.95458984375,3079815.0,2115.4013888441136,2142.8509821277357,2098.494090484758
2026-06-11 18:30:00,2150.0,2168.0,2138.0,2161.39990234375,2149.61376953125,2124656.0,2138.276030955957,2156.177876796519,2126.3414670622496
2026-06-14 18:30:00,2192.0,2192.0,2159.300048828125,2162.0,2150.21044921875,3337083.0,2180.046856932239,2180.046856932239,2147.525221086398
2026-06-15 18:30:00,2167.0,2209.0,2160.60009765625,2199.0,2187.0087890625,3079898.0,2155.183285992923,2196.954258771743,2148.818282502735
2026-06-16 18:30:00,2209.0,2231.0,2200.699951171875,2223.0,2210.8779296875,2865010.0,2196.9542720106556,2218.8343055028395,2188.6994835403766
2026-06-17 18:30:00,2209.0,2214.0,2182.0,2203.300048828125,2191.285400390625,3735188.0,2196.9542695909468,2201.927004470057,2170.101501243751
2026-06-18 18:30:00,2105.0,2138.0,2059.89990234375,2125.0,2113.412353515625,13286502.0,2093.521413717831,2126.341464384191,2048.6672473500757
2026-06-21 18:30:00,2132.199951171875,2157.0,2121.0,2127.800048828125,2116.197021484375,4566101.0,2120.5729308842238,2145.237743488044,2109.434053749718
2026-06-22 18:30:00,2111.0,2114.0,2055.0,2059.60009765625,2048.368896484375,6392736.0,2099.4885101234904,2102.4721508294924,2043.7938836114508
2026-06-23 18:30:00,2061.0,2120.699951171875,2061.0,2109.0,2097.49951171875,4747277.0,2049.7612582514666,2109.1356624395376,2049.7612582514666
2026-06-24 18:30:00,2133.60009765625,2148.5,2088.0,2094.699951171875,2083.27734375,4738903.0,2121.965363861958,2136.78401555451,2076.61392807904
2026-06-25 18:30:00,2094.699951171875,2094.699951171875,2094.699951171875,2094.699951171875,2083.27734375,0.0,2083.27734375,2083.27734375,2083.27734375
2026-06-28 18:30:00,2090.0,2105.0,2071.0,2097.89990234375,2086.4599609375,3412470.0,2078.6031371123327,2093.521341445675,2059.706744956766
2026-06-29 18:30:00,2090.0,2104.300048828125,2018.800048828125,2031.5,2020.422119140625,6848411.0,2078.60311543387,2092.8251853118586,2007.791421498655
2026-06-30 18:30:00,2039.9000244140625,2052.0,1976.800048828125,1982.5999755859375,1971.788818359375,4658295.0,2028.776408877907,2040.8104030555382,1966.0205187179013
2026-07-01 18:30:00,2008.0,2076.89990234375,2002.5,2068.10009765625,2056.82275390625,6040621.0,1997.0503819057583,2065.5745732846704,1991.580373389582
2026-07-02 18:30:00,2100.0,2116.60009765625,2085.0,2093.5,2082.083984375,4028819.0,2088.5485393778363,2105.0581154318793,2073.6303355251375
2026-07-05 18:30:00,2090.0,2093.0,2050.60009765625,2057.60009765625,2046.3798828125,2567386.0,2078.6031065753987,2081.5867473982344,2039.4180542258837
2026-07-06 18:30:00,2050.0,2122.699951171875,2049.0,2096.10009765625,2084.669921875,4769048.0,2038.8212111731864,2111.124724588052,2037.8266642409067
2026-07-07 18:30:00,2094.0,2109.699951171875,2048.800048828125,2057.5,2046.2803955078125,3666985.0,2082.5813599967723,2098.1956989000228,2037.6278854106638
2026-07-08 18:30:00,2057.5,2065.0,2016.0,2049.5,2038.323974609375,3791498.0,2046.280350211656,2053.7394523387943,2005.006651774823
2026-07-09 18:30:00,2105.199951171875,2133.300048828125,2064.60009765625,2069.0,2057.717529296875,6714551.0,2093.7200783959847,2121.666943317309,2053.341620075063
2026-07-12 18:30:00,2075.0,2204.89990234375,2065.10009765625,2181.5,2169.604248046875,12382622.0,2063.684994131224,2192.8765503750355,2053.8390761022306
2026-07-13 18:30:00,2182.89990234375,2228.0,2179.0,2200.60009765625,2188.60009765625,9546290.0,2170.996422535663,2215.850586742918,2167.1177865856457
2026-07-14 18:30:00,2174.10009765625,2202.89990234375,2145.39990234375,2189.199951171875,2189.199951171875,5426489.0,2174.10009765625,2202.89990234375,2145.39990234375
2026-07-15 18:30:00,2206.0,2231.39990234375,2187.800048828125,2201.0,2201.0,5197595.0,2206.0,2231.39990234375,2187.800048828125
2026-07-16 18:30:00,2224.800048828125,2275.0,2215.10009765625,2269.0,2269.0,5615138.0,2224.800048828125,2275.0,2215.10009765625
2026-07-19 18:30:00,2280.10009765625,2283.39990234375,2245.10009765625,2251.10009765625,2251.10009765625,2202693.0,2280.10009765625,2283.39990234375,2245.10009765625
2026-07-20 18:30:00,2245.10009765625,2259.89990234375,2218.5,2221.10009765625,2221.10009765625,2382160.0,2245.10009765625,2259.89990234375,2218.5
2026-07-21 18:30:00,2216.0,2226.800048828125,2201.0,2208.300048828125,2208.300048828125,1599665.0,2216.0,2226.800048828125,2201.0
2026-07-22 18:30:00,2204.0,2250.0,2193.60009765625,2242.89990234375,2242.89990234375,2503539.0,2204.0,2250.0,2193.60009765625
2026-07-23 18:30:00,2205.10009765625,2264.300048828125,2205.10009765625,2254.300048828125,2254.300048828125,3211699.0,2205.10009765625,2264.300048828125,2205.10009765625
2026-07-26 18:30:00,2286.0,2315.0,2272.39990234375,2295.60009765625,2295.60009765625,4007292.0,2286.0,2315.0,2272.39990234375
2026-07-27 18:30:00,2325.0,2417.39990234375,2323.0,2398.0,2398.0,8248513.0,2325.0,2417.39990234375,2323.0
2026-07-28 18:30:00,2440.0,2475.5,2415.10009765625,2446.60009765625,2446.60009765625,7169419.0,2440.0,2475.5,2415.10009765625
2026-07-29 18:30:00,2440.0,2495.0,2423.0,2431.800048828125,2431.800048828125,4901582.0,2440.0,2495.0,2423.0
2026-07-30 18:30:00,2385.0,2391.0,2326.10009765625,2365.60009765625,2365.60009765625,4343683.0,2385.0,2391.0,2326.10009765625
2026-08-02 18:30:00,2383.89990234375,2473.699951171875,2383.0,2473.699951171875,2473.699951171875,3036839.0,2383.89990234375,2473.699951171875,2383.0
2026-08-03 18:30:00,2463.10009765625,2467.39990234375,2435.10009765625,2460.0,2460.0,2792792.0,2463.10009765625,2467.39990234375,2435.10009765625
2026-08-04 18:30:00,2460.0,2460.89990234375,2408.0,2413.0,2413.0,3014409.0,2460.0,2460.89990234375,2408.0
2026-08-05 18:30:00,2417.0,2434.5,2368.5,2373.0,2373.0,2729141.0,2417.0,2434.5,2368.5
2026-08-06 18:30:00,2375.0,2457.699951171875,2375.0,2452.699951171875,2452.699951171875,4547979.0,2375.0,2457.699951171875,2375.0
2026-08-09 18:30:00,2452.699951171875,2472.89990234375,2423.5,2425.699951171875,2425.699951171875,2322023.0,2452.699951171875,2472.89990234375,2423.5
2026-08-10 18:30:00,2438.0,2456.60009765625,2428.0,2445.699951171875,2445.699951171875,1514105.0,2438.0,2456.60009765625,2428.0
2026-08-11 18:30:00,2445.699951171875,2445.800048828125,2300.10009765625,2349.699951171875,2349.699951171875,7022647.0,2445.699951171875,2445.800048828125,2300.10009765625
2026-08-12 18:30:00,2349.699951171875,2375.0,2332.300048828125,2375.0,2375.0,2123494.0,2349.699951171875,2375.0,2332.300048828125
2026-08-13 18:30:00,2375.10009765625,2390.0,2333.39990234375,2361.0,2361.0,2232160.0,2375.10009765625,2390.0,2333.39990234375
2026-08-16 18:30:00,2351.0,2361.10009765625,2310.60009765625,2313.199951171875,2313.199951171875,2237636.0,2351.0,2361.10009765625,2310.60009765625
2026-08-17 18:30:00,2300.0,2307.0,2280.0,2280.0,2280.0,1797822.0,2300.0,2307.0,2280.0
2026-08-18 18:30:00,2293.60009765625,2308.199951171875,2258.300048828125,2289.0,2289.0,3368922.0,2293.60009765625,2308.199951171875,2258.300048828125
2026-08-19 18:30:00,2319.39990234375,2329.0,2288.10009765625,2298.0,2298.0,2047848.0,2319.39990234375,2329.0,2288.10009765625
2026-08-20 18:30:00,2290.10009765625,2307.199951171875,2263.300048828125,2302.0,2302.0,2066749.0,2290.10009765625,2307.199951171875,2263.300048828125
2026-08-23 18:30:00,2302.39990234375,2321.60009765625,2279.5,2284.10009765625,2284.10009765625,1542723.0,2302.39990234375,2321.60009765625,2279.5
2026-08-24 18:30:00,2305.0,2313.5,2262.0,2296.199951171875,2296.199951171875,3041609.0,2305.0,2313.5,2262.0
2026-08-25 18:30:00,2305.10009765625,2306.300048828125,2266.39990234375,2270.0,2270.0,1660737.0,2305.10009765625,2306.300048828125,2266.39990234375
2026-08-26 18:30:00,2270.0,2283.60009765625,2243.89990234375,2248.39990234375,2248.39990234375,1709113.0,2270.0,2283.60009765625,2243.89990234375
2026-08-27 18:30:00,2272.0,2348.5,2263.300048828125,2342.0,2342.0,4054069.0,2272.0,2348.5,2263.300048828125
2026-08-30 18:30:00,2342.0,2399.300048828125,2306.199951171875,2399.300048828125,2399.300048828125,2905846.0,2342.0,2399.300048828125,2306.199951171875
2026-08-31 18:30:00,2355.0,2372.0,2325.0,2369.0,2369.0,2678034.0,2355.0,2372.0,2325.0
2026-09-01 18:30:00,2347.89990234375,2363.0,2303.5,2348.0,2348.0,2533005.0,2347.89990234375,2363.0,2303.5
2026-09-02 18:30:00,2353.60009765625,2353.60009765625,2316.10009765625,2320.10009765625,2320.10009765625,1892786.0,2353.60009765625,2353.60009765625,2316.10009765625
2026-09-03 18:30:00,2330.0,2363.89990234375,2302.39990234375,2304.0,2304.0,2564322.0,2330.0,2363.89990234375,2302.39990234375
2026-09-06 18:30:00,2290.10009765625,2299.89990234375,2260.10009765625,2270.0,2270.0,2297551.0,2290.10009765625,2299.89990234375,2260.10009765625
2026-09-07 18:30:00,2270.0,2274.5,2244.0,2255.5,2255.5,2148114.0,2270.0,2274.5,2244.0
2026-09-08 18:30:00,2237.0,2237.0,2193.199951171875,2208.0,2208.0,3370071.0,2237.0,2237.0,2193.199951171875
2026-09-09 18:30:00,2199.0,2232.0,2190.60009765625,2204.10009765625,2204.10009765625,2490912.0,2199.0,2232.0,2190.60009765625
2026-09-10 18:30:00,2185.5,2232.60009765625,2185.5,2200.800048828125,2200.800048828125,2634124.0,2185.5,2232.60009765625,2185.5
